Título,Preço,Preço Anterior,Marca,Vendedor,Link,ID Produto,URL Imagem,Entrega,Entrega FULL,Média Avaliações (Busca),Total Avaliações (Busca),Descrição,Características Principais,Outras Características,Total Reviews (Detalhado),5 Estrelas (%),5 Estrelas (Qtd),4 Estrelas (%),4 Estrelas (Qtd),3 Estrelas (%),3 Estrelas (Qtd),2 Estrelas (%),2 Estrelas (Qtd),1 Estrelas (%),1 Estrelas (Qtd),Classificação de Risco,Probabilidade Total (%),Probabilidade Preço (%),Motivo Análise Preço,Probabilidade Reviews (%),Motivo Análise Reviews,Reviews Suspeitas Detalhadas,Total Reviews Suspeitas,Total Reviews Extraídas,Review 1 - Rating,Review 1 - Data,Review 1 - Texto,Review 1 - Útil,Review 2 - Rating,Review 2 - Data,Review 2 - Texto,Review 2 - Útil,Review 3 - Rating,Review 3 - Data,Review 3 - Texto,Review 3 - Útil,Review 4 - Rating,Review 4 - Data,Review 4 - Texto,Review 4 - Útil,Review 5 - Rating,Review 5 - Data,Review 5 - Texto,Review 5 - Útil,Review 6 - Rating,Review 6 - Data,Review 6 - Texto,Review 6 - Útil,Review 7 - Rating,Review 7 - Data,Review 7 - Texto,Review 7 - Útil,Review 8 - Rating,Review 8 - Data,Review 8 - Texto,Review 8 - Útil,Review 9 - Rating,Review 9 - Data,Review 9 - Texto,Review 9 - Útil,Review 10 - Rating,Review 10 - Data,Review 10 - Texto,Review 10 - Útil,Review 11 - Rating,Review 11 - Data,Review 11 - Texto,Review 11 - Útil,Review 12 - Rating,Review 12 - Data,Review 12 - Texto,Review 12 - Útil,Review 13 - Rating,Review 13 - Data,Review 13 - Texto,Review 13 - Útil,Review 14 - Rating,Review 14 - Data,Review 14 - Texto,Review 14 - Útil,Review 15 - Rating,Review 15 - Data,Review 15 - Texto,Review 15 - Útil,Review 16 - Rating,Review 16 - Data,Review 16 - Texto,Review 16 - Útil,Review 17 - Rating,Review 17 - Data,Review 17 - Texto,Review 17 - Útil,Review 18 - Rating,Review 18 - Data,Review 18 - Texto,Review 18 - Útil,Review 19 - Rating,Review 19 - Data,Review 19 - Texto,Review 19 - Útil,Review 20 - Rating,Review 20 - Data,Review 20 - Texto,Review 20 - Útil,Review 21 - Rating,Review 21 - Data,Review 21 - Texto,Review 21 - Útil,Review 22 - Rating,Review 22 - Data,Review 22 - Texto,Review 22 - Útil,Review 23 - Rating,Review 23 - Data,Review 23 - Texto,Review 23 - Útil,Review 24 - Rating,Review 24 - Data,Review 24 - Texto,Review 24 - Útil,Review 25 - Rating,Review 25 - Data,Review 25 - Texto,Review 25 - Útil,Review 26 - Rating,Review 26 - Data,Review 26 - Texto,Review 26 - Útil,Review 27 - Rating,Review 27 - Data,Review 27 - Texto,Review 27 - Útil,Review 28 - Rating,Review 28 - Data,Review 28 - Texto,Review 28 - Útil,Review 29 - Rating,Review 29 - Data,Review 29 - Texto,Review 29 - Útil,Review 30 - Rating,Review 30 - Data,Review 30 - Texto,Review 30 - Útil,Review 31 - Rating,Review 31 - Data,Review 31 - Texto,Review 31 - Útil,Review 32 - Rating,Review 32 - Data,Review 32 - Texto,Review 32 - Útil,Review 33 - Rating,Review 33 - Data,Review 33 - Texto,Review 33 - Útil,Review 34 - Rating,Review 34 - Data,Review 34 - Texto,Review 34 - Útil,Review 35 - Rating,Review 35 - Data,Review 35 - Texto,Review 35 - Útil,Review 36 - Rating,Review 36 - Data,Review 36 - Texto,Review 36 - Útil,Review 37 - Rating,Review 37 - Data,Review 37 - Texto,Review 37 - Útil,Review 38 - Rating,Review 38 - Data,Review 38 - Texto,Review 38 - Útil,Review 39 - Rating,Review 39 - Data,Review 39 - Texto,Review 39 - Útil,Review 40 - Rating,Review 40 - Data,Review 40 - Texto,Review 40 - Útil,Review 41 - Rating,Review 41 - Data,Review 41 - Texto,Review 41 - Útil,Review 42 - Rating,Review 42 - Data,Review 42 - Texto,Review 42 - Útil,Review 43 - Rating,Review 43 - Data,Review 43 - Texto,Review 43 - Útil,Review 44 - Rating,Review 44 - Data,Review 44 - Texto,Review 44 - Útil,Review 45 - Rating,Review 45 - Data,Review 45 - Texto,Review 45 - Útil,Review 46 - Rating,Review 46 - Data,Review 46 - Texto,Review 46 - Útil,Review 47 - Rating,Review 47 - Data,Review 47 - Texto,Review 47 - Útil,Review 48 - Rating,Review 48 - Data,Review 48 - Texto,Review 48 - Útil,Review 49 - Rating,Review 49 - Data,Review 49 - Texto,Review 49 - Útil,Review 50 - Rating,Review 50 - Data,Review 50 - Texto,Review 50 - Útil,Review 51 - Rating,Review 51 - Data,Review 51 - Texto,Review 51 - Útil,Review 52 - Rating,Review 52 - Data,Review 52 - Texto,Review 52 - Útil,Review 53 - Rating,Review 53 - Data,Review 53 - Texto,Review 53 - Útil,Review 54 - Rating,Review 54 - Data,Review 54 - Texto,Review 54 - Útil,Review 55 - Rating,Review 55 - Data,Review 55 - Texto,Review 55 - Útil,Review 56 - Rating,Review 56 - Data,Review 56 - Texto,Review 56 - Útil,Review 57 - Rating,Review 57 - Data,Review 57 - Texto,Review 57 - Útil,Review 58 - Rating,Review 58 - Data,Review 58 - Texto,Review 58 - Útil,Review 59 - Rating,Review 59 - Data,Review 59 - Texto,Review 59 - Útil,Review 60 - Rating,Review 60 - Data,Review 60 - Texto,Review 60 - Útil,Review 61 - Rating,Review 61 - Data,Review 61 - Texto,Review 61 - Útil,Review 62 - Rating,Review 62 - Data,Review 62 - Texto,Review 62 - Útil,Review 63 - Rating,Review 63 - Data,Review 63 - Texto,Review 63 - Útil,Review 64 - Rating,Review 64 - Data,Review 64 - Texto,Review 64 - Útil,Review 65 - Rating,Review 65 - Data,Review 65 - Texto,Review 65 - Útil,Review 66 - Rating,Review 66 - Data,Review 66 - Texto,Review 66 - Útil,Review 67 - Rating,Review 67 - Data,Review 67 - Texto,Review 67 - Útil,Review 68 - Rating,Review 68 - Data,Review 68 - Texto,Review 68 - Útil,Review 69 - Rating,Review 69 - Data,Review 69 - Texto,Review 69 - Útil,Review 70 - Rating,Review 70 - Data,Review 70 - Texto,Review 70 - Útil,Review 71 - Rating,Review 71 - Data,Review 71 - Texto,Review 71 - Útil,Review 72 - Rating,Review 72 - Data,Review 72 - Texto,Review 72 - Útil,Review 73 - Rating,Review 73 - Data,Review 73 - Texto,Review 73 - Útil,Review 74 - Rating,Review 74 - Data,Review 74 - Texto,Review 74 - Útil,Review 75 - Rating,Review 75 - Data,Review 75 - Texto,Review 75 - Útil,Review 76 - Rating,Review 76 - Data,Review 76 - Texto,Review 76 - Útil,Review 77 - Rating,Review 77 - Data,Review 77 - Texto,Review 77 - Útil,Review 78 - Rating,Review 78 - Data,Review 78 - Texto,Review 78 - Útil,Review 79 - Rating,Review 79 - Data,Review 79 - Texto,Review 79 - Útil,Review 80 - Rating,Review 80 - Data,Review 80 - Texto,Review 80 - Útil,Review 81 - Rating,Review 81 - Data,Review 81 - Texto,Review 81 - Útil,Review 82 - Rating,Review 82 - Data,Review 82 - Texto,Review 82 - Útil,Review 83 - Rating,Review 83 - Data,Review 83 - Texto,Review 83 - Útil,Review 84 - Rating,Review 84 - Data,Review 84 - Texto,Review 84 - Útil,Review 85 - Rating,Review 85 - Data,Review 85 - Texto,Review 85 - Útil,Review 86 - Rating,Review 86 - Data,Review 86 - Texto,Review 86 - Útil,Review 87 - Rating,Review 87 - Data,Review 87 - Texto,Review 87 - Útil,Review 88 - Rating,Review 88 - Data,Review 88 - Texto,Review 88 - Útil,Review 89 - Rating,Review 89 - Data,Review 89 - Texto,Review 89 - Útil,Review 90 - Rating,Review 90 - Data,Review 90 - Texto,Review 90 - Útil,Review 91 - Rating,Review 91 - Data,Review 91 - Texto,Review 91 - Útil,Review 92 - Rating,Review 92 - Data,Review 92 - Texto,Review 92 - Útil,Review 93 - Rating,Review 93 - Data,Review 93 - Texto,Review 93 - Útil,Review 94 - Rating,Review 94 - Data,Review 94 - Texto,Review 94 - Útil,Review 95 - Rating,Review 95 - Data,Review 95 - Texto,Review 95 - Útil,Review 96 - Rating,Review 96 - Data,Review 96 - Texto,Review 96 - Útil,Review 97 - Rating,Review 97 - Data,Review 97 - Texto,Review 97 - Útil,Review 98 - Rating,Review 98 - Data,Review 98 - Texto,Review 98 - Útil,Review 99 - Rating,Review 99 - Data,Review 99 - Texto,Review 99 - Útil,Review 100 - Rating,Review 100 - Data,Review 100 - Texto,Review 100 - Útil,Review 101 - Rating,Review 101 - Data,Review 101 - Texto,Review 101 - Útil,Review 102 - Rating,Review 102 - Data,Review 102 - Texto,Review 102 - Útil,Review 103 - Rating,Review 103 - Data,Review 103 - Texto,Review 103 - Útil,Review 104 - Rating,Review 104 - Data,Review 104 - Texto,Review 104 - Útil,Review 105 - Rating,Review 105 - Data,Review 105 - Texto,Review 105 - Útil,Review 106 - Rating,Review 106 - Data,Review 106 - Texto,Review 106 - Útil,Review 107 - Rating,Review 107 - Data,Review 107 - Texto,Review 107 - Útil,Review 108 - Rating,Review 108 - Data,Review 108 - Texto,Review 108 - Útil,Review 109 - Rating,Review 109 - Data,Review 109 - Texto,Review 109 - Útil,Review 110 - Rating,Review 110 - Data,Review 110 - Texto,Review 110 - Útil,Review 111 - Rating,Review 111 - Data,Review 111 - Texto,Review 111 - Útil,Review 112 - Rating,Review 112 - Data,Review 112 - Texto,Review 112 - Útil,Review 113 - Rating,Review 113 - Data,Review 113 - Texto,Review 113 - Útil,Review 114 - Rating,Review 114 - Data,Review 114 - Texto,Review 114 - Útil,Review 115 - Rating,Review 115 - Data,Review 115 - Texto,Review 115 - Útil,Review 116 - Rating,Review 116 - Data,Review 116 - Texto,Review 116 - Útil,Review 117 - Rating,Review 117 - Data,Review 117 - Texto,Review 117 - Útil,Review 118 - Rating,Review 118 - Data,Review 118 - Texto,Review 118 - Útil,Review 119 - Rating,Review 119 - Data,Review 119 - Texto,Review 119 - Útil,Review 120 - Rating,Review 120 - Data,Review 120 - Texto,Review 120 - Útil,Review 121 - Rating,Review 121 - Data,Review 121 - Texto,Review 121 - Útil,Review 122 - Rating,Review 122 - Data,Review 122 - Texto,Review 122 - Útil,Review 123 - Rating,Review 123 - Data,Review 123 - Texto,Review 123 - Útil,Review 124 - Rating,Review 124 - Data,Review 124 - Texto,Review 124 - Útil,Review 125 - Rating,Review 125 - Data,Review 125 - Texto,Review 125 - Útil,Review 126 - Rating,Review 126 - Data,Review 126 - Texto,Review 126 - Útil,Review 127 - Rating,Review 127 - Data,Review 127 - Texto,Review 127 - Útil,Review 128 - Rating,Review 128 - Data,Review 128 - Texto,Review 128 - Útil,Review 129 - Rating,Review 129 - Data,Review 129 - Texto,Review 129 - Útil,Review 130 - Rating,Review 130 - Data,Review 130 - Texto,Review 130 - Útil,Review 131 - Rating,Review 131 - Data,Review 131 - Texto,Review 131 - Útil,Review 132 - Rating,Review 132 - Data,Review 132 - Texto,Review 132 - Útil,Review 133 - Rating,Review 133 - Data,Review 133 - Texto,Review 133 - Útil,Review 134 - Rating,Review 134 - Data,Review 134 - Texto,Review 134 - Útil,Review 135 - Rating,Review 135 - Data,Review 135 - Texto,Review 135 - Útil,Review 136 - Rating,Review 136 - Data,Review 136 - Texto,Review 136 - Útil,Review 137 - Rating,Review 137 - Data,Review 137 - Texto,Review 137 - Útil,Review 138 - Rating,Review 138 - Data,Review 138 - Texto,Review 138 - Útil,Review 139 - Rating,Review 139 - Data,Review 139 - Texto,Review 139 - Útil,Review 140 - Rating,Review 140 - Data,Review 140 - Texto,Review 140 - Útil,Review 141 - Rating,Review 141 - Data,Review 141 - Texto,Review 141 - Útil,Review 142 - Rating,Review 142 - Data,Review 142 - Texto,Review 142 - Útil,Review 143 - Rating,Review 143 - Data,Review 143 - Texto,Review 143 - Útil,Review 144 - Rating,Review 144 - Data,Review 144 - Texto,Review 144 - Útil,Review 145 - Rating,Review 145 - Data,Review 145 - Texto,Review 145 - Útil,Review 146 - Rating,Review 146 - Data,Review 146 - Texto,Review 146 - Útil,Review 147 - Rating,Review 147 - Data,Review 147 - Texto,Review 147 - Útil,Review 148 - Rating,Review 148 - Data,Review 148 - Texto,Review 148 - Útil,Review 149 - Rating,Review 149 - Data,Review 149 - Texto,Review 149 - Útil,Review 150 - Rating,Review 150 - Data,Review 150 - Texto,Review 150 - Útil,Review 151 - Rating,Review 151 - Data,Review 151 - Texto,Review 151 - Útil,Review 152 - Rating,Review 152 - Data,Review 152 - Texto,Review 152 - Útil,Review 153 - Rating,Review 153 - Data,Review 153 - Texto,Review 153 - Útil,Review 154 - Rating,Review 154 - Data,Review 154 - Texto,Review 154 - Útil,Review 155 - Rating,Review 155 - Data,Review 155 - Texto,Review 155 - Útil,Review 156 - Rating,Review 156 - Data,Review 156 - Texto,Review 156 - Útil,Review 157 - Rating,Review 157 - Data,Review 157 - Texto,Review 157 - Útil,Review 158 - Rating,Review 158 - Data,Review 158 - Texto,Review 158 - Útil,Review 159 - Rating,Review 159 - Data,Review 159 - Texto,Review 159 - Útil,Review 160 - Rating,Review 160 - Data,Review 160 - Texto,Review 160 - Útil,Review 161 - Rating,Review 161 - Data,Review 161 - Texto,Review 161 - Útil,Review 162 - Rating,Review 162 - Data,Review 162 - Texto,Review 162 - Útil,Review 163 - Rating,Review 163 - Data,Review 163 - Texto,Review 163 - Útil,Review 164 - Rating,Review 164 - Data,Review 164 - Texto,Review 164 - Útil,Review 165 - Rating,Review 165 - Data,Review 165 - Texto,Review 165 - Útil,Review 166 - Rating,Review 166 - Data,Review 166 - Texto,Review 166 - Útil,Review 167 - Rating,Review 167 - Data,Review 167 - Texto,Review 167 - Útil,Review 168 - Rating,Review 168 - Data,Review 168 - Texto,Review 168 - Útil,Review 169 - Rating,Review 169 - Data,Review 169 - Texto,Review 169 - Útil,Review 170 - Rating,Review 170 - Data,Review 170 - Texto,Review 170 - Útil,Review 171 - Rating,Review 171 - Data,Review 171 - Texto,Review 171 - Útil,Review 172 - Rating,Review 172 - Data,Review 172 - Texto,Review 172 - Útil,Review 173 - Rating,Review 173 - Data,Review 173 - Texto,Review 173 - Útil,Review 174 - Rating,Review 174 - Data,Review 174 - Texto,Review 174 - Útil,Review 175 - Rating,Review 175 - Data,Review 175 - Texto,Review 175 - Útil,Review 176 - Rating,Review 176 - Data,Review 176 - Texto,Review 176 - Útil,Review 177 - Rating,Review 177 - Data,Review 177 - Texto,Review 177 - Útil,Review 178 - Rating,Review 178 - Data,Review 178 - Texto,Review 178 - Útil,Review 179 - Rating,Review 179 - Data,Review 179 - Texto,Review 179 - Útil,Review 180 - Rating,Review 180 - Data,Review 180 - Texto,Review 180 - Útil,Review 181 - Rating,Review 181 - Data,Review 181 - Texto,Review 181 - Útil,Review 182 - Rating,Review 182 - Data,Review 182 - Texto,Review 182 - Útil,Review 183 - Rating,Review 183 - Data,Review 183 - Texto,Review 183 - Útil,Review 184 - Rating,Review 184 - Data,Review 184 - Texto,Review 184 - Útil,Review 185 - Rating,Review 185 - Data,Review 185 - Texto,Review 185 - Útil,Review 186 - Rating,Review 186 - Data,Review 186 - Texto,Review 186 - Útil,Review 187 - Rating,Review 187 - Data,Review 187 - Texto,Review 187 - Útil,Review 188 - Rating,Review 188 - Data,Review 188 - Texto,Review 188 - Útil,Review 189 - Rating,Review 189 - Data,Review 189 - Texto,Review 189 - Útil,Review 190 - Rating,Review 190 - Data,Review 190 - Texto,Review 190 - Útil,Review 191 - Rating,Review 191 - Data,Review 191 - Texto,Review 191 - Útil,Review 192 - Rating,Review 192 - Data,Review 192 - Texto,Review 192 - Útil,Review 193 - Rating,Review 193 - Data,Review 193 - Texto,Review 193 - Útil,Review 194 - Rating,Review 194 - Data,Review 194 - Texto,Review 194 - Útil,Review 195 - Rating,Review 195 - Data,Review 195 - Texto,Review 195 - Útil,Review 196 - Rating,Review 196 - Data,Review 196 - Texto,Review 196 - Útil,Review 197 - Rating,Review 197 - Data,Review 197 - Texto,Review 197 - Útil,Review 198 - Rating,Review 198 - Data,Review 198 - Texto,Review 198 - Útil,Review 199 - Rating,Review 199 - Data,Review 199 - Texto,Review 199 - Útil,Review 200 - Rating,Review 200 - Data,Review 200 - Texto,Review 200 - Útil,Média Geral Reviews,Total 1★,Total 2★,Total 3★,Total 4★,Total 5★
Cartucho Hp 667 Colorido 3ym78ab,"R$ 66,49",R$ 78,HP,Eshop,https://www.mercadolivre.com.br/cartucho-hp-667-colorido-3ym78ab/p/MLB22658653#polycard_client=search-nordic&searchVariation=MLB22658653&wid=MLB4030705941&position=3&search_layout=grid&type=product&tracking_id=55a851a6-af80-4409-841f-c2b3b5ecdad3&sid=search,MLB22658653,https://http2.mlstatic.com/D_Q_NP_2X_855331-MLU76705715095_052024-E.webp,N/A,Não,4.7,1937,"Características do Produto:

Volume de páginas impressas: até 120 páginas.

Impressões que funcionam todas as vezes. Cartuchos projetados para alto rendimento. Impressões resistentes à água e que não desbotam com o tempo. Cores mais vibrantes e nítidas. Com Tecnologia anti curvas. Fotos e documentos que duram mais de 50 anos sem perder a cor e a qualidade. Resultados superiores da primeira à última página, sem obstruções ou impressões com bandas. Impressão sustentável, os cartuchos HP são feitos com até 50% de material reciclado.

Compatíveis com a nova geração de impressoras Deskjet Ink Advantage da HP, que contempla as impressoras:

DESKJET INK ADVANTAGE 2376;

DESKJET INK ADVANTAGE 2776;

DESKJET INK ADVANTAGE 2775;

DESKJET INK ADVANTAGE 2375;

DESKJET INK ADVANTAGE 2374;

DESKJET INK ADVANTAGE 1275;

HP Deskjet Ink Advantage Plus 6475;

HP Deskjet Ink Advantage Plus 6476.",Marca: HP; Linha: Ink Advantage; Modelo: 667; Modelo alfanumérico: 3YM78AL; Tipo de cartucho: Original; Conteúdo total em volume: 2 mL; Cor da tinta: tricolor; Formato de venda: Unidade,Modelo detalhado: Tri-color; Tipo de tinta: CORANTE; Rendimento de páginas: 120; É recarregável: Não,1937.0,86.47,1674,7.38,142,2.94,56,0.41,7,2.79,54,N/A,N/A,N/A,N/A,N/A,N/A,N/A,N/A,200.0,5,04 jun. 2024,Cartucho original é sempre a melhor opção.,9,5,20 mai. 2024,Muito bom sem defeitos grato.,5,5,15 jul. 2024,Pouca tinta.,2,4,01 jun. 2025,2ml é muito pouco … hp devia por mais tinta.,1,5,26 jul. 2024,Pena que são apenas 2ml.,1,4,19 jun. 2024,"Preciso de mais tempo para avaliar o produto, principalmente no quesito durabilidade.",1,5,04 jun. 2024,"Muito bom, produto de ótima qualidade!.",1,5,17 jun. 2025,excelente,0,5,13 mai. 2025,Produto original.,0,5,14 jun. 2025,"Produto bom, só acaba muito rápido 😭.",0,5,09 mai. 2025,Vou testar e voltarei.,0,4,06 jun. 2025,muito bom,0,5,01 jun. 2025,Excelente! produto original.,0,5,08 mai. 2025,excelente,0,5,27 abr. 2025,"Excelente.
Minha impressora hp 2478.
Tem um bom pigmentação, recomendo.
Vou comprar mais.
Pois uso muito.",0,5,04 abr. 2025,Ótima.,0,5,04 abr. 2025,Ótima.,0,5,02 abr. 2025,Excelente produto recomendo.,0,5,31 mar. 2025,Produto muito bom.,0,5,14 mar. 2025,Produto e bom recomendo pode comprar sem problema nenhum eu aprovado 👍.,0,5,24 fev. 2025,excelente,0,5,12 fev. 2025,excelente,0,5,31 jan. 2025,excelente,0,5,12 nov. 2024,excelente,0,5,28 out. 2024,"Produto de ótima qualidade, recomendo muito bom! 🥰😍.",0,5,17 jun. 2025,Muito boa.,0,5,16 jun. 2025,Ótimo.,0,5,16 jun. 2025,Bom.,0,5,15 jun. 2025,Muito bom.,0,4,15 jun. 2025,Dura muito pouco.,0,5,14 jun. 2025,Hp é hp! é nota 10!.,0,4,12 jun. 2025,Normal….,0,5,12 jun. 2025,Produto novo e bom! funcionou direitnho!.,0,5,11 jun. 2025,"Sempre uso esse cartucho, muito bom.",0,4,11 jun. 2025,"Produto bom, já comprei diversas vezes.",0,5,11 jun. 2025,Excelente produto.,0,5,11 jun. 2025,"O custo está muito alto, para quem usa muito.",0,5,10 jun. 2025,Otjimo.,0,5,10 jun. 2025,Excelente.,0,5,10 jun. 2025,Produto de boa qualidade.,0,5,09 jun. 2025,"Veio lacrado, em perfeito estado!.",0,5,09 jun. 2025,Resolve bem. É original.,0,5,09 jun. 2025,Bom suprimento de impressora: renovei o meu estoque.,0,5,08 jun. 2025,Produto funcionou perfeitamente!!!.,0,5,08 jun. 2025,Tudo ok. Sem qualquer tipo de problemas e/ou contratempos.,0,5,07 jun. 2025,Uso na minha impressora. Recomendo.,0,5,06 jun. 2025,Tudo perfeito. Obrigado.,0,5,06 jun. 2025,Cartucho original bom.,0,5,05 jun. 2025,Funcionou normalmente. Ótima qualidade.,0,4,05 jun. 2025,Muito bom. Esta funcionamento perfeitamente na minha impressora.,0,5,04 jun. 2025,Nota 10.,0,5,04 jun. 2025,Otimo produto recomendo.,0,5,03 jun. 2025,Excelente. Mas não tem muita carga.,0,5,03 jun. 2025,Excelente. Só dura muito pouco.,0,5,03 jun. 2025,Excelente.,0,5,02 jun. 2025,Cartucho foi só colocar e ta pronto pra usar. Recomendo.,0,5,01 jun. 2025,Custo benefício atendido. Ótimo produto.,0,5,01 jun. 2025,Funcionando bem.,0,5,31 mai. 2025,Muito bom lacrado original sem falhas na impressão e funcionando bem 10/10.,0,5,30 mai. 2025,"Cores bem. Vivas.
Impressão. De. Primeiras. Qualidade. Otimo.",0,5,30 mai. 2025,Cartucho original. O problema nem é ele é sim a impressora.,0,5,30 mai. 2025,"A marca já diz por si próprio. Qualidade, durabilidade e cores fortes.",0,5,29 mai. 2025,Produto é bom tenho comprado sempre quando o meu queima.,0,5,28 mai. 2025,Gosto bastante. O preço foi o melhor que achei no período da compra e estou satisfeita.,0,4,28 mai. 2025,Bom.,0,5,28 mai. 2025,Produto original. Muito bom.,0,5,28 mai. 2025,Excelente qualidade amei.,0,5,28 mai. 2025,Ótima qualidade.,0,5,27 mai. 2025,Produto original.,0,5,27 mai. 2025,Ótimo.,0,5,26 mai. 2025,Produto bom recomendo.,0,5,26 mai. 2025,Bom.,0,5,26 mai. 2025,Ótimo.,0,5,25 mai. 2025,Já está na impressora funcionando.,0,5,25 mai. 2025,Já comprei antes é muito útil e super recomendo.,0,5,25 mai. 2025,"Original, bom.",0,5,25 mai. 2025,Funciona normal.,0,5,24 mai. 2025,Até o momento tudo ok.,0,5,22 mai. 2025,Excelente.,0,5,22 mai. 2025,"Qualidade hp, comprei porque o meu cartucho deu defeito depois de 2 anos e pouco, nem uso colorido mas se não a impressora não imprime em preto e branco esse é o único ponto ruim das impressoras hp, se um cartucho deu problema devia deixar imprimir mesmo em preto e branco mas enfim, resolveu meu problema.",0,5,22 mai. 2025,Original. É sempre o melhor.,0,5,21 mai. 2025,Excelente!.,0,5,21 mai. 2025,Questão de morar no interior e facilitou minha vida.,0,5,21 mai. 2025,Bom.,0,5,21 mai. 2025,Muito bom.,0,5,20 mai. 2025,Produto original.,0,5,20 mai. 2025,Otima.,0,5,20 mai. 2025,Recomendo o produto.,0,5,19 mai. 2025,O produto é muito bom cumpri o que promete.,0,5,19 mai. 2025,Excelente.,0,5,18 mai. 2025,Otimo.,0,5,18 mai. 2025,"Cartucho original outro coisa, muito bom, perfeito e preço bom, recomento.",0,5,17 mai. 2025,Muito bom.,0,5,17 mai. 2025,Excelente.,0,5,17 mai. 2025,Bom mas poderia ter um preço menor.,0,5,16 mai. 2025,Nota 10.,0,5,16 mai. 2025,Otimo cartucho.,0,5,16 mai. 2025,Ptrduto muito otimo.,0,5,16 mai. 2025,Funciona conforme esperado e prometido.,0,5,16 mai. 2025,Muito bom o cartucho já testamos e é de qualidade.,0,5,16 mai. 2025,"Muito bom o cartucho, já testei na minha impressora w nota 100000000.",0,4,15 mai. 2025,"Produto original é sempre mais confiável, mas é caro.",0,5,15 mai. 2025,Util.,0,5,14 mai. 2025,Tudo perfeito.,0,5,12 mai. 2025,Muito bom.,0,5,11 mai. 2025,Perfeito.,0,5,09 mai. 2025,Funcionou direitinho e sem travamentos. Instalação ok. Preço ok.,0,4,08 mai. 2025,Bom.,0,4,08 mai. 2025,Qualidade hp insuperável.,0,5,08 mai. 2025,"Recomendo o produto , porém está muito caro.",0,5,08 mai. 2025,"Produto muito bom, ótimo qualidade.",0,5,07 mai. 2025,É preto.,0,5,07 mai. 2025,Excelente.,0,5,06 mai. 2025,Produto muito bom!.,0,5,05 mai. 2025,Certinho pra impressora.,0,5,05 mai. 2025,Muito bom recomendo.,0,5,05 mai. 2025,Muito bom.,0,5,05 mai. 2025,Otimo.,0,5,05 mai. 2025,Otimo.,0,5,03 mai. 2025,Dentro do desejado.,0,5,03 mai. 2025,Muito bom recomendo.,0,5,03 mai. 2025,Muito satisfeito.,0,5,02 mai. 2025,Excelente custo beneficio. Era realmente o que estava precisando.,0,5,02 mai. 2025,Excelente.,0,5,01 mai. 2025,"Como sempre e em todo lugar, tinta à preço de ouro ! à ocasião, melhor custo. Original, perfeita.",0,5,30 abr. 2025,Veio perfeito.,0,5,29 abr. 2025,"Ótimo.
Comprarei outro.",0,5,27 abr. 2025,Rápido e perfeito.,0,5,26 abr. 2025,Produto bom.,0,5,25 abr. 2025,Muito bom.,0,5,24 abr. 2025,Um bom produto.,0,5,24 abr. 2025,"Perfeita as cores vibrantes, cartucho veio cheio e a impressora reconheceu.",0,5,23 abr. 2025,Bom!.,0,5,22 abr. 2025,Otimo.,0,5,17 abr. 2025,Muito bom!.,0,5,17 abr. 2025,"Gostei muito ,preço bom tbm.",0,5,16 abr. 2025,Muito bom! está me atendendo muito bem.,0,5,16 abr. 2025,Produto ótimo mais pouca tinta.,0,5,15 abr. 2025,Muito bom.,0,5,14 abr. 2025,"Está sendo super útil. Ainda não tenho ideia da durabilidade, mas estou usando bastante. Ótima compra!.",0,4,14 abr. 2025,Achei que acabou muito rápido.,0,5,14 abr. 2025,"Recomendo, original funcionando normalmente.",0,5,14 abr. 2025,Ótimo preco.,0,5,13 abr. 2025,Boa qualidade.,0,5,13 abr. 2025,Original. Excelente. Fiquei muito satisfeito.,0,5,13 abr. 2025,Perfeito.,0,4,10 abr. 2025,"Só não darei mais estrelas pois o meu produto veio com defeito, mas a equipe foi muito atenciosa e me auxiliou no teste e limpeza tanto da impressora quanto do cartucho.
Comprarei novamente sem dúvidas!.",0,5,10 abr. 2025,Excelente.,0,5,09 abr. 2025,Otimo.,0,5,08 abr. 2025,Produto original muito bom.,0,5,08 abr. 2025,Produto original muito bom.,0,4,08 abr. 2025,Ótimo.,0,4,07 abr. 2025,Bom.,0,5,07 abr. 2025,Ótimo.,0,5,05 abr. 2025,Atendeu minhas necessidades.,0,5,04 abr. 2025,Gostei.,0,5,03 abr. 2025,Tudo certo.,0,5,03 abr. 2025,"Nada demais. Cartucho comum, original.",0,5,02 abr. 2025,Muito bom serviu perfeitamente.,0,5,01 abr. 2025,Bom.,0,5,01 abr. 2025,Fica excelente a impressão.,0,5,29 mar. 2025,Os cartuchos hp são muito bons e duram bem eu gosto.,0,5,29 mar. 2025,Ótimo!!.,0,5,28 mar. 2025,Produto de alta qualidade.,0,5,28 mar. 2025,"Pena que a impressora hp do modelo que tenho, consome muuuita tinta. No máximo 50 impressões e já acaba.",0,5,27 mar. 2025,Ótimo.,0,5,26 mar. 2025,Ótimo produto.,0,5,26 mar. 2025,Excelente.,0,5,25 mar. 2025,Otimo.,0,5,25 mar. 2025,Bom produto recomendo.,0,5,25 mar. 2025,Produto bom.,0,5,25 mar. 2025,Comprem sem medo.,0,5,25 mar. 2025,Comprem sem. Medo.,0,5,24 mar. 2025,Ótimo produto.,0,5,24 mar. 2025,Produto excelente como anunciado.,0,5,23 mar. 2025,Excelente produto.,0,5,22 mar. 2025,Cumpre o que promete. Poderia ter maior capacidade. Acaba rápido.,0,5,22 mar. 2025,Atendeu a um pedido.,0,5,21 mar. 2025,Bom.,0,5,21 mar. 2025,Excelente!.,0,5,19 mar. 2025,Bom e barato.,0,5,18 mar. 2025,"Eu ainda não utilizei, mas acredito que seja bom.",0,5,18 mar. 2025,Gostei obrigada.,0,5,18 mar. 2025,Bom.,0,5,15 mar. 2025,Ótimo.,0,5,15 mar. 2025,A hp é excelência em seus produtos.,0,5,15 mar. 2025,Pena que essa impressora gera muita pouca impressão e já acaba a tinta.,0,5,15 mar. 2025,Muito boa.,0,5,15 mar. 2025,Original.,0,4,14 mar. 2025,Boa qualidade.,0,5,14 mar. 2025,Bom produto. Deveria vir mais conteúdo pelo preço.,0,5,14 mar. 2025,Produto muito bom.,0,5,13 mar. 2025,Atendeu as expectativas até agora.,0,5,11 mar. 2025,Muito bom gostei.,0,5,11 mar. 2025,Cartucho original.,0,5,11 mar. 2025,Cartucho original.,0,5,10 mar. 2025,"Acabei de receber , agora vou testar na impressora.",0,5,10 mar. 2025,Muito bom.,0,4,09 mar. 2025,"Cartucho funcionou, mas a impressão dessa impressora hp, não é boa.",0,5,09 mar. 2025,Excelente produto de ótima qualidade e perfeito funcionamento recomendo.,0,4.9,0.0,0.0,0.0,17.0,183.0
Cartucho De Tinta Hp 904xl T6m16ab Preto 24130,R$ 295,N/A,HP,N/A,https://www.mercadolivre.com.br/cartucho-de-tinta-hp-904xl-t6m16ab-preto-24130/up/MLBU3204774123#polycard_client=search-nordic&searchVariation=MLBU3204774123&wid=MLB4078793315&position=5&search_layout=grid&type=product&tracking_id=55a851a6-af80-4409-841f-c2b3b5ecdad3&sid=search,N/A,https://http2.mlstatic.com/D_Q_NP_2X_695856-MLB85362322083_052025-E.webp,Frete grátis,Não,N/A,N/A,"Cartucho HP 904 XL Preto (T6M16AB) 24130

Cartuchos HP proporcionam impressões de alta qualidade e desempenho superior.

Texto preto nítido e qualidade de impressão consistente para documentos com aparência profissional.

Garantia do vendedor: 30 dias","Marca: HP; Linha: OfficeJet Pro; Modelo: Hp 904xl T6m16ab Preto 24130; Modelo alfanumérico: 904; Tipo de cartucho: Original; Conteúdo total em volume: 21,5 mL; Cor da tinta: Preto; Formato de venda: Unidade",Modelo detalhado: C9351AL,,N/A,N/A,N/A,N/A,N/A,N/A,N/A,N/A,N/A,N/A,N/A,N/A,N/A,N/A,N/A,N/A,N/A,N/A,,,,,,,,,,,,,,,,,,,,,,,,,,,,,,,,,,,,,,,,,,,,,,,,,,,,,,,,,,,,,,,,,,,,,,,,,,,,,,,,,,,,,,,,,,,,,,,,,,,,,,,,,,,,,,,,,,,,,,,,,,,,,,,,,,,,,,,,,,,,,,,,,,,,,,,,,,,,,,,,,,,,,,,,,,,,,,,,,,,,,,,,,,,,,,,,,,,,,,,,,,,,,,,,,,,,,,,,,,,,,,,,,,,,,,,,,,,,,,,,,,,,,,,,,,,,,,,,,,,,,,,,,,,,,,,,,,,,,,,,,,,,,,,,,,,,,,,,,,,,,,,,,,,,,,,,,,,,,,,,,,,,,,,,,,,,,,,,,,,,,,,,,,,,,,,,,,,,,,,,,,,,,,,,,,,,,,,,,,,,,,,,,,,,,,,,,,,,,,,,,,,,,,,,,,,,,,,,,,,,,,,,,,,,,,,,,,,,,,,,,,,,,,,,,,,,,,,,,,,,,,,,,,,,,,,,,,,,,,,,,,,,,,,,,,,,,,,,,,,,,,,,,,,,,,,,,,,,,,,,,,,,,,,,,,,,,,,,,,,,,,,,,,,,,,,,,,,,,,,,,,,,,,,,,,,,,,,,,,,,,,,,,,,,,,,,,,,,,,,,,,,,,,,,,,,,,,,,,,,,,,,,,,,,,,,,,,,,,,,,,,,,,,,,,,,,,,,,,,,,,,,,,,,,,,,,,,,,,,,,,,,,,,,,,,,,,,,,,,,,,,,,,,,,,,,,,,,,,,,,,,,,,,,,,,,,,,,,,,,,,,,,,,,,,,,,,,,,,,,,,,,,,,,,,,,,,,,,,,,,,,,,,,,,,,,,,,,,,,,,,,,,,,,
Hp Ink Cartridges 2x 662xl Preto / Black Cz105ab,"R$ 187,20",N/A,HP,Park Ecom,https://www.mercadolivre.com.br/hp-ink-cartridges-2x-662xl-preto-black-cz105ab/p/MLB48643172#polycard_client=search-nordic&searchVariation=MLB48643172&wid=MLB5356295280&position=6&search_layout=grid&type=product&tracking_id=55a851a6-af80-4409-841f-c2b3b5ecdad3&sid=search,MLB48643172,https://http2.mlstatic.com/D_Q_NP_2X_726293-MLA83560444822_042025-E.webp,Frete grátis,Não,4.6,23,"--- QUALIDADE GARANTIDA.

ANÚNCIO CONTENDO: 02 CARTUCHOS HP 662XL PRETO

DESEMPENHO:

662XL PRETO - ATÉ 360 PÁGINAS (com base na cobertura de 5% da página)

VOLUME DE TINTA EM CADA CARTUCHO PRETO: 6,5 ml

Compatibilidade:

Impressora multifuncional HP DeskJet Ink Advantage 1516;

Impressora multifuncional HP DeskJet Ink Advantage 2516;

Impressora multifuncional HP DeskJet Ink Advantage 2546;

Impressora multifuncional HP DeskJet Ink Advantage 2646;

Impressora multifuncional HP DeskJet Ink Advantage 3516;

Impressora multifuncional HP DeskJet Ink Advantage 3546;

Impressora multifuncional HP DeskJet Ink Advantage 4646.

- Desenvolvido para oferecer desempenho ótimo desde o primeiro uso

- Produza impressões duradouras e resistentes à descoloração de fotos e documentos que poderão ser apreciados por gerações.

- Otimize a impressão e minimize desperdícios de papel, tinta e energia

- Ao optar pelas tintas da HP, você contribui para a economia circular e colabora com o processo de reciclagem da HP, que permite que os produtos tenham uma nova chance de vida.

Média aproximada com base na metodologia de teste ISO / IEC 24711 ou HP e impressão contínua. O desempenho real varia consideravelmente de acordo com o conteúdo das páginas impressas e outros fatores.","Marca: HP; Modelo: 662XL Black; Modelo alfanumérico: CZ105AB; Tipo de cartucho: Original; Conteúdo total em volume: 6,5 mL; Cor da tinta: Preto Black; Unidades por embalagem: 2; Formato de venda: Unidade",Tipo de tinta: Pigmentada; Rendimento de páginas: 360; É recarregável: Sim,23.0,82.61,19,8.7,2,0.0,0,4.35,1,4.35,1,N/A,N/A,N/A,N/A,N/A,N/A,N/A,N/A,3.0,4,27 abr. 2025,Muito bom.,0,1,07 jun. 2025,Produto falsificado com pouquíssima tinta. Mal coloquei e já indicou pouca tinta. E ainda travou minha impressora. Tive que levar a uma assistência. Lá me identificaram a falsificação.,0,2,05 mai. 2025,Comprei dois cartuchos xl e aí instalar na impressora o sistema da hp detectou que eram cartuchos comuns. O primeiro durou muito pouco e o segundo vai pelo mesmo caminho. Fui enganado.,0,,,,,,,,,,,,,,,,,,,,,,,,,,,,,,,,,,,,,,,,,,,,,,,,,,,,,,,,,,,,,,,,,,,,,,,,,,,,,,,,,,,,,,,,,,,,,,,,,,,,,,,,,,,,,,,,,,,,,,,,,,,,,,,,,,,,,,,,,,,,,,,,,,,,,,,,,,,,,,,,,,,,,,,,,,,,,,,,,,,,,,,,,,,,,,,,,,,,,,,,,,,,,,,,,,,,,,,,,,,,,,,,,,,,,,,,,,,,,,,,,,,,,,,,,,,,,,,,,,,,,,,,,,,,,,,,,,,,,,,,,,,,,,,,,,,,,,,,,,,,,,,,,,,,,,,,,,,,,,,,,,,,,,,,,,,,,,,,,,,,,,,,,,,,,,,,,,,,,,,,,,,,,,,,,,,,,,,,,,,,,,,,,,,,,,,,,,,,,,,,,,,,,,,,,,,,,,,,,,,,,,,,,,,,,,,,,,,,,,,,,,,,,,,,,,,,,,,,,,,,,,,,,,,,,,,,,,,,,,,,,,,,,,,,,,,,,,,,,,,,,,,,,,,,,,,,,,,,,,,,,,,,,,,,,,,,,,,,,,,,,,,,,,,,,,,,,,,,,,,,,,,,,,,,,,,,,,,,,,,,,,,,,,,,,,,,,,,,,,,,,,,,,,,,,,,,,,,,,,,,,,,,,,,,,,,,,,,,,,,,,,,,,,,,,,,,,,,,,,,,,,,,,,,,,,,,,,,,,,,,,,,,,,,,,,,,,,,,,,,,,,,,,,,,,,,,,,,,,,,,,,,,,,,,,,,,,,,,,,,,,,,,,,,,,,,,,,,,,,,,,,,,,,,,,,,,,,,,,,,,,,,,,,,,,2.3,1.0,1.0,0.0,1.0,0.0
Cartucho HP 667 Preto 2376 2776 6476,"R$ 66,90",N/A,HP,N/A,https://www.mercadolivre.com.br/cartucho-hp-667-preto-2376-2776-6476/p/MLB22022306#polycard_client=search-nordic&searchVariation=MLB22022306&wid=MLB3966990865&position=7&search_layout=grid&type=product&tracking_id=55a851a6-af80-4409-841f-c2b3b5ecdad3&sid=search,MLB22022306,https://http2.mlstatic.com/D_Q_NP_2X_826232-MLC43237791399_082020-E.webp,N/A,Sim,4.7,1937,"cartucho HP 667 (3YM79AB) Preto 2ml

Especificações de impressão

-Conteúdo: 2ml

-Tecnologia de impressão: Jato de tinta

Rendimento

-1 Cartucho 667 preto rende até 120 páginas.

Rendimento considerando 5% de cobertura na folha A4.

Para um bom rendimento do cartucho o ideal é não ultrapassarmos os 5% área de cobertura. Quando utilizado o recurso de negritar títulos, trechos ou incluímos imagens essa porcentagem de cobertura facilmente sobe para 10%. Isto faz com que seu cartucho dure menos páginas.

Impressoras Compatíveis

Hp Deskjet Ink Advantage 1275, 2374, 2375, 2376, 2775, 2776

Hp Deskjet Ink Advantage Plus 6475, 6476

DESCRIÇÃO

-Imprima todas as fotos e documentos de alta qualidade.

-Desempenho em alta velocidade as tintas originais HP são elaboradas para ajudar você a imprimir rapidamente sem abrir mão da qualidade.",Marca: HP; Linha: Ink Advantage; Modelo: 667; Modelo alfanumérico: 3YM78AL; Tipo de cartucho: Original; Conteúdo total em volume: 2 mL; Cor da tinta: Preto; Formato de venda: Unidade,Modelo detalhado: 3YM79AB; Tipo de tinta: CORANTE; Rendimento de páginas: 120; É recarregável: Não,1937.0,86.47,1674,7.38,142,2.94,56,0.41,7,2.79,54,N/A,N/A,N/A,N/A,N/A,N/A,N/A,N/A,200.0,5,04 jun. 2024,Cartucho original é sempre a melhor opção.,9,5,20 mai. 2024,Muito bom sem defeitos grato.,5,5,15 jul. 2024,Pouca tinta.,2,4,01 jun. 2025,2ml é muito pouco … hp devia por mais tinta.,1,5,26 jul. 2024,Pena que são apenas 2ml.,1,4,19 jun. 2024,"Preciso de mais tempo para avaliar o produto, principalmente no quesito durabilidade.",1,5,04 jun. 2024,"Muito bom, produto de ótima qualidade!.",1,5,17 jun. 2025,excelente,0,5,13 mai. 2025,Produto original.,0,5,14 jun. 2025,"Produto bom, só acaba muito rápido 😭.",0,5,09 mai. 2025,Vou testar e voltarei.,0,4,06 jun. 2025,muito bom,0,5,01 jun. 2025,Excelente! produto original.,0,5,08 mai. 2025,excelente,0,5,27 abr. 2025,"Excelente.
Minha impressora hp 2478.
Tem um bom pigmentação, recomendo.
Vou comprar mais.
Pois uso muito.",0,5,04 abr. 2025,Ótima.,0,5,04 abr. 2025,Ótima.,0,5,02 abr. 2025,Excelente produto recomendo.,0,5,31 mar. 2025,Produto muito bom.,0,5,14 mar. 2025,Produto e bom recomendo pode comprar sem problema nenhum eu aprovado 👍.,0,5,24 fev. 2025,excelente,0,5,12 fev. 2025,excelente,0,5,31 jan. 2025,excelente,0,5,12 nov. 2024,excelente,0,5,28 out. 2024,"Produto de ótima qualidade, recomendo muito bom! 🥰😍.",0,5,17 jun. 2025,Muito boa.,0,5,16 jun. 2025,Ótimo.,0,5,16 jun. 2025,Bom.,0,5,15 jun. 2025,Muito bom.,0,4,15 jun. 2025,Dura muito pouco.,0,5,14 jun. 2025,Hp é hp! é nota 10!.,0,4,12 jun. 2025,Normal….,0,5,12 jun. 2025,Produto novo e bom! funcionou direitnho!.,0,5,11 jun. 2025,"Sempre uso esse cartucho, muito bom.",0,4,11 jun. 2025,"Produto bom, já comprei diversas vezes.",0,5,11 jun. 2025,Excelente produto.,0,5,11 jun. 2025,"O custo está muito alto, para quem usa muito.",0,5,10 jun. 2025,Otjimo.,0,5,10 jun. 2025,Excelente.,0,5,10 jun. 2025,Produto de boa qualidade.,0,5,09 jun. 2025,"Veio lacrado, em perfeito estado!.",0,5,09 jun. 2025,Resolve bem. É original.,0,5,09 jun. 2025,Bom suprimento de impressora: renovei o meu estoque.,0,5,08 jun. 2025,Produto funcionou perfeitamente!!!.,0,5,08 jun. 2025,Tudo ok. Sem qualquer tipo de problemas e/ou contratempos.,0,5,07 jun. 2025,Uso na minha impressora. Recomendo.,0,5,06 jun. 2025,Tudo perfeito. Obrigado.,0,5,06 jun. 2025,Cartucho original bom.,0,5,05 jun. 2025,Funcionou normalmente. Ótima qualidade.,0,4,05 jun. 2025,Muito bom. Esta funcionamento perfeitamente na minha impressora.,0,5,04 jun. 2025,Nota 10.,0,5,04 jun. 2025,Otimo produto recomendo.,0,5,03 jun. 2025,Excelente. Mas não tem muita carga.,0,5,03 jun. 2025,Excelente. Só dura muito pouco.,0,5,03 jun. 2025,Excelente.,0,5,02 jun. 2025,Cartucho foi só colocar e ta pronto pra usar. Recomendo.,0,5,01 jun. 2025,Custo benefício atendido. Ótimo produto.,0,5,01 jun. 2025,Funcionando bem.,0,5,31 mai. 2025,Muito bom lacrado original sem falhas na impressão e funcionando bem 10/10.,0,5,30 mai. 2025,"Cores bem. Vivas.
Impressão. De. Primeiras. Qualidade. Otimo.",0,5,30 mai. 2025,Cartucho original. O problema nem é ele é sim a impressora.,0,5,30 mai. 2025,"A marca já diz por si próprio. Qualidade, durabilidade e cores fortes.",0,5,29 mai. 2025,Produto é bom tenho comprado sempre quando o meu queima.,0,5,28 mai. 2025,Gosto bastante. O preço foi o melhor que achei no período da compra e estou satisfeita.,0,4,28 mai. 2025,Bom.,0,5,28 mai. 2025,Produto original. Muito bom.,0,5,28 mai. 2025,Excelente qualidade amei.,0,5,28 mai. 2025,Ótima qualidade.,0,5,27 mai. 2025,Produto original.,0,5,27 mai. 2025,Ótimo.,0,5,26 mai. 2025,Produto bom recomendo.,0,5,26 mai. 2025,Bom.,0,5,26 mai. 2025,Ótimo.,0,5,25 mai. 2025,Já está na impressora funcionando.,0,5,25 mai. 2025,Já comprei antes é muito útil e super recomendo.,0,5,25 mai. 2025,"Original, bom.",0,5,25 mai. 2025,Funciona normal.,0,5,24 mai. 2025,Até o momento tudo ok.,0,5,22 mai. 2025,Excelente.,0,5,22 mai. 2025,"Qualidade hp, comprei porque o meu cartucho deu defeito depois de 2 anos e pouco, nem uso colorido mas se não a impressora não imprime em preto e branco esse é o único ponto ruim das impressoras hp, se um cartucho deu problema devia deixar imprimir mesmo em preto e branco mas enfim, resolveu meu problema.",0,5,22 mai. 2025,Original. É sempre o melhor.,0,5,21 mai. 2025,Excelente!.,0,5,21 mai. 2025,Questão de morar no interior e facilitou minha vida.,0,5,21 mai. 2025,Bom.,0,5,21 mai. 2025,Muito bom.,0,5,20 mai. 2025,Produto original.,0,5,20 mai. 2025,Otima.,0,5,20 mai. 2025,Recomendo o produto.,0,5,19 mai. 2025,O produto é muito bom cumpri o que promete.,0,5,19 mai. 2025,Excelente.,0,5,18 mai. 2025,Otimo.,0,5,18 mai. 2025,"Cartucho original outro coisa, muito bom, perfeito e preço bom, recomento.",0,5,17 mai. 2025,Muito bom.,0,5,17 mai. 2025,Excelente.,0,5,17 mai. 2025,Bom mas poderia ter um preço menor.,0,5,16 mai. 2025,Nota 10.,0,5,16 mai. 2025,Otimo cartucho.,0,5,16 mai. 2025,Ptrduto muito otimo.,0,5,16 mai. 2025,Funciona conforme esperado e prometido.,0,5,16 mai. 2025,Muito bom o cartucho já testamos e é de qualidade.,0,5,16 mai. 2025,"Muito bom o cartucho, já testei na minha impressora w nota 100000000.",0,4,15 mai. 2025,"Produto original é sempre mais confiável, mas é caro.",0,5,15 mai. 2025,Util.,0,5,14 mai. 2025,Tudo perfeito.,0,5,12 mai. 2025,Muito bom.,0,5,11 mai. 2025,Perfeito.,0,5,09 mai. 2025,Funcionou direitinho e sem travamentos. Instalação ok. Preço ok.,0,4,08 mai. 2025,Bom.,0,4,08 mai. 2025,Qualidade hp insuperável.,0,5,08 mai. 2025,"Recomendo o produto , porém está muito caro.",0,5,08 mai. 2025,"Produto muito bom, ótimo qualidade.",0,5,07 mai. 2025,É preto.,0,5,07 mai. 2025,Excelente.,0,5,06 mai. 2025,Produto muito bom!.,0,5,05 mai. 2025,Certinho pra impressora.,0,5,05 mai. 2025,Muito bom recomendo.,0,5,05 mai. 2025,Muito bom.,0,5,05 mai. 2025,Otimo.,0,5,05 mai. 2025,Otimo.,0,5,03 mai. 2025,Dentro do desejado.,0,5,03 mai. 2025,Muito bom recomendo.,0,5,03 mai. 2025,Muito satisfeito.,0,5,02 mai. 2025,Excelente custo beneficio. Era realmente o que estava precisando.,0,5,02 mai. 2025,Excelente.,0,5,01 mai. 2025,"Como sempre e em todo lugar, tinta à preço de ouro ! à ocasião, melhor custo. Original, perfeita.",0,5,30 abr. 2025,Veio perfeito.,0,5,29 abr. 2025,"Ótimo.
Comprarei outro.",0,5,27 abr. 2025,Rápido e perfeito.,0,5,26 abr. 2025,Produto bom.,0,5,25 abr. 2025,Muito bom.,0,5,24 abr. 2025,Um bom produto.,0,5,24 abr. 2025,"Perfeita as cores vibrantes, cartucho veio cheio e a impressora reconheceu.",0,5,23 abr. 2025,Bom!.,0,5,22 abr. 2025,Otimo.,0,5,17 abr. 2025,Muito bom!.,0,5,17 abr. 2025,"Gostei muito ,preço bom tbm.",0,5,16 abr. 2025,Muito bom! está me atendendo muito bem.,0,5,16 abr. 2025,Produto ótimo mais pouca tinta.,0,5,15 abr. 2025,Muito bom.,0,5,14 abr. 2025,"Está sendo super útil. Ainda não tenho ideia da durabilidade, mas estou usando bastante. Ótima compra!.",0,4,14 abr. 2025,Achei que acabou muito rápido.,0,5,14 abr. 2025,"Recomendo, original funcionando normalmente.",0,5,14 abr. 2025,Ótimo preco.,0,5,13 abr. 2025,Boa qualidade.,0,5,13 abr. 2025,Original. Excelente. Fiquei muito satisfeito.,0,5,13 abr. 2025,Perfeito.,0,4,10 abr. 2025,"Só não darei mais estrelas pois o meu produto veio com defeito, mas a equipe foi muito atenciosa e me auxiliou no teste e limpeza tanto da impressora quanto do cartucho.
Comprarei novamente sem dúvidas!.",0,5,10 abr. 2025,Excelente.,0,5,09 abr. 2025,Otimo.,0,5,08 abr. 2025,Produto original muito bom.,0,5,08 abr. 2025,Produto original muito bom.,0,4,08 abr. 2025,Ótimo.,0,4,07 abr. 2025,Bom.,0,5,07 abr. 2025,Ótimo.,0,5,05 abr. 2025,Atendeu minhas necessidades.,0,5,04 abr. 2025,Gostei.,0,5,03 abr. 2025,Tudo certo.,0,5,03 abr. 2025,"Nada demais. Cartucho comum, original.",0,5,02 abr. 2025,Muito bom serviu perfeitamente.,0,5,01 abr. 2025,Bom.,0,5,01 abr. 2025,Fica excelente a impressão.,0,5,29 mar. 2025,Os cartuchos hp são muito bons e duram bem eu gosto.,0,5,29 mar. 2025,Ótimo!!.,0,5,28 mar. 2025,Produto de alta qualidade.,0,5,28 mar. 2025,"Pena que a impressora hp do modelo que tenho, consome muuuita tinta. No máximo 50 impressões e já acaba.",0,5,27 mar. 2025,Ótimo.,0,5,26 mar. 2025,Ótimo produto.,0,5,26 mar. 2025,Excelente.,0,5,25 mar. 2025,Otimo.,0,5,25 mar. 2025,Bom produto recomendo.,0,5,25 mar. 2025,Produto bom.,0,5,25 mar. 2025,Comprem sem medo.,0,5,25 mar. 2025,Comprem sem. Medo.,0,5,24 mar. 2025,Ótimo produto.,0,5,24 mar. 2025,Produto excelente como anunciado.,0,5,23 mar. 2025,Excelente produto.,0,5,22 mar. 2025,Cumpre o que promete. Poderia ter maior capacidade. Acaba rápido.,0,5,22 mar. 2025,Atendeu a um pedido.,0,5,21 mar. 2025,Bom.,0,5,21 mar. 2025,Excelente!.,0,5,19 mar. 2025,Bom e barato.,0,5,18 mar. 2025,"Eu ainda não utilizei, mas acredito que seja bom.",0,5,18 mar. 2025,Gostei obrigada.,0,5,18 mar. 2025,Bom.,0,5,15 mar. 2025,Ótimo.,0,5,15 mar. 2025,A hp é excelência em seus produtos.,0,5,15 mar. 2025,Pena que essa impressora gera muita pouca impressão e já acaba a tinta.,0,5,15 mar. 2025,Muito boa.,0,5,15 mar. 2025,Original.,0,4,14 mar. 2025,Boa qualidade.,0,5,14 mar. 2025,Bom produto. Deveria vir mais conteúdo pelo preço.,0,5,14 mar. 2025,Produto muito bom.,0,5,13 mar. 2025,Atendeu as expectativas até agora.,0,5,11 mar. 2025,Muito bom gostei.,0,5,11 mar. 2025,Cartucho original.,0,5,11 mar. 2025,Cartucho original.,0,5,10 mar. 2025,"Acabei de receber , agora vou testar na impressora.",0,5,10 mar. 2025,Muito bom.,0,4,09 mar. 2025,"Cartucho funcionou, mas a impressão dessa impressora hp, não é boa.",0,5,09 mar. 2025,Excelente produto de ótima qualidade e perfeito funcionamento recomendo.,0,4.9,0.0,0.0,0.0,17.0,183.0
"Cartucho HP 664 preto(F6V29AB) Para Deskjet 4535, 4675, 1115, 2135, 3775","R$ 64,61",R$ 78,HP,Eshop,https://www.mercadolivre.com.br/cartucho-hp-664-pretof6v29ab-para-deskjet-4535-4675-1115-2135-3775/p/MLB22534728#polycard_client=search-nordic&searchVariation=MLB22534728&wid=MLB3927113057&position=8&search_layout=grid&type=product&tracking_id=55a851a6-af80-4409-841f-c2b3b5ecdad3&sid=search,MLB22534728,https://http2.mlstatic.com/D_Q_NP_2X_898738-MLU76218972300_052024-E.webp,N/A,Sim,4.7,2064,"cartucho HP 664 Preto(F6V29A) 2ml

Especificações de impressão

-Conteúdo: 2ml

-Cor: Preto

-Tecnologia de impressão: Jato de tinta

Rendimento

-1 Cartucho 664 preto rende até 120 páginas,considerando 5% de cobertura na folha A4.

Para um bom rendimento do cartucho o ideal é não ultrapassarmos os 5% área de cobertura. Quando utilizado o recurso de negritar títulos, trechos ou incluímos imagens essa porcentagem de cobertura facilmente sobe para 10%. Isto faz com que seu cartucho dure menos páginas.

Impressoras Compatíveis

Hp Deskjet

Ink Advantage

1156, 2134, 2136, 2676, 3636, 3776, 3786, 3788, 3790, 3836, 4536, 4676, 5076, 5276

DESCRIÇÃO

-Imprima todas as fotos e documentos de alta qualidade.

-Desempenho em alta velocidade as tintas originais HP são elaboradas para ajudar você a imprimir rapidamente sem abrir mão da qualidade.",Marca: HP; Linha: DeskJet; Modelo: F6V29AB; Modelo alfanumérico: (F6V29AB); Tipo de cartucho: Original; Conteúdo total em volume: 2 mL; Cor da tinta: Preto; Formato de venda: Unidade,Modelo detalhado: F6V29AB; Tipo de tinta: Pigmentada; Rendimento de páginas: 120; É recarregável: Não,2064.0,83.91,1731,9.79,202,2.33,48,0.73,15,3.25,67,N/A,N/A,N/A,N/A,N/A,N/A,N/A,N/A,200.0,4,08 ago. 2024,Vem com poquissima tinta.,9,5,29 ago. 2024,"Dira pouco demais!! imprimi 40 pag, só texto curto, sem imagem, ja baixou 2 pontinho na carga.",5,5,24 jul. 2024,"É original, sem problemas.",1,5,27 jul. 2024,Veio lacrado e ainda vou colocar na impressora preço acessível.,1,5,07 ago. 2024,"Produto como anunciado e funcionando perfeitamente, recomendo.",1,5,07 ago. 2024,Excelente recomendo.,1,5,04 ago. 2024,"Ok, vamos ver a durabilidade.",1,5,02 ago. 2024,Bom preço já instalei na impressora já tá funcionando obrigado.,1,5,29 jul. 2024,Bom cartucho.,1,5,23 jul. 2024,"Mercadoria excelente de qualidade, porém a duração de uso é muita pouca.",1,5,30 out. 2024,Melhor custo benefício.,0,5,30 set. 2024,"Cartucho é original, o preço foi justo.
Valeu a pena, podem comprar sem medo.",0,5,14 jun. 2025,excelente,0,5,08 fev. 2025,Produtos de boa qualidade e original.,0,5,04 fev. 2025,excelente,0,5,04 jun. 2025,Comprei uma tinta preta e uma colorida. Já uso a marca há anos e não troco por outra.,0,4,29 abr. 2025,muito bom,0,5,26 abr. 2025,excelente,0,5,23 abr. 2025,excelente,0,5,04 fev. 2025,excelente,0,5,17 jan. 2025,excelente,0,5,12 out. 2024,"Um produto bom, sempre dese !!.",0,5,07 set. 2024,excelente,0,5,29 ago. 2024,Excelente. Instalado e funcionando perfeitamente.,0,5,18 jun. 2025,Comprei ontemb17. 06 ainda não vi a durabilidade.,0,5,17 jun. 2025,"Boa a tinta, e original da impressora.",0,4,15 jun. 2025,A qualidade da impressao e até boa.,0,5,14 jun. 2025,Produto como esperado.,0,5,13 jun. 2025,Hp.,0,5,13 jun. 2025,Excelente!.,0,5,13 jun. 2025,Ótimo.,0,5,06 jun. 2025,Bom produto.,0,5,06 jun. 2025,Bom.,0,4,04 jun. 2025,Bom.,0,5,29 mai. 2025,Ótimo produto. Um pouco caro.,0,5,28 mai. 2025,Boa qualidade.,0,5,27 mai. 2025,excelente,0,5,23 mai. 2025,"Caro, como todo cartucho hp original, mas é o que funciona na minha impressora!.",0,5,20 mai. 2025,Sou cliente há muitos anos.,0,4,20 mai. 2025,Bom.,0,5,18 mai. 2025,"Perfeito, funcionou direitinho, eu recomendo.",0,5,18 mai. 2025,"Perfeito, durabilidade muito boa.",0,5,17 mai. 2025,Excelente.,0,5,16 mai. 2025,Atende às necessidades.,0,5,14 mai. 2025,Produto conforme o anunciado.,0,5,12 mai. 2025,Excelente produto.,0,4,09 mai. 2025,Funcional. Mas dura pouco.,0,5,08 mai. 2025,Original hp!.,0,5,08 mai. 2025,Ótimo produto com excelente qualidade. 100% original.,0,5,08 mai. 2025,Bom.,0,5,07 mai. 2025,"Produto excelente.
Recomendo sem dúvidas.",0,5,06 mai. 2025,Original e de excelente qualidade!!.,0,5,05 mai. 2025,Muito bom o produto!.,0,5,04 mai. 2025,"A qualidade é boa, produto original, mas achei que durou pouco.",0,4,04 mai. 2025,Produto bom funcionou perfeitamente só ainda não sei a durabilidade.,0,5,02 mai. 2025,Top.,0,5,02 mai. 2025,Ótimo.,0,5,01 mai. 2025,Ótimo cumpre o que promete.,0,5,30 abr. 2025,Muito bom o custo benefício.,0,5,30 abr. 2025,"Produto original,funciona direitinho.",0,5,30 abr. 2025,Eu comprei a tinta nem 20 folhas imprimir e já acabou a tinta.,0,5,30 abr. 2025,Comprarei mais.,0,5,27 abr. 2025,"Produto original! pena que vem com muito pouca tinta, dura muito pouco.",0,5,26 abr. 2025,Top.,0,5,25 abr. 2025,Funcionou perfeito.,0,5,25 abr. 2025,Aparentemente bom mais a impressora não reconhece cartucho novo hp3636 essa impressora não vale a pena investir nela.,0,5,24 abr. 2025,Bom.,0,5,24 abr. 2025,Atendeu às minhas expectativas.,0,5,24 abr. 2025,Muito bom.,0,5,22 abr. 2025,Produto original.,0,5,21 abr. 2025,Sempre compro cartuchos originais da hp!! são ótimos!!.,0,5,21 abr. 2025,Gostei. Está funcionando certinho. Pena que esses cartuchos vêm com pouca tinta.,0,5,20 abr. 2025,Produto original.,0,4,19 abr. 2025,Minha impressora não aceitou porém é problema da impressora pois ficou muito tempo parada eu acho.,0,5,17 abr. 2025,Funcionou perfeito na impressora. Agora durabilidade só o tempo vai dizer pois instalei muito recentemente. Mas eu não sou parâmetro pois utilizo a impressora muito pouco.,0,4,17 abr. 2025,Excelente. Original.,0,5,16 abr. 2025,Ótimo produto.,0,5,15 abr. 2025,Muito bom!.,0,4,13 abr. 2025,"Comprei errado.
O certo era 664.",0,4,12 abr. 2025,Cartucho hp 664.,0,5,11 abr. 2025,Produto original.,0,5,10 abr. 2025,A tinta acaba muito rápido.,0,5,09 abr. 2025,Excelente produto.,0,5,09 abr. 2025,"Uso a mesma impressora há anos, nunca me deu problema. O cartucho funciona normalmente.",0,4,08 abr. 2025,Tudo como o esperado.,0,5,08 abr. 2025,Ótimo sem problemas recomendo.,0,5,07 abr. 2025,Muito bom !.,0,4,06 abr. 2025,Um ótimo produto. Pena que seja um pouco pesada.,0,5,05 abr. 2025,Seu tempo de duração e muito pouco se tornando um produto caro.,0,5,05 abr. 2025,Muito bom.,0,5,02 abr. 2025,Produto original hp.,0,5,02 abr. 2025,Nunca tenho problemas com as tintas s que eu compro aqui no mercado livre. Tudo chega sempre em perfeito estado.,0,5,29 mar. 2025,Ótimo ⭐️ comprar mas.,0,5,29 mar. 2025,Excelente para o propósito destinado.,0,5,29 mar. 2025,10.,0,4,28 mar. 2025,Bom produto recomendo a todos do m. L.,0,5,27 mar. 2025,👍🏻.,0,5,26 mar. 2025,"É um cartucho de impressora, não tem muito o que falar, só que funciona como esperado.",0,5,24 mar. 2025,Excelente.,0,5,23 mar. 2025,Recomendo.,0,5,23 mar. 2025,Boca tinta.,0,5,22 mar. 2025,Cartucho de fácil instalação e boa qualidade das impressões.,0,5,21 mar. 2025,Excelente!.,0,5,21 mar. 2025,"Pode comprar sem medo, cartucho original.",0,5,21 mar. 2025,Bom.,0,4,20 mar. 2025,"Não foi reconhecido pela impressora, informações baseadas no cartucho colorido.",0,5,20 mar. 2025,"Original, podem comprar sem medo.",0,5,20 mar. 2025,"O produto não presta, veio vazio.",0,4,19 mar. 2025,muito bom,0,5,19 mar. 2025,Ótima qualidade.,0,5,19 mar. 2025,"Muito bom, nada como produto original.",0,4,18 mar. 2025,Bom custo benefício.,0,5,17 mar. 2025,Produto confiável e original. Satisfeito.,0,5,15 mar. 2025,Produto original reclmendo a todos.,0,5,15 mar. 2025,Produto funcionando como o esperado.,0,4,13 mar. 2025,Gostei.,0,5,11 mar. 2025,Super prático vou comprar mais.,0,5,11 mar. 2025,Cartucho hp muito bom.,0,5,10 mar. 2025,Otimo.,0,5,10 mar. 2025,"Excelente, comprarei novamente.",0,4,07 mar. 2025,Excelente.,0,5,05 mar. 2025,Muito bom.,0,5,03 mar. 2025,De eselente qualidade.,0,5,03 mar. 2025,Excelente!.,0,5,02 mar. 2025,"Ótimo! funcionou como esperado, porém, infelizmente é um tipo de produto que custa caro e dura pouco.",0,4,28 fev. 2025,Atualmente os cartuchos estão com menor quantidade de impressão e durabilidade.,0,5,28 fev. 2025,Excelente!.,0,5,28 fev. 2025,Cliente muito satisfeito.,0,5,28 fev. 2025,Atendeu minhas expectativas.,0,5,27 fev. 2025,Perfeitooo.,0,5,26 fev. 2025,Tranquilo e seguro como sempre.,0,5,26 fev. 2025,Bom.,0,5,24 fev. 2025,Show.,0,5,24 fev. 2025,Otimo.,0,5,24 fev. 2025,Gostei muito boa qualidade.,0,5,24 fev. 2025,Otima.,0,5,24 fev. 2025,Muito boa.,0,5,23 fev. 2025,Excelente.,0,5,22 fev. 2025,Excelente.,0,5,20 fev. 2025,Otimo.,0,5,20 fev. 2025,Só uso esse é ótimo.,0,5,20 fev. 2025,Otimo.,0,5,20 fev. 2025,"Ótimo produto, original, veio lacrado.",0,5,19 fev. 2025,"Funcionou perfeitamente, recomendo.",0,5,19 fev. 2025,O produto foi devolvido.,0,5,18 fev. 2025,"Original.
Muito bom.",0,5,17 fev. 2025,Funcionando perfeitamente.,0,5,17 fev. 2025,Recomendo.,0,5,16 fev. 2025,"Super compatível.
Gostei sempre comprei vale a pena.
Recomendo.",0,5,15 fev. 2025,Ótimo.,0,5,15 fev. 2025,"A cartucho veio certo com , minha impressora tava uns anos sem uso, e funcionou perfeitamente.",0,5,12 fev. 2025,Excelente!.,0,5,12 fev. 2025,"O produto é bom, quanto a durabilidade só o tempo pra dizer.",0,5,11 fev. 2025,"Original, sempre o recomendado.",0,5,11 fev. 2025,Muito bom.,0,5,11 fev. 2025,"Estou muito satisfeito com o produto. Muito bom futuramente dependendo da durabilidade voltarei a comprar! a impressao ta top na impressora.
Espero que dure bastante após as proximas recargas!.",0,5,11 fev. 2025,Muito bom.,0,5,10 fev. 2025,Otimo.,0,4,09 fev. 2025,Normal.,0,5,07 fev. 2025,"O produto é original, super recomendo, irei comprar mais vezes….",0,5,06 fev. 2025,"Produto de ótima qualidade.
Super recomendo a todos.",0,5,06 fev. 2025,Ótimo.,0,5,06 fev. 2025,Ótima solução!.,0,5,05 fev. 2025,"Bom, só que o primeiro cartucho não manteve o mesmo peso dos que tenho comprado. Veio mais leve; eu tenho uma balança de precisão, e peso todos os cartuchos antes de usar.",0,5,05 fev. 2025,Muito bom.,0,4,05 fev. 2025,"Cartucho original, porem durou menos de 100 folhas.",0,5,03 fev. 2025,Ótimo cartucho mas com um pingo de tinta.,0,5,03 fev. 2025,Otimo.,0,4,03 fev. 2025,"A qualidade de impressão é ótima porém, acaba muito rápido 😔 acabou que não compensou o valor que paguei.",0,5,02 fev. 2025,Excelente produto.,0,4,31 jan. 2025,Tudo certo.,0,5,31 jan. 2025,É um cartucho original da hp.,0,5,30 jan. 2025,Qualidade excelente.,0,5,30 jan. 2025,Muito bom.,0,5,29 jan. 2025,Excelente.,0,5,28 jan. 2025,Normal.,0,5,26 jan. 2025,Recomendo a todos do mercado livre.,0,5,25 jan. 2025,Poderia ter um rendimento melhor. É pouco pelo valor.,0,5,24 jan. 2025,Serviu exatamente a que se destinava.,0,5,23 jan. 2025,"Acho que não fiz uma boa compra, quem compra cartucho espera imprimir folhas com qualidade e quantidade, a qualidade da tinta ok, mas não imprimi nem 120 folhas como prometido deu menos que 60 folhas, tô frustada com esse cartucho.",0,5,21 jan. 2025,Para nós sempre cumpre com nossas expectativas.,0,4,21 jan. 2025,Pouca tinta acaba rapido.,0,5,19 jan. 2025,Satisfeito.,0,5,17 jan. 2025,Produto excelente.,0,5,15 jan. 2025,O cartucho que uso na minha impressora.,0,4,12 jan. 2025,A tinta acaba muito rápido.,0,5,05 jan. 2025,Muito bom.,0,5,03 jan. 2025,Cartuchos originais.,0,5,02 jan. 2025,Produto de qualidade.,0,5,01 jan. 2025,*************************************.,0,5,28 dez. 2024,Muito bom.,0,5,26 dez. 2024,"Ja comprei várias vezes, dura bastante.",0,5,17 dez. 2024,Qualidade hp.,0,5,15 dez. 2024,Bom.,0,5,10 dez. 2024,Otimo.,0,5,10 dez. 2024,Produto atendeu minhas necessidades.,0,4,06 dez. 2024,"Por enquanto está td bem,porém quanto a durabilidade, temos que aguardar.",0,5,03 dez. 2024,Ok;blz.,0,5,01 dez. 2024,3a que eu compro. Recomendo.,0,5,27 nov. 2024,Produto de ótima qualidade fácil de usar recomendo há todos.,0,4.9,0.0,0.0,0.0,27.0,173.0
Kit Cartucho Hp 664 Preto E Hp 664 Colorido,"R$ 153,10",N/A,HP,N/A,https://www.mercadolivre.com.br/kit-cartucho-hp-664-preto-e-hp-664-colorido/p/MLB36751072#polycard_client=search-nordic&searchVariation=MLB36751072&wid=MLB3789824595&position=4&search_layout=grid&type=product&tracking_id=55a851a6-af80-4409-841f-c2b3b5ecdad3&sid=search,MLB36751072,https://http2.mlstatic.com/D_Q_NP_2X_950197-MLU76394007878_052024-E.webp,Frete grátis,Sim,4.7,3358,"KIT DE CARTUCHOS DE TINTA HP ORIGINAL 664 PRETO E COLORIDO

1 Cartucho HP 664 preto + 1 Cartucho HP 664 Color

ESPECIFICAÇÕES:

- Desempenho: Até 120 páginas

- Compatibilidade:

HP DeskJet 1110

HP DeskJet 1115

HP DeskJet 2130

HP DeskJet 2134

HP DeskJet 2135

HP DeskJet 2136

HP Deskjet 2674

HP Deskjet 2675

HP Deskjet 2676

HP DeskJet 3630

HP DeskJet 3636

HP OfficeJet 3830

HP Deskjet Ink Advantage 3776

HP Deskjet Ink Advantage 3786

HP Deskjet Ink Advantage 3788

HP Deskjet Ink Advantage 3790

HP Deskjet Ink Advantage 3836

HP Deskjet Ink Advantage 4536

HP Deskjet Ink Advantage 4676

HP DeskJet Ink Advantage 5076

HP DeskJet Ink Advantage 5276

- Cor: Preto

- Tipo de Desempenho: Padrão

- Conteúdo da Embalagem: Cartucho novo de tinta HP original

CARACTERÍSTICAS DO PRODUTO:

Obtenha a qualidade da HP que você conhece e confia. Imprima documentos todos os dias com texto e imagens nítidas e os custos de impressão acessíveis com os cartuchos originais HP. Imprima bordas perfeitas em textos e em gráficos, usando Cartuchos Originais HP. Qualidade impressionante de texto e imagens para desfrutar de documentos e fotos.

Média baseada em ISO / IEC 24711 ou na metodologia de teste HP e impressão contínua. O desempenho real varia consideravelmente com base no conteúdo das páginas impressas e outros fatores.",Marca: HP; Linha: Advantage; Modelo: 664; Modelo alfanumérico: F6V29AL; Tipo de cartucho: Original; Conteúdo total em volume: 2 mL; Cor da tinta: Cores; Unidades por embalagem: 2; Formato de venda: Kit; Unidades por kit: 2,Modelo detalhado: F6V29AB; Tipo de tinta: Preto; Rendimento de páginas: 100; É recarregável: Não,3358.0,86.63,2909,7.27,244,2.2,73,0.74,24,3.16,106,N/A,N/A,N/A,N/A,N/A,N/A,N/A,N/A,200.0,5,20 jul. 2024,Cartuchos de excelente qualidade.,4,4,25 mar. 2025,"Não consegui imprimir o que precisava. O cartucho preto não está funcionando. Retirei os lacres, como de costume, para encaixar na impressora. Não funcionou. Recoloquei ambos os cartuchos mas não consegui resolver o problema. A luz de indicação do cartucho preto pisca intermitentemente. Enfim, dois cartuchos novos e a impossibilidade de utilizar minha impressora. Gostaria de saber de existe a possibilidade de uma troca. Aguardo retorno e agradeço antecipadamente.",4,5,21 ago. 2024,O produto é bom mas não foi compatível com a minha impressora.,4,5,18 ago. 2024,Produto original.,3,5,06 abr. 2025,Durou menos do que eu esperava mas funciona pra o que eu preciso 😃.,2,5,20 ago. 2024,Ótimo!.,2,5,08 jul. 2024,"Por enquanto satisfeita com os cartuchos, minha impressora aceitou na hora e apareceu cheio, espero que dure bem, acredito que o preço é um pouco salgado, poderia ser mais em conta, mas se for oferecer serviço de qualidade vale a pena.",2,5,21 abr. 2025,"Os cartuchos de tinta originais são excelentes, mas, não descobri o motivo pelo qual os cartuchos de tinta originais para impressora são tão caros. O valor de dois cartuchos compram uma impressora nova.",1,4,21 jul. 2024,Só funcionou o preto.,1,5,03 jul. 2024,Tem muito rendimento.,1,5,02 jul. 2024,Material de excelente qualidade.,1,5,29 jun. 2024,Excelente.,1,5,28 jun. 2024,Incrivel.,1,5,24 jun. 2024,Ótima qualidade. Recomendo a compra.,1,5,17 jun. 2024,"O produto é, de fato, muito caro pelo número de cópias que produz, mas a qualidade é boa!.",1,5,10 nov. 2024,Muito bom. Com certeza vou comprar mais.,0,5,12 jun. 2025,excelente,0,5,03 jun. 2025,Produto original é de fácil instalação. Adorei e comprarei novamente!.,0,5,15 mai. 2025,Produto muito bom.,0,5,03 abr. 2025,"Top deu certinho em minha empresssora, ótima.",0,4,21 mar. 2025,"Viu testar ainda , espero não ter vindo com defeito.",0,5,20 mar. 2025,Tudo certo.,0,5,25 fev. 2025,Irei fazer o teste e voltarei aki pra diser.,0,5,23 fev. 2025,excelente,0,5,13 fev. 2025,excelente,0,5,28 jan. 2025,Excelente produto. Testado e aprovado. Obrigado.,0,5,22 jan. 2025,excelente,0,5,18 jan. 2025,excelente,0,5,15 jan. 2025,Muito bom.,0,5,13 jan. 2025,excelente,0,5,08 jan. 2025,"Obrigado, produto muito bom.",0,5,26 dez. 2024,"Veio em ótimos condições, retornarei a comprar!!!.",0,5,16 nov. 2024,Produto original e rende muito bem.,0,5,20 set. 2024,E um produto que uso sempre.,0,5,11 jul. 2024,excelente,0,5,16 jun. 2025,O produto é de muita qualidade.,0,5,15 jun. 2025,Mt facil de instalar qualidade mt boa.,0,5,13 jun. 2025,Excelente produto.,0,5,13 jun. 2025,Hp.,0,5,13 jun. 2025,Perfeito.,0,5,11 jun. 2025,"Show,pontualidade, fiel a foto,honestidade,super indico.",0,5,11 jun. 2025,"Os cartuchos nota 10 porém a minha impressora deu problema ao reconhecer os cartuchos. A hp 2676 se alguém tem interesse na compra da impressora leva os dois cartuchos grátis valor r$250,00.",0,5,11 jun. 2025,"O produto é original, mas minha impressora é que está com problema de reconhecer.",0,5,10 jun. 2025,Muito bom.,0,5,10 jun. 2025,Ótimo.,0,5,10 jun. 2025,"Bem, nem tem muito o que comentar. O produto segue o padrão de qualquer outra unidade deste cartucho que eu tenha comprado e foi perfeito para meu modelo de impressora. Recomendo.",0,5,10 jun. 2025,Produto de boa qualidade. Recomendo!.,0,5,09 jun. 2025,Ótimo produto recomendo.,0,5,08 jun. 2025,"Gostei ,comprarei mais.",0,5,07 jun. 2025,Muito bom!.,0,5,06 jun. 2025,Produto original. Muito bom.,0,5,06 jun. 2025,"Ficou muito bom ,agora comprei a colorido,comprei pq meu filho precisa pra imprimir as coisas da igreja e tbem boletos.",0,5,05 jun. 2025,Perfeito. Foi compatível com 2676. Reconheceu como carga completa.,0,4,05 jun. 2025,Top.,0,5,04 jun. 2025,Produto original de qualidade.,0,5,04 jun. 2025,Embora minha empresoura não seja econômica as tintas são boa sim.,0,5,01 jun. 2025,É muito bom.,0,4,31 mai. 2025,Perfeito.,0,5,30 mai. 2025,"Produto original ,funcionou bem.",0,5,30 mai. 2025,Ótimo.,0,5,29 mai. 2025,Muito bom.,0,5,28 mai. 2025,Boa qualidade.,0,4,28 mai. 2025,Produto de boa qualidade.,0,5,28 mai. 2025,Testado e aprovado.,0,5,28 mai. 2025,Dentro das especificações e com qualidade.,0,5,28 mai. 2025,Muito bom!.,0,5,27 mai. 2025,Excelente.,0,5,27 mai. 2025,Muito bom.,0,5,26 mai. 2025,Gostei muito.,0,5,25 mai. 2025,"Original, recomendo comprar.",0,5,24 mai. 2025,"Original, recomendo.",0,4,23 mai. 2025,Boa compra.,0,5,23 mai. 2025,"Caro, como todo cartucho hp!.
Mas é o que funciona na minha impressora!.",0,5,22 mai. 2025,Muito bom.,0,5,22 mai. 2025,Deu pra imprimir 200 folhas em rascunho.,0,5,22 mai. 2025,Otimo.,0,5,21 mai. 2025,Bom.,0,5,20 mai. 2025,Podem comprar sem medo.,0,5,20 mai. 2025,"A hp reconheceu os cartuchos, então são originais.
O preço está ótimo.
Ia comprar a xl mas, resolvi comprar dois kits destes que no final das contas vai render muito mais e por um preço abaixo do kit xl.",0,5,20 mai. 2025,Razoável.,0,5,18 mai. 2025,"Sempre uso essa marca.
Ela é econômica e durável.",0,5,17 mai. 2025,Recomendo.,0,5,16 mai. 2025,Muito bom.,0,5,16 mai. 2025,"Excelente produto, veio tudo bem certinho.",0,5,15 mai. 2025,Bom.,0,5,14 mai. 2025,Bom.,0,5,13 mai. 2025,É compatível com atinta original da hp.,0,5,13 mai. 2025,Ótimo.,0,5,12 mai. 2025,Gostei do produto é muito bom.,0,5,12 mai. 2025,Boa.,0,5,12 mai. 2025,Ótimo e rápido.,0,5,11 mai. 2025,Ótimo produto. Recomendo a compra.,0,5,11 mai. 2025,São originais muito bom.,0,5,09 mai. 2025,Muito educados e atenciosos!.,0,5,09 mai. 2025,Perfeito.,0,5,09 mai. 2025,Excelente.,0,5,09 mai. 2025,Top das galáxias.,0,5,08 mai. 2025,Cartucho original minha impressora 🖨️🖨️🖨️ reconheceu na hora 👏👏👏👏 nada a reclamar.,0,5,06 mai. 2025,Ótimo produto.,0,5,06 mai. 2025,Novo é sempre melhor! não sura quase nada kkk.,0,5,05 mai. 2025,"Sempre comprei esses cartuchos q são ótimos, eu recomendo.",0,5,05 mai. 2025,Otimo.,0,5,05 mai. 2025,Gostei.,0,5,05 mai. 2025,"Ótimo, funcionou perfeitamente na minha impressora.",0,5,05 mai. 2025,"Preço muito bom, pena que vem pouca tinta.",0,5,05 mai. 2025,"Preço muito bom, pena que vem pouca tinta.",0,5,03 mai. 2025,"Excelente.
Aconselho sempre comprar original.
Ótimo preço.",0,5,03 mai. 2025,"Intacto , sem violação, vou comprar novamente recomendo!.",0,4,02 mai. 2025,"A impressão até e boa,deu certo na minha impressora e não tive nenhum problema.",0,5,01 mai. 2025,Atende o que promete.,0,5,01 mai. 2025,Produto muito bom 👍.,0,5,30 abr. 2025,Bom.,0,5,30 abr. 2025,O produto é muito bom. Excelente qualidade.,0,5,30 abr. 2025,"Otimo item, recomendo.",0,5,30 abr. 2025,Dificil de achar as vezes a 664.,0,5,29 abr. 2025,Muito bons.,0,4,29 abr. 2025,"Boa tarde, infelizmente esse cartucho não é compatível com a minha impressora. A minha é o cartucho 662. Teria a possibilidade de uma troca?.",0,4,28 abr. 2025,Bom mas pouca quantidade.,0,5,27 abr. 2025,Ótimo produto.,0,5,27 abr. 2025,Muito bom.,0,5,27 abr. 2025,Alguns aspectos da avaliação não parecem adequados (velocidade de impressão). O importante é enfatizar que a quantidade da impressão é muito boa e que sua durabilidade adequada.,0,5,27 abr. 2025,Bom produto mas com valor muito alto. Não tem um bom custo benefício não.,0,5,26 abr. 2025,Produto bom.,0,5,26 abr. 2025,"Só o colorido que nao que pegou, porém o preto está funcionando perfeitamente.",0,5,22 abr. 2025,"Muito bom, já estou usando excelente.",0,5,22 abr. 2025,Bom.,0,5,22 abr. 2025,Top.,0,5,21 abr. 2025,Recomendo.,0,5,20 abr. 2025,Otimo.,0,5,19 abr. 2025,Bom produto.,0,4,19 abr. 2025,Excelente producto.,0,5,19 abr. 2025,Ótimo produto recomendo.,0,5,18 abr. 2025,Otimo.,0,5,17 abr. 2025,Bom.,0,5,17 abr. 2025,Excelente.,0,5,14 abr. 2025,"Produto de boa qualidade, poderia render mais copias.",0,5,14 abr. 2025,Bom.,0,5,13 abr. 2025,Funcionou perfeitamente. Recomendo.,0,5,13 abr. 2025,"Tem marca, aí fica fácil avaliar.",0,5,12 abr. 2025,Tudo certo.,0,5,11 abr. 2025,Chego tudo em ordem. Obrigado.,0,5,10 abr. 2025,"Cartuchos hp originais, dispensam comentários né!.",0,5,10 abr. 2025,Excelente.,0,5,10 abr. 2025,Otimo cartucho xl6644.,0,5,09 abr. 2025,Muito bom.,0,5,08 abr. 2025,Ótimo produto.,0,5,08 abr. 2025,Ótimo.,0,5,07 abr. 2025,Otimo.,0,5,07 abr. 2025,"Produto ótimo, original.",0,5,07 abr. 2025,Ótimo!.,0,5,07 abr. 2025,Muito bom !.,0,5,06 abr. 2025,"Produto de excelente qualidade, que tenho sempre à mão quando uso minha impressora.",0,5,05 abr. 2025,Ótimo.,0,4,04 abr. 2025,"Excelente , recomendo , original a impressora reconheceu na hora.",0,4,03 abr. 2025,"Espero que funcione, por um bom tempo!.",0,5,03 abr. 2025,Excelente.,0,5,03 abr. 2025,Ótima.,0,4,03 abr. 2025,Gostei do produto.,0,5,02 abr. 2025,"Produto caro demais para a curta durabilidade, comprado apenas para uso na impressora da marca.",0,5,02 abr. 2025,Ótimo.,0,5,31 mar. 2025,Bom.,0,4,30 mar. 2025,Produto de boa qualidade recomendo.,0,5,30 mar. 2025,Excelente.,0,4,30 mar. 2025,Bom.,0,5,30 mar. 2025,Produto bom.,0,5,30 mar. 2025,Produto bom.,0,5,30 mar. 2025,Produto dentro do esperado.,0,5,30 mar. 2025,Produto dentro do esperado.,0,5,29 mar. 2025,Bom.,0,5,27 mar. 2025,"Compro regularmente, pois uso muito a impressora!.",0,5,27 mar. 2025,Perfeito gosto muito recomendo.,0,5,27 mar. 2025,"Produto parecendo original e ótima qualidade. Já fiz algumas impressões e está ótimo. Não tenho como avaliar a durabilidade neste momento, pois ainda está em uso.",0,5,26 mar. 2025,Comprei errado. Depois de aberto não pude devolver. Pq a culpa foi minha. Não prestar atenção.,0,4,24 mar. 2025,Não foi reconhecido pela impressora.,0,5,24 mar. 2025,Tudo certo.,0,5,24 mar. 2025,Nota dez.,0,5,22 mar. 2025,"Produto original, excelente qualidade.",0,5,22 mar. 2025,Muito bom.,0,5,22 mar. 2025,Ótimo produto recomendo a todos.,0,5,22 mar. 2025,Cumpre a finalidade.,0,5,21 mar. 2025,Excellente.,0,5,20 mar. 2025,Ótimo. Recomendo.,0,4,19 mar. 2025,muito bom,0,5,19 mar. 2025,Ótimo.,0,5,19 mar. 2025,Otima.,0,4,18 mar. 2025,Muito bom.,0,4,18 mar. 2025,Veio o correto fácil de colocar.,0,5,18 mar. 2025,Bom produto.,0,5,18 mar. 2025,Otimo.,0,5,17 mar. 2025,"Instalei na impressora hp deskjet 2130, imprimi. A tinta é original de ótima qualidade.",0,5,16 mar. 2025,Bom.,0,5,16 mar. 2025,Excelente.,0,5,15 mar. 2025,Muito bom os produtos.,0,5,14 mar. 2025,Original.,0,5,13 mar. 2025,"Cartucho novo , muito bom !.",0,5,13 mar. 2025,"Demorei pq estava testando todos os produtos que comprei em detalhe, todos aprovados….",0,5,13 mar. 2025,Bom.,0,4,12 mar. 2025,Perfeito.,0,5,11 mar. 2025,Perfeita.,0,5,11 mar. 2025,Produto original. A impressora reconheceu na hora.,0,4.9,0.0,0.0,0.0,21.0,179.0
Cartucho De Tinta Hp 662 Preto Advantage,"R$ 66,21",R$ 77,HP,Eshop,https://www.mercadolivre.com.br/cartucho-de-tinta-hp-662-preto-advantage/p/MLB36772792#polycard_client=search-nordic&searchVariation=MLB36772792&wid=MLB3929057435&position=12&search_layout=grid&type=product&tracking_id=55a851a6-af80-4409-841f-c2b3b5ecdad3&sid=search,MLB36772792,https://http2.mlstatic.com/D_Q_NP_2X_851261-MLA84846526119_052025-E.webp,N/A,Sim,4.6,1132,"Cartucho HP 662 Preto CZ103AB

Maximize o desempenho da sua impressora HP com tinta de alta qualidade. Imprima fotos e documentos com cores vivas e texto definido.

Receba alertas quando a tinta estiver acabando para evitar interrupções inesperadas.

Especificações:

- Rendimento: 120 páginas

- Tecnologia de impressão: Jato de Tinta

- Volume: 2 ml

Compatibilidade:

- HP Deskjet Ink Advantage 2516

- HP Deskjet Ink Advantage 3516

- HP Deskjet Ink Advantage 1516

- HP Deskjet Ink Advantage 3546

- HP Deskjet Ink Advantage 2546

- HP Deskjet Ink Advantage 4646

- HP Deskjet Ink Advantage 2646",Marca: HP; Linha: Advantage; Modelo: HP 662 Preto CZ103AB; Modelo alfanumérico: CZ103AB; Tipo de cartucho: Original; Conteúdo total em volume: 2 mL; Cor da tinta: Preto; Formato de venda: Unidade,Modelo detalhado: CZ103AL; Tipo de tinta: Pigmentada; Rendimento de páginas: 120; É recarregável: Não,1132.0,81.18,918,10.16,115,2.92,33,0.8,9,4.95,56,N/A,N/A,N/A,N/A,N/A,N/A,N/A,N/A,200.0,4,04 fev. 2025,"Produto original é outra coisa só que deveria ser mais barato devido ao ter somente 2ml de tinta, muito pouco mais isso é a política da hp que não estão nem aí com o consumidor!.",5,5,23 nov. 2024,"Ótimo preço, são originais, mas esses cartuchos são ruins demais em durabilidade, infelizmente. Características deles, mesmo.",3,5,11 out. 2024,Muito bom voltarei a comprar.,2,5,09 abr. 2025,O produto é original e exatamente como descrito. É o específico para a minha impressora.,1,5,14 jul. 2024,Cartucho hp original imprime com qualidade e não dá problemas de impressão.,1,5,11 mai. 2025,Custo benefício excelente.,1,5,13 jun. 2024,"Amei, recomendo.",1,5,14 jun. 2025,excelente,0,5,06 mar. 2025,"Muito bom produto, já uso a muito tempo.",0,5,09 nov. 2024,excelente,0,5,17 jun. 2025,Bom.,0,5,16 jun. 2025,Vou comprar sempre que precisar.,0,5,14 jun. 2025,Muito bom.,0,5,11 jun. 2025,"Produto ótimo, sempre compro pelo auto rendimento e qualidade das impressões.
Recomendo a compra.",0,5,09 jun. 2025,Otimo.,0,5,05 jun. 2025,Muito bom uso a muito anos.,0,5,01 jun. 2025,O produto cumpre com que foi anunciado.,0,4,26 mai. 2025,Poderiam inventar um cartucho que pudesse ficar mais dias com a impressora desligada.,0,5,26 mai. 2025,Excelente produto !!!.,0,5,26 mai. 2025,"Só uso cartucho original na minha impressora hp, muito bom, dura bastante porque uso pouco.",0,5,26 mai. 2025,"Ótimo produto fácil de instalar, indico.",0,5,24 mai. 2025,Bom produto.,0,5,23 mai. 2025,Gosto muito dessa tinta.,0,5,21 mai. 2025,Excelente produto.,0,5,20 mai. 2025,Eu ainda não. Usei.,0,5,17 mai. 2025,Produto original.,0,5,15 mai. 2025,Já estou usando bom.,0,5,12 mai. 2025,Produto muito bom.,0,5,11 mai. 2025,Custo benefício.,0,5,10 mai. 2025,"Muito bom,.",0,4,09 mai. 2025,Excelente.,0,5,06 mai. 2025,"Produto de ótima qualidade, recomendo.",0,5,03 mai. 2025,Ótimo.,0,5,30 abr. 2025,Original.,0,5,28 abr. 2025,"Hp original nem tem o que falar, ótimo, pena ser caro.",0,5,24 abr. 2025,Excelente. Recomendo a todos.,0,5,24 abr. 2025,Produto original. Pode comprar sem medo.,0,5,15 abr. 2025,Tudo ok. Super rapido.,0,5,15 abr. 2025,Perfeito.,0,5,13 abr. 2025,"Produto original, ótima qualidade.",0,5,11 abr. 2025,Bom.,0,5,09 abr. 2025,Excelente produto.,0,5,08 abr. 2025,U.,0,5,07 abr. 2025,"Produto original , de qualidade.",0,5,04 abr. 2025,Muito bom.,0,5,03 abr. 2025,Produto de boa qualidade. Apesar de 2ml de tinta. Acaba rápido.,0,5,03 abr. 2025,Não posso ficar sem.,0,5,29 mar. 2025,Cartucho de fato é original. Toppp.,0,4,27 mar. 2025,Bom.,0,4,27 mar. 2025,Bom.,0,5,25 mar. 2025,"Podem comprar sem medo, produto original.",0,5,25 mar. 2025,Uso normal na impressora.,0,5,23 mar. 2025,Boa compra.,0,5,18 mar. 2025,Otimo.,0,5,17 mar. 2025,"Produto original, qualidade top.",0,4,15 mar. 2025,Recomendo.,0,5,14 mar. 2025,O produto é muito bom sempre uso do mesmo.,0,5,14 mar. 2025,"Cartucho original, a impressora aceitou normalmente. Excelente.",0,5,12 mar. 2025,Funcionou perfeitamente.,0,5,11 mar. 2025,Produto original.,0,5,11 mar. 2025,"Esse cartucho é otimo, mas tem uma versão dele que é mais econômica e com mais tinta (hp 662 xl).",0,4,07 mar. 2025,Só achei que durou muito pouco.,0,5,06 mar. 2025,Otimo.,0,5,05 mar. 2025,Original. Muito bom.,0,5,03 mar. 2025,Maravilhosao.,0,5,03 mar. 2025,Produto muito bom.,0,5,02 mar. 2025,Muito bom mas dura pouco.,0,5,28 fev. 2025,Ótimo! pena que vem pouca tinta 😕.,0,5,25 fev. 2025,Muito boa qualidade novo.,0,5,22 fev. 2025,Excelente gostei muito.,0,5,21 fev. 2025,Ótimo produto recomendo a todos.,0,5,19 fev. 2025,Ótimo.,0,5,16 fev. 2025,👍👍.,0,5,15 fev. 2025,Excelente produto.,0,5,13 fev. 2025,"Ótimo produto, gostei muito.",0,5,13 fev. 2025,Original !.,0,4,12 fev. 2025,Básico.,0,5,12 fev. 2025,"Perfeito, produto original imprimindo com muita qualidade.
Super bem embalada e bem protegida.",0,5,10 fev. 2025,O cartucho 100% original. Boa aquisição.,0,5,09 fev. 2025,O produto cumpre o que promete.,0,5,09 fev. 2025,Muito bom.,0,5,09 fev. 2025,"Sem comentários,.",0,5,08 fev. 2025,Hp original a melhor!.,0,5,07 fev. 2025,Excelente!.,0,5,05 fev. 2025,Excelente.,0,5,04 fev. 2025,Ok.,0,5,04 fev. 2025,Custo benefício excelente!.,0,4,02 fev. 2025,Nada de novo.,0,5,30 jan. 2025,Original. Resultado normal.,0,5,29 jan. 2025,Atende conforme o esperado!.,0,5,27 jan. 2025,Sempre compro. É bom.,0,4,23 jan. 2025,Ok.,0,5,23 jan. 2025,Tudo conforme o prometido.,0,5,23 jan. 2025,"Cartucho original hp, recomendo!!.",0,4,21 jan. 2025,Achei que durou pouco.,0,5,16 jan. 2025,"Nada melhor que o produto original, valeu muito mais a pena.",0,5,15 jan. 2025,Produto original de ótima qualidade.,0,4,14 jan. 2025,Pouca tinta.,0,5,14 jan. 2025,Bom.,0,5,10 jan. 2025,Produto original.,0,5,09 jan. 2025,Ótimo 👍.,0,4,29 dez. 2024,"Bom produto, pena que acaba rápido.",0,5,20 dez. 2024,Não gostei muito.,0,5,17 dez. 2024,"Sem problema, ótima qualidade.",0,5,16 dez. 2024,Excelente produto vou voltar a comprar.,0,5,14 dez. 2024,"Sempre compro o produto é original, recomendo.",0,5,12 dez. 2024,Muito bom.,0,5,12 dez. 2024,Ótimo produto parabéns para todos.,0,5,12 dez. 2024,Produto de ótima qualidade.,0,5,08 dez. 2024,Bom.,0,5,05 dez. 2024,É um produto de qualidade que não requer comentários.,0,5,04 dez. 2024,Excelente produto.,0,5,03 dez. 2024,"Não usei ainda, mas tenho certeza que vai ser de boa qualidade. Pena que imprima poucas cópias.",0,5,28 nov. 2024,Muito bom e rápido e preço acessível.,0,5,27 nov. 2024,Bom.,0,5,24 nov. 2024,Ótimo.,0,5,22 nov. 2024,"Produto excelente, recomendo.",0,5,15 nov. 2024,Comprem sem medo!!!!!!!.,0,5,14 nov. 2024,Gostei. Recomendo.,0,5,13 nov. 2024,Excelente produto!.,0,5,11 nov. 2024,Recomendo. Produto original.,0,5,10 nov. 2024,Produto de qualidade.,0,5,07 nov. 2024,"Bom custo benefício, produto atende o prometido.",0,5,07 nov. 2024,Ótima qualidade.,0,5,07 nov. 2024,"A minha impressora está com problema , não consegui testar.",0,5,06 nov. 2024,Funcionou perfeito. Aplicativo da hp reconheceu como cartucho original.,0,5,31 out. 2024,O rendimento do cartucho é muito baixo. Não chega a imprimir 50 páginas.,0,5,22 out. 2024,"Muito bom, recomendo a todos.",0,5,21 out. 2024,Veio certinho obrigado.,0,5,21 out. 2024,Ótimo.,0,5,12 out. 2024,"Produto original, excelentes!.",0,5,09 out. 2024,Ok.,0,5,04 out. 2024,Muito bom.,0,5,02 out. 2024,Otimo.,0,5,26 set. 2024,Bom.,0,5,22 set. 2024,Tudo certo funciona bem.,0,5,20 set. 2024,Original.,0,5,19 set. 2024,Produto original. Ótimo.,0,5,19 set. 2024,"Excelente impressão, muito nítida, vamos ver quantas folhas vai imprimir.",0,4,18 set. 2024,Bom produto.,0,5,17 set. 2024,Muito bom.,0,4,16 set. 2024,Ótimo.,0,5,05 set. 2024,E. Muito. Bon.,0,5,04 set. 2024,Produto bom e oriy.,0,5,01 set. 2024,"Minha impressora não reconheceu o cartucho, mas eu acho que foi a impressora que está ruim mesmo!.",0,5,31 ago. 2024,Ótimo 👍.,0,5,30 ago. 2024,É muito bom. Mas deveria ter durabilidade maior.,0,4,26 ago. 2024,"Achei que ia durar mais, menos de 1 mês. Nem imprimo tanto assim.",0,5,24 ago. 2024,Produto atendeu as minhas expectativas.,0,5,20 ago. 2024,"Excelente. Logo ao inserir, a impressora exibiu a mensagem que os cartuchos são originais. Impressão está saindo com qualidade. Recomendo!.",0,5,19 ago. 2024,Ótimo.,0,5,16 ago. 2024,Boa qualidade.,0,4,15 ago. 2024,"Bom, original pena que não dura muito.",0,4,14 ago. 2024,Achei que durou muito pouco para mim que não uso constantemente.,0,5,13 ago. 2024,Muito top!.,0,5,12 ago. 2024,"Muito boa a impressão e bem visível.
Nota 10.",0,5,10 ago. 2024,Sem comentários produto de ótima qualidade.,0,5,05 ago. 2024,Original! otimo.,0,4,29 jul. 2024,Boa qualidade do produto!.,0,5,28 jul. 2024,"Original, vale a compra.",0,5,24 jul. 2024,Rápido.,0,5,19 jul. 2024,Produto de boa qualidade.,0,5,12 jul. 2024,Acabou de chegar não usei ainda mais veio em balado direitinho.,0,5,29 jun. 2024,"Não tem o que falar, é um cartucho de boa qualidade.",0,5,28 jun. 2024,Cumpriu com o que prometeu.,0,5,28 jun. 2024,Topzera!.,0,5,25 jun. 2024,Atendeu plenamente minhas necessidades.,0,5,23 jun. 2024,Ótimo produto.,0,5,21 jun. 2024,"Eu gostei muito do cartucho.
Excelente impressão!.",0,5,20 jun. 2024,Produto excelente.,0,5,19 jun. 2024,Excelente produto.,0,5,18 jun. 2024,"Produto original e de excelente qualidade, recomendo a compra.",0,4,11 jun. 2024,Ótimo!.,0,5,06 jun. 2024,Ótimo produto não tive problema.,0,5,02 jun. 2024,Indico !!.,0,2,22 mai. 2024,Infelizmente não funcionou a impressora não aceitou.,2,1,05 mar. 2025,A minha impressora não aceitou o cartucho. Segundo a hp o cartucho não é original.,1,3,02 out. 2024,Cartucho esta falando que e original mais minha impressora reconheceu que e paralelo estou como produto parado aqui.,1,3,29 set. 2024,Infelizmente veio com problemas o cartucho.,1,1,15 set. 2024,Vieram 2 662 e 1 667 incompativel.,1,1,28 ago. 2024,"Como eu não li os comentários, achei que era original hp. Péssima qualidade de impressão, só não devolvi, pq tive que usar pra testar.",1,1,15 ago. 2024,A tinta simplesmente não funcionou.,1,1,14 ago. 2024,"Horrível, veio sem tinta.",1,1,13 ago. 2024,"Instalado primeiro cartucho, não atingiu 50 cópias, o segundo até menos!.
Solicito ressarcimento.",1,3,05 ago. 2024,Eu comprei pra imprimir umas coisas mas não vale nada essas tintas. Acaba mto rápido. Impressora pra imprimir colorida tem que ser de tonner. Esses cartuchos não prestam.,1,1,01 ago. 2024,"Usei este cartucho 5 dias. Não fiz as contas mas se imprimi 35 folhas foi muito ainda e ele já acabou! com certeza não é original.
O outro que estava usando durou aproximadamente 4 meses.",1,1,28 abr. 2025,Péssimo veio um cartucho totalmente diferente no formato do cartucho que realmente é o da minha impressora.,0,1,24 mai. 2025,Produto não e compatível com minha impressora.,0,1,23 mai. 2025,Imprimi 50 folhas e o cartucho já acabou.,0,1,19 mai. 2025,Não dura nada.,0,1,19 mai. 2025,Infelizmente a impressora não aceitou o cartucho 🥲😭.,0,1,14 mai. 2025,O cartucho possui um rendimento horrível! fizemos a impressão de cerca de 30 folhas e a tinta acabou. Lamentável! não comprem!!!!.,0,3,13 mai. 2025,"Minha impressora não funcionou com esse cartucho, pode ser a impressora.",0,1,07 mai. 2025,"Bom dia!.
Estou decepcionada com a compra. Adquiri em novembro, imprimi poucas páginas, viagei para o exterior no começo do ano e só imprimi mais algumas na semana passada. Ontem fui imprimir mais duas e a impressão está péssima. O quê fazer?.",0,1,01 mai. 2025,"O produto não funcionou na minha impressora, ao mandar imprimir aparece uma mensagem dizendo que não é compatível.",0,1,16 abr. 2025,Pouquíssima tinta.,0,1,30 mar. 2025,A impressora não reconheceu os cartuchos. Fica com esta sem tinta.,0,1,26 mar. 2025,O produto não chega a imprimir nem 30 folhas de texto simples e simplismente acaba. Não vale a pena.,0,1,20 mar. 2025,Não durou nada e olha que imprimi poucas vezes.,0,1,14 mar. 2025,O produto não é compatível com a impressora então não é possível utilizar. Pelo valor baixo o produto pode ser falsificado.,0,4.4,20.0,1.0,4.0,20.0,155.0
Cartucho De Tinta Hp 667 Cor Preto Do 2 Ml,"R$ 62,75",R$ 78,HP,Eshop,https://www.mercadolivre.com.br/cartucho-de-tinta-hp-667-cor-preto-do-2-ml/p/MLB37141763#polycard_client=search-nordic&searchVariation=MLB37141763&wid=MLB5211173074&position=16&search_layout=grid&type=product&tracking_id=55a851a6-af80-4409-841f-c2b3b5ecdad3&sid=search,MLB37141763,https://http2.mlstatic.com/D_Q_NP_2X_803072-MLU76429567362_052024-E.webp,N/A,Sim,4.8,3403,"Características do Produto:

Cartucho HP 667 preto

Rendimento: 100 páginas (com cobertura de 5%).

Impressoras e Multifuncionais Compatíveis:

Deskjet Ink Advantage 2376; Deskjet Ink Advantage 2776; Deskjet Ink Advantage 6476

HP DeskJet Plus Ink Advantage 6000 series, HP DeskJet Plus Ink Advantage 6400 series, HP Deskjet Ink Advantage 1200 Printer, HP Deskjet Ink Advantage 2300 All-in-One, HP DeskJet Ink Advantage 2700 All-in-One Printer, HP DeskJet Ink Advantage 4100 All-in-One Printer - Deskjet Ink Advantage 2774.",Marca: HP; Linha: Advantage; Modelo: 667; Modelo alfanumérico: 3YM79AB; Tipo de cartucho: Original; Conteúdo total em volume: 2 mL; Cor da tinta: Preto; Formato de venda: Unidade,Modelo detalhado: HP 667; Tipo de tinta: À base de água; Rendimento de páginas: 100; É recarregável: Não,3405.0,86.9,2958,7.31,248,2.64,89,0.68,23,2.47,84,N/A,N/A,N/A,N/A,N/A,N/A,N/A,N/A,200.0,5,28 jul. 2024,"E um produto de qualidade,mas acho o cartucho muito caro pela quantidade de impressão,se eu soubesse antes teria pago mais caro em uma impressora in tank, seria mais proveitoso.",22,4,15 jul. 2024,"A durabilidade é pequena, principalmente se levamos em consideração em seu custo.",14,5,18 set. 2024,"Eu estou muito satisfeito produto de ótima qualidade, fora o serviços do mercadolivre que são excelentes 👍.",3,5,18 ago. 2024,Excelente.,3,4,12 ago. 2024,Bom porém deixa a desejar pelo tamanho se tira 20 coisa já acabou a tinta.,3,5,05 fev. 2025,"Excelente material, muito bom.
Eu estava com um bom tempo sem usar essa impressora e o resultado foi esse na imagem.
Vou comprar o cartucho colorido agora.",1,5,20 set. 2024,excelente,1,5,09 mai. 2025,Funcionou direitinho e sem travamentos. Instalação ok. Preço ok.,1,5,30 set. 2024,"Produto original, excelente.",1,5,15 jul. 2024,Show.,1,5,13 jun. 2024,Bom.,1,5,11 jun. 2024,Hp dispensa comentários recomendo.,1,5,12 abr. 2025,"O produto é original.
Custo/benefício ok.
Agora vou cuidar para saber quantas páginas vai imprimir.",0,5,11 jun. 2025,Ótimo produto. Já é a segunda vez que compro. Recomendo 🤝🏻.,0,5,10 abr. 2025,Boa opção de compra.,0,5,24 mar. 2025,excelente,0,5,08 fev. 2025,Tudo certo obrigada.,0,5,21 dez. 2024,excelente,0,5,01 dez. 2024,excelente,0,5,04 nov. 2024,Produto original.,0,5,07 jun. 2025,"Excelente custo, cartucho original hp.",0,5,09 mai. 2025,Perfeito!.,0,5,22 abr. 2025,"Produto muito bom, já uso a algum tempo. Recomendo.",0,5,18 abr. 2025,excelente,0,5,12 mar. 2025,Top.,0,5,24 fev. 2025,excelente,0,5,20 fev. 2025,excelente,0,5,07 fev. 2025,excelente,0,5,14 dez. 2024,excelente,0,5,07 dez. 2024,Gostei muito. Para minha impressora. . As compras do mercado livre sempre veem bem. . Muito bom. .,0,5,28 nov. 2024,Original. Bom produto.,0,5,30 out. 2024,"Só uso dessa, veio bem embalada, vale a pena pelo preço.",0,5,17 jun. 2025,Simples.,0,5,17 jun. 2025,"Acho que realmente é original, não sei se vai render as impressões, mas tô gostando.",0,5,15 jun. 2025,Durante muito pouco. Mas a impressão é muito boa.,0,4,15 jun. 2025,"Sem comentários, original é original.",0,5,14 jun. 2025,Muito bom.,0,5,14 jun. 2025,Hp!. É nota 10!.,0,5,13 jun. 2025,Produto original funcionando perfeitamente.,0,5,12 jun. 2025,Produto novo e bom! funcionou direitnho!.,0,5,12 jun. 2025,Recomendo!.,0,5,12 jun. 2025,O custo é alto pra quantidade de impressões.,0,5,11 jun. 2025,Excelente produto.,0,5,10 jun. 2025,excelente,0,4,10 jun. 2025,A tinta e das melhores por deve ser tão preciosa e custo alto.,0,5,09 jun. 2025,Bom.,0,5,09 jun. 2025,Ótimo produto.,0,5,09 jun. 2025,Normal ao propósito.,0,4,07 jun. 2025,Custo-beneficio ruim pq dura pouco.,0,5,07 jun. 2025,Ótima qualidade de impressão.,0,5,06 jun. 2025,Ótimo.,0,5,06 jun. 2025,"Ótimo produto, original, em boas condições, muito satisfeita, recomendo!!!!.",0,5,05 jun. 2025,"Sempre compro do mercado livre pq é o melhor preço eu uso muito. Vem sempre certinho, e a durabilidade é ótima. 👍.",0,5,05 jun. 2025,Funcionou perfeitamente. Ótima qualidade.,0,5,05 jun. 2025,Produto original muito bom! recomendo.,0,5,05 jun. 2025,"Muito bom o produto. Eu uso pouco, mais dura bastante.",0,5,04 jun. 2025,Gostei. Qualidade muito boa.,0,5,04 jun. 2025,Excelente qualidade.,0,5,29 mai. 2025,Ótima recomendo sem medo 😊.,0,5,28 mai. 2025,Excelente.,0,5,28 mai. 2025,Bom.,0,5,28 mai. 2025,Bom.,0,5,26 mai. 2025,Infelizmente a impressora que usa o cartucho não dura muito 13 a 19 folhas no máximo quem usa muito não compensa.,0,5,20 mai. 2025,Ótima.,0,5,18 mai. 2025,Atendeu.,0,5,18 mai. 2025,Um bom produto.,0,5,18 mai. 2025,"Original, portanto, perfeito.",0,5,17 mai. 2025,Produto muito bom.,0,5,15 mai. 2025,Muito barato.,0,5,13 mai. 2025,"Excelente, imprime em alta qualidade!!.",0,5,12 mai. 2025,Bom.,0,5,11 mai. 2025,Perfeito recomendo.,0,5,10 mai. 2025,Produto muito bom!.,0,5,10 mai. 2025,Muito bom e funciona bem na minha hp 2800.,0,5,08 mai. 2025,Ótimo.,0,5,08 mai. 2025,Perfeito 😃👏👏👏👏.,0,5,03 mai. 2025,"Comprei número errado, perdi produto.",0,5,03 mai. 2025,O cartucho veio certinho e funcionou bem.,0,5,02 mai. 2025,Eu só pensei q vinha a tinta também.,0,5,02 mai. 2025,"Mto bom, mas pra que usa com mta frequencia, melhor comprar os xl.",0,5,02 mai. 2025,É o ideal. Para o meu equipamento.,0,5,29 abr. 2025,"Produto original, tão bom quanto esperado.",0,5,28 abr. 2025,Muito bom produto.,0,5,28 abr. 2025,Muito bom.,0,5,27 abr. 2025,Excelente funcionando perfeitamente.,0,5,27 abr. 2025,Top.,0,5,26 abr. 2025,Satisfei toda à minha vontade é um bom custo benefício.,0,5,24 abr. 2025,Excelente.,0,5,22 abr. 2025,Muito bom.,0,5,20 abr. 2025,Excelente.,0,5,19 abr. 2025,Ótimo.,0,5,19 abr. 2025,Produtos originais da hp. Indico.,0,5,19 abr. 2025,Excelente.,0,5,19 abr. 2025,Gosto muito.,0,5,19 abr. 2025,"Já comprei antes, é super útil e vale muito a pena. Super recomendo.",0,5,16 abr. 2025,"Aparentemente está funcionando normal. Estou em dúvida em relação a durabilidade da tinta, mas isso é algo que comentarei no futuro.",0,5,14 abr. 2025,Já comprei diversas vezes.,0,5,10 abr. 2025,"Bom, ainda estou em uso.",0,5,09 abr. 2025,"O produto funcionou perfeitamente, mas dura muito pouco.",0,5,08 abr. 2025,Ótima qualidade.,0,5,08 abr. 2025,Ótimo.,0,5,07 abr. 2025,Bom.,0,4,07 abr. 2025,Produto bom.,0,5,06 abr. 2025,Recomendo.,0,5,06 abr. 2025,A qualidade é indiscutível eu só gostaria que tivesse mais tinta no cartucho.,0,5,06 abr. 2025,Excelente.,0,5,05 abr. 2025,Original. E pelo menos não veio com defeito.,0,4,03 abr. 2025,Bom!.,0,5,02 abr. 2025,Excelente! cartucho original com qualidade hp. Recomendo a compra sem medo.,0,5,02 abr. 2025,"Original ,ótima impressão.",0,5,29 mar. 2025,Tudo certo!.,0,5,28 mar. 2025,Produto de alta qualidade.,0,5,27 mar. 2025,Muito bom os cartuchos.,0,5,27 mar. 2025,Ótimo produto e original recomendo a compra.,0,5,25 mar. 2025,Nota 10.,0,5,25 mar. 2025,"Mal imprimi com o produto e ele ja zerou a tinta! hp cada dia que passa está pior!.
Péssimo, não gostei!.",0,5,25 mar. 2025,Bom.,0,5,24 mar. 2025,"O produto é ótimo recomendo, a caixa do cartucho veio amassada mas o produto não está danificado.",0,5,24 mar. 2025,É a segunda compra que realizo.,0,4,24 mar. 2025,"Instalei na impressora sem dificuldades e já está imprimindo, tudo ok.",0,4,23 mar. 2025,Recomendo.,0,5,23 mar. 2025,Muito bom custo benefício.,0,5,22 mar. 2025,Bom.,0,5,22 mar. 2025,Recomendo o produto.,0,5,20 mar. 2025,Excelente produto.,0,5,19 mar. 2025,Amei super barato.,0,4,17 mar. 2025,"Recém coloquei na impressora, não sei se vai durar muitas impressões, espero que sim,pois não é muito barato para estar trocando em seguida.",0,5,17 mar. 2025,Ótimo.,0,5,16 mar. 2025,Ótimo já estou comprando novamente.,0,5,16 mar. 2025,Boa.,0,4,14 mar. 2025,"Imprimi menos de 100 folhas, mas atende a emergencias de documentos. Recomendo.",0,4,14 mar. 2025,Boa qualidade.,0,4,13 mar. 2025,Bom.,0,5,12 mar. 2025,B.,0,5,12 mar. 2025,Até agora não tive problemas.,0,5,12 mar. 2025,"Veio tudo certinho, em ótimas condições e da melhor qualidade.",0,5,11 mar. 2025,Bom.,0,5,11 mar. 2025,"Bom, porém não aceita qualquer tipo de tinta, a impressão não sai bem nítida.",0,5,11 mar. 2025,Excelente.,0,5,11 mar. 2025,"Ótimos, chegaram rápido.",0,5,10 mar. 2025,Ótimo.,0,5,10 mar. 2025,"Estou gostando, está imprimindo bem. Apenas não sei sobre sua durabilidade, pq comecei a usar recentemente.",0,5,07 mar. 2025,Produto de qualidade.,0,5,07 mar. 2025,Recomendo.,0,5,07 mar. 2025,Recomendo.,0,5,05 mar. 2025,Recomendo a todos do mercado livre ✅️.,0,5,05 mar. 2025,Excelente.,0,5,05 mar. 2025,Me atendeu muito bem.,0,5,04 mar. 2025,Atendeu minhas nessecidades.,0,5,04 mar. 2025,Otimo produto.,0,5,03 mar. 2025,Muito bom inselente.,0,5,03 mar. 2025,Bom.,0,5,02 mar. 2025,Produto sensacional.,0,5,02 mar. 2025,Excelenteoriginal a impressora reconheceu na hora.,0,5,01 mar. 2025,Gostei muito bom.,0,5,01 mar. 2025,Ótimo! original de fábrica.,0,5,28 fev. 2025,Só compro no narrado livre.,0,5,27 fev. 2025,Muito bom.,0,5,26 fev. 2025,Excelente produto. Qualidade hp.,0,5,24 fev. 2025,Super rápido de qualidade.,0,5,23 fev. 2025,"Serviu perfeitamente, boa recomendo.",0,5,22 fev. 2025,"Excelente qualidade, recomendo.",0,5,21 fev. 2025,"Produto original da hp.
Ainda não instalei na minha impressora vez que a compra foi para reposição futura dentro da validade, para não interromper alguma impressão urgente.",0,5,19 fev. 2025,O produto é ótimo já uso a marca a tempo sempre tudo certo.,0,5,19 fev. 2025,Perfeito.,0,4,19 fev. 2025,O preço mais em conta q encontrei porém acaba bem rápido.,0,5,19 fev. 2025,Ótimo produto gostei muito.,0,5,18 fev. 2025,Tudo funcionando bem.,0,5,18 fev. 2025,Foi instalado e funciona perfeitamente!.,0,5,18 fev. 2025,Bom produto recomendo.,0,5,18 fev. 2025,Um bom produto.,0,5,17 fev. 2025,Boa.,0,5,16 fev. 2025,Muito bom.,0,5,15 fev. 2025,Muito bom.,0,5,14 fev. 2025,Muito bom!.,0,5,13 fev. 2025,Ótimo.,0,5,13 fev. 2025,Nada a acrescentar.,0,5,13 fev. 2025,"Excelente produto, atende as minhas necessidades.",0,5,12 fev. 2025,Original mesmo.,0,5,12 fev. 2025,Muito bom.,0,5,12 fev. 2025,Produto bom original.,0,5,11 fev. 2025,Produto excelente!.,0,5,09 fev. 2025,"Produto de ótima qualidade.
Comprarei mais vezes.",0,5,08 fev. 2025,Muito bom.,0,5,08 fev. 2025,Original hp.,0,5,07 fev. 2025,Oyimo.,0,5,06 fev. 2025,Perfeito. Já estou usando.,0,4,02 fev. 2025,Produto de boa qualidade.,0,4,02 fev. 2025,Ok.,0,5,02 fev. 2025,Bom custo benefício.,0,5,01 fev. 2025,Ok. Tudo certo.,0,5,31 jan. 2025,É um cartucho hp sem problemas.,0,5,30 jan. 2025,"O produto é original, excelente.",0,5,30 jan. 2025,Obrigada.,0,4,28 jan. 2025,Bom.,0,5,28 jan. 2025,Ótimo.,0,5,28 jan. 2025,Muito bom.,0,5,28 jan. 2025,Perfeito para o uso.,0,4,26 jan. 2025,Muito caro pra pouco produto.,0,5,25 jan. 2025,De muita qualidade!.,0,4.9,0.0,0.0,0.0,18.0,182.0
"Cartucho HP 664 Colorido(F6V28AB) Para Ink Advantage 1115, 2134, 2136, 2676, 3636, 3776, 3786, 3788,3790, 3836, 4536, 4676,5076, 5276","R$ 69,30",R$ 77,HP,Eshop,https://www.mercadolivre.com.br/cartucho-hp-664-coloridof6v28ab-para-ink-advantage-1115-2134-2136-2676-3636-3776-3786-37883790-3836-4536-46765076-5276/p/MLB36752265#polycard_client=search-nordic&searchVariation=MLB36752265&wid=MLB3947461641&position=24&search_layout=grid&type=product&tracking_id=55a851a6-af80-4409-841f-c2b3b5ecdad3&sid=search,MLB36752265,https://http2.mlstatic.com/D_Q_NP_2X_935833-MLA84549963096_052025-E.webp,N/A,Sim,4.7,3358,"cartucho HP 664 Tricolor (F6V29AB) 2ml

Especificações de impressão

-Conteúdo: 2ml

-Tecnologia de impressão: Jato de tinta

- Tinta a base de corante

Rendimento

-1 Cartucho 664 tricolor rende até 100 páginas.

Rendimento considerando 5% de cobertura na folha A4.

Para um bom rendimento do cartucho o ideal é não ultrapassarmos os 5% área de cobertura. Quando utilizado o recurso de negritar títulos, trechos ou incluímos imagens essa porcentagem de cobertura facilmente sobe para 10%. Isto faz com que seu cartucho dure menos páginas.

Impressoras Compatíveis

- HP Deskjet Ink Advantage 1115

- HP Deskjet Ink Advantage 2130

- HP Deskjet Ink Advantage 2135

- HP Deskjet Ink Advantage 2136

- HP Deskjet Ink Advantage 2540

- HP Deskjet Ink Advantage 2600

- HP Deskjet Ink Advantage 2675

- HP Deskjet Ink Advantage 2676

- HP Deskjet Ink Advantage 3635

- HP Deskjet Ink Advantage 3636

- HP Deskjet Ink Advantage 3700

- HP Deskjet Ink Advantage 3836

- HP Deskjet Ink Advantage 3775

- HP Deskjet Ink Advantage 3776

- HP Deskjet Ink Advantage 3786

- HP Deskjet Ink Advantage 3788

- HP Deskjet Ink Advantage 3790

- HP Deskjet Ink Advantage 4535

- HP Deskjet Ink Advantage 4536

- HP Deskjet Ink Advantage 4675

- HP Deskjet Ink Advantage 4676

- HP Deskjet Ink Advantage 5076

- HP Deskjet Ink Advantage 5276",Marca: HP; Linha: Advantage; Modelo: 664; Modelo alfanumérico: F6V29AL; Tipo de cartucho: Original; Conteúdo total em volume: 2 mL; Cor da tinta: COLORIDO; Formato de venda: Unidade,Modelo detalhado: F6V28AB; Tipo de tinta: Preto; Rendimento de páginas: 100; É recarregável: Não,3358.0,86.63,2909,7.27,244,2.2,73,0.74,24,3.16,106,N/A,N/A,N/A,N/A,N/A,N/A,N/A,N/A,200.0,5,20 jul. 2024,Cartuchos de excelente qualidade.,4,4,25 mar. 2025,"Não consegui imprimir o que precisava. O cartucho preto não está funcionando. Retirei os lacres, como de costume, para encaixar na impressora. Não funcionou. Recoloquei ambos os cartuchos mas não consegui resolver o problema. A luz de indicação do cartucho preto pisca intermitentemente. Enfim, dois cartuchos novos e a impossibilidade de utilizar minha impressora. Gostaria de saber de existe a possibilidade de uma troca. Aguardo retorno e agradeço antecipadamente.",4,5,21 ago. 2024,O produto é bom mas não foi compatível com a minha impressora.,4,5,18 ago. 2024,Produto original.,3,5,06 abr. 2025,Durou menos do que eu esperava mas funciona pra o que eu preciso 😃.,2,5,20 ago. 2024,Ótimo!.,2,5,08 jul. 2024,"Por enquanto satisfeita com os cartuchos, minha impressora aceitou na hora e apareceu cheio, espero que dure bem, acredito que o preço é um pouco salgado, poderia ser mais em conta, mas se for oferecer serviço de qualidade vale a pena.",2,5,21 abr. 2025,"Os cartuchos de tinta originais são excelentes, mas, não descobri o motivo pelo qual os cartuchos de tinta originais para impressora são tão caros. O valor de dois cartuchos compram uma impressora nova.",1,4,21 jul. 2024,Só funcionou o preto.,1,5,03 jul. 2024,Tem muito rendimento.,1,5,02 jul. 2024,Material de excelente qualidade.,1,5,29 jun. 2024,Excelente.,1,5,28 jun. 2024,Incrivel.,1,5,24 jun. 2024,Ótima qualidade. Recomendo a compra.,1,5,17 jun. 2024,"O produto é, de fato, muito caro pelo número de cópias que produz, mas a qualidade é boa!.",1,5,10 nov. 2024,Muito bom. Com certeza vou comprar mais.,0,5,12 jun. 2025,excelente,0,5,03 jun. 2025,Produto original é de fácil instalação. Adorei e comprarei novamente!.,0,5,15 mai. 2025,Produto muito bom.,0,5,03 abr. 2025,"Top deu certinho em minha empresssora, ótima.",0,4,21 mar. 2025,"Viu testar ainda , espero não ter vindo com defeito.",0,5,20 mar. 2025,Tudo certo.,0,5,25 fev. 2025,Irei fazer o teste e voltarei aki pra diser.,0,5,23 fev. 2025,excelente,0,5,13 fev. 2025,excelente,0,5,28 jan. 2025,Excelente produto. Testado e aprovado. Obrigado.,0,5,22 jan. 2025,excelente,0,5,18 jan. 2025,excelente,0,5,15 jan. 2025,Muito bom.,0,5,13 jan. 2025,excelente,0,5,08 jan. 2025,"Obrigado, produto muito bom.",0,5,26 dez. 2024,"Veio em ótimos condições, retornarei a comprar!!!.",0,5,16 nov. 2024,Produto original e rende muito bem.,0,5,20 set. 2024,E um produto que uso sempre.,0,5,11 jul. 2024,excelente,0,5,16 jun. 2025,O produto é de muita qualidade.,0,5,15 jun. 2025,Mt facil de instalar qualidade mt boa.,0,5,13 jun. 2025,Excelente produto.,0,5,13 jun. 2025,Hp.,0,5,13 jun. 2025,Perfeito.,0,5,11 jun. 2025,"Show,pontualidade, fiel a foto,honestidade,super indico.",0,5,11 jun. 2025,"Os cartuchos nota 10 porém a minha impressora deu problema ao reconhecer os cartuchos. A hp 2676 se alguém tem interesse na compra da impressora leva os dois cartuchos grátis valor r$250,00.",0,5,11 jun. 2025,"O produto é original, mas minha impressora é que está com problema de reconhecer.",0,5,10 jun. 2025,Muito bom.,0,5,10 jun. 2025,Ótimo.,0,5,10 jun. 2025,"Bem, nem tem muito o que comentar. O produto segue o padrão de qualquer outra unidade deste cartucho que eu tenha comprado e foi perfeito para meu modelo de impressora. Recomendo.",0,5,10 jun. 2025,Produto de boa qualidade. Recomendo!.,0,5,09 jun. 2025,Ótimo produto recomendo.,0,5,08 jun. 2025,"Gostei ,comprarei mais.",0,5,07 jun. 2025,Muito bom!.,0,5,06 jun. 2025,Produto original. Muito bom.,0,5,06 jun. 2025,"Ficou muito bom ,agora comprei a colorido,comprei pq meu filho precisa pra imprimir as coisas da igreja e tbem boletos.",0,5,05 jun. 2025,Perfeito. Foi compatível com 2676. Reconheceu como carga completa.,0,4,05 jun. 2025,Top.,0,5,04 jun. 2025,Produto original de qualidade.,0,5,04 jun. 2025,Embora minha empresoura não seja econômica as tintas são boa sim.,0,5,01 jun. 2025,É muito bom.,0,4,31 mai. 2025,Perfeito.,0,5,30 mai. 2025,"Produto original ,funcionou bem.",0,5,30 mai. 2025,Ótimo.,0,5,29 mai. 2025,Muito bom.,0,5,28 mai. 2025,Boa qualidade.,0,4,28 mai. 2025,Produto de boa qualidade.,0,5,28 mai. 2025,Testado e aprovado.,0,5,28 mai. 2025,Dentro das especificações e com qualidade.,0,5,28 mai. 2025,Muito bom!.,0,5,27 mai. 2025,Excelente.,0,5,27 mai. 2025,Muito bom.,0,5,26 mai. 2025,Gostei muito.,0,5,25 mai. 2025,"Original, recomendo comprar.",0,5,24 mai. 2025,"Original, recomendo.",0,4,23 mai. 2025,Boa compra.,0,5,23 mai. 2025,"Caro, como todo cartucho hp!.
Mas é o que funciona na minha impressora!.",0,5,22 mai. 2025,Muito bom.,0,5,22 mai. 2025,Deu pra imprimir 200 folhas em rascunho.,0,5,22 mai. 2025,Otimo.,0,5,21 mai. 2025,Bom.,0,5,20 mai. 2025,Podem comprar sem medo.,0,5,20 mai. 2025,"A hp reconheceu os cartuchos, então são originais.
O preço está ótimo.
Ia comprar a xl mas, resolvi comprar dois kits destes que no final das contas vai render muito mais e por um preço abaixo do kit xl.",0,5,20 mai. 2025,Razoável.,0,5,18 mai. 2025,"Sempre uso essa marca.
Ela é econômica e durável.",0,5,17 mai. 2025,Recomendo.,0,5,16 mai. 2025,Muito bom.,0,5,16 mai. 2025,"Excelente produto, veio tudo bem certinho.",0,5,15 mai. 2025,Bom.,0,5,14 mai. 2025,Bom.,0,5,13 mai. 2025,É compatível com atinta original da hp.,0,5,13 mai. 2025,Ótimo.,0,5,12 mai. 2025,Gostei do produto é muito bom.,0,5,12 mai. 2025,Boa.,0,5,12 mai. 2025,Ótimo e rápido.,0,5,11 mai. 2025,Ótimo produto. Recomendo a compra.,0,5,11 mai. 2025,São originais muito bom.,0,5,09 mai. 2025,Muito educados e atenciosos!.,0,5,09 mai. 2025,Perfeito.,0,5,09 mai. 2025,Excelente.,0,5,09 mai. 2025,Top das galáxias.,0,5,08 mai. 2025,Cartucho original minha impressora 🖨️🖨️🖨️ reconheceu na hora 👏👏👏👏 nada a reclamar.,0,5,06 mai. 2025,Ótimo produto.,0,5,06 mai. 2025,Novo é sempre melhor! não sura quase nada kkk.,0,5,05 mai. 2025,"Sempre comprei esses cartuchos q são ótimos, eu recomendo.",0,5,05 mai. 2025,Otimo.,0,5,05 mai. 2025,Gostei.,0,5,05 mai. 2025,"Ótimo, funcionou perfeitamente na minha impressora.",0,5,05 mai. 2025,"Preço muito bom, pena que vem pouca tinta.",0,5,05 mai. 2025,"Preço muito bom, pena que vem pouca tinta.",0,5,03 mai. 2025,"Excelente.
Aconselho sempre comprar original.
Ótimo preço.",0,5,03 mai. 2025,"Intacto , sem violação, vou comprar novamente recomendo!.",0,4,02 mai. 2025,"A impressão até e boa,deu certo na minha impressora e não tive nenhum problema.",0,5,01 mai. 2025,Atende o que promete.,0,5,01 mai. 2025,Produto muito bom 👍.,0,5,30 abr. 2025,Bom.,0,5,30 abr. 2025,O produto é muito bom. Excelente qualidade.,0,5,30 abr. 2025,"Otimo item, recomendo.",0,5,30 abr. 2025,Dificil de achar as vezes a 664.,0,5,29 abr. 2025,Muito bons.,0,4,29 abr. 2025,"Boa tarde, infelizmente esse cartucho não é compatível com a minha impressora. A minha é o cartucho 662. Teria a possibilidade de uma troca?.",0,4,28 abr. 2025,Bom mas pouca quantidade.,0,5,27 abr. 2025,Ótimo produto.,0,5,27 abr. 2025,Muito bom.,0,5,27 abr. 2025,Alguns aspectos da avaliação não parecem adequados (velocidade de impressão). O importante é enfatizar que a quantidade da impressão é muito boa e que sua durabilidade adequada.,0,5,27 abr. 2025,Bom produto mas com valor muito alto. Não tem um bom custo benefício não.,0,5,26 abr. 2025,Produto bom.,0,5,26 abr. 2025,"Só o colorido que nao que pegou, porém o preto está funcionando perfeitamente.",0,5,22 abr. 2025,"Muito bom, já estou usando excelente.",0,5,22 abr. 2025,Bom.,0,5,22 abr. 2025,Top.,0,5,21 abr. 2025,Recomendo.,0,5,20 abr. 2025,Otimo.,0,5,19 abr. 2025,Bom produto.,0,4,19 abr. 2025,Excelente producto.,0,5,19 abr. 2025,Ótimo produto recomendo.,0,5,18 abr. 2025,Otimo.,0,5,17 abr. 2025,Bom.,0,5,17 abr. 2025,Excelente.,0,5,14 abr. 2025,"Produto de boa qualidade, poderia render mais copias.",0,5,14 abr. 2025,Bom.,0,5,13 abr. 2025,Funcionou perfeitamente. Recomendo.,0,5,13 abr. 2025,"Tem marca, aí fica fácil avaliar.",0,5,12 abr. 2025,Tudo certo.,0,5,11 abr. 2025,Chego tudo em ordem. Obrigado.,0,5,10 abr. 2025,"Cartuchos hp originais, dispensam comentários né!.",0,5,10 abr. 2025,Excelente.,0,5,10 abr. 2025,Otimo cartucho xl6644.,0,5,09 abr. 2025,Muito bom.,0,5,08 abr. 2025,Ótimo produto.,0,5,08 abr. 2025,Ótimo.,0,5,07 abr. 2025,Otimo.,0,5,07 abr. 2025,"Produto ótimo, original.",0,5,07 abr. 2025,Ótimo!.,0,5,07 abr. 2025,Muito bom !.,0,5,06 abr. 2025,"Produto de excelente qualidade, que tenho sempre à mão quando uso minha impressora.",0,5,05 abr. 2025,Ótimo.,0,4,04 abr. 2025,"Excelente , recomendo , original a impressora reconheceu na hora.",0,4,03 abr. 2025,"Espero que funcione, por um bom tempo!.",0,5,03 abr. 2025,Excelente.,0,5,03 abr. 2025,Ótima.,0,4,03 abr. 2025,Gostei do produto.,0,5,02 abr. 2025,"Produto caro demais para a curta durabilidade, comprado apenas para uso na impressora da marca.",0,5,02 abr. 2025,Ótimo.,0,5,31 mar. 2025,Bom.,0,4,30 mar. 2025,Produto de boa qualidade recomendo.,0,5,30 mar. 2025,Excelente.,0,4,30 mar. 2025,Bom.,0,5,30 mar. 2025,Produto bom.,0,5,30 mar. 2025,Produto bom.,0,5,30 mar. 2025,Produto dentro do esperado.,0,5,30 mar. 2025,Produto dentro do esperado.,0,5,29 mar. 2025,Bom.,0,5,27 mar. 2025,"Compro regularmente, pois uso muito a impressora!.",0,5,27 mar. 2025,Perfeito gosto muito recomendo.,0,5,27 mar. 2025,"Produto parecendo original e ótima qualidade. Já fiz algumas impressões e está ótimo. Não tenho como avaliar a durabilidade neste momento, pois ainda está em uso.",0,5,26 mar. 2025,Comprei errado. Depois de aberto não pude devolver. Pq a culpa foi minha. Não prestar atenção.,0,4,24 mar. 2025,Não foi reconhecido pela impressora.,0,5,24 mar. 2025,Tudo certo.,0,5,24 mar. 2025,Nota dez.,0,5,22 mar. 2025,"Produto original, excelente qualidade.",0,5,22 mar. 2025,Muito bom.,0,5,22 mar. 2025,Ótimo produto recomendo a todos.,0,5,22 mar. 2025,Cumpre a finalidade.,0,5,21 mar. 2025,Excellente.,0,5,20 mar. 2025,Ótimo. Recomendo.,0,4,19 mar. 2025,muito bom,0,5,19 mar. 2025,Ótimo.,0,5,19 mar. 2025,Otima.,0,4,18 mar. 2025,Muito bom.,0,4,18 mar. 2025,Veio o correto fácil de colocar.,0,5,18 mar. 2025,Bom produto.,0,5,18 mar. 2025,Otimo.,0,5,17 mar. 2025,"Instalei na impressora hp deskjet 2130, imprimi. A tinta é original de ótima qualidade.",0,5,16 mar. 2025,Bom.,0,5,16 mar. 2025,Excelente.,0,5,15 mar. 2025,Muito bom os produtos.,0,5,14 mar. 2025,Original.,0,5,13 mar. 2025,"Cartucho novo , muito bom !.",0,5,13 mar. 2025,"Demorei pq estava testando todos os produtos que comprei em detalhe, todos aprovados….",0,5,13 mar. 2025,Bom.,0,4,12 mar. 2025,Perfeito.,0,5,11 mar. 2025,Perfeita.,0,5,11 mar. 2025,Produto original. A impressora reconheceu na hora.,0,4.9,0.0,0.0,0.0,21.0,179.0
Cartucho De Tinta Hp 664 Negro y 664 Tricolor 2 Unidades,"R$ 153,10",N/A,HP,N/A,https://www.mercadolivre.com.br/cartucho-de-tinta-hp-664-negro-y-664-tricolor-2-unidades/p/MLB36783881#polycard_client=search-nordic&searchVariation=MLB36783881&wid=MLB3688322801&position=40&search_layout=grid&type=product&tracking_id=55a851a6-af80-4409-841f-c2b3b5ecdad3&sid=search,MLB36783881,https://http2.mlstatic.com/D_Q_NP_2X_908936-MLU77298479529_062024-E.webp,Frete grátis,Sim,4.6,311,"Kit de cartuchos de tinta HP original 664 preto e colorido

1 cartucho HP 664 preto + 1 cartucho HP 664 color

Especificações:

Desempenho: até 120 páginas

Compatibilidade:

HP DeskJet 1110

HP DeskJet 1115

HP DeskJet 2130

HP DeskJet 2134

HP DeskJet 2135

HP DeskJet 2136

HP DeskJet 2674

HP DeskJet 2675

HP DeskJet 2676

HP DeskJet 3630

HP DeskJet 3636

HP OfficeJet 3830

HP DeskJet Ink Advantage 3776

HP DeskJet Ink Advantage 3786

HP DeskJet Ink Advantage 3788

HP DeskJet Ink Advantage 3790

HP DeskJet Ink Advantage 3836

HP DeskJet Ink Advantage 4536

HP DeskJet Ink Advantage 4676

HP DeskJet Ink Advantage 5076

HP DeskJet Ink Advantage 5276

Cor: preto

Tipo de desempenho: padrão

Conteúdo da embalagem: cartucho novo de tinta HP original

Características do produto:

Obtenha a qualidade da HP que você conhece e confia. Imprima documentos todos os dias com texto e imagens nítidas e os custos de impressão acessíveis com os cartuchos originais HP. Imprima bordas perfeitas em textos e em gráficos, usando cartuchos originais HP. Qualidade impressionante de texto e imagens para desfrutar de documentos e fotos.

Média baseada em ISO / IEC 24711 ou na metodologia de teste HP e impressão contínua. O desempenho real varia consideravelmente com base no conteúdo das páginas impressas e outros fatores.

Diferenciadores:

Impressões que funcionam todas as vezes. Cartuchos projetados para alto rendimento.

Impressões resistentes à água e que não desbotam com o tempo.

Cores mais vibrantes e nítidas. Com tecnologia anti curvas.

Fotos e documentos que duram mais de 50 anos sem perder a cor e a qualidade.

Resultados superiores da primeira à última página, sem obstruções ou impressões com bandas.

Impressão sustentável, os cartuchos HP originais são feitos com até 50% de material reciclado.

Média baseada em ISO / IEC 24711 ou na metodologia de teste HP e impressão contínua. O desempenho real varia consideravelmente com base no conteúdo das páginas impressas e outros fatores.

Compatível com impressoras Deskjet Ink Advantage da HP:

DESKJET INK ADVANTAGE 2376;

DESKJET INK ADVANTAGE 2776;

DESKJET INK ADVANTAGE 2775;

DESKJET INK ADVANTAGE 2374;

DESKJET INK ADVANTAGE 2375;

DESKJET INK ADVANTAGE 1275;

HP Deskjet Ink Advantage Plus 6475;

HP Deskjet Ink Advantage Plus 6476.",Marca: HP; Linha: Advantage; Modelo: 664 Negro + 664 Tricolor; Tipo de cartucho: Original; Conteúdo total em volume: 4 mL; Cor da tinta: Preto/Tricolor; Unidades por embalagem: 2; Formato de venda: Kit; Unidades por kit: 2,Modelo detalhado: F6V29AL/F6V28AL; Rendimento de páginas: 240; É recarregável: Sim,311.0,83.92,260,8.04,25,1.93,6,0.64,1,5.47,17,N/A,N/A,N/A,N/A,N/A,N/A,N/A,N/A,59.0,4,20 out. 2024,"É sempre um excelente produto, a hp tem produtos de qualidade, mas anda pecando em outros. São bom cartuchos mas rendem muito pouco, isso tem que ser dito. A propaganda é que faz tantas cópias com um cartucho. Não é real. Minhas impressões sempre duram a metade do que se promete. E isso até no modo rascunho. Então, é um bom produto mas com as suas respectivas ressalvas.",6,5,22 set. 2024,"O de melhor qualidade, pena que seja tão pouca a tinta.",3,5,13 mar. 2025,Tinta nítida e forte. Super recomendo.,1,5,19 set. 2024,Produto excelente já utilizei o resultado muito bom!!!.,1,5,29 mai. 2025,Perfeito para o que preciso.,0,5,06 fev. 2025,"Eu uso esse cartucho há anos então ele cumpriu a qualidade de sempre, que é muito boa.",0,5,15 jun. 2025,Produto de ótima qualidade.,0,5,12 jun. 2025,Excelente.,0,5,07 jun. 2025,Ótimo produto.,0,5,06 jun. 2025,Gostei muito.,0,5,30 mai. 2025,Excelente.,0,5,29 mai. 2025,Muito bom.,0,5,28 mai. 2025,"O produto é bom mas na minha impressora não ficou legal. Eu sempre compro o cartucho azul e dessa vez eu comprei o verde que não deu certo na minha impressora, mas tudo bem da próxima eu compro certo.",0,5,14 mai. 2025,excelente,0,4,13 mai. 2025,Bom.,0,5,10 mai. 2025,Muito bom.,0,5,06 mai. 2025,Bom.,0,5,25 abr. 2025,"Ótimos cartuchos.
Muito bom.",0,5,23 abr. 2025,Bom.,0,5,18 abr. 2025,Ótima qualidade mesmo imprimindo no modo rascunho.,0,5,15 abr. 2025,Produto excelente.,0,5,14 abr. 2025,Muito bom.,0,5,14 abr. 2025,Pode comprar o produto. Eu recomendo pra todos do mercadolivre.,0,4,09 abr. 2025,"Cartuchos originais,bem embalados,qualidade de impressão excelente.",0,5,05 abr. 2025,Bom.,0,5,02 abr. 2025,Produto é bom.,0,5,01 abr. 2025,Atende conf especificação da impressora.,0,5,01 abr. 2025,"Ótimo. Sempre uso o mesmo.
Impressão excelente.",0,5,10 mar. 2025,Muito bom.,0,5,09 mar. 2025,Tudo ok.,0,5,05 mar. 2025,Achei muito bom estou usando não tem de que reclamar.,0,5,03 mar. 2025,Sempre uso.,0,5,23 fev. 2025,Bom.,0,5,22 fev. 2025,"O produto em sim e ótimo. Mais eu comprei o módulo errado.
Minha impressora usa cartuchos 667 eu não prestei atenção e comprei o 664.",0,5,21 fev. 2025,"Me surpreendeu veio até com selo 3d, amei.",0,5,15 fev. 2025,Excelente.,0,4,14 fev. 2025,Deu certo.,0,5,12 fev. 2025,"Acredito que venha com pouca tinta, melhor seria dar para umas 500 cópias.",0,5,27 jan. 2025,Gostei 👏.,0,5,16 jan. 2025,Otimo.,0,5,14 dez. 2024,Muito boa.,0,5,30 nov. 2024,Muito bom.,0,5,22 nov. 2024,Hp produto de qualidade.,0,5,28 set. 2024,Muito bom.,0,5,14 set. 2024,Bom e original.,0,5,11 set. 2024,Gostei.,0,5,07 set. 2024,"Ótimos produtos , cartuchos que duram muito tempo sem perder a consistência.",0,5,02 set. 2024,Muito bom.,0,1,31 out. 2024,Não comprem o produto não é o anunciado.,1,1,15 jan. 2025,"Já tentei até fazer mágica, mas a minha inkadvantage 2136 não reconhece os cartuchos, talvez seja a impressora, mas não tenho como testar em outra. Na dúvida vai tudo pro lixo.",0,1,16 mai. 2025,O cartucho veio vazio.,0,2,05 mai. 2025,Durabilidade mínima. Cor preta já acabou em quase nada de uso. E olha que geralmente a colorida costuma acabar antes.,0,3,05 mai. 2025,Não dura quase nada as tintas. Fiz 25 impressões e acabou a tinta colorida.,0,1,15 mar. 2025,Veio errado!.,0,1,05 mar. 2025,A impressora diz que os cartuchos estão sem tinta.,0,1,10 fev. 2025,"Cartuchos, não foram recidos.
Fui na loja paguei r$248,00 e foi reconhecido na hora que liguei a impressora fazendo alinhamento dos mesmos.",0,1,03 fev. 2025,"O cartucho preto veio com defeito, a impressora não funciona, preciso deixar só com o colorido.",0,1,27 jan. 2025,Impressora hp deskjet 2676 não reconhece os cartuchos.,0,3,23 nov. 2024,Esses cartuchos estão acabando muito rápido e sem grandes impressões. Preço igual hp mas rendimento muito pouco. Vou repensar se volto a comprar por aqui.,0,,,,,,,,,,,,,,,,,,,,,,,,,,,,,,,,,,,,,,,,,,,,,,,,,,,,,,,,,,,,,,,,,,,,,,,,,,,,,,,,,,,,,,,,,,,,,,,,,,,,,,,,,,,,,,,,,,,,,,,,,,,,,,,,,,,,,,,,,,,,,,,,,,,,,,,,,,,,,,,,,,,,,,,,,,,,,,,,,,,,,,,,,,,,,,,,,,,,,,,,,,,,,,,,,,,,,,,,,,,,,,,,,,,,,,,,,,,,,,,,,,,,,,,,,,,,,,,,,,,,,,,,,,,,,,,,,,,,,,,,,,,,,,,,,,,,,,,,,,,,,,,,,,,,,,,,,,,,,,,,,,,,,,,,,,,,,,,,,,,,,,,,,,,,,,,,,,,,,,,,,,,,,,,,,,,,,,,,,,,,,,,,,,,,,,,,,,,,,,,,,,,,,,,,,,,,,,,,,,,,,,,,,,,,,,,,,,,,,,,,,,,,,,,,,,,,,,,,,,,,,,,,,,,,,,,,,,,,,,,,,,,,,,,,,,,,,,,,,,,,,,,,,,,,,,,,,,,,,,,,,,,,,,,,,,,,,,,,,,,,,,,,,,,,,,,,,,,,,,,,,,,,,4.3,8.0,1.0,2.0,4.0,44.0
Cartucho de Tinta HP 60B Preto Simples CC636WB 4ml,"R$ 107,20",N/A,HP,N/A,https://www.mercadolivre.com.br/cartucho-de-tinta-hp-60b-preto-simples-cc636wb-4ml/p/MLB24125481#polycard_client=search-nordic&searchVariation=MLB24125481&wid=MLB4678626640&position=31&search_layout=grid&type=product&tracking_id=55a851a6-af80-4409-841f-c2b3b5ecdad3&sid=search,MLB24125481,https://http2.mlstatic.com/D_Q_NP_2X_822310-MLU76561332681_052024-E.webp,Frete grátis,Sim,4.8,130,"Cartucho de Tinta HP 60B Preto Simples

Preto

Tinta

Cartucho

200

Obtenha a confiabilidade HP para todas as suas necessidades de impressão diárias. Usando cartuchos confiáveis HP, você não perderá tempo e dinheiro lidando com vazamentos de cartuchos ou com reimpressões de páginas. Além disso, o programa HP Planet Partners facilita a reciclagem de seus cartuchos de tinta.

A tinta com pigmento HP agrega valor aos projetos e documentos simples diários em preto. Imprima e-mails, cartas, artigos on-line, mapas de internet e muito mais.

Cartucho HP 60B Preto (CC636WB)

Conte com a confiabilidade HP - imprima documentos diariamente. As tintas proprietárias da HP produzem gotas de tamanho muito pequeno para obter resultados extraordinários em papel comum ou especial. Os produtos HP são desenvolvidos e testados em conjunto para oferecer um desempenho ideal.

Compatibilidade

HP Deskjet D2500 Printers, HP Deskjet D2530 Printers, HP DeskJet F4200 All-in-One

Rendimento

Até 200 páginas

Cartuchos e cabeçotes de impressão

Rendimento

200

Rendimento por página (preto e branco)

~200 páginas

Gota de tinta

13,8 pl

Bocais da cabeça de impressão

336

Banda da cabeça de impressão (polegadas)

0,56 pol

Volume do cartucho de impressão

4 ml

Cor (es) dos suprimentos de impressão

Preto

Tipos de tinta

Com pigmentos

Compatibilidade

Compatibilidade de hardware

Impressoras HP Deskjet D2500, impressoras HP Deskjet D2530, multifuncional HP DeskJet F420

Tecnologia de impressão

Jato de Tinta Térmico HP",Marca: HP; Linha: DeskJet; Modelo: Hp 60b; Modelo alfanumérico: CC636WB; Tipo de cartucho: Original; Conteúdo total em volume: 4 mL; Cor da tinta: Preto; Formato de venda: Unidade,Modelo detalhado: CC636WA; Tipo de tinta: Pigmentada; Rendimento de páginas: 200; É recarregável: Não; Gota de tinta: 13.8 pl,130.0,86.15,111,10.0,13,2.31,3,0.77,1,0.77,1,N/A,N/A,N/A,N/A,N/A,N/A,N/A,N/A,24.0,5,13 mar. 2025,Preco muito alto.,1,5,31 mai. 2024,Estou acostumada a comprar o cartucho 60 b. Uso pouco a impressora.,0,5,10 jun. 2025,"Ótimo. Era o que eu esperava pelo valor e por ser original.
Até agora.",0,5,10 jun. 2025,Original não tem problema.,0,5,02 jun. 2025,Esses cartuchos são ótimos recomendo e também são originais.,0,5,05 mai. 2025,"O cartucho é original tem o selo da hp, a instalação e teste são bem simples, a qualidade da impressão é boa.",0,5,14 abr. 2025,É um cartucho para impressão do dia a dia (rascunho). Por essa razão o preço é mais barato. Atende as minhas necessidades.,0,5,21 mar. 2025,Eu recomendo.,0,4,16 mar. 2025,Tudo dentro da expectativa.,0,5,28 fev. 2025,Muito bom.,0,5,15 fev. 2025,Boa noite eu só compro produto original parabéns. 👏👏👏.,0,5,21 jan. 2025,Produto de qualidade.,0,5,13 jan. 2025,Produto original consegui validar o qr code.,0,5,25 dez. 2024,Excelente produto !.,0,5,28 nov. 2024,Cumpre o que promete.,0,5,23 nov. 2024,Preço excelente a qualidade original da hp feliz.,0,5,25 set. 2024,Exelente produto.,0,5,10 jul. 2024,"Muito bom, porem muiiiiito caro!.",0,5,03 jul. 2024,Top.,0,5,28 jun. 2024,Boa tarde muito bom produto original parabéns.,0,4,13 jun. 2024,Produto muito caro. Pouca tinta.,0,5,31 mai. 2024,Bom produto.,0,1,11 nov. 2024,"Produto violado, cartuchos usados e totalmente vazios, péssima compra.",0,3,22 mar. 2025,"Deixou um pouco a desejar, acaba a tinta muito rápido.",0,,,,,,,,,,,,,,,,,,,,,,,,,,,,,,,,,,,,,,,,,,,,,,,,,,,,,,,,,,,,,,,,,,,,,,,,,,,,,,,,,,,,,,,,,,,,,,,,,,,,,,,,,,,,,,,,,,,,,,,,,,,,,,,,,,,,,,,,,,,,,,,,,,,,,,,,,,,,,,,,,,,,,,,,,,,,,,,,,,,,,,,,,,,,,,,,,,,,,,,,,,,,,,,,,,,,,,,,,,,,,,,,,,,,,,,,,,,,,,,,,,,,,,,,,,,,,,,,,,,,,,,,,,,,,,,,,,,,,,,,,,,,,,,,,,,,,,,,,,,,,,,,,,,,,,,,,,,,,,,,,,,,,,,,,,,,,,,,,,,,,,,,,,,,,,,,,,,,,,,,,,,,,,,,,,,,,,,,,,,,,,,,,,,,,,,,,,,,,,,,,,,,,,,,,,,,,,,,,,,,,,,,,,,,,,,,,,,,,,,,,,,,,,,,,,,,,,,,,,,,,,,,,,,,,,,,,,,,,,,,,,,,,,,,,,,,,,,,,,,,,,,,,,,,,,,,,,,,,,,,,,,,,,,,,,,,,,,,,,,,,,,,,,,,,,,,,,,,,,,,,,,,,,,,,,,,,,,,,,,,,,,,,,,,,,,,,,,,,,,,,,,,,,,,,,,,,,,,,,,,,,,,,,,,,,,,,,,,,,,,,,,,,,,,,,,,,,,,,,,,,,,,,,,,,,,,,,,,,,,,,,,,,,,,,,,,,,,,,,,,,,,,,4.7,1.0,0.0,1.0,2.0,20.0
Cartucho De Tinta 712 Preto 80ml Hp T210 T250 T650,R$ 419,N/A,HP,N/A,https://www.mercadolivre.com.br/cartucho-de-tinta-712-preto-80ml-hp-t210-t250-t650/p/MLB22536214#polycard_client=search-nordic&searchVariation=MLB22536214&wid=MLB5046810704&position=18&search_layout=grid&type=product&tracking_id=55a851a6-af80-4409-841f-c2b3b5ecdad3&sid=search,MLB22536214,https://http2.mlstatic.com/D_Q_NP_2X_713378-MLU77762837428_072024-E.webp,Frete grátis,Sim,4.8,46,"Características do Produto

Obtenha a qualidade da HP que você conhece e confia. Imprima documentos todos os dias com texto e imagens nítidas e os custos de impressão acessíveis com os cartuchos HP. Imprima bordas perfeitas em textos e em gráficos, usando Cartuchos HP. Qualidade impressionante de texto e imagens para desfrutar de documentos e fotos. Média baseada em ISO / IEC 24711 ou na metodologia de teste HP e impressão contínua. O desempenho real varia consideravelmente com base no conteúdo das páginas impressas e outros fatores.

Especificações

Cartucho HP

Cor: Preto

Impressoras Compatíveis

Impressora HP DesignJet Studio de 24 polegadas 5HB12A

Impressora HP DesignJet Studio de 36 polegadas 5HB14A

Impressora HP DesignJet Studio Steel de 24 polegadas 5HB12C

Impressora HP DesignJet Studio Steel de 36 polegadas 5HB14C

Impressora HP DesignJet T210 24 polegadas 8AG32A

Impressora HP DesignJet T250 24 polegadas 5HB06A

Impressora HP DesignJet T650 24 polegadas 5HB08A

Impressora HP DesignJet T650 24 polegadas 5HB08G

Impressora HP DesignJet T650 36 polegadas 5HB10A

Diferenciais

Impressões que funcionam todas as vezes. Cartuchos projetados para alto rendimento. Impressões resistentes à água e que não desbotam com o tempo. Cores mais vibrantes e nítidas. Com Tecnologia anti curvas. Fotos e documentos que duram mais de 50 anos sem perder a cor e a qualidade. Resultados superiores da primeira à última página, sem obstruções ou impressões com bandas. Impressão sustentável, os cartuchos HP são feitos com até 50% de material reciclado.",Marca: HP; Modelo: 3ED71A; Tipo de cartucho: Original; Conteúdo total em volume: 80 mL; Cor da tinta: Preto; Formato de venda: Unidade,Tipo de tinta: Pigmentada; Rendimento de páginas: 2000; É recarregável: Não,46.0,89.13,40,6.52,2,2.17,0,2.17,0,0.0,0,N/A,N/A,N/A,N/A,N/A,N/A,N/A,N/A,3.0,5,25 abr. 2025,Top.,0,5,06 nov. 2024,Tudo certo.,0,2,11 jul. 2024,O referido cartucho a plotter não conseguiu reconhecer o chip portando houve devolução da mercadoria. Com exito.,0,,,,,,,,,,,,,,,,,,,,,,,,,,,,,,,,,,,,,,,,,,,,,,,,,,,,,,,,,,,,,,,,,,,,,,,,,,,,,,,,,,,,,,,,,,,,,,,,,,,,,,,,,,,,,,,,,,,,,,,,,,,,,,,,,,,,,,,,,,,,,,,,,,,,,,,,,,,,,,,,,,,,,,,,,,,,,,,,,,,,,,,,,,,,,,,,,,,,,,,,,,,,,,,,,,,,,,,,,,,,,,,,,,,,,,,,,,,,,,,,,,,,,,,,,,,,,,,,,,,,,,,,,,,,,,,,,,,,,,,,,,,,,,,,,,,,,,,,,,,,,,,,,,,,,,,,,,,,,,,,,,,,,,,,,,,,,,,,,,,,,,,,,,,,,,,,,,,,,,,,,,,,,,,,,,,,,,,,,,,,,,,,,,,,,,,,,,,,,,,,,,,,,,,,,,,,,,,,,,,,,,,,,,,,,,,,,,,,,,,,,,,,,,,,,,,,,,,,,,,,,,,,,,,,,,,,,,,,,,,,,,,,,,,,,,,,,,,,,,,,,,,,,,,,,,,,,,,,,,,,,,,,,,,,,,,,,,,,,,,,,,,,,,,,,,,,,,,,,,,,,,,,,,,,,,,,,,,,,,,,,,,,,,,,,,,,,,,,,,,,,,,,,,,,,,,,,,,,,,,,,,,,,,,,,,,,,,,,,,,,,,,,,,,,,,,,,,,,,,,,,,,,,,,,,,,,,,,,,,,,,,,,,,,,,,,,,,,,,,,,,,,,,,,,,,,,,,,,,,,,,,,,,,,,,,,,,,,,,,,,,,,,,,,,,,,,,,,,,,,,,,,,,,,,,,,,,,,,,,,,,,,,,,,,,4.0,0.0,1.0,0.0,0.0,2.0
Cartucho Tinta Hp 662 Colorido Advantage,"R$ 67,32",R$ 77,HP,Eshop,https://www.mercadolivre.com.br/cartucho-tinta-hp-662-colorido-advantage/p/MLB37002235#polycard_client=search-nordic&searchVariation=MLB37002235&wid=MLB3947485753&position=25&search_layout=grid&type=product&tracking_id=55a851a6-af80-4409-841f-c2b3b5ecdad3&sid=search,MLB37002235,https://http2.mlstatic.com/D_Q_NP_2X_690734-MLU76512005959_052024-E.webp,N/A,Sim,4.6,340,"Maximize o desempenho da sua impressora HP com o Cartucho HP 662 Colorido, uma solução de impressão que garante qualidade superior em cada página. Produza documentos nítidos e fotos vibrantes, perfeitos para uso em casa ou no escritório. Com tecnologia de jato de tinta avançada, este cartucho proporciona um desempenho confiável e resultados impressionantes, página após página.

Recursos e Benefícios:

Qualidade de Impressão Superior: A tinta de alta qualidade garante cores vivas e texto definido, ideal para documentos importantes e impressões fotográficas.

Alertas de Tinta Baixa: Receba notificações quando a tinta estiver acabando, evitando interrupções inesperadas durante impressões importantes.

Fácil Instalação: O cartucho é projetado para uma instalação simples e rápida, permitindo que você volte a imprimir em instantes.

Especificações:

Rendimento: Aproximadamente 100 páginas (com margem de 5%)

Tecnologia de Impressão: Jato de Tinta

Volume: 2 ml

Compatibilidade:

HP Deskjet Ink Advantage 2516

HP Deskjet Ink Advantage 3516

HP Deskjet Ink Advantage 1516

HP Deskjet Ink Advantage 3546

HP Deskjet Ink Advantage 2546

HP Deskjet Ink Advantage 4646

HP Deskjet Ink Advantage 2646

Perguntas Frequentes:

1. O Cartucho HP 662 é compatível com outras impressoras?

Sim, o Cartucho HP 662 é compatível com diversos modelos da linha Deskjet Ink Advantage. Consulte a lista acima de compatibilidade para verificar se o seu modelo é suportado.

2. Quanto tempo dura o cartucho?

O rendimento do cartucho é de aproximadamente 100 páginas (com 5% de cobertura), mas isso pode variar dependendo do tipo de impressão e da frequência de uso.

3. Como sei quando é hora de trocar o cartucho?

Você receberá alertas de tinta baixa diretamente no seu computador ou impressora, garantindo que você nunca fique sem tinta no momento mais crítico.

4. Posso usar este cartucho para impressões fotográficas?

Sim! A tinta do Cartucho HP 662 é ideal para impressões de alta qualidade, incluindo fotos e gráficos.

5. O cartucho é fácil de instalar?

Absolutamente! O Cartucho HP 662 foi projetado para uma instalação rápida e sem complicações, para que você possa começar a imprimir imediatamente.",Marca: HP; Linha: Advantage; Modelo: 662 Tricolor; Tipo de cartucho: Original; Conteúdo total em volume: 2 mL; Cor da tinta: Tricolor; Formato de venda: Unidade,Modelo detalhado: CZ104AL; Rendimento de páginas: 100; É recarregável: Não,340.0,81.47,276,11.18,38,1.18,4,0.59,2,5.59,19,N/A,N/A,N/A,N/A,N/A,N/A,N/A,N/A,68.0,5,14 jul. 2024,Cartucho hp original imprime com qualidade e não dá problemas de impressão.,2,5,07 ago. 2024,Excelente.,1,5,22 mar. 2025,Bom.,0,5,17 jun. 2025,Tudo certo.,0,5,08 jun. 2025,Otimo.,0,5,08 jun. 2025,Compraria novamente.,0,4,11 mai. 2025,Custo benefício excelente.,0,5,29 abr. 2025,"O produto é bom. Precisam melhorar a segurança das transações. Logo após ter efetuado a compra, clonaram os dados do meu cartão e efetuaram várias compras fraudulentamente.",0,5,24 abr. 2025,Produtos bom funcionou.,0,5,14 abr. 2025,Ótimo produto.,0,5,13 abr. 2025,"Produto original, ótima qualidade.",0,5,09 abr. 2025,Imprimindo muito bem.,0,5,05 abr. 2025,Funcionando bem.,0,5,29 mar. 2025,Cartucho de fato é original. Toppp.,0,5,23 mar. 2025,Boa compra.,0,5,21 mar. 2025,Infelizmentevcomprei o produto 662 e deveria ser o?667 não sei como podemosvresolver sds luiz alfredo malz.,0,5,17 mar. 2025,E original recomendo.,0,5,12 mar. 2025,"Bom, já recarreguei algumas vezes em casa e tá funcionando.",0,5,09 mar. 2025,Muito bom.,0,5,22 fev. 2025,Excelente gostei muito.,0,5,22 fev. 2025,Bom.,0,5,14 fev. 2025,Normal para o uso em impressora.,0,5,09 fev. 2025,"Cartucho novo, original.",0,5,25 jan. 2025,Muito bom.,0,5,21 jan. 2025,Achei que durou pouco.,0,5,21 jan. 2025,Peça original.,0,4,29 dez. 2024,"Bom produto, pena que acaba rápido.",0,5,29 dez. 2024,Gostei.,0,5,19 dez. 2024,Ótimo.,0,5,06 dez. 2024,Excelente.,0,5,03 dez. 2024,Acho que está acabando muito rápido.,0,5,26 nov. 2024,Recomendo.,0,5,15 nov. 2024,Super hiper recomendo que comprem !!!!!.,0,5,14 nov. 2024,Gostei. Recomendo.,0,5,14 nov. 2024,"Achei que furou bem pouco, imprimi uns 5 topo de bolo em ppel fotográfico e e já começou a falhar a cor.",0,5,05 nov. 2024,👍.,0,4,04 nov. 2024,Achei pouca tinta.,0,4,24 out. 2024,Muito bom.,0,5,30 set. 2024,Ótimo.,0,5,26 set. 2024,"Excelente produto, atendeu as minhas necessidades!!.",0,5,25 set. 2024,Cartucho original.,0,5,17 set. 2024,É um produto excelente de boa durabilidade. E a hp apesar do preço ainda é uma das melhores.,0,5,16 set. 2024,Muito bom.,0,5,15 set. 2024,Muito bom.,0,5,12 set. 2024,Plenamente satisfeito.,0,5,05 set. 2024,Excelente qualidade.,0,5,29 ago. 2024,Produto original e de excelente qualidade.,0,5,24 ago. 2024,Adorei nota10.,0,5,21 ago. 2024,"Produto original hp com muita qualidade.
O preço e mediano em relação a quantidade de impressões possíveis.",0,5,20 ago. 2024,Gasta mto cartucho.,0,5,19 ago. 2024,Otimo.,0,5,10 ago. 2024,Produto de ótima qualidade parabéns ✌️.,0,5,10 jul. 2024,"Gostei muito e, se preciso, comprarei novamente.",0,5,09 jul. 2024,Excelente produto e custo benefício.,0,5,24 jun. 2024,Bom produto.,0,1,10 ago. 2024,"Não recomendo, pois não consegui imprimir 20 páginas, e a tinta já acabou. E sei que se fosse um cartucho bom imprimiria muito mais. Produto caro e não dura nada.",4,1,11 mar. 2025,Péssimo.,0,1,27 nov. 2024,Cartucho veio com defeito (contatos) e com uma cor baixa. Não recomendo!.,0,1,13 jun. 2025,Não comprem tive que pedir reembolso veio com defeito no chip a impressora não reconheceu.,0,1,19 mai. 2025,"O produto depois de três dias apresentou problema com a impressão, pedindo para substituir o cartucho,.",0,1,05 mar. 2025,Vendem um produto caríssimo e não vem nada de tinta? irei devolvê-lo!.,0,1,20 jan. 2025,Ruim… minha impressora não aceitou….,0,2,02 jan. 2025,Muito pouca impressão.,0,1,21 nov. 2024,Péssimo… cartucho não imprimiu nem 5 páginas… não é original.,0,1,05 nov. 2024,Não funcionou na minha impressora.,0,3,21 set. 2024,"Eu nao achei que durou tanto quanto prometeu kkkkk ja acabou as duas tintas e simultaneamente, a colorida acabou logo e mais rapido e foi a que eu mais estava usando entao era compreensível, mas ai a preta q eu nao usava tanto acabou junto??? mas enfim a qualidade da impressão é boa, a unica coisa que peca é a durabilidade, mas de qlqr forma ainda vale a pena, tanto que comprei mais 2, enquanto levar p encher um o outro ja vai estar cheio.",0,1,20 set. 2024,Não funcionou.,0,2,05 ago. 2024,Não ganha meu coração pq a tinta acaba em poucas impressões.,0,,,,,,,,,,,,,,,,,,,,,,,,,,,,,,,,,,,,,,,,,,,,,,,,,,,,,,,,,,,,,,,,,,,,,,,,,,,,,,,,,,,,,,,,,,,,,,,,,,,,,,,,,,,,,,,,,,,,,,,,,,,,,,,,,,,,,,,,,,,,,,,,,,,,,,,,,,,,,,,,,,,,,,,,,,,,,,,,,,,,,,,,,,,,,,,,,,,,,,,,,,,,,,,,,,,,,,,,,,,,,,,,,,,,,,,,,,,,,,,,,,,,,,,,,,,,,,,,,,,,,,,,,,,,,,,,,,,,,,,,,,,,,,,,,,,,,,,,,,,,,,,,,,,,,,,,,,,,,,,,,,,,,,,,,,,,,,,,,,,,,,,,,,,,,,,,,,,,,,,,,,,,,,,,,,,,,,,,,,,,,,,,,,,,,,,,,,,,,,,,,,,,,,,,,,,,,,,,,,,,,,,,,,,,,,,,,,,,,,,,,,,,,,,,,,,,,,,,,,,,,,,,,,,,,,,,,,,,,,,,,,,,,,,,,,,,,,,,,,,,,,,,,,,,,,,,,,,,,,,,,,,,,,,,,4.2,10.0,2.0,1.0,4.0,51.0
Kit Cartucho Tinta Original Hp 667 Preto/colorido 2376 2774,"R$ 154,90",N/A,HP,N/A,https://produto.mercadolivre.com.br/MLB-2685036387-kit-cartucho-tinta-original-hp-667-pretocolorido-2376-2774-_JM#polycard_client=search-nordic&position=47&search_layout=grid&type=item&tracking_id=55a851a6-af80-4409-841f-c2b3b5ecdad3&wid=MLB2685036387&sid=search,N/A,https://http2.mlstatic.com/D_Q_NP_2X_864941-MLB53340335621_012023-E-kit-cartucho-tinta-original-hp-667-pretocolorido-2376-2774.webp,Frete grátis,Sim,4.7,3771,"***REVENDEDOR OFICIAL HP BRASIL***

Obtenha a qualidade da HP que você conhece e confia. Imprima documentos todos os dias com texto e imagens nítidas e os custos de impressão acessíveis com os cartuchos originais HP. Imprima bordas perfeitas em textos e em gráficos, usando Cartuchos Originais HP. Qualidade impressionante de texto e imagens para desfrutar de documentos e fotos.

- Volume de páginas impressas: até 100 páginas

- Impressões que funcionam todas as vezes. Cartuchos projetados para alto rendimento

- Impressões resistentes à água e que não desbotam com o tempo

- Cores mais vibrantes e nítidas. Com Tecnologia anti curvas

- Fotos e documentos que duram mais de 50 anos sem perder a cor e a qualidade

- Resultados superiores da primeira à última página, sem obstruções ou impressões com bandas

- Impressão sustentável, os cartuchos HP originais são feitos com até 50% de material reciclado

Compatibilidade

Serie Deskjet Ink Advantage 2300

- Deskjet Ink Advantage 2374

- Deskjet Ink Advantage 2375

- Deskjet Ink Advantage 2376

Serie Deskjet Ink Advantage 2700

- Deskjet Ink Advantage 2774

- Deskjet Ink Advantage 2775

- Deskjet Ink Advantage 2776

- Deskjet Ink Advantage 2777

- Deskjet Ink Advantage 2874

Serie DeskJet Plus Ink Advantage série 6000

Serie DeskJet Plus Ink Advantage série 6400

Serie Deskjet Ink Advantage 1200

Serie DeskJet Ink Advantage 4100

Kit

1 (um) Cartucho de Tinta HP 667 3YM79AL Original Preto / 2ml

1 (um) Cartucho de Tinta HP 667 3YM78AL Original Colorido / 2ml",Marca: HP; Linha: Advantage; Modelo: 667; Tipo de cartucho: Original; Conteúdo total em volume: 2 mL; Cor da tinta: Tricolor e preto; Unidades por embalagem: 2; Formato de venda: Unidade,Rendimento de páginas: 100; É kit: Sim,3771.0,84.06,3169,9.04,340,2.89,108,1.14,42,2.86,107,N/A,N/A,N/A,N/A,N/A,N/A,N/A,N/A,,,,,,,,,,,,,,,,,,,,,,,,,,,,,,,,,,,,,,,,,,,,,,,,,,,,,,,,,,,,,,,,,,,,,,,,,,,,,,,,,,,,,,,,,,,,,,,,,,,,,,,,,,,,,,,,,,,,,,,,,,,,,,,,,,,,,,,,,,,,,,,,,,,,,,,,,,,,,,,,,,,,,,,,,,,,,,,,,,,,,,,,,,,,,,,,,,,,,,,,,,,,,,,,,,,,,,,,,,,,,,,,,,,,,,,,,,,,,,,,,,,,,,,,,,,,,,,,,,,,,,,,,,,,,,,,,,,,,,,,,,,,,,,,,,,,,,,,,,,,,,,,,,,,,,,,,,,,,,,,,,,,,,,,,,,,,,,,,,,,,,,,,,,,,,,,,,,,,,,,,,,,,,,,,,,,,,,,,,,,,,,,,,,,,,,,,,,,,,,,,,,,,,,,,,,,,,,,,,,,,,,,,,,,,,,,,,,,,,,,,,,,,,,,,,,,,,,,,,,,,,,,,,,,,,,,,,,,,,,,,,,,,,,,,,,,,,,,,,,,,,,,,,,,,,,,,,,,,,,,,,,,,,,,,,,,,,,,,,,,,,,,,,,,,,,,,,,,,,,,,,,,,,,,,,,,,,,,,,,,,,,,,,,,,,,,,,,,,,,,,,,,,,,,,,,,,,,,,,,,,,,,,,,,,,,,,,,,,,,,,,,,,,,,,,,,,,,,,,,,,,,,,,,,,,,,,,,,,,,,,,,,,,,,,,,,,,,,,,,,,,,,,,,,,,,,,,,,,,,,,,,,,,,,,,,,,,,,,,,,,,,,,,,,,,,,,,,,,,,,,,,,,,,,,,,,,,,,,,,,,,,,,,,,,,,,,,,,,,,,,,,,,,,
2 Cartuchos Hp 662 Preto E Colorido Da 2516 3516 1516 2546,"R$ 169,20",R$ 192,HP,Primer Print,https://www.mercadolivre.com.br/2-cartuchos-hp-662-preto-e-colorido-da-2516-3516-1516-2546/p/MLB36931834#polycard_client=search-nordic&searchVariation=MLB36931834&wid=MLB3896336531&position=20&search_layout=grid&type=product&tracking_id=55a851a6-af80-4409-841f-c2b3b5ecdad3&sid=search,MLB36931834,https://http2.mlstatic.com/D_Q_NP_2X_798850-MLU76185825774_052024-E.webp,Frete grátis,Sim,4.8,86,"KIT COM 2 CARTUCHOS HP 662 preto e color

Acompanha

1 CARTUCHO HP 662 CZ103AB PRETO 2ml

1 CARTUCHO HP 662 CZ104AB COLOR 2ml

Compatibilidade

Hp DesKjet Ink Advantage 1516, 2515, 2516, 2546, 2646, 3515, 3516, 3546 e 4646

Modelo: CZ103AB e CZ104AB

Rendimento por página (preto e branco): 120 páginas

Cor de impressão: Preto e color

Gota de tinta: 13,5 pl

Volume: 2ml

Tipos de tinta compatíveis: Com pigmentos

Dimensões Aproximadas (AxLxP): 114 x 36,3 x 102,9 mm

Peso Líquido Aproximado: 0.05 kg

Amplitude Térmica de Armazenamento: -40 a 60°C

Intervalo de umidade para funcionamento: 20 a 80% RH

Umidade de armazenamento: 20 a 80% RH",Marca: HP; Modelo: 662; Tipo de cartucho: Original; Conteúdo total em volume: 4 mL; Cor da tinta: Preto/Tricolor; Formato de venda: Kit; Unidades por kit: 2,Tipo de tinta: À base de água; Rendimento de páginas: 100; É recarregável: Não,86.0,89.53,76,4.65,3,1.16,0,2.33,2,2.33,2,N/A,N/A,N/A,N/A,N/A,N/A,N/A,N/A,18.0,5,03 fev. 2025,excelente,0,5,09 jun. 2025,Ótimo gostei muito.,0,5,09 jun. 2025,Original.,0,5,05 jun. 2025,Produto original já fiz algumas impressões show de bola recomendo.,0,5,19 mai. 2025,"Gostei dos cartuchos, ver quanto tempo dura.",0,5,02 mai. 2025,Tudo normal.,0,5,23 abr. 2025,De qualidade como todo produto original.,0,5,06 abr. 2025,"O material tem qualidade, parabéns.",0,5,03 abr. 2025,Ótimo quando coloquei na impressora já aviso que era verdadeiro compatível com a impressora minha impressora não funciona com cartucho falso obrigado vou compra sempre.,0,5,24 mar. 2025,Excelente. Impressão de primeira.,0,5,06 mar. 2025,Ótimo produto.,0,5,21 fev. 2025,A pena é que: impressa poucas cópias. De repente a tinta acaba e aí só outro cartucho pelo custo e benefício deixa a desejar e muito. Praticamente não vale a pena.,0,5,03 fev. 2025,Muito bom gostei muito obrigado boa tarde.,0,5,22 jan. 2025,Produto cumpre o que promete. Muito bom.,0,5,09 dez. 2024,Ótimo.,0,1,31 dez. 2024,muito ruim,0,1,02 jun. 2025,Comprei errado.,0,2,15 abr. 2025,"Ele acaba super rápido, imprimindo 10 folhas, já acaba as tintas.",0,,,,,,,,,,,,,,,,,,,,,,,,,,,,,,,,,,,,,,,,,,,,,,,,,,,,,,,,,,,,,,,,,,,,,,,,,,,,,,,,,,,,,,,,,,,,,,,,,,,,,,,,,,,,,,,,,,,,,,,,,,,,,,,,,,,,,,,,,,,,,,,,,,,,,,,,,,,,,,,,,,,,,,,,,,,,,,,,,,,,,,,,,,,,,,,,,,,,,,,,,,,,,,,,,,,,,,,,,,,,,,,,,,,,,,,,,,,,,,,,,,,,,,,,,,,,,,,,,,,,,,,,,,,,,,,,,,,,,,,,,,,,,,,,,,,,,,,,,,,,,,,,,,,,,,,,,,,,,,,,,,,,,,,,,,,,,,,,,,,,,,,,,,,,,,,,,,,,,,,,,,,,,,,,,,,,,,,,,,,,,,,,,,,,,,,,,,,,,,,,,,,,,,,,,,,,,,,,,,,,,,,,,,,,,,,,,,,,,,,,,,,,,,,,,,,,,,,,,,,,,,,,,,,,,,,,,,,,,,,,,,,,,,,,,,,,,,,,,,,,,,,,,,,,,,,,,,,,,,,,,,,,,,,,,,,,,,,,,,,,,,,,,,,,,,,,,,,,,,,,,,,,,,,,,,,,,,,,,,,,,,,,,,,,,,,,,,,,,,,,,,,,,,,,,,,,,,,,,,,,,,,,,,,,,,,,,,,,,,,,,,,,,,,,,,,,,,,,,,,,,,,,,,,,,,,,,,,,,,,,,,,,,,,,,,,,,,,,,,,,,,,,,,,,,,,,,,,,,,,,,,,,,,,,,4.4,2.0,1.0,0.0,0.0,15.0
Kit Cartucho Hp 938 P/ 9110 9130 9730,"R$ 845,50",R$ 950,HP,N/A,https://www.mercadolivre.com.br/kit-cartucho-hp-938-p-9110-9130-9730/p/MLB41877220#polycard_client=search-nordic&searchVariation=MLB41877220&wid=MLB5120098024&position=21&search_layout=grid&type=product&tracking_id=55a851a6-af80-4409-841f-c2b3b5ecdad3&sid=search,MLB41877220,https://http2.mlstatic.com/D_Q_NP_2X_889998-MLA79927121501_102024-E.webp,Frete grátis,Sim,4.5,17,N/A,Marca: HP; Modelo: 938 4S6X8PL 4S6X5PL 4S6X6PL; Tipo de cartucho: Original; Cor da tinta: Preto/Ciano/Magenta/Amarelo; Formato de venda: Kit; Unidades por kit: 4,Tipo de tinta: Pigmentada; É recarregável: Não,17.0,82.35,13,5.88,0,0.0,0,0.0,0,11.76,1,N/A,N/A,N/A,N/A,N/A,N/A,N/A,N/A,2.0,1,27 fev. 2025,"Custo cópia extremamente caro, me arrependi de comprar esse modelo de impressora.",1,1,06 abr. 2025,Em 10 dias o cartucho azul acabou!!! o uso foi direcionado para impressão na cor preto. Certamente veio com defeito!.,0,,,,,,,,,,,,,,,,,,,,,,,,,,,,,,,,,,,,,,,,,,,,,,,,,,,,,,,,,,,,,,,,,,,,,,,,,,,,,,,,,,,,,,,,,,,,,,,,,,,,,,,,,,,,,,,,,,,,,,,,,,,,,,,,,,,,,,,,,,,,,,,,,,,,,,,,,,,,,,,,,,,,,,,,,,,,,,,,,,,,,,,,,,,,,,,,,,,,,,,,,,,,,,,,,,,,,,,,,,,,,,,,,,,,,,,,,,,,,,,,,,,,,,,,,,,,,,,,,,,,,,,,,,,,,,,,,,,,,,,,,,,,,,,,,,,,,,,,,,,,,,,,,,,,,,,,,,,,,,,,,,,,,,,,,,,,,,,,,,,,,,,,,,,,,,,,,,,,,,,,,,,,,,,,,,,,,,,,,,,,,,,,,,,,,,,,,,,,,,,,,,,,,,,,,,,,,,,,,,,,,,,,,,,,,,,,,,,,,,,,,,,,,,,,,,,,,,,,,,,,,,,,,,,,,,,,,,,,,,,,,,,,,,,,,,,,,,,,,,,,,,,,,,,,,,,,,,,,,,,,,,,,,,,,,,,,,,,,,,,,,,,,,,,,,,,,,,,,,,,,,,,,,,,,,,,,,,,,,,,,,,,,,,,,,,,,,,,,,,,,,,,,,,,,,,,,,,,,,,,,,,,,,,,,,,,,,,,,,,,,,,,,,,,,,,,,,,,,,,,,,,,,,,,,,,,,,,,,,,,,,,,,,,,,,,,,,,,,,,,,,,,,,,,,,,,,,,,,,,,,,,,,,,,,,,,,,,,,,,,,,,,,,,,,,,,,,,,,,,,,,,,,,,,,,,,,,,,,,,,,,,,,,,,,,,,,,1.0,2.0,0.0,0.0,0.0,0.0
Cartucho Hp 667 667xl Deskjet 2776 Preto,"R$ 129,90",N/A,HP,N/A,https://www.mercadolivre.com.br/cartucho-hp-667-667xl-deskjet-2776-preto/p/MLB22843608#polycard_client=search-nordic&searchVariation=MLB22843608&wid=MLB3905774637&position=10&search_layout=grid&type=product&tracking_id=55a851a6-af80-4409-841f-c2b3b5ecdad3&sid=search,MLB22843608,https://http2.mlstatic.com/D_Q_NP_2X_702461-MLU54978277478_042023-E.webp,Frete grátis,Não,4.3,547,"O Cartucho de Tinta HP 667XL Preto é a escolha ideal para quem busca qualidade e eficiência na impressão. Com tinta pigmentada, este cartucho proporciona impressões nítidas e duradouras, garantindo que seus documentos e fotos tenham a melhor apresentação possível. Compatível com as impressoras HP DeskJet 2376, 2774 e 2776, ele se destaca pela facilidade de instalação e uso.

Este cartucho é recarregável, o que representa uma opção sustentável e econômica para quem imprime com frequência. A marca HP é reconhecida mundialmente pela sua confiabilidade e inovação, oferecendo produtos que atendem às necessidades dos usuários mais exigentes. Com o modelo 667XL, você terá um rendimento superior, permitindo que você imprima mais páginas sem a necessidade de troca constante de cartucho.

Ideal para ambientes de trabalho, escolas ou uso doméstico, o Cartucho de Tinta HP 667XL Preto é a solução perfeita para quem não abre mão da qualidade. Invista em impressões de alta definição e mantenha seus projetos sempre em destaque.",Marca: HP; Linha: DeskJet; Modelo: 667XL; Tipo de cartucho: Original; Cor da tinta: Preto; Formato de venda: Unidade,Modelo detalhado: 3YM81AL; Tipo de tinta: Pigmentada; Rendimento de páginas: 480; É recarregável: Não,547.0,75.5,412,7.68,42,3.11,17,1.65,9,12.07,66,N/A,N/A,N/A,N/A,N/A,N/A,N/A,N/A,115.0,4,15 jan. 2025,"Persiste o problema de impressão, uma linha perfeita outra falhada, como já abri os dois cartuchos que comprei, não posso devolver, afinal tentei corrigir achando que fosse falha de um cartucho mas é os 2. Comprei um no mercado local, caro pra burro mas que funciona.",4,5,11 nov. 2024,Muito bom a quantidade é como disseram e gostei muito do produto show.,3,5,04 jan. 2025,Excelente. Pode comprar sem medo.,1,5,26 dez. 2024,Impressão boa.,1,5,27 mai. 2025,excelente,0,5,21 fev. 2025,"Ótima qualidade. Ainda não instalei mas sei que é confiável pelo qr code, a própria hp confirmou. Espero que renda bastante.",0,5,16 jun. 2025,"Dura pouquíssimo tempo, logo a tinta acaba mesmo na versão xl, que são 8 ml ):.",0,5,13 jun. 2025,Muito bom.,0,5,05 jun. 2025,Produto original.,0,4,05 jun. 2025,Só não gostei do preço.,0,4,02 jun. 2025,Muito bom.,0,4,27 mai. 2025,"O produto é bom, mas é muito caro.",0,5,27 mai. 2025,Usei pouco parece bom?.,0,5,25 mai. 2025,Muito bom.,0,5,20 mai. 2025,Bom.,0,5,19 mai. 2025,Excelente!.,0,5,06 mai. 2025,Produto bom.,0,5,05 mai. 2025,Produto muito bom e original. O preço foi ótimo. Vale apenas o custo benefício.,0,5,02 mai. 2025,Muoto bom.,0,5,01 mai. 2025,Nos usávamos o de 2ml mas acaba rápido. Agora vou esse pra ver a diferença.,0,4,22 abr. 2025,Muito bom.,0,5,20 abr. 2025,"Cores fortes e intensas, sem manchas.",0,4,19 abr. 2025,Únicos produtos que funciona bem para minha impressora. Um pouco caro…. O preço aumentou bastante desde minha última compra!!!!.,0,4,15 abr. 2025,Parece ser de qualidade boa. Instalado e está em uso.,0,4,07 abr. 2025,Cumpre pelo seu proposito.,0,5,30 mar. 2025,"Adorei, recomendo.",0,5,24 mar. 2025,Alta qualidade.,0,5,18 mar. 2025,Muito bom.,0,5,15 mar. 2025,"Amei, tudo funcionando perfeitamente!.",0,5,08 mar. 2025,"Muito boa, só achei que a cor preta durou bem pouco, mas creio que seja pela impressora que usa muito a tinta.",0,4,07 mar. 2025,É caro e não é durável. Tem boa qualidade!.,0,5,28 fev. 2025,Muito bom.,0,5,19 fev. 2025,Produto top! original. A impressora reconheceu logo.,0,5,10 fev. 2025,Aprovado.,0,5,07 fev. 2025,Bom.,0,5,05 fev. 2025,Gostei.,0,4,29 jan. 2025,"Muito bom,eu recomendo.",0,5,26 jan. 2025,Excelente preço em comparação com outros fontes!!!!.,0,5,09 jan. 2025,O produto é original ficou perfeito as impressões agora vamos ver a durabilidade.,0,5,05 jan. 2025,Produto original da hp. Atendeu satisfatoriamente e com qualidade esperada.,0,5,24 dez. 2024,Material de qualidade recomendo.,0,5,19 dez. 2024,Muito bom.,0,5,18 dez. 2024,"Ótimo produto, original. Ótimo preço tmb.",0,5,16 dez. 2024,Bom produto.,0,5,16 dez. 2024,Excelente produto.,0,5,11 dez. 2024,"Ainda não usei porque comprei para ter reserva, uma vez q ainda tenho um no uso. Creio ser um produto bom. Comprei tmb pelo custo. Acho q valeu.",0,5,12 nov. 2024,Passou no teste.,0,5,06 nov. 2024,"Sem problemas tudo 100%, recomendo a todo ml.",0,4,10 out. 2024,Top.,0,5,09 out. 2024,Excelente!.,0,5,23 set. 2024,Perfeito 👏👏👏.,0,5,21 set. 2024,Excelente produto!.,0,5,25 jul. 2024,Excelente!!.,1,5,07 set. 2024,"Cartuchos originais, perfeitos. Impressão ótima.",0,2,17 ago. 2024,"Dizer o quê? não dura nada. A não ser que você queira imprimir uma fotinho importante, um boleto. A cópia do documento do carro. É isso.",8,1,10 nov. 2024,"O produto veio com pouquíssima tinta, infelizmente péssima qualidade, a quantidade de tinta que veio foi menor que a da 667 preto e colorido!.",7,1,16 nov. 2024,"Não comprem, não é original xl. Fui recarregar e a capacidade dele é de um cartucho normal. Pura enganação.",6,2,21 out. 2024,"Comprei acreditando que conseguiria imprimir uma boa quantidade de folhas e no fim fiz a impressão de umas 40 folhas no max e a tinta já está com menos da metade. A qualidade é boa, mas na questão de durabilidade não mudou muito da outra.",5,1,02 mai. 2025,"Ola fui fazer a recarga hoje em loja de informática da minha confiança, do cartucho q comprei com vcs em fev, preto, e q quase não foi usado pra ser xl e tive a absurda notícia de q o cartucho era falso, estava oco e não tive nem a opção de recarrega lo. A opção seria jogar no lixo !!!! estou por aqui pq quero meu dinheiro de volta !!! comprei pelo ml q pra mim tb tem responsabilidade nisto e vou acioná-los tb e a quem tiver de direito pra q o consumidor não seja lesado !!! comprei confiando no ml e na loja de vcs pensando ser um cartucho original e tive esta desagradável surpresa !! no aguardo !!! obg !!!.",4,2,05 nov. 2024,Só instalei o cartucho hoje porque ainda tinha tinta no outro mas a impressão colorida não está saindo o vermelho ou magenta.,4,1,23 dez. 2024,Achei o cartucho preto com o mínimo de aproveitamento. Ele veio com muito pouca tinta.,4,1,21 dez. 2024,"O cartucho não durou 5 dias e ja acabou a tinta, sendo que é xl. O cartucho que já veio na impressora teve uma durabilidade muito maior.",4,1,17 dez. 2024,Comprei o kit e o preto não durou nada. Não imprimi nem 50 páginas e já acabou. A colorida veio normal. É uma enganação. O preço mais em conta não vale a pena. Comprem em lojas oficiais hp.,4,1,14 dez. 2024,"Não vale a pena, tinteiro mesmo que diga xl apenas imprime cerca de 100 páginas. Não vale o custo extra.",4,1,13 dez. 2024,Não consegui imprimir 10 folhas com os cartuchos colorido e preto e branco.,4,1,04 mar. 2025,Produto falso não imprimiu nem 50 folhas e já parou não recomendo super decepicionada.,3,1,11 dez. 2024,"Comprei pela segunda vez e o cartuchos são falsificados. Durabilidade zero ,e qdo carrega não funciona. É derrama tudo. Qualidade péssima. Poderia comunicar aos clientes que são de segunda linha ou terceira.",3,1,17 abr. 2025,"O produto não está durando nem 60 impressões, tanto coloridas quanto preto e branco, em 1 mês comprei 2x, acaba que não está compensando, não da 60 folhas impressas a impressora ja avisa que está sem tinta no cartucho, péssima qualidade.",2,1,18 mar. 2025,"Péssima qualidade, não imprimiu nem 5 boletos e já parou de pegar, são vendidos como originais, mas não são, dinheiro jogado fora.",2,2,15 mar. 2025,"Os cartuchos não funcionam na minha impressora, acho que não era original.",2,1,15 mar. 2025,Não cumpre o que a propaganda afirma de quantidade de impressões de ambos.,2,1,14 mar. 2025,"Péssimo não durou duas semanas, custo benefício só para colorida agora a preta não durou nada, comprem na autorizada e mais confiável e durabilidade boa.",2,1,13 mar. 2025,"A tinta travou a minha impressora, mandei pra analise com tecnico e o unico problema detectado foi a tinta (cartucho falso). Troquei para outro que comprei em outro local e funcionou normalmente.",2,3,11 fev. 2025,Estava achando que iria imprimir mais de 200 folhas de atividades em preto e branco mas acho que nao imprimiu 150 levando em consideração que na descrição esta pra 420 paginas possiveis.,2,1,08 fev. 2025,"Fraude, cartuchos não são originais com apenas 30 cópias parou, não comprem!.",2,1,03 fev. 2025,"Cartucho falsificado, comprei xl para durar mais, acabou super rapido, mandei recarregar e o rapaz falou que ele nao e xl e sim normal.",2,1,03 fev. 2025,"Durabilidade muito baixa.
Não vale a pena.",2,1,21 jan. 2025,"Não recomendo. Certamente não é original. Foram inpressas cerca de 70 páginas somente de texto em preto e já começou a falhar e indicar na impressora que estava no fim.
O cartucho anterior (que veio com a impressora nova) durou muito mais.",2,1,10 jan. 2025,"Produto não parece original , só consegui fazer 40 impressões e já acabou a tinta.",2,1,17 dez. 2024,Descobri ser um produto falsificado ao levar no técnico pra fazer a recarga !.,2,2,19 out. 2024,O cartucho preto não imprimi nem 50 folhas e já acaba a tinta. Não recomendo.,2,1,01 mai. 2025,"Falta de tinta, não imprime nem 20 folhas.",1,1,07 mai. 2025,O cartucho veio com defeito.,1,1,03 mai. 2025,O cartucho não funcionou.,1,1,25 abr. 2025,"O cartucho não é original e a impressora não reconhecia na instalação. Pensei que poderia ser a impressora, mas depois de comprar um novo cartucho original, e ver alguns vídeos, percebi que o cartucho veio queimado.",1,1,24 abr. 2025,"Durou muito pouco, o que compro na kalunga dura 49 dias esse durou 15 dias.",1,1,22 abr. 2025,"Comprei como xl tudo veio sinalizando xl, quando fui recarregar descobri que ele não é xl, propaganda enganosa!!!.",1,1,17 abr. 2025,"Não gostei não durou nada, fui imprimir 10 folhas os cartuchos acabaram,horrível.",1,1,11 abr. 2025,Cartucho preto com defeito.,1,3,24 dez. 2024,"Não dura muito a tinta como dizem não, impri 4 folhas coloridas e acabou a tinta.",1,3,15 nov. 2024,"O cartucho colorido, não foi aceito por minha impressora.",1,1,17 jun. 2025,Só imprimiu 180 páginas de texto em modo rascunho e já acabou!.,0,3,14 jun. 2025,O cartucho preto deu problema com ele praticamente cheio. Ele falha horrores.,0,3,14 jun. 2025,Não acredito que venha a quantidade certa não durou quase nada faz um mês que comprei e. Ja acabou e nem imprimi muita coisa nem 50 folhas.,0,2,24 mai. 2025,"Comprei esse xl pois prometia 480 impressões. Comprei para poder imprimir desenhos para meus filhos brincar de colorir. Não fez nem 60 impressões, e olha que eu imprimo como rascunho, justamente pra durar mais, por que não precisa ser muito forte, e pra minha surpresa já acabou. Infelizmente não dei sorte. Fiquei bem desapontada. Não compraria novamente.",0,1,22 mai. 2025,"O cartucho não é xl e tampouco original, veio com apenas 3ml.",0,1,22 mai. 2025,"Acredito que não seja original, pois não durou nada, não imprimiu quase nada quando comparado a um cartucho que comprei direto na hp.",0,1,22 mai. 2025,"Não imprimiu nem 50 páginas, produto falso.",0,1,14 mai. 2025,"Produto muito ruim acredito que não imprimi nem 100 folhas e já acabou, e olha que estou com a configuração em. Modo economia.",0,1,02 abr. 2025,Certamente falso. Provavelmente enxeram a tinta e colocaram um novo adesivo.,0,3,26 mar. 2025,Valor muito caro pela quantidade de tinta.,0,3,23 mar. 2025,"Durou bem menos que o que veio na impressora que nem era xl, e o colorido parecia que a caixa havia sido aberta 🫠.",0,1,10 mar. 2025,"Péssimo, utilizei uma vez somente, consegui fazer apenas 03 impressões, em menos de 01(um) mês os cartuchos estavam secos torrados, joguei 180 reais no lixo!.",0,2,06 mar. 2025,"Eu sempre compro cartucho na loja, primeira vez que comprei no ml, preço foi quase a metade do preço, só que comigo o cartucho costuma durar 7 meses pois não sou de imprimir muitas paginas, com esse cartucho do ml durou pouco mais 2 meses. Com certeza tem algo aí que não está certo.",0,1,06 mar. 2025,"Não é original, dura muito pouco.",0,1,04 mar. 2025,O cartucho preto não imprime. Tive de comprar outro.,0,1,28 fev. 2025,"Impressão de qualidade, topp.",0,1,26 fev. 2025,Instalei o cartucho preto hoje (26/02) e a impressora informa que ele não está comunicando e por isso a impressora não funciona.,0,1,24 fev. 2025,"Produto falsificado, não dura nada! sempre comprei original na kalunga durava tempos, não imprimi quase nada e já acabou! no final o barato sai caro, desconfiem do valor.",0,1,22 fev. 2025,"Não indico, cartuchos não pareciem originais.",0,1,21 fev. 2025,"Fui enganada. Comprei como sendo de 8,5ml. Mas só durou 18 dias. E na hora de fazer a recarga só aceitava 4ml.",0,1,27 jan. 2025,Produto falsificado. Comprei cartucho como xl e não era.,0,1,12 jan. 2025,Os cartuchos não eram originais. Imprimi apenas 10 folhas e não tinha mais tinta. O colorido falha a cor vermelha. Lamentavel.,0,2,24 dez. 2024,O cartucho preto parou de funcionar com poucos dias de comprado.,0,1,01 dez. 2024,"A impressora leu o cartucho como se estivesse cheio, mas não tinha tintas no cartucho colorido! isso é covardia !!!!.",0,,,,,,,,,,,,,,,,,,,,,,,,,,,,,,,,,,,,,,,,,,,,,,,,,,,,,,,,,,,,,,,,,,,,,,,,,,,,,,,,,,,,,,,,,,,,,,,,,,,,,,,,,,,,,,,,,,,,,,,,,,,,,,,,,,,,,,,,,,,,,,,,,,,,,,,,,,,,,,,,,,,,,,,,,,,,,,,,,,,,,,,,,,,,,,,,,,,,,,,,,,,,,,,,,,,,,,,,,,,,,,,,,,,,,,,,,,,,,,,,,,,,,,,,,,,,,,,,,,,,,,,,,,,,,,,,,,,,,,,,,,,,,,,,,,,,,,,,,,,,,,,,,,,,,,,,,,,,,,,,,,,,,,,,,,,,,,,,,,,,,3.0,46.0,8.0,7.0,11.0,43.0
Cartucho De Tinta Hp 7720 8700 954xl L0s62ab Ciano,"R$ 239,99",N/A,HP,N/A,https://www.mercadolivre.com.br/cartucho-de-tinta-hp-7720-8700-954xl-l0s62ab-ciano/p/MLB36792316#polycard_client=search-nordic&searchVariation=MLB36792316&wid=MLB3896444575&position=11&search_layout=grid&type=product&tracking_id=55a851a6-af80-4409-841f-c2b3b5ecdad3&sid=search,MLB36792316,https://http2.mlstatic.com/D_Q_NP_2X_601999-MLU79201308829_092024-E.webp,Frete grátis,Sim,4.7,7,"Cartucho HP 954 XL Ciano (L0S62AB) 23065

Cartuchos HP são confiáveis e imprimem com qualidade, oferecendo alto desempenho.

Obtenha texto preto intenso e qualidade de impressão consistente. Resultados profissionais fáceis e seguros.

Produza documentos com aparência profissional ao imprimir com cartuchos da HP.

Mantenha sua casa ou escritório produtivos, evitando desperdício de tempo e suprimentos.

Especificações:

Tecnologia de Impressão: Jato de Tinta

Cor: Ciano

Marca: HP

Compatibilidade: HP OfficeJet 7740, HP OfficeJet Pro 7720, HP OfficeJet Pro 8710, HP OfficeJet Pro 8720, HP OfficeJet Pro 8730, HP OfficeJet Pro 8210

Rendimento: Aproximado 1.600 páginas com 5% de cobertura na folha A4. O rendimento pode variar conforme o preenchimento das páginas.",Marca: HP; Linha: OfficeJet Pro; Modelo: L0S62AB; Modelo alfanumérico: L0S62AB; Tipo de cartucho: Original; Conteúdo total em volume: 20 mL; Cor da tinta: Ciano; Formato de venda: Unidade,Modelo detalhado: L0S62AL; Tipo de tinta: Pigmentada; Rendimento de páginas: 1600; É recarregável: Não,7.0,71.43,5,28.57,1,0.0,0,0.0,0,0.0,0,N/A,N/A,N/A,N/A,N/A,N/A,N/A,N/A,2.0,5,09 abr. 2025,Atendeu a necessidade.,0,5,16 set. 2024,Ótima qualidade.,0,,,,,,,,,,,,,,,,,,,,,,,,,,,,,,,,,,,,,,,,,,,,,,,,,,,,,,,,,,,,,,,,,,,,,,,,,,,,,,,,,,,,,,,,,,,,,,,,,,,,,,,,,,,,,,,,,,,,,,,,,,,,,,,,,,,,,,,,,,,,,,,,,,,,,,,,,,,,,,,,,,,,,,,,,,,,,,,,,,,,,,,,,,,,,,,,,,,,,,,,,,,,,,,,,,,,,,,,,,,,,,,,,,,,,,,,,,,,,,,,,,,,,,,,,,,,,,,,,,,,,,,,,,,,,,,,,,,,,,,,,,,,,,,,,,,,,,,,,,,,,,,,,,,,,,,,,,,,,,,,,,,,,,,,,,,,,,,,,,,,,,,,,,,,,,,,,,,,,,,,,,,,,,,,,,,,,,,,,,,,,,,,,,,,,,,,,,,,,,,,,,,,,,,,,,,,,,,,,,,,,,,,,,,,,,,,,,,,,,,,,,,,,,,,,,,,,,,,,,,,,,,,,,,,,,,,,,,,,,,,,,,,,,,,,,,,,,,,,,,,,,,,,,,,,,,,,,,,,,,,,,,,,,,,,,,,,,,,,,,,,,,,,,,,,,,,,,,,,,,,,,,,,,,,,,,,,,,,,,,,,,,,,,,,,,,,,,,,,,,,,,,,,,,,,,,,,,,,,,,,,,,,,,,,,,,,,,,,,,,,,,,,,,,,,,,,,,,,,,,,,,,,,,,,,,,,,,,,,,,,,,,,,,,,,,,,,,,,,,,,,,,,,,,,,,,,,,,,,,,,,,,,,,,,,,,,,,,,,,,,,,,,,,,,,,,,,,,,,,,,,,,,,,,,,,,,,,,,,,,,,,,,,,,,,,,,,5.0,0.0,0.0,0.0,0.0,2.0
Cartucho De Tinta Hp Tricolor 667,"R$ 68,55",R$ 78,HP,Eshop,https://www.mercadolivre.com.br/cartucho-de-tinta-hp-tricolor-667/p/MLB36752162#polycard_client=search-nordic&searchVariation=MLB36752162&wid=MLB3929212729&position=14&search_layout=grid&type=product&tracking_id=55a851a6-af80-4409-841f-c2b3b5ecdad3&sid=search,MLB36752162,https://http2.mlstatic.com/D_Q_NP_2X_923540-MLU76267517903_052024-E.webp,N/A,Sim,4.7,1206,"Cartucho HP 667 Colorido

Maximize o uso de sua impressora HP com tinta de alta qualidade. Imprima fotos e documentos com cores vivas e texto nítido.

Alertas de baixo nível de tinta ajudam a evitar que a tinta acabe em momentos inoportunos.

Os cartuchos são projetados para entregar cores vibrantes e texto claro.

- Rendimento Preto: 100 páginas

- Tecnologia de impressão: Jato de Tinta

- Capacidade: 2 ml

Impressoras Compatíveis:

- HP Deskjet Ink Advantage 2376

- HP Deskjet Ink Advantage 2776

- HP Deskjet Ink Advantage 6476",Marca: HP; Linha: Advantage; Modelo: HP 667 Colorido; Modelo alfanumérico: 3YM78AB; Tipo de cartucho: Original; Conteúdo total em volume: 2 mL; Cor da tinta: Colorida; Formato de venda: Unidade,Modelo detalhado: 3YM78AB; Tipo de tinta: À base de água; Rendimento de páginas: 100; É recarregável: Não,1206.0,85.74,1034,7.38,89,2.74,33,1.16,13,2.99,36,N/A,N/A,N/A,N/A,N/A,N/A,N/A,N/A,197.0,5,13 jul. 2024,Produto ótimo daniel instalação recomendo.,2,5,15 fev. 2025,"O produto é elogiado pela sua excelente qualidade e facilidade de instalação, funcionando perfeitamente para fins domésticos. Além disso, o suporte pósvenda é bem avaliado, tornando a experiência de compra satisfatória.",1,5,15 jun. 2024,Cartucho para uso corriqueiro.,1,5,04 nov. 2024,Muito muito obrigado excelente.,0,5,12 fev. 2025,Exelente produto sup indico.,0,5,01 nov. 2024,excelente,0,5,12 out. 2024,Só veio errado pedi preto veio colorido mas na precisão irei ficar com esse mesmo.,0,5,19 ago. 2024,excelente,0,5,15 jul. 2024,excelente,0,5,15 jul. 2024,Pouca tinta.,0,5,13 jun. 2025,"Produto original, funcionando perfeitamente.",0,5,28 mai. 2025,Bom.,0,5,27 mai. 2025,Muito bom.,0,5,27 mai. 2025,Produto de qualidade.,0,5,20 mai. 2025,Ótima.,0,4,15 mai. 2025,Bom de boa qualidade.,0,5,14 mai. 2025,Veio certo só comprei a numeração errada.,0,5,10 mai. 2025,"Excelente qualidade, original 👏👏👏.",0,5,09 mai. 2025,Adequado e de boa qualidade.,0,5,07 mai. 2025,Otimo.,0,5,02 mai. 2025,Excelente produto. Original. Recomendo!!!.,0,5,29 abr. 2025,Muito eficiente.,0,5,28 abr. 2025,Imprimiu bem.,0,5,28 abr. 2025,Otimo produto.,0,5,26 abr. 2025,Tudo certo.,0,5,22 abr. 2025,Produto bom.,0,4,20 abr. 2025,Otimo produto.,0,5,17 abr. 2025,Produto bom.,0,5,14 abr. 2025,Muito bom.,0,5,14 abr. 2025,Ainda não testei. Mas deve funcionar.,0,5,05 abr. 2025,Muito bom.,0,5,01 abr. 2025,"Nada demais, cartucho original.",0,5,01 abr. 2025,Muito bom.,0,5,29 mar. 2025,Muito boa.,0,5,26 mar. 2025,Sem palavras funciona.,0,5,26 mar. 2025,Ótimo.,0,5,23 mar. 2025,Serviu na minha impressora.,0,5,23 mar. 2025,Ainda não usei.,0,5,22 mar. 2025,Bom.,0,5,19 mar. 2025,Muito bom! respondeu a minha necessidade!.,0,5,19 mar. 2025,Produtos maravilhosos.,0,5,18 mar. 2025,"Muito bom as qualidades das impressões são ótimas, só que dura muito pouco fiz 25 impressões e acabou a tinta 🤦🏻‍♀️.",0,4,14 mar. 2025,Me atendeu porém acaba rápido.,0,5,13 mar. 2025,A tinta acabou rápido.,0,5,12 mar. 2025,Eu gostei ótima qualidade.,0,5,10 mar. 2025,Otimo produto.,0,5,08 mar. 2025,Muito bom mesmo obrigado.,0,5,04 mar. 2025,Atendeu minhas nessecidades.,0,5,03 mar. 2025,Muito bom inselente.,0,5,03 mar. 2025,Bom.,0,5,22 fev. 2025,Tudo certo¡ funcionou bem direitinho tá impressão colorida top.,0,5,21 fev. 2025,Muito bom porém fiquei com medo por que nunca comprei no mercado livre foi minha primeira compra mais amei o produto.,0,4,15 fev. 2025,"Produto bom , compatível com a impressora, funciona muito bem porém achei com preço mais em conta, fora isso eu recomendo a compra.",0,5,10 fev. 2025,Excelente super recomendo.,0,5,06 fev. 2025,Sao boms so n acaba tinta fácil.,0,4,06 fev. 2025,Ótimo produto e de fácil instalação.,0,5,04 fev. 2025,"Excelente produto, atendeu as expectativas.",0,5,03 fev. 2025,Ótimo preço e funciona perfeitamente.,0,5,25 jan. 2025,Perfeito!! produto de ótima qualidade.,0,5,15 jan. 2025,Atende ao que se propõe.,0,5,13 jan. 2025,Muito bom!!.,0,5,11 jan. 2025,Original.,0,5,10 jan. 2025,Ótimo.,0,5,09 jan. 2025,Ótimo produto.,0,5,02 jan. 2025,Produtos de qualidade.,0,5,24 dez. 2024,Bommm.,0,5,18 dez. 2024,Bom.,0,4,10 dez. 2024,Bom.,0,4,06 dez. 2024,"Comprei somente cartucho colorido, a impressora so funciona com os dois, colorido e preto e branco.",0,5,06 dez. 2024,"Adequada para a impressora, com boa qualidade.",0,5,05 dez. 2024,Já conheço há muito tempo. Produto de qualidade.,0,4,05 dez. 2024,Bom custo beneficio.,0,5,05 dez. 2024,Gostei muito da minha compra.,0,5,04 dez. 2024,Ótimo.,0,4,03 dez. 2024,Produto original hp.,0,5,03 dez. 2024,Original muito bom.,0,5,03 dez. 2024,"Elimprime cópias com boas qualidade, aconselho.",0,5,28 nov. 2024,Atende todas as necessidades.,0,5,25 nov. 2024,Cartuchos originais e de qualidade.,0,5,21 nov. 2024,Produto original.,0,4,20 nov. 2024,"Hp, indiscutível. Poderia ser de pelo menos 3 ml.",0,5,18 nov. 2024,Veio ok. Cartuchos originais.,0,5,14 nov. 2024,Não gostei.,0,5,13 nov. 2024,"Tenho dúvidas sobre esses cartuchos. A impressora reconheceu de imediato, mas sei que existem diferenças entre os cartuchos hp na origem de fabricação. No entanto, não há nada que desabone esses cartuchos. Atendem ao propósito.",0,5,10 nov. 2024,Ótimo e fácil de colocar.,0,5,10 nov. 2024,Excelente produto.,0,5,10 nov. 2024,Deu certinho.,0,5,08 nov. 2024,Ótimo cartucho!!!.,0,5,08 nov. 2024,Boa.,0,5,08 nov. 2024,Recomendo e o pós venda tbm nota 10.,0,5,08 nov. 2024,Recomendo a todos do ml.,0,5,06 nov. 2024,Produto de boa qualidade.,0,5,04 nov. 2024,Eu achei top.,0,5,02 nov. 2024,Bem sastifeito.,0,5,02 nov. 2024,"De boa qualidade, porém caro.",0,5,30 out. 2024,Acabei de instalar não sei qto tempo vai durar por isso não opinei.,0,5,30 out. 2024,Bom muito bom.,0,5,28 out. 2024,"O produto tem qualidade,está muito bom.",0,5,26 out. 2024,Ótima qualidade e de fácil instalação. Recomendo.,0,5,16 out. 2024,E original.,0,5,15 out. 2024,"Já usei outras vezes esse produto, então já esperava que a qualidade seria boa, é só uma pena que a tinta acaba rápido, mas como faço uso para fins domésticos, atende bem minhas necessidades.",0,5,15 out. 2024,Bom.,0,5,12 out. 2024,O correto para minha impressora.,0,4,11 out. 2024,muito bom,0,5,11 out. 2024,Produto bom e foi compativel com a minha impressora eu indico.,0,5,10 out. 2024,Top demais.,0,5,08 out. 2024,Muito bom ótima qualidade recomendo.,0,5,04 out. 2024,"Ok, bom produto.",0,4,02 out. 2024,"Produto original ho, qualidade é ótima mas o preço que é super salgado. Se utilizado muitas vezes ao mês irá comprar uma nova impressora a cada 2 meses ou menos pelo preço do cartucho….",0,5,28 set. 2024,"O produto é original, mas como vem pouca tinta, torna-se um pouco caro.",0,5,27 set. 2024,Tudo certo!.,0,5,26 set. 2024,10.,0,5,26 set. 2024,"Funcionou, mas vem pouca tinta. Pelo menos a colorida dura muito mais do que a preta 667 normal que acaba rápido.",0,5,25 set. 2024,"Excelente qualidade , e para que necessito ela me atende muito bem com excelente durabilidade.",0,5,20 set. 2024,Ótimo produto sempre compro.,0,5,20 set. 2024,Preço no mesmo valor da loja física.,0,5,19 set. 2024,Gostei!.,0,5,18 set. 2024,Ótimo prpduto.,0,5,14 set. 2024,A chegada foi rapida.,0,5,11 set. 2024,Funcionou perfeitamente.,0,5,10 set. 2024,Pouca tinta e muito preço.,0,4,09 set. 2024,Acabou a tinta muito rapido.,0,5,31 ago. 2024,E muito sensível e de pouca duração. Péssimo cartucho em matéria de custo benefício.,0,5,29 ago. 2024,"O produto é de qualidade, indiscutivelmente, no entanto, assim como ocorre com a munição fornecida a armas compradas de fabricantes estrangeiros, ela me parece cara e dura pouco. Mas é melhor do que danificar a impressora.",0,5,26 ago. 2024,Cumpre oq promete!.,0,5,19 ago. 2024,Produto original.,0,5,15 ago. 2024,Produto muito bom.,0,5,12 ago. 2024,Top.,0,5,03 ago. 2024,Atende ao que precisava.,0,5,01 ago. 2024,Ele dura bastante se você usar apenas para impressão de documentos e xerox de documentos se você tirar xerox ou imprimir fotos ele acaba bem rápido eu comprei apenas para usar na xerox então dura bastante.,0,5,28 jul. 2024,Produto original. Muito bom.,0,5,27 jul. 2024,Sempre compro pois o custo benefício é bem baixo.,0,5,25 jul. 2024,"Conheço o produto ainda não instalei, mas é ótimo.",0,5,21 jul. 2024,Excelente! cartuchos originais hp.,0,5,19 jul. 2024,Tenho comprado tintas hp pelo mercadolivre e sempre chega rápido e em perfeitas condições.,0,5,16 jul. 2024,"Nao dura nada. Pois a quantidade de paginas imprimivel depende da quantidade de percentual de impressao por pagina.
Original e com ótima coloração.",0,5,15 jul. 2024,Excellente.,0,5,12 jul. 2024,Produto original.,0,5,11 jul. 2024,Excelente.,0,5,09 jul. 2024,Bom.,0,4,06 jul. 2024,"Mostra a quantidade de impressão.
E nem imprimi 10 folha a tinta acaba 😏.",0,5,01 jul. 2024,Veio certinho.,0,4,26 jun. 2024,Bom produto.,0,5,25 jun. 2024,"Padrão igual aos outros tonners, vale a pena.",0,5,25 jun. 2024,Perfeito.,0,5,22 jun. 2024,Muito bom original.,0,5,17 jun. 2024,Ótimo.,0,5,15 jun. 2024,Muito bom produto. Recomendo!.,0,4,13 jun. 2024,Bom produto.,0,5,09 jun. 2024,Boa.,0,5,07 jun. 2024,Bom produto.,0,5,04 jun. 2024,Maravilhoso.,0,5,24 mai. 2024,Mto bom.,0,1,20 mai. 2025,A tinta acabou em menos de 15 min.,0,1,11 mar. 2025,"Comprei o cartucho a pouco tempo e já acabou , creio que não vem cheio , pois faço poucas impressões!.
O cartucho é caro e não compensa , melhor mandar encher do que comprar novo !!.",0,1,25 nov. 2024,Excelente.,0,1,08 set. 2024,O cartucho veio errado. Eu pedi 6667 e veio 662. Como faço pra corrigir tal erro?.,0,2,21 mai. 2025,Te pouca tinta não vale apena comprar pra.,0,2,19 mai. 2025,Não dura.,0,1,30 abr. 2025,"Comprei um cartucho hp2774 colorido veio seco,porem mw decepcionei.",0,3,08 abr. 2025,Bom.,0,1,02 abr. 2025,"Imprimir 3 folhas , somente 3 e acabou a tinta , horrível.",0,3,23 mar. 2025,Parece que vem pouca tinta.,0,1,20 mar. 2025,"Não é original é minha impressora recusou, perdi a data da minha atividade pois não consegui imprimir e fiquei sem nota.",0,3,20 mar. 2025,Bom.,0,3,19 mar. 2025,Acaba rápido dms infelizmente.,0,1,23 fev. 2025,Dinheiro perdido não funcionou levei a impressora 🖨️ na assistência técnica para ver se era problemas na impressora 🖨️ o técnico testou outros cartuchos e disse que era problemas no cartucho ou seja perdi meu dinheiro o cartucho apresentava problemas.,0,3,20 fev. 2025,"Normal, nada a acrescentar.",0,3,15 fev. 2025,Muito pouca tinta.,0,1,05 fev. 2025,"Nao tem cabimento, se eu consegui imprimir 10 folhas coloridas, foi muito! já acabou!.",0,3,30 jan. 2025,"Cartuchos hp são caríssimos, pela pouca qtde de tinta.",0,3,23 jan. 2025,Dura pouco.,0,1,23 jan. 2025,"Veio sem tinta coloquei 1 estrela pq não tem opção de não por.
Dinheiro jogado fora.",0,1,15 jan. 2025,Queria trocar pois comprei errado.,0,1,28 dez. 2024,"Nao recomendo. Minha impressora nao aceitou, alegando que não eram cartuchos originais. Infelizmente precisei comprar outros direto na loja da kalunga, e esses nao foram úteis.",0,1,08 dez. 2024,Não funcionou infelizmente foi dinheiro jogado fora!.,0,2,26 nov. 2024,Parece que o cartucho veio com pouca tinta só consegui imprimir 10 lembrancinha não recomendo joguei dinheiro fora.,0,3,23 nov. 2024,Boa peça.,0,3,21 nov. 2024,"As cores são boas, porém durou muito pouco, fiz poucas impressões e já acabou, e quando recarreguei não deu certo, não compensa muito.",0,1,09 nov. 2024,"Horrível, dura nada se vc deixar pouco tempo parada já seca o cartucho.",0,2,09 nov. 2024,Veio com menos da metade da tinta.,0,3,08 nov. 2024,Boa qualidade.,0,1,07 nov. 2024,"Nenhum cartucho não deu certo na impressora, acho que nem tinta tem 😢.",0,1,28 out. 2024,Pedi uma numeração mandou outra.,0,3,19 out. 2024,Pouca durabilidade.,0,1,01 out. 2024,"Tive que solicitar uma assistência técnica, pois depois de usar os cartuchos nenhuma impressão saía, até ser constatado que eles não são originais, por isso vem muito ressecados e não prestam.",0,3,28 set. 2024,"São bons, mas é muito caro para quantidade que imprime.",0,3,21 set. 2024,Só imprimindo para saber melhor.,0,3,20 set. 2024,"Bom, mas carissimo pela quantidade de tinta que contém.",0,1,11 set. 2024,Cinco cópias🫠.,0,1,03 set. 2024,Acaba muito rápido.,0,1,25 jul. 2024,Imprimiu somente 15 folhas no colorido.,0,1,23 jul. 2024,"Não funcionou, impressora não reconheceu só pisca !.",0,1,18 jul. 2024,"Comprei dois cartuchos coloridos e preto, a impressora não reconheceu nenhum, até achei que era problema dela mas sempre aparecia a mensagem de cartucho não original, quando colova o antigo ela reconhecia normal. Levei a impressora em uma assitencia constatou que o problema era no cartucho.",0,2,11 jul. 2024,Não gostei dos cartuchos a tinta ficou saindo na mão no papel fotográfico.,0,3,08 jul. 2024,Muito caro.,0,3,01 jun. 2024,Acabou com 60 impressões.,0,,,,,,,,,,,,,4.2,22.0,5.0,17.0,16.0,137.0
Cartucho de tinta preta HP Advantage 664 de 2 ml,"R$ 61,94",N/A,HP,N/A,https://www.mercadolivre.com.br/cartucho-de-tinta-preta-hp-advantage-664-de-2-ml/p/MLB36751629#polycard_client=search-nordic&searchVariation=MLB36751629&wid=MLB5294137512&position=9&search_layout=grid&type=product&tracking_id=55a851a6-af80-4409-841f-c2b3b5ecdad3&sid=search,MLB36751629,https://http2.mlstatic.com/D_Q_NP_2X_839674-MLU77930787613_072024-E.webp,N/A,Não,4.7,3358,"Imprima documentos do dia a dia com alta qualidade e a um preço acessível com cartuchos de tinta HP de baixo custo, projetados com proteção contra fraudes e alertas inteligentes de pouca tinta para oferecer desempenho sem preocupações e resultados consistentes com os quais você pode contar.

Impressão de cores consumíveis: Preto

Gota de tinta: 22 pl

Tipos de tinta: à base de pigmento

- Rendimento de páginas (preto e branco): 120 páginas

- Faixa de temperatura operacional de 15 a 32°C

- Temperatura de armazenamento: limites -40 a 60°C

- Umidade durante o armazenamento De 20 a 80% UR

Impressoras compatíveis: HP DeskJet 1110, HP DeskJet 1115, HP DeskJet 2130, HP DeskJet 2135, HP DeskJet 3630, HP ENVY 4520, HP OfficeJet 3830",Marca: HP; Linha: Advantage; Modelo: 664; Modelo alfanumérico: F6V29AL; Tipo de cartucho: Original; Conteúdo total em volume: 2 mL; Cor da tinta: Preto; Formato de venda: Unidade,Modelo detalhado: F6V29AB; Tipo de tinta: Preto; Rendimento de páginas: 100; É recarregável: Não,3358.0,86.63,2909,7.27,244,2.2,73,0.74,24,3.16,106,N/A,N/A,N/A,N/A,N/A,N/A,N/A,N/A,200.0,5,20 jul. 2024,Cartuchos de excelente qualidade.,4,4,25 mar. 2025,"Não consegui imprimir o que precisava. O cartucho preto não está funcionando. Retirei os lacres, como de costume, para encaixar na impressora. Não funcionou. Recoloquei ambos os cartuchos mas não consegui resolver o problema. A luz de indicação do cartucho preto pisca intermitentemente. Enfim, dois cartuchos novos e a impossibilidade de utilizar minha impressora. Gostaria de saber de existe a possibilidade de uma troca. Aguardo retorno e agradeço antecipadamente.",4,5,21 ago. 2024,O produto é bom mas não foi compatível com a minha impressora.,4,5,18 ago. 2024,Produto original.,3,5,06 abr. 2025,Durou menos do que eu esperava mas funciona pra o que eu preciso 😃.,2,5,20 ago. 2024,Ótimo!.,2,5,08 jul. 2024,"Por enquanto satisfeita com os cartuchos, minha impressora aceitou na hora e apareceu cheio, espero que dure bem, acredito que o preço é um pouco salgado, poderia ser mais em conta, mas se for oferecer serviço de qualidade vale a pena.",2,5,21 abr. 2025,"Os cartuchos de tinta originais são excelentes, mas, não descobri o motivo pelo qual os cartuchos de tinta originais para impressora são tão caros. O valor de dois cartuchos compram uma impressora nova.",1,4,21 jul. 2024,Só funcionou o preto.,1,5,03 jul. 2024,Tem muito rendimento.,1,5,02 jul. 2024,Material de excelente qualidade.,1,5,29 jun. 2024,Excelente.,1,5,28 jun. 2024,Incrivel.,1,5,24 jun. 2024,Ótima qualidade. Recomendo a compra.,1,5,17 jun. 2024,"O produto é, de fato, muito caro pelo número de cópias que produz, mas a qualidade é boa!.",1,5,10 nov. 2024,Muito bom. Com certeza vou comprar mais.,0,5,12 jun. 2025,excelente,0,5,03 jun. 2025,Produto original é de fácil instalação. Adorei e comprarei novamente!.,0,5,15 mai. 2025,Produto muito bom.,0,5,03 abr. 2025,"Top deu certinho em minha empresssora, ótima.",0,4,21 mar. 2025,"Viu testar ainda , espero não ter vindo com defeito.",0,5,20 mar. 2025,Tudo certo.,0,5,25 fev. 2025,Irei fazer o teste e voltarei aki pra diser.,0,5,23 fev. 2025,excelente,0,5,13 fev. 2025,excelente,0,5,28 jan. 2025,Excelente produto. Testado e aprovado. Obrigado.,0,5,22 jan. 2025,excelente,0,5,18 jan. 2025,excelente,0,5,15 jan. 2025,Muito bom.,0,5,13 jan. 2025,excelente,0,5,08 jan. 2025,"Obrigado, produto muito bom.",0,5,26 dez. 2024,"Veio em ótimos condições, retornarei a comprar!!!.",0,5,16 nov. 2024,Produto original e rende muito bem.,0,5,20 set. 2024,E um produto que uso sempre.,0,5,11 jul. 2024,excelente,0,5,16 jun. 2025,O produto é de muita qualidade.,0,5,15 jun. 2025,Mt facil de instalar qualidade mt boa.,0,5,13 jun. 2025,Excelente produto.,0,5,13 jun. 2025,Hp.,0,5,13 jun. 2025,Perfeito.,0,5,11 jun. 2025,"Show,pontualidade, fiel a foto,honestidade,super indico.",0,5,11 jun. 2025,"Os cartuchos nota 10 porém a minha impressora deu problema ao reconhecer os cartuchos. A hp 2676 se alguém tem interesse na compra da impressora leva os dois cartuchos grátis valor r$250,00.",0,5,11 jun. 2025,"O produto é original, mas minha impressora é que está com problema de reconhecer.",0,5,10 jun. 2025,Muito bom.,0,5,10 jun. 2025,Ótimo.,0,5,10 jun. 2025,"Bem, nem tem muito o que comentar. O produto segue o padrão de qualquer outra unidade deste cartucho que eu tenha comprado e foi perfeito para meu modelo de impressora. Recomendo.",0,5,10 jun. 2025,Produto de boa qualidade. Recomendo!.,0,5,09 jun. 2025,Ótimo produto recomendo.,0,5,08 jun. 2025,"Gostei ,comprarei mais.",0,5,07 jun. 2025,Muito bom!.,0,5,06 jun. 2025,Produto original. Muito bom.,0,5,06 jun. 2025,"Ficou muito bom ,agora comprei a colorido,comprei pq meu filho precisa pra imprimir as coisas da igreja e tbem boletos.",0,5,05 jun. 2025,Perfeito. Foi compatível com 2676. Reconheceu como carga completa.,0,4,05 jun. 2025,Top.,0,5,04 jun. 2025,Produto original de qualidade.,0,5,04 jun. 2025,Embora minha empresoura não seja econômica as tintas são boa sim.,0,5,01 jun. 2025,É muito bom.,0,4,31 mai. 2025,Perfeito.,0,5,30 mai. 2025,"Produto original ,funcionou bem.",0,5,30 mai. 2025,Ótimo.,0,5,29 mai. 2025,Muito bom.,0,5,28 mai. 2025,Boa qualidade.,0,4,28 mai. 2025,Produto de boa qualidade.,0,5,28 mai. 2025,Testado e aprovado.,0,5,28 mai. 2025,Dentro das especificações e com qualidade.,0,5,28 mai. 2025,Muito bom!.,0,5,27 mai. 2025,Excelente.,0,5,27 mai. 2025,Muito bom.,0,5,26 mai. 2025,Gostei muito.,0,5,25 mai. 2025,"Original, recomendo comprar.",0,5,24 mai. 2025,"Original, recomendo.",0,4,23 mai. 2025,Boa compra.,0,5,23 mai. 2025,"Caro, como todo cartucho hp!.
Mas é o que funciona na minha impressora!.",0,5,22 mai. 2025,Muito bom.,0,5,22 mai. 2025,Deu pra imprimir 200 folhas em rascunho.,0,5,22 mai. 2025,Otimo.,0,5,21 mai. 2025,Bom.,0,5,20 mai. 2025,Podem comprar sem medo.,0,5,20 mai. 2025,"A hp reconheceu os cartuchos, então são originais.
O preço está ótimo.
Ia comprar a xl mas, resolvi comprar dois kits destes que no final das contas vai render muito mais e por um preço abaixo do kit xl.",0,5,20 mai. 2025,Razoável.,0,5,18 mai. 2025,"Sempre uso essa marca.
Ela é econômica e durável.",0,5,17 mai. 2025,Recomendo.,0,5,16 mai. 2025,Muito bom.,0,5,16 mai. 2025,"Excelente produto, veio tudo bem certinho.",0,5,15 mai. 2025,Bom.,0,5,14 mai. 2025,Bom.,0,5,13 mai. 2025,É compatível com atinta original da hp.,0,5,13 mai. 2025,Ótimo.,0,5,12 mai. 2025,Gostei do produto é muito bom.,0,5,12 mai. 2025,Boa.,0,5,12 mai. 2025,Ótimo e rápido.,0,5,11 mai. 2025,Ótimo produto. Recomendo a compra.,0,5,11 mai. 2025,São originais muito bom.,0,5,09 mai. 2025,Muito educados e atenciosos!.,0,5,09 mai. 2025,Perfeito.,0,5,09 mai. 2025,Excelente.,0,5,09 mai. 2025,Top das galáxias.,0,5,08 mai. 2025,Cartucho original minha impressora 🖨️🖨️🖨️ reconheceu na hora 👏👏👏👏 nada a reclamar.,0,5,06 mai. 2025,Ótimo produto.,0,5,06 mai. 2025,Novo é sempre melhor! não sura quase nada kkk.,0,5,05 mai. 2025,"Sempre comprei esses cartuchos q são ótimos, eu recomendo.",0,5,05 mai. 2025,Otimo.,0,5,05 mai. 2025,Gostei.,0,5,05 mai. 2025,"Ótimo, funcionou perfeitamente na minha impressora.",0,5,05 mai. 2025,"Preço muito bom, pena que vem pouca tinta.",0,5,05 mai. 2025,"Preço muito bom, pena que vem pouca tinta.",0,5,03 mai. 2025,"Excelente.
Aconselho sempre comprar original.
Ótimo preço.",0,5,03 mai. 2025,"Intacto , sem violação, vou comprar novamente recomendo!.",0,4,02 mai. 2025,"A impressão até e boa,deu certo na minha impressora e não tive nenhum problema.",0,5,01 mai. 2025,Atende o que promete.,0,5,01 mai. 2025,Produto muito bom 👍.,0,5,30 abr. 2025,Bom.,0,5,30 abr. 2025,O produto é muito bom. Excelente qualidade.,0,5,30 abr. 2025,"Otimo item, recomendo.",0,5,30 abr. 2025,Dificil de achar as vezes a 664.,0,5,29 abr. 2025,Muito bons.,0,4,29 abr. 2025,"Boa tarde, infelizmente esse cartucho não é compatível com a minha impressora. A minha é o cartucho 662. Teria a possibilidade de uma troca?.",0,4,28 abr. 2025,Bom mas pouca quantidade.,0,5,27 abr. 2025,Ótimo produto.,0,5,27 abr. 2025,Muito bom.,0,5,27 abr. 2025,Alguns aspectos da avaliação não parecem adequados (velocidade de impressão). O importante é enfatizar que a quantidade da impressão é muito boa e que sua durabilidade adequada.,0,5,27 abr. 2025,Bom produto mas com valor muito alto. Não tem um bom custo benefício não.,0,5,26 abr. 2025,Produto bom.,0,5,26 abr. 2025,"Só o colorido que nao que pegou, porém o preto está funcionando perfeitamente.",0,5,22 abr. 2025,"Muito bom, já estou usando excelente.",0,5,22 abr. 2025,Bom.,0,5,22 abr. 2025,Top.,0,5,21 abr. 2025,Recomendo.,0,5,20 abr. 2025,Otimo.,0,5,19 abr. 2025,Bom produto.,0,4,19 abr. 2025,Excelente producto.,0,5,19 abr. 2025,Ótimo produto recomendo.,0,5,18 abr. 2025,Otimo.,0,5,17 abr. 2025,Bom.,0,5,17 abr. 2025,Excelente.,0,5,14 abr. 2025,"Produto de boa qualidade, poderia render mais copias.",0,5,14 abr. 2025,Bom.,0,5,13 abr. 2025,Funcionou perfeitamente. Recomendo.,0,5,13 abr. 2025,"Tem marca, aí fica fácil avaliar.",0,5,12 abr. 2025,Tudo certo.,0,5,11 abr. 2025,Chego tudo em ordem. Obrigado.,0,5,10 abr. 2025,"Cartuchos hp originais, dispensam comentários né!.",0,5,10 abr. 2025,Excelente.,0,5,10 abr. 2025,Otimo cartucho xl6644.,0,5,09 abr. 2025,Muito bom.,0,5,08 abr. 2025,Ótimo produto.,0,5,08 abr. 2025,Ótimo.,0,5,07 abr. 2025,Otimo.,0,5,07 abr. 2025,"Produto ótimo, original.",0,5,07 abr. 2025,Ótimo!.,0,5,07 abr. 2025,Muito bom !.,0,5,06 abr. 2025,"Produto de excelente qualidade, que tenho sempre à mão quando uso minha impressora.",0,5,05 abr. 2025,Ótimo.,0,4,04 abr. 2025,"Excelente , recomendo , original a impressora reconheceu na hora.",0,4,03 abr. 2025,"Espero que funcione, por um bom tempo!.",0,5,03 abr. 2025,Excelente.,0,5,03 abr. 2025,Ótima.,0,4,03 abr. 2025,Gostei do produto.,0,5,02 abr. 2025,"Produto caro demais para a curta durabilidade, comprado apenas para uso na impressora da marca.",0,5,02 abr. 2025,Ótimo.,0,5,31 mar. 2025,Bom.,0,4,30 mar. 2025,Produto de boa qualidade recomendo.,0,5,30 mar. 2025,Excelente.,0,4,30 mar. 2025,Bom.,0,5,30 mar. 2025,Produto bom.,0,5,30 mar. 2025,Produto bom.,0,5,30 mar. 2025,Produto dentro do esperado.,0,5,30 mar. 2025,Produto dentro do esperado.,0,5,29 mar. 2025,Bom.,0,5,27 mar. 2025,"Compro regularmente, pois uso muito a impressora!.",0,5,27 mar. 2025,Perfeito gosto muito recomendo.,0,5,27 mar. 2025,"Produto parecendo original e ótima qualidade. Já fiz algumas impressões e está ótimo. Não tenho como avaliar a durabilidade neste momento, pois ainda está em uso.",0,5,26 mar. 2025,Comprei errado. Depois de aberto não pude devolver. Pq a culpa foi minha. Não prestar atenção.,0,4,24 mar. 2025,Não foi reconhecido pela impressora.,0,5,24 mar. 2025,Tudo certo.,0,5,24 mar. 2025,Nota dez.,0,5,22 mar. 2025,"Produto original, excelente qualidade.",0,5,22 mar. 2025,Muito bom.,0,5,22 mar. 2025,Ótimo produto recomendo a todos.,0,5,22 mar. 2025,Cumpre a finalidade.,0,5,21 mar. 2025,Excellente.,0,5,20 mar. 2025,Ótimo. Recomendo.,0,4,19 mar. 2025,muito bom,0,5,19 mar. 2025,Ótimo.,0,5,19 mar. 2025,Otima.,0,4,18 mar. 2025,Muito bom.,0,4,18 mar. 2025,Veio o correto fácil de colocar.,0,5,18 mar. 2025,Bom produto.,0,5,18 mar. 2025,Otimo.,0,5,17 mar. 2025,"Instalei na impressora hp deskjet 2130, imprimi. A tinta é original de ótima qualidade.",0,5,16 mar. 2025,Bom.,0,5,16 mar. 2025,Excelente.,0,5,15 mar. 2025,Muito bom os produtos.,0,5,14 mar. 2025,Original.,0,5,13 mar. 2025,"Cartucho novo , muito bom !.",0,5,13 mar. 2025,"Demorei pq estava testando todos os produtos que comprei em detalhe, todos aprovados….",0,5,13 mar. 2025,Bom.,0,4,12 mar. 2025,Perfeito.,0,5,11 mar. 2025,Perfeita.,0,5,11 mar. 2025,Produto original. A impressora reconheceu na hora.,0,4.9,0.0,0.0,0.0,21.0,179.0
