id,titulo,link,preco,preco_original,desconto,vendedor,seller_id,reputation_level,power_seller_status,rating_medio,total_reviews,rating_5_estrelas,rating_4_estrelas,rating_3_estrelas,rating_2_estrelas,rating_1_estrela,tem_reviews,reviews_com_texto,reviews_com_imagens,avaliacoes_positivas,avaliacoes_negativas,avaliacoes_neutras,marca,condicao,descricao_produto,caracteristicas_principais,frete_gratis,shipping_mode,tempo_entrega,imagem_url,fotos_produto,product_id,sku,brand,data_coleta,tem_dados_detalhados,qualidade_extracao_detalhada,score_qualidade_detalhes,comentarios_reviews,total_comentarios,comentarios_positivos,comentarios_negativos,comentarios_com_imagens,comentario_mais_curtido,comentario_mais_recente,vendas_loja,vendas_produto,devolucao_gratis,compra_garantida,tempo_garantia,timestamp_extracao_detalhada,metodo_extracao_detalhada,tamanho_resposta_bytes,status_resposta_http,review_id,review_rating,review_title,review_comment,review_date,review_likes,review_has_images,review_has_comment,tipo_linha
MLB37141763,Cartucho De Tinta Hp 667 Cor Preto Do 2 Ml,https://www.mercadolivre.com.br/cartucho-de-tinta-hp-667-cor-preto-do-2-ml/p/MLB37141763#polycard_client=search-nordic&search_layout=grid&position=3&type=product&tracking_id=5cf0ad7f-50f7-44c6-8a2a-a66579bb354c&wid=MLB3713375243&sid=search,"R$ 63,90",N/A,,N/A,,,,4.93,0,93,7,0,0,0,False,0,0,100,0,0,N/A,Novo,,,True,,,https://http2.mlstatic.com/D_Q_NP_2X_886903-MLA87439311815_072025-E.webp,,,,,2025-09-29T13:05:44.242740,False,nao_realizada,0,"[1] 5⭐ - excelente: E um produto de qualidade,mas acho o cartucho muito caro pela quantidade de impressão,se eu soubesse antes teria pago mais caro em uma impressora in tank, seria mais proveitoso. (Data: , Likes: 35) | [2] 4⭐ - ótimo: A durabilidade é pequena, principalmente se levamos em consideração em seu custo. (Data: , Likes: 17) | [3] 4⭐ - muito bom: Bom porém deixa a desejar pelo tamanho se tira 20 coisa já acabou a tinta. (Data: , Likes: 5) | [4] 5⭐ - excelente: Eu estou muito satisfeito produto de ótima qualidade, fora o serviços do mercadolivre que são excelentes 👍. (Data: , Likes: 3) | [5] 5⭐ - excelente: Excelente. (Data: , Likes: 3) | [6] 5⭐ - excelente: Pouca tinta. (Data: , Likes: 2) | [7] 4⭐ - muito bom: 2ml é muito pouco … hp devia por mais tinta. (Data: , Likes: 2) | [8] 5⭐ - excelente: Pena que são apenas 2ml. (Data: , Likes: 2) | [9] 5⭐ - excelente: Ótimo produto. Já é a segunda vez que compro. Recomendo 🤝🏻. (Data: , Likes: 1) | [10] 5⭐ - excelente: Excelente material, muito bom.
Eu estava com um bom tempo sem usar essa impressora e o resultado foi esse na imagem.
Vou comprar o cartucho colorido agora. (Data: , Likes: 1)",74,74,0,63,"5⭐ - E um produto de qualidade,mas acho o cartucho muito caro pela quantidade de impressão,se eu soubesse... (Likes: 35)","5⭐ - E um produto de qualidade,mas acho o cartucho muito caro pela quantidade de impressão,se eu soubesse... (Data: )",,,,,,,nao_realizada,0,0,,,,,,,,,
MLB37141763,Cartucho De Tinta Hp 667 Cor Preto Do 2 Ml,https://www.mercadolivre.com.br/cartucho-de-tinta-hp-667-cor-preto-do-2-ml/p/MLB37141763#polycard_client=search-nordic&search_layout=grid&position=3&type=product&tracking_id=5cf0ad7f-50f7-44c6-8a2a-a66579bb354c&wid=MLB3713375243&sid=search,"R$ 63,90",N/A,,N/A,,,,4.93,0,93,7,0,0,0,False,0,0,100,0,0,N/A,Novo,,,True,,,https://http2.mlstatic.com/D_Q_NP_2X_886903-MLA87439311815_072025-E.webp,,,,,2025-09-29T13:05:44.242740,False,nao_realizada,0,"[1] 5⭐ - excelente: E um produto de qualidade,mas acho o cartucho muito caro pela quantidade de impressão,se eu soubesse antes teria pago mais caro em uma impressora in tank, seria mais proveitoso. (Data: , Likes: 35) | [2] 4⭐ - ótimo: A durabilidade é pequena, principalmente se levamos em consideração em seu custo. (Data: , Likes: 17) | [3] 4⭐ - muito bom: Bom porém deixa a desejar pelo tamanho se tira 20 coisa já acabou a tinta. (Data: , Likes: 5) | [4] 5⭐ - excelente: Eu estou muito satisfeito produto de ótima qualidade, fora o serviços do mercadolivre que são excelentes 👍. (Data: , Likes: 3) | [5] 5⭐ - excelente: Excelente. (Data: , Likes: 3) | [6] 5⭐ - excelente: Pouca tinta. (Data: , Likes: 2) | [7] 4⭐ - muito bom: 2ml é muito pouco … hp devia por mais tinta. (Data: , Likes: 2) | [8] 5⭐ - excelente: Pena que são apenas 2ml. (Data: , Likes: 2) | [9] 5⭐ - excelente: Ótimo produto. Já é a segunda vez que compro. Recomendo 🤝🏻. (Data: , Likes: 1) | [10] 5⭐ - excelente: Excelente material, muito bom.
Eu estava com um bom tempo sem usar essa impressora e o resultado foi esse na imagem.
Vou comprar o cartucho colorido agora. (Data: , Likes: 1)",74,74,0,63,"5⭐ - E um produto de qualidade,mas acho o cartucho muito caro pela quantidade de impressão,se eu soubesse... (Likes: 35)","5⭐ - E um produto de qualidade,mas acho o cartucho muito caro pela quantidade de impressão,se eu soubesse... (Data: )",,,,,,,nao_realizada,0,0,1370702032.0,5.0,excelente,"E um produto de qualidade,mas acho o cartucho muito caro pela quantidade de impressão,se eu soubesse antes teria pago mais caro em uma impressora in tank, seria mais proveitoso.",,35.0,False,True,review_individual
MLB37141763,Cartucho De Tinta Hp 667 Cor Preto Do 2 Ml,https://www.mercadolivre.com.br/cartucho-de-tinta-hp-667-cor-preto-do-2-ml/p/MLB37141763#polycard_client=search-nordic&search_layout=grid&position=3&type=product&tracking_id=5cf0ad7f-50f7-44c6-8a2a-a66579bb354c&wid=MLB3713375243&sid=search,"R$ 63,90",N/A,,N/A,,,,4.93,0,93,7,0,0,0,False,0,0,100,0,0,N/A,Novo,,,True,,,https://http2.mlstatic.com/D_Q_NP_2X_886903-MLA87439311815_072025-E.webp,,,,,2025-09-29T13:05:44.242740,False,nao_realizada,0,"[1] 5⭐ - excelente: E um produto de qualidade,mas acho o cartucho muito caro pela quantidade de impressão,se eu soubesse antes teria pago mais caro em uma impressora in tank, seria mais proveitoso. (Data: , Likes: 35) | [2] 4⭐ - ótimo: A durabilidade é pequena, principalmente se levamos em consideração em seu custo. (Data: , Likes: 17) | [3] 4⭐ - muito bom: Bom porém deixa a desejar pelo tamanho se tira 20 coisa já acabou a tinta. (Data: , Likes: 5) | [4] 5⭐ - excelente: Eu estou muito satisfeito produto de ótima qualidade, fora o serviços do mercadolivre que são excelentes 👍. (Data: , Likes: 3) | [5] 5⭐ - excelente: Excelente. (Data: , Likes: 3) | [6] 5⭐ - excelente: Pouca tinta. (Data: , Likes: 2) | [7] 4⭐ - muito bom: 2ml é muito pouco … hp devia por mais tinta. (Data: , Likes: 2) | [8] 5⭐ - excelente: Pena que são apenas 2ml. (Data: , Likes: 2) | [9] 5⭐ - excelente: Ótimo produto. Já é a segunda vez que compro. Recomendo 🤝🏻. (Data: , Likes: 1) | [10] 5⭐ - excelente: Excelente material, muito bom.
Eu estava com um bom tempo sem usar essa impressora e o resultado foi esse na imagem.
Vou comprar o cartucho colorido agora. (Data: , Likes: 1)",74,74,0,63,"5⭐ - E um produto de qualidade,mas acho o cartucho muito caro pela quantidade de impressão,se eu soubesse... (Likes: 35)","5⭐ - E um produto de qualidade,mas acho o cartucho muito caro pela quantidade de impressão,se eu soubesse... (Data: )",,,,,,,nao_realizada,0,0,1337697492.0,4.0,ótimo,"A durabilidade é pequena, principalmente se levamos em consideração em seu custo.",,17.0,False,True,review_individual
MLB37141763,Cartucho De Tinta Hp 667 Cor Preto Do 2 Ml,https://www.mercadolivre.com.br/cartucho-de-tinta-hp-667-cor-preto-do-2-ml/p/MLB37141763#polycard_client=search-nordic&search_layout=grid&position=3&type=product&tracking_id=5cf0ad7f-50f7-44c6-8a2a-a66579bb354c&wid=MLB3713375243&sid=search,"R$ 63,90",N/A,,N/A,,,,4.93,0,93,7,0,0,0,False,0,0,100,0,0,N/A,Novo,,,True,,,https://http2.mlstatic.com/D_Q_NP_2X_886903-MLA87439311815_072025-E.webp,,,,,2025-09-29T13:05:44.242740,False,nao_realizada,0,"[1] 5⭐ - excelente: E um produto de qualidade,mas acho o cartucho muito caro pela quantidade de impressão,se eu soubesse antes teria pago mais caro em uma impressora in tank, seria mais proveitoso. (Data: , Likes: 35) | [2] 4⭐ - ótimo: A durabilidade é pequena, principalmente se levamos em consideração em seu custo. (Data: , Likes: 17) | [3] 4⭐ - muito bom: Bom porém deixa a desejar pelo tamanho se tira 20 coisa já acabou a tinta. (Data: , Likes: 5) | [4] 5⭐ - excelente: Eu estou muito satisfeito produto de ótima qualidade, fora o serviços do mercadolivre que são excelentes 👍. (Data: , Likes: 3) | [5] 5⭐ - excelente: Excelente. (Data: , Likes: 3) | [6] 5⭐ - excelente: Pouca tinta. (Data: , Likes: 2) | [7] 4⭐ - muito bom: 2ml é muito pouco … hp devia por mais tinta. (Data: , Likes: 2) | [8] 5⭐ - excelente: Pena que são apenas 2ml. (Data: , Likes: 2) | [9] 5⭐ - excelente: Ótimo produto. Já é a segunda vez que compro. Recomendo 🤝🏻. (Data: , Likes: 1) | [10] 5⭐ - excelente: Excelente material, muito bom.
Eu estava com um bom tempo sem usar essa impressora e o resultado foi esse na imagem.
Vou comprar o cartucho colorido agora. (Data: , Likes: 1)",74,74,0,63,"5⭐ - E um produto de qualidade,mas acho o cartucho muito caro pela quantidade de impressão,se eu soubesse... (Likes: 35)","5⭐ - E um produto de qualidade,mas acho o cartucho muito caro pela quantidade de impressão,se eu soubesse... (Data: )",,,,,,,nao_realizada,0,0,1404531644.0,4.0,muito bom,Bom porém deixa a desejar pelo tamanho se tira 20 coisa já acabou a tinta.,,5.0,False,True,review_individual
MLB37141763,Cartucho De Tinta Hp 667 Cor Preto Do 2 Ml,https://www.mercadolivre.com.br/cartucho-de-tinta-hp-667-cor-preto-do-2-ml/p/MLB37141763#polycard_client=search-nordic&search_layout=grid&position=3&type=product&tracking_id=5cf0ad7f-50f7-44c6-8a2a-a66579bb354c&wid=MLB3713375243&sid=search,"R$ 63,90",N/A,,N/A,,,,4.93,0,93,7,0,0,0,False,0,0,100,0,0,N/A,Novo,,,True,,,https://http2.mlstatic.com/D_Q_NP_2X_886903-MLA87439311815_072025-E.webp,,,,,2025-09-29T13:05:44.242740,False,nao_realizada,0,"[1] 5⭐ - excelente: E um produto de qualidade,mas acho o cartucho muito caro pela quantidade de impressão,se eu soubesse antes teria pago mais caro em uma impressora in tank, seria mais proveitoso. (Data: , Likes: 35) | [2] 4⭐ - ótimo: A durabilidade é pequena, principalmente se levamos em consideração em seu custo. (Data: , Likes: 17) | [3] 4⭐ - muito bom: Bom porém deixa a desejar pelo tamanho se tira 20 coisa já acabou a tinta. (Data: , Likes: 5) | [4] 5⭐ - excelente: Eu estou muito satisfeito produto de ótima qualidade, fora o serviços do mercadolivre que são excelentes 👍. (Data: , Likes: 3) | [5] 5⭐ - excelente: Excelente. (Data: , Likes: 3) | [6] 5⭐ - excelente: Pouca tinta. (Data: , Likes: 2) | [7] 4⭐ - muito bom: 2ml é muito pouco … hp devia por mais tinta. (Data: , Likes: 2) | [8] 5⭐ - excelente: Pena que são apenas 2ml. (Data: , Likes: 2) | [9] 5⭐ - excelente: Ótimo produto. Já é a segunda vez que compro. Recomendo 🤝🏻. (Data: , Likes: 1) | [10] 5⭐ - excelente: Excelente material, muito bom.
Eu estava com um bom tempo sem usar essa impressora e o resultado foi esse na imagem.
Vou comprar o cartucho colorido agora. (Data: , Likes: 1)",74,74,0,63,"5⭐ - E um produto de qualidade,mas acho o cartucho muito caro pela quantidade de impressão,se eu soubesse... (Likes: 35)","5⭐ - E um produto de qualidade,mas acho o cartucho muito caro pela quantidade de impressão,se eu soubesse... (Data: )",,,,,,,nao_realizada,0,0,1485697521.0,5.0,excelente,"Eu estou muito satisfeito produto de ótima qualidade, fora o serviços do mercadolivre que são excelentes 👍.",,3.0,False,True,review_individual
MLB37141763,Cartucho De Tinta Hp 667 Cor Preto Do 2 Ml,https://www.mercadolivre.com.br/cartucho-de-tinta-hp-667-cor-preto-do-2-ml/p/MLB37141763#polycard_client=search-nordic&search_layout=grid&position=3&type=product&tracking_id=5cf0ad7f-50f7-44c6-8a2a-a66579bb354c&wid=MLB3713375243&sid=search,"R$ 63,90",N/A,,N/A,,,,4.93,0,93,7,0,0,0,False,0,0,100,0,0,N/A,Novo,,,True,,,https://http2.mlstatic.com/D_Q_NP_2X_886903-MLA87439311815_072025-E.webp,,,,,2025-09-29T13:05:44.242740,False,nao_realizada,0,"[1] 5⭐ - excelente: E um produto de qualidade,mas acho o cartucho muito caro pela quantidade de impressão,se eu soubesse antes teria pago mais caro em uma impressora in tank, seria mais proveitoso. (Data: , Likes: 35) | [2] 4⭐ - ótimo: A durabilidade é pequena, principalmente se levamos em consideração em seu custo. (Data: , Likes: 17) | [3] 4⭐ - muito bom: Bom porém deixa a desejar pelo tamanho se tira 20 coisa já acabou a tinta. (Data: , Likes: 5) | [4] 5⭐ - excelente: Eu estou muito satisfeito produto de ótima qualidade, fora o serviços do mercadolivre que são excelentes 👍. (Data: , Likes: 3) | [5] 5⭐ - excelente: Excelente. (Data: , Likes: 3) | [6] 5⭐ - excelente: Pouca tinta. (Data: , Likes: 2) | [7] 4⭐ - muito bom: 2ml é muito pouco … hp devia por mais tinta. (Data: , Likes: 2) | [8] 5⭐ - excelente: Pena que são apenas 2ml. (Data: , Likes: 2) | [9] 5⭐ - excelente: Ótimo produto. Já é a segunda vez que compro. Recomendo 🤝🏻. (Data: , Likes: 1) | [10] 5⭐ - excelente: Excelente material, muito bom.
Eu estava com um bom tempo sem usar essa impressora e o resultado foi esse na imagem.
Vou comprar o cartucho colorido agora. (Data: , Likes: 1)",74,74,0,63,"5⭐ - E um produto de qualidade,mas acho o cartucho muito caro pela quantidade de impressão,se eu soubesse... (Likes: 35)","5⭐ - E um produto de qualidade,mas acho o cartucho muito caro pela quantidade de impressão,se eu soubesse... (Data: )",,,,,,,nao_realizada,0,0,1419617274.0,5.0,excelente,Excelente.,,3.0,False,True,review_individual
MLB37141763,Cartucho De Tinta Hp 667 Cor Preto Do 2 Ml,https://www.mercadolivre.com.br/cartucho-de-tinta-hp-667-cor-preto-do-2-ml/p/MLB37141763#polycard_client=search-nordic&search_layout=grid&position=3&type=product&tracking_id=5cf0ad7f-50f7-44c6-8a2a-a66579bb354c&wid=MLB3713375243&sid=search,"R$ 63,90",N/A,,N/A,,,,4.93,0,93,7,0,0,0,False,0,0,100,0,0,N/A,Novo,,,True,,,https://http2.mlstatic.com/D_Q_NP_2X_886903-MLA87439311815_072025-E.webp,,,,,2025-09-29T13:05:44.242740,False,nao_realizada,0,"[1] 5⭐ - excelente: E um produto de qualidade,mas acho o cartucho muito caro pela quantidade de impressão,se eu soubesse antes teria pago mais caro em uma impressora in tank, seria mais proveitoso. (Data: , Likes: 35) | [2] 4⭐ - ótimo: A durabilidade é pequena, principalmente se levamos em consideração em seu custo. (Data: , Likes: 17) | [3] 4⭐ - muito bom: Bom porém deixa a desejar pelo tamanho se tira 20 coisa já acabou a tinta. (Data: , Likes: 5) | [4] 5⭐ - excelente: Eu estou muito satisfeito produto de ótima qualidade, fora o serviços do mercadolivre que são excelentes 👍. (Data: , Likes: 3) | [5] 5⭐ - excelente: Excelente. (Data: , Likes: 3) | [6] 5⭐ - excelente: Pouca tinta. (Data: , Likes: 2) | [7] 4⭐ - muito bom: 2ml é muito pouco … hp devia por mais tinta. (Data: , Likes: 2) | [8] 5⭐ - excelente: Pena que são apenas 2ml. (Data: , Likes: 2) | [9] 5⭐ - excelente: Ótimo produto. Já é a segunda vez que compro. Recomendo 🤝🏻. (Data: , Likes: 1) | [10] 5⭐ - excelente: Excelente material, muito bom.
Eu estava com um bom tempo sem usar essa impressora e o resultado foi esse na imagem.
Vou comprar o cartucho colorido agora. (Data: , Likes: 1)",74,74,0,63,"5⭐ - E um produto de qualidade,mas acho o cartucho muito caro pela quantidade de impressão,se eu soubesse... (Likes: 35)","5⭐ - E um produto de qualidade,mas acho o cartucho muito caro pela quantidade de impressão,se eu soubesse... (Data: )",,,,,,,nao_realizada,0,0,1332849355.0,5.0,excelente,Pouca tinta.,,2.0,True,True,review_individual
MLB37141763,Cartucho De Tinta Hp 667 Cor Preto Do 2 Ml,https://www.mercadolivre.com.br/cartucho-de-tinta-hp-667-cor-preto-do-2-ml/p/MLB37141763#polycard_client=search-nordic&search_layout=grid&position=3&type=product&tracking_id=5cf0ad7f-50f7-44c6-8a2a-a66579bb354c&wid=MLB3713375243&sid=search,"R$ 63,90",N/A,,N/A,,,,4.93,0,93,7,0,0,0,False,0,0,100,0,0,N/A,Novo,,,True,,,https://http2.mlstatic.com/D_Q_NP_2X_886903-MLA87439311815_072025-E.webp,,,,,2025-09-29T13:05:44.242740,False,nao_realizada,0,"[1] 5⭐ - excelente: E um produto de qualidade,mas acho o cartucho muito caro pela quantidade de impressão,se eu soubesse antes teria pago mais caro em uma impressora in tank, seria mais proveitoso. (Data: , Likes: 35) | [2] 4⭐ - ótimo: A durabilidade é pequena, principalmente se levamos em consideração em seu custo. (Data: , Likes: 17) | [3] 4⭐ - muito bom: Bom porém deixa a desejar pelo tamanho se tira 20 coisa já acabou a tinta. (Data: , Likes: 5) | [4] 5⭐ - excelente: Eu estou muito satisfeito produto de ótima qualidade, fora o serviços do mercadolivre que são excelentes 👍. (Data: , Likes: 3) | [5] 5⭐ - excelente: Excelente. (Data: , Likes: 3) | [6] 5⭐ - excelente: Pouca tinta. (Data: , Likes: 2) | [7] 4⭐ - muito bom: 2ml é muito pouco … hp devia por mais tinta. (Data: , Likes: 2) | [8] 5⭐ - excelente: Pena que são apenas 2ml. (Data: , Likes: 2) | [9] 5⭐ - excelente: Ótimo produto. Já é a segunda vez que compro. Recomendo 🤝🏻. (Data: , Likes: 1) | [10] 5⭐ - excelente: Excelente material, muito bom.
Eu estava com um bom tempo sem usar essa impressora e o resultado foi esse na imagem.
Vou comprar o cartucho colorido agora. (Data: , Likes: 1)",74,74,0,63,"5⭐ - E um produto de qualidade,mas acho o cartucho muito caro pela quantidade de impressão,se eu soubesse... (Likes: 35)","5⭐ - E um produto de qualidade,mas acho o cartucho muito caro pela quantidade de impressão,se eu soubesse... (Data: )",,,,,,,nao_realizada,0,0,2084691008.0,4.0,muito bom,2ml é muito pouco … hp devia por mais tinta.,,2.0,False,True,review_individual
MLB37141763,Cartucho De Tinta Hp 667 Cor Preto Do 2 Ml,https://www.mercadolivre.com.br/cartucho-de-tinta-hp-667-cor-preto-do-2-ml/p/MLB37141763#polycard_client=search-nordic&search_layout=grid&position=3&type=product&tracking_id=5cf0ad7f-50f7-44c6-8a2a-a66579bb354c&wid=MLB3713375243&sid=search,"R$ 63,90",N/A,,N/A,,,,4.93,0,93,7,0,0,0,False,0,0,100,0,0,N/A,Novo,,,True,,,https://http2.mlstatic.com/D_Q_NP_2X_886903-MLA87439311815_072025-E.webp,,,,,2025-09-29T13:05:44.242740,False,nao_realizada,0,"[1] 5⭐ - excelente: E um produto de qualidade,mas acho o cartucho muito caro pela quantidade de impressão,se eu soubesse antes teria pago mais caro em uma impressora in tank, seria mais proveitoso. (Data: , Likes: 35) | [2] 4⭐ - ótimo: A durabilidade é pequena, principalmente se levamos em consideração em seu custo. (Data: , Likes: 17) | [3] 4⭐ - muito bom: Bom porém deixa a desejar pelo tamanho se tira 20 coisa já acabou a tinta. (Data: , Likes: 5) | [4] 5⭐ - excelente: Eu estou muito satisfeito produto de ótima qualidade, fora o serviços do mercadolivre que são excelentes 👍. (Data: , Likes: 3) | [5] 5⭐ - excelente: Excelente. (Data: , Likes: 3) | [6] 5⭐ - excelente: Pouca tinta. (Data: , Likes: 2) | [7] 4⭐ - muito bom: 2ml é muito pouco … hp devia por mais tinta. (Data: , Likes: 2) | [8] 5⭐ - excelente: Pena que são apenas 2ml. (Data: , Likes: 2) | [9] 5⭐ - excelente: Ótimo produto. Já é a segunda vez que compro. Recomendo 🤝🏻. (Data: , Likes: 1) | [10] 5⭐ - excelente: Excelente material, muito bom.
Eu estava com um bom tempo sem usar essa impressora e o resultado foi esse na imagem.
Vou comprar o cartucho colorido agora. (Data: , Likes: 1)",74,74,0,63,"5⭐ - E um produto de qualidade,mas acho o cartucho muito caro pela quantidade de impressão,se eu soubesse... (Likes: 35)","5⭐ - E um produto de qualidade,mas acho o cartucho muito caro pela quantidade de impressão,se eu soubesse... (Data: )",,,,,,,nao_realizada,0,0,1367186864.0,5.0,excelente,Pena que são apenas 2ml.,,2.0,False,True,review_individual
MLB37141763,Cartucho De Tinta Hp 667 Cor Preto Do 2 Ml,https://www.mercadolivre.com.br/cartucho-de-tinta-hp-667-cor-preto-do-2-ml/p/MLB37141763#polycard_client=search-nordic&search_layout=grid&position=3&type=product&tracking_id=5cf0ad7f-50f7-44c6-8a2a-a66579bb354c&wid=MLB3713375243&sid=search,"R$ 63,90",N/A,,N/A,,,,4.93,0,93,7,0,0,0,False,0,0,100,0,0,N/A,Novo,,,True,,,https://http2.mlstatic.com/D_Q_NP_2X_886903-MLA87439311815_072025-E.webp,,,,,2025-09-29T13:05:44.242740,False,nao_realizada,0,"[1] 5⭐ - excelente: E um produto de qualidade,mas acho o cartucho muito caro pela quantidade de impressão,se eu soubesse antes teria pago mais caro em uma impressora in tank, seria mais proveitoso. (Data: , Likes: 35) | [2] 4⭐ - ótimo: A durabilidade é pequena, principalmente se levamos em consideração em seu custo. (Data: , Likes: 17) | [3] 4⭐ - muito bom: Bom porém deixa a desejar pelo tamanho se tira 20 coisa já acabou a tinta. (Data: , Likes: 5) | [4] 5⭐ - excelente: Eu estou muito satisfeito produto de ótima qualidade, fora o serviços do mercadolivre que são excelentes 👍. (Data: , Likes: 3) | [5] 5⭐ - excelente: Excelente. (Data: , Likes: 3) | [6] 5⭐ - excelente: Pouca tinta. (Data: , Likes: 2) | [7] 4⭐ - muito bom: 2ml é muito pouco … hp devia por mais tinta. (Data: , Likes: 2) | [8] 5⭐ - excelente: Pena que são apenas 2ml. (Data: , Likes: 2) | [9] 5⭐ - excelente: Ótimo produto. Já é a segunda vez que compro. Recomendo 🤝🏻. (Data: , Likes: 1) | [10] 5⭐ - excelente: Excelente material, muito bom.
Eu estava com um bom tempo sem usar essa impressora e o resultado foi esse na imagem.
Vou comprar o cartucho colorido agora. (Data: , Likes: 1)",74,74,0,63,"5⭐ - E um produto de qualidade,mas acho o cartucho muito caro pela quantidade de impressão,se eu soubesse... (Likes: 35)","5⭐ - E um produto de qualidade,mas acho o cartucho muito caro pela quantidade de impressão,se eu soubesse... (Data: )",,,,,,,nao_realizada,0,0,1920680382.0,5.0,excelente,,,1.0,True,False,review_individual
MLB37141763,Cartucho De Tinta Hp 667 Cor Preto Do 2 Ml,https://www.mercadolivre.com.br/cartucho-de-tinta-hp-667-cor-preto-do-2-ml/p/MLB37141763#polycard_client=search-nordic&search_layout=grid&position=3&type=product&tracking_id=5cf0ad7f-50f7-44c6-8a2a-a66579bb354c&wid=MLB3713375243&sid=search,"R$ 63,90",N/A,,N/A,,,,4.93,0,93,7,0,0,0,False,0,0,100,0,0,N/A,Novo,,,True,,,https://http2.mlstatic.com/D_Q_NP_2X_886903-MLA87439311815_072025-E.webp,,,,,2025-09-29T13:05:44.242740,False,nao_realizada,0,"[1] 5⭐ - excelente: E um produto de qualidade,mas acho o cartucho muito caro pela quantidade de impressão,se eu soubesse antes teria pago mais caro em uma impressora in tank, seria mais proveitoso. (Data: , Likes: 35) | [2] 4⭐ - ótimo: A durabilidade é pequena, principalmente se levamos em consideração em seu custo. (Data: , Likes: 17) | [3] 4⭐ - muito bom: Bom porém deixa a desejar pelo tamanho se tira 20 coisa já acabou a tinta. (Data: , Likes: 5) | [4] 5⭐ - excelente: Eu estou muito satisfeito produto de ótima qualidade, fora o serviços do mercadolivre que são excelentes 👍. (Data: , Likes: 3) | [5] 5⭐ - excelente: Excelente. (Data: , Likes: 3) | [6] 5⭐ - excelente: Pouca tinta. (Data: , Likes: 2) | [7] 4⭐ - muito bom: 2ml é muito pouco … hp devia por mais tinta. (Data: , Likes: 2) | [8] 5⭐ - excelente: Pena que são apenas 2ml. (Data: , Likes: 2) | [9] 5⭐ - excelente: Ótimo produto. Já é a segunda vez que compro. Recomendo 🤝🏻. (Data: , Likes: 1) | [10] 5⭐ - excelente: Excelente material, muito bom.
Eu estava com um bom tempo sem usar essa impressora e o resultado foi esse na imagem.
Vou comprar o cartucho colorido agora. (Data: , Likes: 1)",74,74,0,63,"5⭐ - E um produto de qualidade,mas acho o cartucho muito caro pela quantidade de impressão,se eu soubesse... (Likes: 35)","5⭐ - E um produto de qualidade,mas acho o cartucho muito caro pela quantidade de impressão,se eu soubesse... (Data: )",,,,,,,nao_realizada,0,0,2098291453.0,5.0,excelente,Ótimo produto. Já é a segunda vez que compro. Recomendo 🤝🏻.,,1.0,True,True,review_individual
MLB37141763,Cartucho De Tinta Hp 667 Cor Preto Do 2 Ml,https://www.mercadolivre.com.br/cartucho-de-tinta-hp-667-cor-preto-do-2-ml/p/MLB37141763#polycard_client=search-nordic&search_layout=grid&position=3&type=product&tracking_id=5cf0ad7f-50f7-44c6-8a2a-a66579bb354c&wid=MLB3713375243&sid=search,"R$ 63,90",N/A,,N/A,,,,4.93,0,93,7,0,0,0,False,0,0,100,0,0,N/A,Novo,,,True,,,https://http2.mlstatic.com/D_Q_NP_2X_886903-MLA87439311815_072025-E.webp,,,,,2025-09-29T13:05:44.242740,False,nao_realizada,0,"[1] 5⭐ - excelente: E um produto de qualidade,mas acho o cartucho muito caro pela quantidade de impressão,se eu soubesse antes teria pago mais caro em uma impressora in tank, seria mais proveitoso. (Data: , Likes: 35) | [2] 4⭐ - ótimo: A durabilidade é pequena, principalmente se levamos em consideração em seu custo. (Data: , Likes: 17) | [3] 4⭐ - muito bom: Bom porém deixa a desejar pelo tamanho se tira 20 coisa já acabou a tinta. (Data: , Likes: 5) | [4] 5⭐ - excelente: Eu estou muito satisfeito produto de ótima qualidade, fora o serviços do mercadolivre que são excelentes 👍. (Data: , Likes: 3) | [5] 5⭐ - excelente: Excelente. (Data: , Likes: 3) | [6] 5⭐ - excelente: Pouca tinta. (Data: , Likes: 2) | [7] 4⭐ - muito bom: 2ml é muito pouco … hp devia por mais tinta. (Data: , Likes: 2) | [8] 5⭐ - excelente: Pena que são apenas 2ml. (Data: , Likes: 2) | [9] 5⭐ - excelente: Ótimo produto. Já é a segunda vez que compro. Recomendo 🤝🏻. (Data: , Likes: 1) | [10] 5⭐ - excelente: Excelente material, muito bom.
Eu estava com um bom tempo sem usar essa impressora e o resultado foi esse na imagem.
Vou comprar o cartucho colorido agora. (Data: , Likes: 1)",74,74,0,63,"5⭐ - E um produto de qualidade,mas acho o cartucho muito caro pela quantidade de impressão,se eu soubesse... (Likes: 35)","5⭐ - E um produto de qualidade,mas acho o cartucho muito caro pela quantidade de impressão,se eu soubesse... (Data: )",,,,,,,nao_realizada,0,0,1832850909.0,5.0,excelente,"Excelente material, muito bom.
Eu estava com um bom tempo sem usar essa impressora e o resultado foi esse na imagem.
Vou comprar o cartucho colorido agora.",,1.0,True,True,review_individual
MLB37141763,Cartucho De Tinta Hp 667 Cor Preto Do 2 Ml,https://www.mercadolivre.com.br/cartucho-de-tinta-hp-667-cor-preto-do-2-ml/p/MLB37141763#polycard_client=search-nordic&search_layout=grid&position=3&type=product&tracking_id=5cf0ad7f-50f7-44c6-8a2a-a66579bb354c&wid=MLB3713375243&sid=search,"R$ 63,90",N/A,,N/A,,,,4.93,0,93,7,0,0,0,False,0,0,100,0,0,N/A,Novo,,,True,,,https://http2.mlstatic.com/D_Q_NP_2X_886903-MLA87439311815_072025-E.webp,,,,,2025-09-29T13:05:44.242740,False,nao_realizada,0,"[1] 5⭐ - excelente: E um produto de qualidade,mas acho o cartucho muito caro pela quantidade de impressão,se eu soubesse antes teria pago mais caro em uma impressora in tank, seria mais proveitoso. (Data: , Likes: 35) | [2] 4⭐ - ótimo: A durabilidade é pequena, principalmente se levamos em consideração em seu custo. (Data: , Likes: 17) | [3] 4⭐ - muito bom: Bom porém deixa a desejar pelo tamanho se tira 20 coisa já acabou a tinta. (Data: , Likes: 5) | [4] 5⭐ - excelente: Eu estou muito satisfeito produto de ótima qualidade, fora o serviços do mercadolivre que são excelentes 👍. (Data: , Likes: 3) | [5] 5⭐ - excelente: Excelente. (Data: , Likes: 3) | [6] 5⭐ - excelente: Pouca tinta. (Data: , Likes: 2) | [7] 4⭐ - muito bom: 2ml é muito pouco … hp devia por mais tinta. (Data: , Likes: 2) | [8] 5⭐ - excelente: Pena que são apenas 2ml. (Data: , Likes: 2) | [9] 5⭐ - excelente: Ótimo produto. Já é a segunda vez que compro. Recomendo 🤝🏻. (Data: , Likes: 1) | [10] 5⭐ - excelente: Excelente material, muito bom.
Eu estava com um bom tempo sem usar essa impressora e o resultado foi esse na imagem.
Vou comprar o cartucho colorido agora. (Data: , Likes: 1)",74,74,0,63,"5⭐ - E um produto de qualidade,mas acho o cartucho muito caro pela quantidade de impressão,se eu soubesse... (Likes: 35)","5⭐ - E um produto de qualidade,mas acho o cartucho muito caro pela quantidade de impressão,se eu soubesse... (Data: )",,,,,,,nao_realizada,0,0,1597546332.0,5.0,excelente,Produto original.,,1.0,True,True,review_individual
MLB37141763,Cartucho De Tinta Hp 667 Cor Preto Do 2 Ml,https://www.mercadolivre.com.br/cartucho-de-tinta-hp-667-cor-preto-do-2-ml/p/MLB37141763#polycard_client=search-nordic&search_layout=grid&position=3&type=product&tracking_id=5cf0ad7f-50f7-44c6-8a2a-a66579bb354c&wid=MLB3713375243&sid=search,"R$ 63,90",N/A,,N/A,,,,4.93,0,93,7,0,0,0,False,0,0,100,0,0,N/A,Novo,,,True,,,https://http2.mlstatic.com/D_Q_NP_2X_886903-MLA87439311815_072025-E.webp,,,,,2025-09-29T13:05:44.242740,False,nao_realizada,0,"[1] 5⭐ - excelente: E um produto de qualidade,mas acho o cartucho muito caro pela quantidade de impressão,se eu soubesse antes teria pago mais caro em uma impressora in tank, seria mais proveitoso. (Data: , Likes: 35) | [2] 4⭐ - ótimo: A durabilidade é pequena, principalmente se levamos em consideração em seu custo. (Data: , Likes: 17) | [3] 4⭐ - muito bom: Bom porém deixa a desejar pelo tamanho se tira 20 coisa já acabou a tinta. (Data: , Likes: 5) | [4] 5⭐ - excelente: Eu estou muito satisfeito produto de ótima qualidade, fora o serviços do mercadolivre que são excelentes 👍. (Data: , Likes: 3) | [5] 5⭐ - excelente: Excelente. (Data: , Likes: 3) | [6] 5⭐ - excelente: Pouca tinta. (Data: , Likes: 2) | [7] 4⭐ - muito bom: 2ml é muito pouco … hp devia por mais tinta. (Data: , Likes: 2) | [8] 5⭐ - excelente: Pena que são apenas 2ml. (Data: , Likes: 2) | [9] 5⭐ - excelente: Ótimo produto. Já é a segunda vez que compro. Recomendo 🤝🏻. (Data: , Likes: 1) | [10] 5⭐ - excelente: Excelente material, muito bom.
Eu estava com um bom tempo sem usar essa impressora e o resultado foi esse na imagem.
Vou comprar o cartucho colorido agora. (Data: , Likes: 1)",74,74,0,63,"5⭐ - E um produto de qualidade,mas acho o cartucho muito caro pela quantidade de impressão,se eu soubesse... (Likes: 35)","5⭐ - E um produto de qualidade,mas acho o cartucho muito caro pela quantidade de impressão,se eu soubesse... (Data: )",,,,,,,nao_realizada,0,0,1490073237.0,5.0,excelente,,,1.0,True,False,review_individual
MLB37141763,Cartucho De Tinta Hp 667 Cor Preto Do 2 Ml,https://www.mercadolivre.com.br/cartucho-de-tinta-hp-667-cor-preto-do-2-ml/p/MLB37141763#polycard_client=search-nordic&search_layout=grid&position=3&type=product&tracking_id=5cf0ad7f-50f7-44c6-8a2a-a66579bb354c&wid=MLB3713375243&sid=search,"R$ 63,90",N/A,,N/A,,,,4.93,0,93,7,0,0,0,False,0,0,100,0,0,N/A,Novo,,,True,,,https://http2.mlstatic.com/D_Q_NP_2X_886903-MLA87439311815_072025-E.webp,,,,,2025-09-29T13:05:44.242740,False,nao_realizada,0,"[1] 5⭐ - excelente: E um produto de qualidade,mas acho o cartucho muito caro pela quantidade de impressão,se eu soubesse antes teria pago mais caro em uma impressora in tank, seria mais proveitoso. (Data: , Likes: 35) | [2] 4⭐ - ótimo: A durabilidade é pequena, principalmente se levamos em consideração em seu custo. (Data: , Likes: 17) | [3] 4⭐ - muito bom: Bom porém deixa a desejar pelo tamanho se tira 20 coisa já acabou a tinta. (Data: , Likes: 5) | [4] 5⭐ - excelente: Eu estou muito satisfeito produto de ótima qualidade, fora o serviços do mercadolivre que são excelentes 👍. (Data: , Likes: 3) | [5] 5⭐ - excelente: Excelente. (Data: , Likes: 3) | [6] 5⭐ - excelente: Pouca tinta. (Data: , Likes: 2) | [7] 4⭐ - muito bom: 2ml é muito pouco … hp devia por mais tinta. (Data: , Likes: 2) | [8] 5⭐ - excelente: Pena que são apenas 2ml. (Data: , Likes: 2) | [9] 5⭐ - excelente: Ótimo produto. Já é a segunda vez que compro. Recomendo 🤝🏻. (Data: , Likes: 1) | [10] 5⭐ - excelente: Excelente material, muito bom.
Eu estava com um bom tempo sem usar essa impressora e o resultado foi esse na imagem.
Vou comprar o cartucho colorido agora. (Data: , Likes: 1)",74,74,0,63,"5⭐ - E um produto de qualidade,mas acho o cartucho muito caro pela quantidade de impressão,se eu soubesse... (Likes: 35)","5⭐ - E um produto de qualidade,mas acho o cartucho muito caro pela quantidade de impressão,se eu soubesse... (Data: )",,,,,,,nao_realizada,0,0,2039155586.0,5.0,excelente,Funcionou direitinho e sem travamentos. Instalação ok. Preço ok.,,1.0,False,True,review_individual
MLB37141763,Cartucho De Tinta Hp 667 Cor Preto Do 2 Ml,https://www.mercadolivre.com.br/cartucho-de-tinta-hp-667-cor-preto-do-2-ml/p/MLB37141763#polycard_client=search-nordic&search_layout=grid&position=3&type=product&tracking_id=5cf0ad7f-50f7-44c6-8a2a-a66579bb354c&wid=MLB3713375243&sid=search,"R$ 63,90",N/A,,N/A,,,,4.93,0,93,7,0,0,0,False,0,0,100,0,0,N/A,Novo,,,True,,,https://http2.mlstatic.com/D_Q_NP_2X_886903-MLA87439311815_072025-E.webp,,,,,2025-09-29T13:05:44.242740,False,nao_realizada,0,"[1] 5⭐ - excelente: E um produto de qualidade,mas acho o cartucho muito caro pela quantidade de impressão,se eu soubesse antes teria pago mais caro em uma impressora in tank, seria mais proveitoso. (Data: , Likes: 35) | [2] 4⭐ - ótimo: A durabilidade é pequena, principalmente se levamos em consideração em seu custo. (Data: , Likes: 17) | [3] 4⭐ - muito bom: Bom porém deixa a desejar pelo tamanho se tira 20 coisa já acabou a tinta. (Data: , Likes: 5) | [4] 5⭐ - excelente: Eu estou muito satisfeito produto de ótima qualidade, fora o serviços do mercadolivre que são excelentes 👍. (Data: , Likes: 3) | [5] 5⭐ - excelente: Excelente. (Data: , Likes: 3) | [6] 5⭐ - excelente: Pouca tinta. (Data: , Likes: 2) | [7] 4⭐ - muito bom: 2ml é muito pouco … hp devia por mais tinta. (Data: , Likes: 2) | [8] 5⭐ - excelente: Pena que são apenas 2ml. (Data: , Likes: 2) | [9] 5⭐ - excelente: Ótimo produto. Já é a segunda vez que compro. Recomendo 🤝🏻. (Data: , Likes: 1) | [10] 5⭐ - excelente: Excelente material, muito bom.
Eu estava com um bom tempo sem usar essa impressora e o resultado foi esse na imagem.
Vou comprar o cartucho colorido agora. (Data: , Likes: 1)",74,74,0,63,"5⭐ - E um produto de qualidade,mas acho o cartucho muito caro pela quantidade de impressão,se eu soubesse... (Likes: 35)","5⭐ - E um produto de qualidade,mas acho o cartucho muito caro pela quantidade de impressão,se eu soubesse... (Data: )",,,,,,,nao_realizada,0,0,1275348730.0,4.0,ótimo,"Preciso de mais tempo para avaliar o produto, principalmente no quesito durabilidade.",,1.0,False,True,review_individual
MLB37141763,Cartucho De Tinta Hp 667 Cor Preto Do 2 Ml,https://www.mercadolivre.com.br/cartucho-de-tinta-hp-667-cor-preto-do-2-ml/p/MLB37141763#polycard_client=search-nordic&search_layout=grid&position=3&type=product&tracking_id=5cf0ad7f-50f7-44c6-8a2a-a66579bb354c&wid=MLB3713375243&sid=search,"R$ 63,90",N/A,,N/A,,,,4.93,0,93,7,0,0,0,False,0,0,100,0,0,N/A,Novo,,,True,,,https://http2.mlstatic.com/D_Q_NP_2X_886903-MLA87439311815_072025-E.webp,,,,,2025-09-29T13:05:44.242740,False,nao_realizada,0,"[1] 5⭐ - excelente: E um produto de qualidade,mas acho o cartucho muito caro pela quantidade de impressão,se eu soubesse antes teria pago mais caro em uma impressora in tank, seria mais proveitoso. (Data: , Likes: 35) | [2] 4⭐ - ótimo: A durabilidade é pequena, principalmente se levamos em consideração em seu custo. (Data: , Likes: 17) | [3] 4⭐ - muito bom: Bom porém deixa a desejar pelo tamanho se tira 20 coisa já acabou a tinta. (Data: , Likes: 5) | [4] 5⭐ - excelente: Eu estou muito satisfeito produto de ótima qualidade, fora o serviços do mercadolivre que são excelentes 👍. (Data: , Likes: 3) | [5] 5⭐ - excelente: Excelente. (Data: , Likes: 3) | [6] 5⭐ - excelente: Pouca tinta. (Data: , Likes: 2) | [7] 4⭐ - muito bom: 2ml é muito pouco … hp devia por mais tinta. (Data: , Likes: 2) | [8] 5⭐ - excelente: Pena que são apenas 2ml. (Data: , Likes: 2) | [9] 5⭐ - excelente: Ótimo produto. Já é a segunda vez que compro. Recomendo 🤝🏻. (Data: , Likes: 1) | [10] 5⭐ - excelente: Excelente material, muito bom.
Eu estava com um bom tempo sem usar essa impressora e o resultado foi esse na imagem.
Vou comprar o cartucho colorido agora. (Data: , Likes: 1)",74,74,0,63,"5⭐ - E um produto de qualidade,mas acho o cartucho muito caro pela quantidade de impressão,se eu soubesse... (Likes: 35)","5⭐ - E um produto de qualidade,mas acho o cartucho muito caro pela quantidade de impressão,se eu soubesse... (Data: )",,,,,,,nao_realizada,0,0,1512393763.0,5.0,excelente,"Produto original, excelente.",,1.0,True,True,review_individual
MLB37141763,Cartucho De Tinta Hp 667 Cor Preto Do 2 Ml,https://www.mercadolivre.com.br/cartucho-de-tinta-hp-667-cor-preto-do-2-ml/p/MLB37141763#polycard_client=search-nordic&search_layout=grid&position=3&type=product&tracking_id=5cf0ad7f-50f7-44c6-8a2a-a66579bb354c&wid=MLB3713375243&sid=search,"R$ 63,90",N/A,,N/A,,,,4.93,0,93,7,0,0,0,False,0,0,100,0,0,N/A,Novo,,,True,,,https://http2.mlstatic.com/D_Q_NP_2X_886903-MLA87439311815_072025-E.webp,,,,,2025-09-29T13:05:44.242740,False,nao_realizada,0,"[1] 5⭐ - excelente: E um produto de qualidade,mas acho o cartucho muito caro pela quantidade de impressão,se eu soubesse antes teria pago mais caro em uma impressora in tank, seria mais proveitoso. (Data: , Likes: 35) | [2] 4⭐ - ótimo: A durabilidade é pequena, principalmente se levamos em consideração em seu custo. (Data: , Likes: 17) | [3] 4⭐ - muito bom: Bom porém deixa a desejar pelo tamanho se tira 20 coisa já acabou a tinta. (Data: , Likes: 5) | [4] 5⭐ - excelente: Eu estou muito satisfeito produto de ótima qualidade, fora o serviços do mercadolivre que são excelentes 👍. (Data: , Likes: 3) | [5] 5⭐ - excelente: Excelente. (Data: , Likes: 3) | [6] 5⭐ - excelente: Pouca tinta. (Data: , Likes: 2) | [7] 4⭐ - muito bom: 2ml é muito pouco … hp devia por mais tinta. (Data: , Likes: 2) | [8] 5⭐ - excelente: Pena que são apenas 2ml. (Data: , Likes: 2) | [9] 5⭐ - excelente: Ótimo produto. Já é a segunda vez que compro. Recomendo 🤝🏻. (Data: , Likes: 1) | [10] 5⭐ - excelente: Excelente material, muito bom.
Eu estava com um bom tempo sem usar essa impressora e o resultado foi esse na imagem.
Vou comprar o cartucho colorido agora. (Data: , Likes: 1)",74,74,0,63,"5⭐ - E um produto de qualidade,mas acho o cartucho muito caro pela quantidade de impressão,se eu soubesse... (Likes: 35)","5⭐ - E um produto de qualidade,mas acho o cartucho muito caro pela quantidade de impressão,se eu soubesse... (Data: )",,,,,,,nao_realizada,0,0,1334249521.0,5.0,excelente,Show.,,1.0,True,True,review_individual
MLB37141763,Cartucho De Tinta Hp 667 Cor Preto Do 2 Ml,https://www.mercadolivre.com.br/cartucho-de-tinta-hp-667-cor-preto-do-2-ml/p/MLB37141763#polycard_client=search-nordic&search_layout=grid&position=3&type=product&tracking_id=5cf0ad7f-50f7-44c6-8a2a-a66579bb354c&wid=MLB3713375243&sid=search,"R$ 63,90",N/A,,N/A,,,,4.93,0,93,7,0,0,0,False,0,0,100,0,0,N/A,Novo,,,True,,,https://http2.mlstatic.com/D_Q_NP_2X_886903-MLA87439311815_072025-E.webp,,,,,2025-09-29T13:05:44.242740,False,nao_realizada,0,"[1] 5⭐ - excelente: E um produto de qualidade,mas acho o cartucho muito caro pela quantidade de impressão,se eu soubesse antes teria pago mais caro em uma impressora in tank, seria mais proveitoso. (Data: , Likes: 35) | [2] 4⭐ - ótimo: A durabilidade é pequena, principalmente se levamos em consideração em seu custo. (Data: , Likes: 17) | [3] 4⭐ - muito bom: Bom porém deixa a desejar pelo tamanho se tira 20 coisa já acabou a tinta. (Data: , Likes: 5) | [4] 5⭐ - excelente: Eu estou muito satisfeito produto de ótima qualidade, fora o serviços do mercadolivre que são excelentes 👍. (Data: , Likes: 3) | [5] 5⭐ - excelente: Excelente. (Data: , Likes: 3) | [6] 5⭐ - excelente: Pouca tinta. (Data: , Likes: 2) | [7] 4⭐ - muito bom: 2ml é muito pouco … hp devia por mais tinta. (Data: , Likes: 2) | [8] 5⭐ - excelente: Pena que são apenas 2ml. (Data: , Likes: 2) | [9] 5⭐ - excelente: Ótimo produto. Já é a segunda vez que compro. Recomendo 🤝🏻. (Data: , Likes: 1) | [10] 5⭐ - excelente: Excelente material, muito bom.
Eu estava com um bom tempo sem usar essa impressora e o resultado foi esse na imagem.
Vou comprar o cartucho colorido agora. (Data: , Likes: 1)",74,74,0,63,"5⭐ - E um produto de qualidade,mas acho o cartucho muito caro pela quantidade de impressão,se eu soubesse... (Likes: 35)","5⭐ - E um produto de qualidade,mas acho o cartucho muito caro pela quantidade de impressão,se eu soubesse... (Data: )",,,,,,,nao_realizada,0,0,1255962693.0,5.0,excelente,Bom.,,1.0,False,True,review_individual
MLB37141763,Cartucho De Tinta Hp 667 Cor Preto Do 2 Ml,https://www.mercadolivre.com.br/cartucho-de-tinta-hp-667-cor-preto-do-2-ml/p/MLB37141763#polycard_client=search-nordic&search_layout=grid&position=3&type=product&tracking_id=5cf0ad7f-50f7-44c6-8a2a-a66579bb354c&wid=MLB3713375243&sid=search,"R$ 63,90",N/A,,N/A,,,,4.93,0,93,7,0,0,0,False,0,0,100,0,0,N/A,Novo,,,True,,,https://http2.mlstatic.com/D_Q_NP_2X_886903-MLA87439311815_072025-E.webp,,,,,2025-09-29T13:05:44.242740,False,nao_realizada,0,"[1] 5⭐ - excelente: E um produto de qualidade,mas acho o cartucho muito caro pela quantidade de impressão,se eu soubesse antes teria pago mais caro em uma impressora in tank, seria mais proveitoso. (Data: , Likes: 35) | [2] 4⭐ - ótimo: A durabilidade é pequena, principalmente se levamos em consideração em seu custo. (Data: , Likes: 17) | [3] 4⭐ - muito bom: Bom porém deixa a desejar pelo tamanho se tira 20 coisa já acabou a tinta. (Data: , Likes: 5) | [4] 5⭐ - excelente: Eu estou muito satisfeito produto de ótima qualidade, fora o serviços do mercadolivre que são excelentes 👍. (Data: , Likes: 3) | [5] 5⭐ - excelente: Excelente. (Data: , Likes: 3) | [6] 5⭐ - excelente: Pouca tinta. (Data: , Likes: 2) | [7] 4⭐ - muito bom: 2ml é muito pouco … hp devia por mais tinta. (Data: , Likes: 2) | [8] 5⭐ - excelente: Pena que são apenas 2ml. (Data: , Likes: 2) | [9] 5⭐ - excelente: Ótimo produto. Já é a segunda vez que compro. Recomendo 🤝🏻. (Data: , Likes: 1) | [10] 5⭐ - excelente: Excelente material, muito bom.
Eu estava com um bom tempo sem usar essa impressora e o resultado foi esse na imagem.
Vou comprar o cartucho colorido agora. (Data: , Likes: 1)",74,74,0,63,"5⭐ - E um produto de qualidade,mas acho o cartucho muito caro pela quantidade de impressão,se eu soubesse... (Likes: 35)","5⭐ - E um produto de qualidade,mas acho o cartucho muito caro pela quantidade de impressão,se eu soubesse... (Data: )",,,,,,,nao_realizada,0,0,1253981534.0,5.0,excelente,Hp dispensa comentários recomendo.,,1.0,False,True,review_individual
MLB37141763,Cartucho De Tinta Hp 667 Cor Preto Do 2 Ml,https://www.mercadolivre.com.br/cartucho-de-tinta-hp-667-cor-preto-do-2-ml/p/MLB37141763#polycard_client=search-nordic&search_layout=grid&position=3&type=product&tracking_id=5cf0ad7f-50f7-44c6-8a2a-a66579bb354c&wid=MLB3713375243&sid=search,"R$ 63,90",N/A,,N/A,,,,4.93,0,93,7,0,0,0,False,0,0,100,0,0,N/A,Novo,,,True,,,https://http2.mlstatic.com/D_Q_NP_2X_886903-MLA87439311815_072025-E.webp,,,,,2025-09-29T13:05:44.242740,False,nao_realizada,0,"[1] 5⭐ - excelente: E um produto de qualidade,mas acho o cartucho muito caro pela quantidade de impressão,se eu soubesse antes teria pago mais caro em uma impressora in tank, seria mais proveitoso. (Data: , Likes: 35) | [2] 4⭐ - ótimo: A durabilidade é pequena, principalmente se levamos em consideração em seu custo. (Data: , Likes: 17) | [3] 4⭐ - muito bom: Bom porém deixa a desejar pelo tamanho se tira 20 coisa já acabou a tinta. (Data: , Likes: 5) | [4] 5⭐ - excelente: Eu estou muito satisfeito produto de ótima qualidade, fora o serviços do mercadolivre que são excelentes 👍. (Data: , Likes: 3) | [5] 5⭐ - excelente: Excelente. (Data: , Likes: 3) | [6] 5⭐ - excelente: Pouca tinta. (Data: , Likes: 2) | [7] 4⭐ - muito bom: 2ml é muito pouco … hp devia por mais tinta. (Data: , Likes: 2) | [8] 5⭐ - excelente: Pena que são apenas 2ml. (Data: , Likes: 2) | [9] 5⭐ - excelente: Ótimo produto. Já é a segunda vez que compro. Recomendo 🤝🏻. (Data: , Likes: 1) | [10] 5⭐ - excelente: Excelente material, muito bom.
Eu estava com um bom tempo sem usar essa impressora e o resultado foi esse na imagem.
Vou comprar o cartucho colorido agora. (Data: , Likes: 1)",74,74,0,63,"5⭐ - E um produto de qualidade,mas acho o cartucho muito caro pela quantidade de impressão,se eu soubesse... (Likes: 35)","5⭐ - E um produto de qualidade,mas acho o cartucho muito caro pela quantidade de impressão,se eu soubesse... (Data: )",,,,,,,nao_realizada,0,0,1983515332.0,5.0,excelente,,,0.0,True,False,review_individual
MLB37141763,Cartucho De Tinta Hp 667 Cor Preto Do 2 Ml,https://www.mercadolivre.com.br/cartucho-de-tinta-hp-667-cor-preto-do-2-ml/p/MLB37141763#polycard_client=search-nordic&search_layout=grid&position=3&type=product&tracking_id=5cf0ad7f-50f7-44c6-8a2a-a66579bb354c&wid=MLB3713375243&sid=search,"R$ 63,90",N/A,,N/A,,,,4.93,0,93,7,0,0,0,False,0,0,100,0,0,N/A,Novo,,,True,,,https://http2.mlstatic.com/D_Q_NP_2X_886903-MLA87439311815_072025-E.webp,,,,,2025-09-29T13:05:44.242740,False,nao_realizada,0,"[1] 5⭐ - excelente: E um produto de qualidade,mas acho o cartucho muito caro pela quantidade de impressão,se eu soubesse antes teria pago mais caro em uma impressora in tank, seria mais proveitoso. (Data: , Likes: 35) | [2] 4⭐ - ótimo: A durabilidade é pequena, principalmente se levamos em consideração em seu custo. (Data: , Likes: 17) | [3] 4⭐ - muito bom: Bom porém deixa a desejar pelo tamanho se tira 20 coisa já acabou a tinta. (Data: , Likes: 5) | [4] 5⭐ - excelente: Eu estou muito satisfeito produto de ótima qualidade, fora o serviços do mercadolivre que são excelentes 👍. (Data: , Likes: 3) | [5] 5⭐ - excelente: Excelente. (Data: , Likes: 3) | [6] 5⭐ - excelente: Pouca tinta. (Data: , Likes: 2) | [7] 4⭐ - muito bom: 2ml é muito pouco … hp devia por mais tinta. (Data: , Likes: 2) | [8] 5⭐ - excelente: Pena que são apenas 2ml. (Data: , Likes: 2) | [9] 5⭐ - excelente: Ótimo produto. Já é a segunda vez que compro. Recomendo 🤝🏻. (Data: , Likes: 1) | [10] 5⭐ - excelente: Excelente material, muito bom.
Eu estava com um bom tempo sem usar essa impressora e o resultado foi esse na imagem.
Vou comprar o cartucho colorido agora. (Data: , Likes: 1)",74,74,0,63,"5⭐ - E um produto de qualidade,mas acho o cartucho muito caro pela quantidade de impressão,se eu soubesse... (Likes: 35)","5⭐ - E um produto de qualidade,mas acho o cartucho muito caro pela quantidade de impressão,se eu soubesse... (Data: )",,,,,,,nao_realizada,0,0,2336257483.0,5.0,excelente,Escaneio o qrcode. Leva certinho para o site da hp. Procuro original. Comprarei novamente.,,0.0,True,True,review_individual
MLB37141763,Cartucho De Tinta Hp 667 Cor Preto Do 2 Ml,https://www.mercadolivre.com.br/cartucho-de-tinta-hp-667-cor-preto-do-2-ml/p/MLB37141763#polycard_client=search-nordic&search_layout=grid&position=3&type=product&tracking_id=5cf0ad7f-50f7-44c6-8a2a-a66579bb354c&wid=MLB3713375243&sid=search,"R$ 63,90",N/A,,N/A,,,,4.93,0,93,7,0,0,0,False,0,0,100,0,0,N/A,Novo,,,True,,,https://http2.mlstatic.com/D_Q_NP_2X_886903-MLA87439311815_072025-E.webp,,,,,2025-09-29T13:05:44.242740,False,nao_realizada,0,"[1] 5⭐ - excelente: E um produto de qualidade,mas acho o cartucho muito caro pela quantidade de impressão,se eu soubesse antes teria pago mais caro em uma impressora in tank, seria mais proveitoso. (Data: , Likes: 35) | [2] 4⭐ - ótimo: A durabilidade é pequena, principalmente se levamos em consideração em seu custo. (Data: , Likes: 17) | [3] 4⭐ - muito bom: Bom porém deixa a desejar pelo tamanho se tira 20 coisa já acabou a tinta. (Data: , Likes: 5) | [4] 5⭐ - excelente: Eu estou muito satisfeito produto de ótima qualidade, fora o serviços do mercadolivre que são excelentes 👍. (Data: , Likes: 3) | [5] 5⭐ - excelente: Excelente. (Data: , Likes: 3) | [6] 5⭐ - excelente: Pouca tinta. (Data: , Likes: 2) | [7] 4⭐ - muito bom: 2ml é muito pouco … hp devia por mais tinta. (Data: , Likes: 2) | [8] 5⭐ - excelente: Pena que são apenas 2ml. (Data: , Likes: 2) | [9] 5⭐ - excelente: Ótimo produto. Já é a segunda vez que compro. Recomendo 🤝🏻. (Data: , Likes: 1) | [10] 5⭐ - excelente: Excelente material, muito bom.
Eu estava com um bom tempo sem usar essa impressora e o resultado foi esse na imagem.
Vou comprar o cartucho colorido agora. (Data: , Likes: 1)",74,74,0,63,"5⭐ - E um produto de qualidade,mas acho o cartucho muito caro pela quantidade de impressão,se eu soubesse... (Likes: 35)","5⭐ - E um produto de qualidade,mas acho o cartucho muito caro pela quantidade de impressão,se eu soubesse... (Data: )",,,,,,,nao_realizada,0,0,2291755824.0,5.0,excelente,,,0.0,True,False,review_individual
MLB37141763,Cartucho De Tinta Hp 667 Cor Preto Do 2 Ml,https://www.mercadolivre.com.br/cartucho-de-tinta-hp-667-cor-preto-do-2-ml/p/MLB37141763#polycard_client=search-nordic&search_layout=grid&position=3&type=product&tracking_id=5cf0ad7f-50f7-44c6-8a2a-a66579bb354c&wid=MLB3713375243&sid=search,"R$ 63,90",N/A,,N/A,,,,4.93,0,93,7,0,0,0,False,0,0,100,0,0,N/A,Novo,,,True,,,https://http2.mlstatic.com/D_Q_NP_2X_886903-MLA87439311815_072025-E.webp,,,,,2025-09-29T13:05:44.242740,False,nao_realizada,0,"[1] 5⭐ - excelente: E um produto de qualidade,mas acho o cartucho muito caro pela quantidade de impressão,se eu soubesse antes teria pago mais caro em uma impressora in tank, seria mais proveitoso. (Data: , Likes: 35) | [2] 4⭐ - ótimo: A durabilidade é pequena, principalmente se levamos em consideração em seu custo. (Data: , Likes: 17) | [3] 4⭐ - muito bom: Bom porém deixa a desejar pelo tamanho se tira 20 coisa já acabou a tinta. (Data: , Likes: 5) | [4] 5⭐ - excelente: Eu estou muito satisfeito produto de ótima qualidade, fora o serviços do mercadolivre que são excelentes 👍. (Data: , Likes: 3) | [5] 5⭐ - excelente: Excelente. (Data: , Likes: 3) | [6] 5⭐ - excelente: Pouca tinta. (Data: , Likes: 2) | [7] 4⭐ - muito bom: 2ml é muito pouco … hp devia por mais tinta. (Data: , Likes: 2) | [8] 5⭐ - excelente: Pena que são apenas 2ml. (Data: , Likes: 2) | [9] 5⭐ - excelente: Ótimo produto. Já é a segunda vez que compro. Recomendo 🤝🏻. (Data: , Likes: 1) | [10] 5⭐ - excelente: Excelente material, muito bom.
Eu estava com um bom tempo sem usar essa impressora e o resultado foi esse na imagem.
Vou comprar o cartucho colorido agora. (Data: , Likes: 1)",74,74,0,63,"5⭐ - E um produto de qualidade,mas acho o cartucho muito caro pela quantidade de impressão,se eu soubesse... (Likes: 35)","5⭐ - E um produto de qualidade,mas acho o cartucho muito caro pela quantidade de impressão,se eu soubesse... (Data: )",,,,,,,nao_realizada,0,0,2042464189.0,5.0,excelente,Produto original.,,0.0,True,True,review_individual
MLB37141763,Cartucho De Tinta Hp 667 Cor Preto Do 2 Ml,https://www.mercadolivre.com.br/cartucho-de-tinta-hp-667-cor-preto-do-2-ml/p/MLB37141763#polycard_client=search-nordic&search_layout=grid&position=3&type=product&tracking_id=5cf0ad7f-50f7-44c6-8a2a-a66579bb354c&wid=MLB3713375243&sid=search,"R$ 63,90",N/A,,N/A,,,,4.93,0,93,7,0,0,0,False,0,0,100,0,0,N/A,Novo,,,True,,,https://http2.mlstatic.com/D_Q_NP_2X_886903-MLA87439311815_072025-E.webp,,,,,2025-09-29T13:05:44.242740,False,nao_realizada,0,"[1] 5⭐ - excelente: E um produto de qualidade,mas acho o cartucho muito caro pela quantidade de impressão,se eu soubesse antes teria pago mais caro em uma impressora in tank, seria mais proveitoso. (Data: , Likes: 35) | [2] 4⭐ - ótimo: A durabilidade é pequena, principalmente se levamos em consideração em seu custo. (Data: , Likes: 17) | [3] 4⭐ - muito bom: Bom porém deixa a desejar pelo tamanho se tira 20 coisa já acabou a tinta. (Data: , Likes: 5) | [4] 5⭐ - excelente: Eu estou muito satisfeito produto de ótima qualidade, fora o serviços do mercadolivre que são excelentes 👍. (Data: , Likes: 3) | [5] 5⭐ - excelente: Excelente. (Data: , Likes: 3) | [6] 5⭐ - excelente: Pouca tinta. (Data: , Likes: 2) | [7] 4⭐ - muito bom: 2ml é muito pouco … hp devia por mais tinta. (Data: , Likes: 2) | [8] 5⭐ - excelente: Pena que são apenas 2ml. (Data: , Likes: 2) | [9] 5⭐ - excelente: Ótimo produto. Já é a segunda vez que compro. Recomendo 🤝🏻. (Data: , Likes: 1) | [10] 5⭐ - excelente: Excelente material, muito bom.
Eu estava com um bom tempo sem usar essa impressora e o resultado foi esse na imagem.
Vou comprar o cartucho colorido agora. (Data: , Likes: 1)",74,74,0,63,"5⭐ - E um produto de qualidade,mas acho o cartucho muito caro pela quantidade de impressão,se eu soubesse... (Likes: 35)","5⭐ - E um produto de qualidade,mas acho o cartucho muito caro pela quantidade de impressão,se eu soubesse... (Data: )",,,,,,,nao_realizada,0,0,1983083423.0,5.0,excelente,"O produto é original.
Custo/benefício ok.
Agora vou cuidar para saber quantas páginas vai imprimir.",,0.0,True,True,review_individual
MLB37141763,Cartucho De Tinta Hp 667 Cor Preto Do 2 Ml,https://www.mercadolivre.com.br/cartucho-de-tinta-hp-667-cor-preto-do-2-ml/p/MLB37141763#polycard_client=search-nordic&search_layout=grid&position=3&type=product&tracking_id=5cf0ad7f-50f7-44c6-8a2a-a66579bb354c&wid=MLB3713375243&sid=search,"R$ 63,90",N/A,,N/A,,,,4.93,0,93,7,0,0,0,False,0,0,100,0,0,N/A,Novo,,,True,,,https://http2.mlstatic.com/D_Q_NP_2X_886903-MLA87439311815_072025-E.webp,,,,,2025-09-29T13:05:44.242740,False,nao_realizada,0,"[1] 5⭐ - excelente: E um produto de qualidade,mas acho o cartucho muito caro pela quantidade de impressão,se eu soubesse antes teria pago mais caro em uma impressora in tank, seria mais proveitoso. (Data: , Likes: 35) | [2] 4⭐ - ótimo: A durabilidade é pequena, principalmente se levamos em consideração em seu custo. (Data: , Likes: 17) | [3] 4⭐ - muito bom: Bom porém deixa a desejar pelo tamanho se tira 20 coisa já acabou a tinta. (Data: , Likes: 5) | [4] 5⭐ - excelente: Eu estou muito satisfeito produto de ótima qualidade, fora o serviços do mercadolivre que são excelentes 👍. (Data: , Likes: 3) | [5] 5⭐ - excelente: Excelente. (Data: , Likes: 3) | [6] 5⭐ - excelente: Pouca tinta. (Data: , Likes: 2) | [7] 4⭐ - muito bom: 2ml é muito pouco … hp devia por mais tinta. (Data: , Likes: 2) | [8] 5⭐ - excelente: Pena que são apenas 2ml. (Data: , Likes: 2) | [9] 5⭐ - excelente: Ótimo produto. Já é a segunda vez que compro. Recomendo 🤝🏻. (Data: , Likes: 1) | [10] 5⭐ - excelente: Excelente material, muito bom.
Eu estava com um bom tempo sem usar essa impressora e o resultado foi esse na imagem.
Vou comprar o cartucho colorido agora. (Data: , Likes: 1)",74,74,0,63,"5⭐ - E um produto de qualidade,mas acho o cartucho muito caro pela quantidade de impressão,se eu soubesse... (Likes: 35)","5⭐ - E um produto de qualidade,mas acho o cartucho muito caro pela quantidade de impressão,se eu soubesse... (Data: )",,,,,,,nao_realizada,0,0,1586967927.0,5.0,excelente,,,0.0,True,False,review_individual
MLB37141763,Cartucho De Tinta Hp 667 Cor Preto Do 2 Ml,https://www.mercadolivre.com.br/cartucho-de-tinta-hp-667-cor-preto-do-2-ml/p/MLB37141763#polycard_client=search-nordic&search_layout=grid&position=3&type=product&tracking_id=5cf0ad7f-50f7-44c6-8a2a-a66579bb354c&wid=MLB3713375243&sid=search,"R$ 63,90",N/A,,N/A,,,,4.93,0,93,7,0,0,0,False,0,0,100,0,0,N/A,Novo,,,True,,,https://http2.mlstatic.com/D_Q_NP_2X_886903-MLA87439311815_072025-E.webp,,,,,2025-09-29T13:05:44.242740,False,nao_realizada,0,"[1] 5⭐ - excelente: E um produto de qualidade,mas acho o cartucho muito caro pela quantidade de impressão,se eu soubesse antes teria pago mais caro em uma impressora in tank, seria mais proveitoso. (Data: , Likes: 35) | [2] 4⭐ - ótimo: A durabilidade é pequena, principalmente se levamos em consideração em seu custo. (Data: , Likes: 17) | [3] 4⭐ - muito bom: Bom porém deixa a desejar pelo tamanho se tira 20 coisa já acabou a tinta. (Data: , Likes: 5) | [4] 5⭐ - excelente: Eu estou muito satisfeito produto de ótima qualidade, fora o serviços do mercadolivre que são excelentes 👍. (Data: , Likes: 3) | [5] 5⭐ - excelente: Excelente. (Data: , Likes: 3) | [6] 5⭐ - excelente: Pouca tinta. (Data: , Likes: 2) | [7] 4⭐ - muito bom: 2ml é muito pouco … hp devia por mais tinta. (Data: , Likes: 2) | [8] 5⭐ - excelente: Pena que são apenas 2ml. (Data: , Likes: 2) | [9] 5⭐ - excelente: Ótimo produto. Já é a segunda vez que compro. Recomendo 🤝🏻. (Data: , Likes: 1) | [10] 5⭐ - excelente: Excelente material, muito bom.
Eu estava com um bom tempo sem usar essa impressora e o resultado foi esse na imagem.
Vou comprar o cartucho colorido agora. (Data: , Likes: 1)",74,74,0,63,"5⭐ - E um produto de qualidade,mas acho o cartucho muito caro pela quantidade de impressão,se eu soubesse... (Likes: 35)","5⭐ - E um produto de qualidade,mas acho o cartucho muito caro pela quantidade de impressão,se eu soubesse... (Data: )",,,,,,,nao_realizada,0,0,1345757386.0,5.0,excelente,,,0.0,True,False,review_individual
MLB37141763,Cartucho De Tinta Hp 667 Cor Preto Do 2 Ml,https://www.mercadolivre.com.br/cartucho-de-tinta-hp-667-cor-preto-do-2-ml/p/MLB37141763#polycard_client=search-nordic&search_layout=grid&position=3&type=product&tracking_id=5cf0ad7f-50f7-44c6-8a2a-a66579bb354c&wid=MLB3713375243&sid=search,"R$ 63,90",N/A,,N/A,,,,4.93,0,93,7,0,0,0,False,0,0,100,0,0,N/A,Novo,,,True,,,https://http2.mlstatic.com/D_Q_NP_2X_886903-MLA87439311815_072025-E.webp,,,,,2025-09-29T13:05:44.242740,False,nao_realizada,0,"[1] 5⭐ - excelente: E um produto de qualidade,mas acho o cartucho muito caro pela quantidade de impressão,se eu soubesse antes teria pago mais caro em uma impressora in tank, seria mais proveitoso. (Data: , Likes: 35) | [2] 4⭐ - ótimo: A durabilidade é pequena, principalmente se levamos em consideração em seu custo. (Data: , Likes: 17) | [3] 4⭐ - muito bom: Bom porém deixa a desejar pelo tamanho se tira 20 coisa já acabou a tinta. (Data: , Likes: 5) | [4] 5⭐ - excelente: Eu estou muito satisfeito produto de ótima qualidade, fora o serviços do mercadolivre que são excelentes 👍. (Data: , Likes: 3) | [5] 5⭐ - excelente: Excelente. (Data: , Likes: 3) | [6] 5⭐ - excelente: Pouca tinta. (Data: , Likes: 2) | [7] 4⭐ - muito bom: 2ml é muito pouco … hp devia por mais tinta. (Data: , Likes: 2) | [8] 5⭐ - excelente: Pena que são apenas 2ml. (Data: , Likes: 2) | [9] 5⭐ - excelente: Ótimo produto. Já é a segunda vez que compro. Recomendo 🤝🏻. (Data: , Likes: 1) | [10] 5⭐ - excelente: Excelente material, muito bom.
Eu estava com um bom tempo sem usar essa impressora e o resultado foi esse na imagem.
Vou comprar o cartucho colorido agora. (Data: , Likes: 1)",74,74,0,63,"5⭐ - E um produto de qualidade,mas acho o cartucho muito caro pela quantidade de impressão,se eu soubesse... (Likes: 35)","5⭐ - E um produto de qualidade,mas acho o cartucho muito caro pela quantidade de impressão,se eu soubesse... (Data: )",,,,,,,nao_realizada,0,0,2362987700.0,5.0,excelente,Produto muito bom.,,0.0,True,True,review_individual
MLB37141763,Cartucho De Tinta Hp 667 Cor Preto Do 2 Ml,https://www.mercadolivre.com.br/cartucho-de-tinta-hp-667-cor-preto-do-2-ml/p/MLB37141763#polycard_client=search-nordic&search_layout=grid&position=3&type=product&tracking_id=5cf0ad7f-50f7-44c6-8a2a-a66579bb354c&wid=MLB3713375243&sid=search,"R$ 63,90",N/A,,N/A,,,,4.93,0,93,7,0,0,0,False,0,0,100,0,0,N/A,Novo,,,True,,,https://http2.mlstatic.com/D_Q_NP_2X_886903-MLA87439311815_072025-E.webp,,,,,2025-09-29T13:05:44.242740,False,nao_realizada,0,"[1] 5⭐ - excelente: E um produto de qualidade,mas acho o cartucho muito caro pela quantidade de impressão,se eu soubesse antes teria pago mais caro em uma impressora in tank, seria mais proveitoso. (Data: , Likes: 35) | [2] 4⭐ - ótimo: A durabilidade é pequena, principalmente se levamos em consideração em seu custo. (Data: , Likes: 17) | [3] 4⭐ - muito bom: Bom porém deixa a desejar pelo tamanho se tira 20 coisa já acabou a tinta. (Data: , Likes: 5) | [4] 5⭐ - excelente: Eu estou muito satisfeito produto de ótima qualidade, fora o serviços do mercadolivre que são excelentes 👍. (Data: , Likes: 3) | [5] 5⭐ - excelente: Excelente. (Data: , Likes: 3) | [6] 5⭐ - excelente: Pouca tinta. (Data: , Likes: 2) | [7] 4⭐ - muito bom: 2ml é muito pouco … hp devia por mais tinta. (Data: , Likes: 2) | [8] 5⭐ - excelente: Pena que são apenas 2ml. (Data: , Likes: 2) | [9] 5⭐ - excelente: Ótimo produto. Já é a segunda vez que compro. Recomendo 🤝🏻. (Data: , Likes: 1) | [10] 5⭐ - excelente: Excelente material, muito bom.
Eu estava com um bom tempo sem usar essa impressora e o resultado foi esse na imagem.
Vou comprar o cartucho colorido agora. (Data: , Likes: 1)",74,74,0,63,"5⭐ - E um produto de qualidade,mas acho o cartucho muito caro pela quantidade de impressão,se eu soubesse... (Likes: 35)","5⭐ - E um produto de qualidade,mas acho o cartucho muito caro pela quantidade de impressão,se eu soubesse... (Data: )",,,,,,,nao_realizada,0,0,2354482698.0,5.0,excelente,"Parabéns ,original amei pelo preço mais ainda.",,0.0,True,True,review_individual
MLB37141763,Cartucho De Tinta Hp 667 Cor Preto Do 2 Ml,https://www.mercadolivre.com.br/cartucho-de-tinta-hp-667-cor-preto-do-2-ml/p/MLB37141763#polycard_client=search-nordic&search_layout=grid&position=3&type=product&tracking_id=5cf0ad7f-50f7-44c6-8a2a-a66579bb354c&wid=MLB3713375243&sid=search,"R$ 63,90",N/A,,N/A,,,,4.93,0,93,7,0,0,0,False,0,0,100,0,0,N/A,Novo,,,True,,,https://http2.mlstatic.com/D_Q_NP_2X_886903-MLA87439311815_072025-E.webp,,,,,2025-09-29T13:05:44.242740,False,nao_realizada,0,"[1] 5⭐ - excelente: E um produto de qualidade,mas acho o cartucho muito caro pela quantidade de impressão,se eu soubesse antes teria pago mais caro em uma impressora in tank, seria mais proveitoso. (Data: , Likes: 35) | [2] 4⭐ - ótimo: A durabilidade é pequena, principalmente se levamos em consideração em seu custo. (Data: , Likes: 17) | [3] 4⭐ - muito bom: Bom porém deixa a desejar pelo tamanho se tira 20 coisa já acabou a tinta. (Data: , Likes: 5) | [4] 5⭐ - excelente: Eu estou muito satisfeito produto de ótima qualidade, fora o serviços do mercadolivre que são excelentes 👍. (Data: , Likes: 3) | [5] 5⭐ - excelente: Excelente. (Data: , Likes: 3) | [6] 5⭐ - excelente: Pouca tinta. (Data: , Likes: 2) | [7] 4⭐ - muito bom: 2ml é muito pouco … hp devia por mais tinta. (Data: , Likes: 2) | [8] 5⭐ - excelente: Pena que são apenas 2ml. (Data: , Likes: 2) | [9] 5⭐ - excelente: Ótimo produto. Já é a segunda vez que compro. Recomendo 🤝🏻. (Data: , Likes: 1) | [10] 5⭐ - excelente: Excelente material, muito bom.
Eu estava com um bom tempo sem usar essa impressora e o resultado foi esse na imagem.
Vou comprar o cartucho colorido agora. (Data: , Likes: 1)",74,74,0,63,"5⭐ - E um produto de qualidade,mas acho o cartucho muito caro pela quantidade de impressão,se eu soubesse... (Likes: 35)","5⭐ - E um produto de qualidade,mas acho o cartucho muito caro pela quantidade de impressão,se eu soubesse... (Data: )",,,,,,,nao_realizada,0,0,2345422300.0,5.0,excelente,Ótimo produto.,,0.0,True,True,review_individual
MLB37141763,Cartucho De Tinta Hp 667 Cor Preto Do 2 Ml,https://www.mercadolivre.com.br/cartucho-de-tinta-hp-667-cor-preto-do-2-ml/p/MLB37141763#polycard_client=search-nordic&search_layout=grid&position=3&type=product&tracking_id=5cf0ad7f-50f7-44c6-8a2a-a66579bb354c&wid=MLB3713375243&sid=search,"R$ 63,90",N/A,,N/A,,,,4.93,0,93,7,0,0,0,False,0,0,100,0,0,N/A,Novo,,,True,,,https://http2.mlstatic.com/D_Q_NP_2X_886903-MLA87439311815_072025-E.webp,,,,,2025-09-29T13:05:44.242740,False,nao_realizada,0,"[1] 5⭐ - excelente: E um produto de qualidade,mas acho o cartucho muito caro pela quantidade de impressão,se eu soubesse antes teria pago mais caro em uma impressora in tank, seria mais proveitoso. (Data: , Likes: 35) | [2] 4⭐ - ótimo: A durabilidade é pequena, principalmente se levamos em consideração em seu custo. (Data: , Likes: 17) | [3] 4⭐ - muito bom: Bom porém deixa a desejar pelo tamanho se tira 20 coisa já acabou a tinta. (Data: , Likes: 5) | [4] 5⭐ - excelente: Eu estou muito satisfeito produto de ótima qualidade, fora o serviços do mercadolivre que são excelentes 👍. (Data: , Likes: 3) | [5] 5⭐ - excelente: Excelente. (Data: , Likes: 3) | [6] 5⭐ - excelente: Pouca tinta. (Data: , Likes: 2) | [7] 4⭐ - muito bom: 2ml é muito pouco … hp devia por mais tinta. (Data: , Likes: 2) | [8] 5⭐ - excelente: Pena que são apenas 2ml. (Data: , Likes: 2) | [9] 5⭐ - excelente: Ótimo produto. Já é a segunda vez que compro. Recomendo 🤝🏻. (Data: , Likes: 1) | [10] 5⭐ - excelente: Excelente material, muito bom.
Eu estava com um bom tempo sem usar essa impressora e o resultado foi esse na imagem.
Vou comprar o cartucho colorido agora. (Data: , Likes: 1)",74,74,0,63,"5⭐ - E um produto de qualidade,mas acho o cartucho muito caro pela quantidade de impressão,se eu soubesse... (Likes: 35)","5⭐ - E um produto de qualidade,mas acho o cartucho muito caro pela quantidade de impressão,se eu soubesse... (Data: )",,,,,,,nao_realizada,0,0,2336903824.0,5.0,excelente,"Produto excelente, porém. Pelo valor deveria ter mais conteúdo, ou seja, pelo menos 4ml e não somente 2ml.",,0.0,True,True,review_individual
MLB37141763,Cartucho De Tinta Hp 667 Cor Preto Do 2 Ml,https://www.mercadolivre.com.br/cartucho-de-tinta-hp-667-cor-preto-do-2-ml/p/MLB37141763#polycard_client=search-nordic&search_layout=grid&position=3&type=product&tracking_id=5cf0ad7f-50f7-44c6-8a2a-a66579bb354c&wid=MLB3713375243&sid=search,"R$ 63,90",N/A,,N/A,,,,4.93,0,93,7,0,0,0,False,0,0,100,0,0,N/A,Novo,,,True,,,https://http2.mlstatic.com/D_Q_NP_2X_886903-MLA87439311815_072025-E.webp,,,,,2025-09-29T13:05:44.242740,False,nao_realizada,0,"[1] 5⭐ - excelente: E um produto de qualidade,mas acho o cartucho muito caro pela quantidade de impressão,se eu soubesse antes teria pago mais caro em uma impressora in tank, seria mais proveitoso. (Data: , Likes: 35) | [2] 4⭐ - ótimo: A durabilidade é pequena, principalmente se levamos em consideração em seu custo. (Data: , Likes: 17) | [3] 4⭐ - muito bom: Bom porém deixa a desejar pelo tamanho se tira 20 coisa já acabou a tinta. (Data: , Likes: 5) | [4] 5⭐ - excelente: Eu estou muito satisfeito produto de ótima qualidade, fora o serviços do mercadolivre que são excelentes 👍. (Data: , Likes: 3) | [5] 5⭐ - excelente: Excelente. (Data: , Likes: 3) | [6] 5⭐ - excelente: Pouca tinta. (Data: , Likes: 2) | [7] 4⭐ - muito bom: 2ml é muito pouco … hp devia por mais tinta. (Data: , Likes: 2) | [8] 5⭐ - excelente: Pena que são apenas 2ml. (Data: , Likes: 2) | [9] 5⭐ - excelente: Ótimo produto. Já é a segunda vez que compro. Recomendo 🤝🏻. (Data: , Likes: 1) | [10] 5⭐ - excelente: Excelente material, muito bom.
Eu estava com um bom tempo sem usar essa impressora e o resultado foi esse na imagem.
Vou comprar o cartucho colorido agora. (Data: , Likes: 1)",74,74,0,63,"5⭐ - E um produto de qualidade,mas acho o cartucho muito caro pela quantidade de impressão,se eu soubesse... (Likes: 35)","5⭐ - E um produto de qualidade,mas acho o cartucho muito caro pela quantidade de impressão,se eu soubesse... (Data: )",,,,,,,nao_realizada,0,0,2309605808.0,5.0,excelente,,,0.0,True,False,review_individual
MLB37141763,Cartucho De Tinta Hp 667 Cor Preto Do 2 Ml,https://www.mercadolivre.com.br/cartucho-de-tinta-hp-667-cor-preto-do-2-ml/p/MLB37141763#polycard_client=search-nordic&search_layout=grid&position=3&type=product&tracking_id=5cf0ad7f-50f7-44c6-8a2a-a66579bb354c&wid=MLB3713375243&sid=search,"R$ 63,90",N/A,,N/A,,,,4.93,0,93,7,0,0,0,False,0,0,100,0,0,N/A,Novo,,,True,,,https://http2.mlstatic.com/D_Q_NP_2X_886903-MLA87439311815_072025-E.webp,,,,,2025-09-29T13:05:44.242740,False,nao_realizada,0,"[1] 5⭐ - excelente: E um produto de qualidade,mas acho o cartucho muito caro pela quantidade de impressão,se eu soubesse antes teria pago mais caro em uma impressora in tank, seria mais proveitoso. (Data: , Likes: 35) | [2] 4⭐ - ótimo: A durabilidade é pequena, principalmente se levamos em consideração em seu custo. (Data: , Likes: 17) | [3] 4⭐ - muito bom: Bom porém deixa a desejar pelo tamanho se tira 20 coisa já acabou a tinta. (Data: , Likes: 5) | [4] 5⭐ - excelente: Eu estou muito satisfeito produto de ótima qualidade, fora o serviços do mercadolivre que são excelentes 👍. (Data: , Likes: 3) | [5] 5⭐ - excelente: Excelente. (Data: , Likes: 3) | [6] 5⭐ - excelente: Pouca tinta. (Data: , Likes: 2) | [7] 4⭐ - muito bom: 2ml é muito pouco … hp devia por mais tinta. (Data: , Likes: 2) | [8] 5⭐ - excelente: Pena que são apenas 2ml. (Data: , Likes: 2) | [9] 5⭐ - excelente: Ótimo produto. Já é a segunda vez que compro. Recomendo 🤝🏻. (Data: , Likes: 1) | [10] 5⭐ - excelente: Excelente material, muito bom.
Eu estava com um bom tempo sem usar essa impressora e o resultado foi esse na imagem.
Vou comprar o cartucho colorido agora. (Data: , Likes: 1)",74,74,0,63,"5⭐ - E um produto de qualidade,mas acho o cartucho muito caro pela quantidade de impressão,se eu soubesse... (Likes: 35)","5⭐ - E um produto de qualidade,mas acho o cartucho muito caro pela quantidade de impressão,se eu soubesse... (Data: )",,,,,,,nao_realizada,0,0,2289253095.0,5.0,excelente,"Cartucho original é sempre a melhor opção, como não uso com muita frequência os cartuchos duram muito,impressão excelente,preço acessível.",,0.0,True,True,review_individual
MLB37141763,Cartucho De Tinta Hp 667 Cor Preto Do 2 Ml,https://www.mercadolivre.com.br/cartucho-de-tinta-hp-667-cor-preto-do-2-ml/p/MLB37141763#polycard_client=search-nordic&search_layout=grid&position=3&type=product&tracking_id=5cf0ad7f-50f7-44c6-8a2a-a66579bb354c&wid=MLB3713375243&sid=search,"R$ 63,90",N/A,,N/A,,,,4.93,0,93,7,0,0,0,False,0,0,100,0,0,N/A,Novo,,,True,,,https://http2.mlstatic.com/D_Q_NP_2X_886903-MLA87439311815_072025-E.webp,,,,,2025-09-29T13:05:44.242740,False,nao_realizada,0,"[1] 5⭐ - excelente: E um produto de qualidade,mas acho o cartucho muito caro pela quantidade de impressão,se eu soubesse antes teria pago mais caro em uma impressora in tank, seria mais proveitoso. (Data: , Likes: 35) | [2] 4⭐ - ótimo: A durabilidade é pequena, principalmente se levamos em consideração em seu custo. (Data: , Likes: 17) | [3] 4⭐ - muito bom: Bom porém deixa a desejar pelo tamanho se tira 20 coisa já acabou a tinta. (Data: , Likes: 5) | [4] 5⭐ - excelente: Eu estou muito satisfeito produto de ótima qualidade, fora o serviços do mercadolivre que são excelentes 👍. (Data: , Likes: 3) | [5] 5⭐ - excelente: Excelente. (Data: , Likes: 3) | [6] 5⭐ - excelente: Pouca tinta. (Data: , Likes: 2) | [7] 4⭐ - muito bom: 2ml é muito pouco … hp devia por mais tinta. (Data: , Likes: 2) | [8] 5⭐ - excelente: Pena que são apenas 2ml. (Data: , Likes: 2) | [9] 5⭐ - excelente: Ótimo produto. Já é a segunda vez que compro. Recomendo 🤝🏻. (Data: , Likes: 1) | [10] 5⭐ - excelente: Excelente material, muito bom.
Eu estava com um bom tempo sem usar essa impressora e o resultado foi esse na imagem.
Vou comprar o cartucho colorido agora. (Data: , Likes: 1)",74,74,0,63,"5⭐ - E um produto de qualidade,mas acho o cartucho muito caro pela quantidade de impressão,se eu soubesse... (Likes: 35)","5⭐ - E um produto de qualidade,mas acho o cartucho muito caro pela quantidade de impressão,se eu soubesse... (Data: )",,,,,,,nao_realizada,0,0,2284257267.0,5.0,excelente,,,0.0,True,False,review_individual
MLB37141763,Cartucho De Tinta Hp 667 Cor Preto Do 2 Ml,https://www.mercadolivre.com.br/cartucho-de-tinta-hp-667-cor-preto-do-2-ml/p/MLB37141763#polycard_client=search-nordic&search_layout=grid&position=3&type=product&tracking_id=5cf0ad7f-50f7-44c6-8a2a-a66579bb354c&wid=MLB3713375243&sid=search,"R$ 63,90",N/A,,N/A,,,,4.93,0,93,7,0,0,0,False,0,0,100,0,0,N/A,Novo,,,True,,,https://http2.mlstatic.com/D_Q_NP_2X_886903-MLA87439311815_072025-E.webp,,,,,2025-09-29T13:05:44.242740,False,nao_realizada,0,"[1] 5⭐ - excelente: E um produto de qualidade,mas acho o cartucho muito caro pela quantidade de impressão,se eu soubesse antes teria pago mais caro em uma impressora in tank, seria mais proveitoso. (Data: , Likes: 35) | [2] 4⭐ - ótimo: A durabilidade é pequena, principalmente se levamos em consideração em seu custo. (Data: , Likes: 17) | [3] 4⭐ - muito bom: Bom porém deixa a desejar pelo tamanho se tira 20 coisa já acabou a tinta. (Data: , Likes: 5) | [4] 5⭐ - excelente: Eu estou muito satisfeito produto de ótima qualidade, fora o serviços do mercadolivre que são excelentes 👍. (Data: , Likes: 3) | [5] 5⭐ - excelente: Excelente. (Data: , Likes: 3) | [6] 5⭐ - excelente: Pouca tinta. (Data: , Likes: 2) | [7] 4⭐ - muito bom: 2ml é muito pouco … hp devia por mais tinta. (Data: , Likes: 2) | [8] 5⭐ - excelente: Pena que são apenas 2ml. (Data: , Likes: 2) | [9] 5⭐ - excelente: Ótimo produto. Já é a segunda vez que compro. Recomendo 🤝🏻. (Data: , Likes: 1) | [10] 5⭐ - excelente: Excelente material, muito bom.
Eu estava com um bom tempo sem usar essa impressora e o resultado foi esse na imagem.
Vou comprar o cartucho colorido agora. (Data: , Likes: 1)",74,74,0,63,"5⭐ - E um produto de qualidade,mas acho o cartucho muito caro pela quantidade de impressão,se eu soubesse... (Likes: 35)","5⭐ - E um produto de qualidade,mas acho o cartucho muito caro pela quantidade de impressão,se eu soubesse... (Data: )",,,,,,,nao_realizada,0,0,2279270513.0,4.0,muito bom,"Bem interessante e deu certo a instalação, achei estranho esses conectores com uma mancha dentro.",,0.0,True,True,review_individual
MLB37141763,Cartucho De Tinta Hp 667 Cor Preto Do 2 Ml,https://www.mercadolivre.com.br/cartucho-de-tinta-hp-667-cor-preto-do-2-ml/p/MLB37141763#polycard_client=search-nordic&search_layout=grid&position=3&type=product&tracking_id=5cf0ad7f-50f7-44c6-8a2a-a66579bb354c&wid=MLB3713375243&sid=search,"R$ 63,90",N/A,,N/A,,,,4.93,0,93,7,0,0,0,False,0,0,100,0,0,N/A,Novo,,,True,,,https://http2.mlstatic.com/D_Q_NP_2X_886903-MLA87439311815_072025-E.webp,,,,,2025-09-29T13:05:44.242740,False,nao_realizada,0,"[1] 5⭐ - excelente: E um produto de qualidade,mas acho o cartucho muito caro pela quantidade de impressão,se eu soubesse antes teria pago mais caro em uma impressora in tank, seria mais proveitoso. (Data: , Likes: 35) | [2] 4⭐ - ótimo: A durabilidade é pequena, principalmente se levamos em consideração em seu custo. (Data: , Likes: 17) | [3] 4⭐ - muito bom: Bom porém deixa a desejar pelo tamanho se tira 20 coisa já acabou a tinta. (Data: , Likes: 5) | [4] 5⭐ - excelente: Eu estou muito satisfeito produto de ótima qualidade, fora o serviços do mercadolivre que são excelentes 👍. (Data: , Likes: 3) | [5] 5⭐ - excelente: Excelente. (Data: , Likes: 3) | [6] 5⭐ - excelente: Pouca tinta. (Data: , Likes: 2) | [7] 4⭐ - muito bom: 2ml é muito pouco … hp devia por mais tinta. (Data: , Likes: 2) | [8] 5⭐ - excelente: Pena que são apenas 2ml. (Data: , Likes: 2) | [9] 5⭐ - excelente: Ótimo produto. Já é a segunda vez que compro. Recomendo 🤝🏻. (Data: , Likes: 1) | [10] 5⭐ - excelente: Excelente material, muito bom.
Eu estava com um bom tempo sem usar essa impressora e o resultado foi esse na imagem.
Vou comprar o cartucho colorido agora. (Data: , Likes: 1)",74,74,0,63,"5⭐ - E um produto de qualidade,mas acho o cartucho muito caro pela quantidade de impressão,se eu soubesse... (Likes: 35)","5⭐ - E um produto de qualidade,mas acho o cartucho muito caro pela quantidade de impressão,se eu soubesse... (Data: )",,,,,,,nao_realizada,0,0,2281151506.0,5.0,excelente,"Ótima qualidade, dentro do esperado. Utilizo para imprimir a papelaria do meu ateliê.",,0.0,True,True,review_individual
MLB37141763,Cartucho De Tinta Hp 667 Cor Preto Do 2 Ml,https://www.mercadolivre.com.br/cartucho-de-tinta-hp-667-cor-preto-do-2-ml/p/MLB37141763#polycard_client=search-nordic&search_layout=grid&position=3&type=product&tracking_id=5cf0ad7f-50f7-44c6-8a2a-a66579bb354c&wid=MLB3713375243&sid=search,"R$ 63,90",N/A,,N/A,,,,4.93,0,93,7,0,0,0,False,0,0,100,0,0,N/A,Novo,,,True,,,https://http2.mlstatic.com/D_Q_NP_2X_886903-MLA87439311815_072025-E.webp,,,,,2025-09-29T13:05:44.242740,False,nao_realizada,0,"[1] 5⭐ - excelente: E um produto de qualidade,mas acho o cartucho muito caro pela quantidade de impressão,se eu soubesse antes teria pago mais caro em uma impressora in tank, seria mais proveitoso. (Data: , Likes: 35) | [2] 4⭐ - ótimo: A durabilidade é pequena, principalmente se levamos em consideração em seu custo. (Data: , Likes: 17) | [3] 4⭐ - muito bom: Bom porém deixa a desejar pelo tamanho se tira 20 coisa já acabou a tinta. (Data: , Likes: 5) | [4] 5⭐ - excelente: Eu estou muito satisfeito produto de ótima qualidade, fora o serviços do mercadolivre que são excelentes 👍. (Data: , Likes: 3) | [5] 5⭐ - excelente: Excelente. (Data: , Likes: 3) | [6] 5⭐ - excelente: Pouca tinta. (Data: , Likes: 2) | [7] 4⭐ - muito bom: 2ml é muito pouco … hp devia por mais tinta. (Data: , Likes: 2) | [8] 5⭐ - excelente: Pena que são apenas 2ml. (Data: , Likes: 2) | [9] 5⭐ - excelente: Ótimo produto. Já é a segunda vez que compro. Recomendo 🤝🏻. (Data: , Likes: 1) | [10] 5⭐ - excelente: Excelente material, muito bom.
Eu estava com um bom tempo sem usar essa impressora e o resultado foi esse na imagem.
Vou comprar o cartucho colorido agora. (Data: , Likes: 1)",74,74,0,63,"5⭐ - E um produto de qualidade,mas acho o cartucho muito caro pela quantidade de impressão,se eu soubesse... (Likes: 35)","5⭐ - E um produto de qualidade,mas acho o cartucho muito caro pela quantidade de impressão,se eu soubesse... (Data: )",,,,,,,nao_realizada,0,0,2272457022.0,5.0,excelente,,,0.0,True,False,review_individual
MLB37141763,Cartucho De Tinta Hp 667 Cor Preto Do 2 Ml,https://www.mercadolivre.com.br/cartucho-de-tinta-hp-667-cor-preto-do-2-ml/p/MLB37141763#polycard_client=search-nordic&search_layout=grid&position=3&type=product&tracking_id=5cf0ad7f-50f7-44c6-8a2a-a66579bb354c&wid=MLB3713375243&sid=search,"R$ 63,90",N/A,,N/A,,,,4.93,0,93,7,0,0,0,False,0,0,100,0,0,N/A,Novo,,,True,,,https://http2.mlstatic.com/D_Q_NP_2X_886903-MLA87439311815_072025-E.webp,,,,,2025-09-29T13:05:44.242740,False,nao_realizada,0,"[1] 5⭐ - excelente: E um produto de qualidade,mas acho o cartucho muito caro pela quantidade de impressão,se eu soubesse antes teria pago mais caro em uma impressora in tank, seria mais proveitoso. (Data: , Likes: 35) | [2] 4⭐ - ótimo: A durabilidade é pequena, principalmente se levamos em consideração em seu custo. (Data: , Likes: 17) | [3] 4⭐ - muito bom: Bom porém deixa a desejar pelo tamanho se tira 20 coisa já acabou a tinta. (Data: , Likes: 5) | [4] 5⭐ - excelente: Eu estou muito satisfeito produto de ótima qualidade, fora o serviços do mercadolivre que são excelentes 👍. (Data: , Likes: 3) | [5] 5⭐ - excelente: Excelente. (Data: , Likes: 3) | [6] 5⭐ - excelente: Pouca tinta. (Data: , Likes: 2) | [7] 4⭐ - muito bom: 2ml é muito pouco … hp devia por mais tinta. (Data: , Likes: 2) | [8] 5⭐ - excelente: Pena que são apenas 2ml. (Data: , Likes: 2) | [9] 5⭐ - excelente: Ótimo produto. Já é a segunda vez que compro. Recomendo 🤝🏻. (Data: , Likes: 1) | [10] 5⭐ - excelente: Excelente material, muito bom.
Eu estava com um bom tempo sem usar essa impressora e o resultado foi esse na imagem.
Vou comprar o cartucho colorido agora. (Data: , Likes: 1)",74,74,0,63,"5⭐ - E um produto de qualidade,mas acho o cartucho muito caro pela quantidade de impressão,se eu soubesse... (Likes: 35)","5⭐ - E um produto de qualidade,mas acho o cartucho muito caro pela quantidade de impressão,se eu soubesse... (Data: )",,,,,,,nao_realizada,0,0,2253863296.0,5.0,excelente,,,0.0,True,False,review_individual
MLB37141763,Cartucho De Tinta Hp 667 Cor Preto Do 2 Ml,https://www.mercadolivre.com.br/cartucho-de-tinta-hp-667-cor-preto-do-2-ml/p/MLB37141763#polycard_client=search-nordic&search_layout=grid&position=3&type=product&tracking_id=5cf0ad7f-50f7-44c6-8a2a-a66579bb354c&wid=MLB3713375243&sid=search,"R$ 63,90",N/A,,N/A,,,,4.93,0,93,7,0,0,0,False,0,0,100,0,0,N/A,Novo,,,True,,,https://http2.mlstatic.com/D_Q_NP_2X_886903-MLA87439311815_072025-E.webp,,,,,2025-09-29T13:05:44.242740,False,nao_realizada,0,"[1] 5⭐ - excelente: E um produto de qualidade,mas acho o cartucho muito caro pela quantidade de impressão,se eu soubesse antes teria pago mais caro em uma impressora in tank, seria mais proveitoso. (Data: , Likes: 35) | [2] 4⭐ - ótimo: A durabilidade é pequena, principalmente se levamos em consideração em seu custo. (Data: , Likes: 17) | [3] 4⭐ - muito bom: Bom porém deixa a desejar pelo tamanho se tira 20 coisa já acabou a tinta. (Data: , Likes: 5) | [4] 5⭐ - excelente: Eu estou muito satisfeito produto de ótima qualidade, fora o serviços do mercadolivre que são excelentes 👍. (Data: , Likes: 3) | [5] 5⭐ - excelente: Excelente. (Data: , Likes: 3) | [6] 5⭐ - excelente: Pouca tinta. (Data: , Likes: 2) | [7] 4⭐ - muito bom: 2ml é muito pouco … hp devia por mais tinta. (Data: , Likes: 2) | [8] 5⭐ - excelente: Pena que são apenas 2ml. (Data: , Likes: 2) | [9] 5⭐ - excelente: Ótimo produto. Já é a segunda vez que compro. Recomendo 🤝🏻. (Data: , Likes: 1) | [10] 5⭐ - excelente: Excelente material, muito bom.
Eu estava com um bom tempo sem usar essa impressora e o resultado foi esse na imagem.
Vou comprar o cartucho colorido agora. (Data: , Likes: 1)",74,74,0,63,"5⭐ - E um produto de qualidade,mas acho o cartucho muito caro pela quantidade de impressão,se eu soubesse... (Likes: 35)","5⭐ - E um produto de qualidade,mas acho o cartucho muito caro pela quantidade de impressão,se eu soubesse... (Data: )",,,,,,,nao_realizada,0,0,2230318138.0,5.0,excelente,Original. O que eu precisava.,,0.0,True,True,review_individual
MLB37141763,Cartucho De Tinta Hp 667 Cor Preto Do 2 Ml,https://www.mercadolivre.com.br/cartucho-de-tinta-hp-667-cor-preto-do-2-ml/p/MLB37141763#polycard_client=search-nordic&search_layout=grid&position=3&type=product&tracking_id=5cf0ad7f-50f7-44c6-8a2a-a66579bb354c&wid=MLB3713375243&sid=search,"R$ 63,90",N/A,,N/A,,,,4.93,0,93,7,0,0,0,False,0,0,100,0,0,N/A,Novo,,,True,,,https://http2.mlstatic.com/D_Q_NP_2X_886903-MLA87439311815_072025-E.webp,,,,,2025-09-29T13:05:44.242740,False,nao_realizada,0,"[1] 5⭐ - excelente: E um produto de qualidade,mas acho o cartucho muito caro pela quantidade de impressão,se eu soubesse antes teria pago mais caro em uma impressora in tank, seria mais proveitoso. (Data: , Likes: 35) | [2] 4⭐ - ótimo: A durabilidade é pequena, principalmente se levamos em consideração em seu custo. (Data: , Likes: 17) | [3] 4⭐ - muito bom: Bom porém deixa a desejar pelo tamanho se tira 20 coisa já acabou a tinta. (Data: , Likes: 5) | [4] 5⭐ - excelente: Eu estou muito satisfeito produto de ótima qualidade, fora o serviços do mercadolivre que são excelentes 👍. (Data: , Likes: 3) | [5] 5⭐ - excelente: Excelente. (Data: , Likes: 3) | [6] 5⭐ - excelente: Pouca tinta. (Data: , Likes: 2) | [7] 4⭐ - muito bom: 2ml é muito pouco … hp devia por mais tinta. (Data: , Likes: 2) | [8] 5⭐ - excelente: Pena que são apenas 2ml. (Data: , Likes: 2) | [9] 5⭐ - excelente: Ótimo produto. Já é a segunda vez que compro. Recomendo 🤝🏻. (Data: , Likes: 1) | [10] 5⭐ - excelente: Excelente material, muito bom.
Eu estava com um bom tempo sem usar essa impressora e o resultado foi esse na imagem.
Vou comprar o cartucho colorido agora. (Data: , Likes: 1)",74,74,0,63,"5⭐ - E um produto de qualidade,mas acho o cartucho muito caro pela quantidade de impressão,se eu soubesse... (Likes: 35)","5⭐ - E um produto de qualidade,mas acho o cartucho muito caro pela quantidade de impressão,se eu soubesse... (Data: )",,,,,,,nao_realizada,0,0,2187863335.0,5.0,excelente,,,0.0,True,False,review_individual
MLB37141763,Cartucho De Tinta Hp 667 Cor Preto Do 2 Ml,https://www.mercadolivre.com.br/cartucho-de-tinta-hp-667-cor-preto-do-2-ml/p/MLB37141763#polycard_client=search-nordic&search_layout=grid&position=3&type=product&tracking_id=5cf0ad7f-50f7-44c6-8a2a-a66579bb354c&wid=MLB3713375243&sid=search,"R$ 63,90",N/A,,N/A,,,,4.93,0,93,7,0,0,0,False,0,0,100,0,0,N/A,Novo,,,True,,,https://http2.mlstatic.com/D_Q_NP_2X_886903-MLA87439311815_072025-E.webp,,,,,2025-09-29T13:05:44.242740,False,nao_realizada,0,"[1] 5⭐ - excelente: E um produto de qualidade,mas acho o cartucho muito caro pela quantidade de impressão,se eu soubesse antes teria pago mais caro em uma impressora in tank, seria mais proveitoso. (Data: , Likes: 35) | [2] 4⭐ - ótimo: A durabilidade é pequena, principalmente se levamos em consideração em seu custo. (Data: , Likes: 17) | [3] 4⭐ - muito bom: Bom porém deixa a desejar pelo tamanho se tira 20 coisa já acabou a tinta. (Data: , Likes: 5) | [4] 5⭐ - excelente: Eu estou muito satisfeito produto de ótima qualidade, fora o serviços do mercadolivre que são excelentes 👍. (Data: , Likes: 3) | [5] 5⭐ - excelente: Excelente. (Data: , Likes: 3) | [6] 5⭐ - excelente: Pouca tinta. (Data: , Likes: 2) | [7] 4⭐ - muito bom: 2ml é muito pouco … hp devia por mais tinta. (Data: , Likes: 2) | [8] 5⭐ - excelente: Pena que são apenas 2ml. (Data: , Likes: 2) | [9] 5⭐ - excelente: Ótimo produto. Já é a segunda vez que compro. Recomendo 🤝🏻. (Data: , Likes: 1) | [10] 5⭐ - excelente: Excelente material, muito bom.
Eu estava com um bom tempo sem usar essa impressora e o resultado foi esse na imagem.
Vou comprar o cartucho colorido agora. (Data: , Likes: 1)",74,74,0,63,"5⭐ - E um produto de qualidade,mas acho o cartucho muito caro pela quantidade de impressão,se eu soubesse... (Likes: 35)","5⭐ - E um produto de qualidade,mas acho o cartucho muito caro pela quantidade de impressão,se eu soubesse... (Data: )",,,,,,,nao_realizada,0,0,2185890950.0,5.0,excelente,Obrigada original.,,0.0,True,True,review_individual
MLB37141763,Cartucho De Tinta Hp 667 Cor Preto Do 2 Ml,https://www.mercadolivre.com.br/cartucho-de-tinta-hp-667-cor-preto-do-2-ml/p/MLB37141763#polycard_client=search-nordic&search_layout=grid&position=3&type=product&tracking_id=5cf0ad7f-50f7-44c6-8a2a-a66579bb354c&wid=MLB3713375243&sid=search,"R$ 63,90",N/A,,N/A,,,,4.93,0,93,7,0,0,0,False,0,0,100,0,0,N/A,Novo,,,True,,,https://http2.mlstatic.com/D_Q_NP_2X_886903-MLA87439311815_072025-E.webp,,,,,2025-09-29T13:05:44.242740,False,nao_realizada,0,"[1] 5⭐ - excelente: E um produto de qualidade,mas acho o cartucho muito caro pela quantidade de impressão,se eu soubesse antes teria pago mais caro em uma impressora in tank, seria mais proveitoso. (Data: , Likes: 35) | [2] 4⭐ - ótimo: A durabilidade é pequena, principalmente se levamos em consideração em seu custo. (Data: , Likes: 17) | [3] 4⭐ - muito bom: Bom porém deixa a desejar pelo tamanho se tira 20 coisa já acabou a tinta. (Data: , Likes: 5) | [4] 5⭐ - excelente: Eu estou muito satisfeito produto de ótima qualidade, fora o serviços do mercadolivre que são excelentes 👍. (Data: , Likes: 3) | [5] 5⭐ - excelente: Excelente. (Data: , Likes: 3) | [6] 5⭐ - excelente: Pouca tinta. (Data: , Likes: 2) | [7] 4⭐ - muito bom: 2ml é muito pouco … hp devia por mais tinta. (Data: , Likes: 2) | [8] 5⭐ - excelente: Pena que são apenas 2ml. (Data: , Likes: 2) | [9] 5⭐ - excelente: Ótimo produto. Já é a segunda vez que compro. Recomendo 🤝🏻. (Data: , Likes: 1) | [10] 5⭐ - excelente: Excelente material, muito bom.
Eu estava com um bom tempo sem usar essa impressora e o resultado foi esse na imagem.
Vou comprar o cartucho colorido agora. (Data: , Likes: 1)",74,74,0,63,"5⭐ - E um produto de qualidade,mas acho o cartucho muito caro pela quantidade de impressão,se eu soubesse... (Likes: 35)","5⭐ - E um produto de qualidade,mas acho o cartucho muito caro pela quantidade de impressão,se eu soubesse... (Data: )",,,,,,,nao_realizada,0,0,2110206644.0,5.0,excelente,"Produto bom, só acaba muito rápido 😭.",,0.0,True,True,review_individual
MLB37141763,Cartucho De Tinta Hp 667 Cor Preto Do 2 Ml,https://www.mercadolivre.com.br/cartucho-de-tinta-hp-667-cor-preto-do-2-ml/p/MLB37141763#polycard_client=search-nordic&search_layout=grid&position=3&type=product&tracking_id=5cf0ad7f-50f7-44c6-8a2a-a66579bb354c&wid=MLB3713375243&sid=search,"R$ 63,90",N/A,,N/A,,,,4.93,0,93,7,0,0,0,False,0,0,100,0,0,N/A,Novo,,,True,,,https://http2.mlstatic.com/D_Q_NP_2X_886903-MLA87439311815_072025-E.webp,,,,,2025-09-29T13:05:44.242740,False,nao_realizada,0,"[1] 5⭐ - excelente: E um produto de qualidade,mas acho o cartucho muito caro pela quantidade de impressão,se eu soubesse antes teria pago mais caro em uma impressora in tank, seria mais proveitoso. (Data: , Likes: 35) | [2] 4⭐ - ótimo: A durabilidade é pequena, principalmente se levamos em consideração em seu custo. (Data: , Likes: 17) | [3] 4⭐ - muito bom: Bom porém deixa a desejar pelo tamanho se tira 20 coisa já acabou a tinta. (Data: , Likes: 5) | [4] 5⭐ - excelente: Eu estou muito satisfeito produto de ótima qualidade, fora o serviços do mercadolivre que são excelentes 👍. (Data: , Likes: 3) | [5] 5⭐ - excelente: Excelente. (Data: , Likes: 3) | [6] 5⭐ - excelente: Pouca tinta. (Data: , Likes: 2) | [7] 4⭐ - muito bom: 2ml é muito pouco … hp devia por mais tinta. (Data: , Likes: 2) | [8] 5⭐ - excelente: Pena que são apenas 2ml. (Data: , Likes: 2) | [9] 5⭐ - excelente: Ótimo produto. Já é a segunda vez que compro. Recomendo 🤝🏻. (Data: , Likes: 1) | [10] 5⭐ - excelente: Excelente material, muito bom.
Eu estava com um bom tempo sem usar essa impressora e o resultado foi esse na imagem.
Vou comprar o cartucho colorido agora. (Data: , Likes: 1)",74,74,0,63,"5⭐ - E um produto de qualidade,mas acho o cartucho muito caro pela quantidade de impressão,se eu soubesse... (Likes: 35)","5⭐ - E um produto de qualidade,mas acho o cartucho muito caro pela quantidade de impressão,se eu soubesse... (Data: )",,,,,,,nao_realizada,0,0,2034077793.0,5.0,excelente,Vou testar e voltarei.,,0.0,True,True,review_individual
MLB37141763,Cartucho De Tinta Hp 667 Cor Preto Do 2 Ml,https://www.mercadolivre.com.br/cartucho-de-tinta-hp-667-cor-preto-do-2-ml/p/MLB37141763#polycard_client=search-nordic&search_layout=grid&position=3&type=product&tracking_id=5cf0ad7f-50f7-44c6-8a2a-a66579bb354c&wid=MLB3713375243&sid=search,"R$ 63,90",N/A,,N/A,,,,4.93,0,93,7,0,0,0,False,0,0,100,0,0,N/A,Novo,,,True,,,https://http2.mlstatic.com/D_Q_NP_2X_886903-MLA87439311815_072025-E.webp,,,,,2025-09-29T13:05:44.242740,False,nao_realizada,0,"[1] 5⭐ - excelente: E um produto de qualidade,mas acho o cartucho muito caro pela quantidade de impressão,se eu soubesse antes teria pago mais caro em uma impressora in tank, seria mais proveitoso. (Data: , Likes: 35) | [2] 4⭐ - ótimo: A durabilidade é pequena, principalmente se levamos em consideração em seu custo. (Data: , Likes: 17) | [3] 4⭐ - muito bom: Bom porém deixa a desejar pelo tamanho se tira 20 coisa já acabou a tinta. (Data: , Likes: 5) | [4] 5⭐ - excelente: Eu estou muito satisfeito produto de ótima qualidade, fora o serviços do mercadolivre que são excelentes 👍. (Data: , Likes: 3) | [5] 5⭐ - excelente: Excelente. (Data: , Likes: 3) | [6] 5⭐ - excelente: Pouca tinta. (Data: , Likes: 2) | [7] 4⭐ - muito bom: 2ml é muito pouco … hp devia por mais tinta. (Data: , Likes: 2) | [8] 5⭐ - excelente: Pena que são apenas 2ml. (Data: , Likes: 2) | [9] 5⭐ - excelente: Ótimo produto. Já é a segunda vez que compro. Recomendo 🤝🏻. (Data: , Likes: 1) | [10] 5⭐ - excelente: Excelente material, muito bom.
Eu estava com um bom tempo sem usar essa impressora e o resultado foi esse na imagem.
Vou comprar o cartucho colorido agora. (Data: , Likes: 1)",74,74,0,63,"5⭐ - E um produto de qualidade,mas acho o cartucho muito caro pela quantidade de impressão,se eu soubesse... (Likes: 35)","5⭐ - E um produto de qualidade,mas acho o cartucho muito caro pela quantidade de impressão,se eu soubesse... (Data: )",,,,,,,nao_realizada,0,0,1979072751.0,5.0,excelente,Boa opção de compra.,,0.0,True,True,review_individual
MLB37141763,Cartucho De Tinta Hp 667 Cor Preto Do 2 Ml,https://www.mercadolivre.com.br/cartucho-de-tinta-hp-667-cor-preto-do-2-ml/p/MLB37141763#polycard_client=search-nordic&search_layout=grid&position=3&type=product&tracking_id=5cf0ad7f-50f7-44c6-8a2a-a66579bb354c&wid=MLB3713375243&sid=search,"R$ 63,90",N/A,,N/A,,,,4.93,0,93,7,0,0,0,False,0,0,100,0,0,N/A,Novo,,,True,,,https://http2.mlstatic.com/D_Q_NP_2X_886903-MLA87439311815_072025-E.webp,,,,,2025-09-29T13:05:44.242740,False,nao_realizada,0,"[1] 5⭐ - excelente: E um produto de qualidade,mas acho o cartucho muito caro pela quantidade de impressão,se eu soubesse antes teria pago mais caro em uma impressora in tank, seria mais proveitoso. (Data: , Likes: 35) | [2] 4⭐ - ótimo: A durabilidade é pequena, principalmente se levamos em consideração em seu custo. (Data: , Likes: 17) | [3] 4⭐ - muito bom: Bom porém deixa a desejar pelo tamanho se tira 20 coisa já acabou a tinta. (Data: , Likes: 5) | [4] 5⭐ - excelente: Eu estou muito satisfeito produto de ótima qualidade, fora o serviços do mercadolivre que são excelentes 👍. (Data: , Likes: 3) | [5] 5⭐ - excelente: Excelente. (Data: , Likes: 3) | [6] 5⭐ - excelente: Pouca tinta. (Data: , Likes: 2) | [7] 4⭐ - muito bom: 2ml é muito pouco … hp devia por mais tinta. (Data: , Likes: 2) | [8] 5⭐ - excelente: Pena que são apenas 2ml. (Data: , Likes: 2) | [9] 5⭐ - excelente: Ótimo produto. Já é a segunda vez que compro. Recomendo 🤝🏻. (Data: , Likes: 1) | [10] 5⭐ - excelente: Excelente material, muito bom.
Eu estava com um bom tempo sem usar essa impressora e o resultado foi esse na imagem.
Vou comprar o cartucho colorido agora. (Data: , Likes: 1)",74,74,0,63,"5⭐ - E um produto de qualidade,mas acho o cartucho muito caro pela quantidade de impressão,se eu soubesse... (Likes: 35)","5⭐ - E um produto de qualidade,mas acho o cartucho muito caro pela quantidade de impressão,se eu soubesse... (Data: )",,,,,,,nao_realizada,0,0,1945467386.0,5.0,excelente,,,0.0,True,False,review_individual
MLB37141763,Cartucho De Tinta Hp 667 Cor Preto Do 2 Ml,https://www.mercadolivre.com.br/cartucho-de-tinta-hp-667-cor-preto-do-2-ml/p/MLB37141763#polycard_client=search-nordic&search_layout=grid&position=3&type=product&tracking_id=5cf0ad7f-50f7-44c6-8a2a-a66579bb354c&wid=MLB3713375243&sid=search,"R$ 63,90",N/A,,N/A,,,,4.93,0,93,7,0,0,0,False,0,0,100,0,0,N/A,Novo,,,True,,,https://http2.mlstatic.com/D_Q_NP_2X_886903-MLA87439311815_072025-E.webp,,,,,2025-09-29T13:05:44.242740,False,nao_realizada,0,"[1] 5⭐ - excelente: E um produto de qualidade,mas acho o cartucho muito caro pela quantidade de impressão,se eu soubesse antes teria pago mais caro em uma impressora in tank, seria mais proveitoso. (Data: , Likes: 35) | [2] 4⭐ - ótimo: A durabilidade é pequena, principalmente se levamos em consideração em seu custo. (Data: , Likes: 17) | [3] 4⭐ - muito bom: Bom porém deixa a desejar pelo tamanho se tira 20 coisa já acabou a tinta. (Data: , Likes: 5) | [4] 5⭐ - excelente: Eu estou muito satisfeito produto de ótima qualidade, fora o serviços do mercadolivre que são excelentes 👍. (Data: , Likes: 3) | [5] 5⭐ - excelente: Excelente. (Data: , Likes: 3) | [6] 5⭐ - excelente: Pouca tinta. (Data: , Likes: 2) | [7] 4⭐ - muito bom: 2ml é muito pouco … hp devia por mais tinta. (Data: , Likes: 2) | [8] 5⭐ - excelente: Pena que são apenas 2ml. (Data: , Likes: 2) | [9] 5⭐ - excelente: Ótimo produto. Já é a segunda vez que compro. Recomendo 🤝🏻. (Data: , Likes: 1) | [10] 5⭐ - excelente: Excelente material, muito bom.
Eu estava com um bom tempo sem usar essa impressora e o resultado foi esse na imagem.
Vou comprar o cartucho colorido agora. (Data: , Likes: 1)",74,74,0,63,"5⭐ - E um produto de qualidade,mas acho o cartucho muito caro pela quantidade de impressão,se eu soubesse... (Likes: 35)","5⭐ - E um produto de qualidade,mas acho o cartucho muito caro pela quantidade de impressão,se eu soubesse... (Data: )",,,,,,,nao_realizada,0,0,1844428392.0,5.0,excelente,Tudo certo obrigada.,,0.0,True,True,review_individual
MLB37141763,Cartucho De Tinta Hp 667 Cor Preto Do 2 Ml,https://www.mercadolivre.com.br/cartucho-de-tinta-hp-667-cor-preto-do-2-ml/p/MLB37141763#polycard_client=search-nordic&search_layout=grid&position=3&type=product&tracking_id=5cf0ad7f-50f7-44c6-8a2a-a66579bb354c&wid=MLB3713375243&sid=search,"R$ 63,90",N/A,,N/A,,,,4.93,0,93,7,0,0,0,False,0,0,100,0,0,N/A,Novo,,,True,,,https://http2.mlstatic.com/D_Q_NP_2X_886903-MLA87439311815_072025-E.webp,,,,,2025-09-29T13:05:44.242740,False,nao_realizada,0,"[1] 5⭐ - excelente: E um produto de qualidade,mas acho o cartucho muito caro pela quantidade de impressão,se eu soubesse antes teria pago mais caro em uma impressora in tank, seria mais proveitoso. (Data: , Likes: 35) | [2] 4⭐ - ótimo: A durabilidade é pequena, principalmente se levamos em consideração em seu custo. (Data: , Likes: 17) | [3] 4⭐ - muito bom: Bom porém deixa a desejar pelo tamanho se tira 20 coisa já acabou a tinta. (Data: , Likes: 5) | [4] 5⭐ - excelente: Eu estou muito satisfeito produto de ótima qualidade, fora o serviços do mercadolivre que são excelentes 👍. (Data: , Likes: 3) | [5] 5⭐ - excelente: Excelente. (Data: , Likes: 3) | [6] 5⭐ - excelente: Pouca tinta. (Data: , Likes: 2) | [7] 4⭐ - muito bom: 2ml é muito pouco … hp devia por mais tinta. (Data: , Likes: 2) | [8] 5⭐ - excelente: Pena que são apenas 2ml. (Data: , Likes: 2) | [9] 5⭐ - excelente: Ótimo produto. Já é a segunda vez que compro. Recomendo 🤝🏻. (Data: , Likes: 1) | [10] 5⭐ - excelente: Excelente material, muito bom.
Eu estava com um bom tempo sem usar essa impressora e o resultado foi esse na imagem.
Vou comprar o cartucho colorido agora. (Data: , Likes: 1)",74,74,0,63,"5⭐ - E um produto de qualidade,mas acho o cartucho muito caro pela quantidade de impressão,se eu soubesse... (Likes: 35)","5⭐ - E um produto de qualidade,mas acho o cartucho muito caro pela quantidade de impressão,se eu soubesse... (Data: )",,,,,,,nao_realizada,0,0,1724127200.0,5.0,excelente,,,0.0,True,False,review_individual
MLB37141763,Cartucho De Tinta Hp 667 Cor Preto Do 2 Ml,https://www.mercadolivre.com.br/cartucho-de-tinta-hp-667-cor-preto-do-2-ml/p/MLB37141763#polycard_client=search-nordic&search_layout=grid&position=3&type=product&tracking_id=5cf0ad7f-50f7-44c6-8a2a-a66579bb354c&wid=MLB3713375243&sid=search,"R$ 63,90",N/A,,N/A,,,,4.93,0,93,7,0,0,0,False,0,0,100,0,0,N/A,Novo,,,True,,,https://http2.mlstatic.com/D_Q_NP_2X_886903-MLA87439311815_072025-E.webp,,,,,2025-09-29T13:05:44.242740,False,nao_realizada,0,"[1] 5⭐ - excelente: E um produto de qualidade,mas acho o cartucho muito caro pela quantidade de impressão,se eu soubesse antes teria pago mais caro em uma impressora in tank, seria mais proveitoso. (Data: , Likes: 35) | [2] 4⭐ - ótimo: A durabilidade é pequena, principalmente se levamos em consideração em seu custo. (Data: , Likes: 17) | [3] 4⭐ - muito bom: Bom porém deixa a desejar pelo tamanho se tira 20 coisa já acabou a tinta. (Data: , Likes: 5) | [4] 5⭐ - excelente: Eu estou muito satisfeito produto de ótima qualidade, fora o serviços do mercadolivre que são excelentes 👍. (Data: , Likes: 3) | [5] 5⭐ - excelente: Excelente. (Data: , Likes: 3) | [6] 5⭐ - excelente: Pouca tinta. (Data: , Likes: 2) | [7] 4⭐ - muito bom: 2ml é muito pouco … hp devia por mais tinta. (Data: , Likes: 2) | [8] 5⭐ - excelente: Pena que são apenas 2ml. (Data: , Likes: 2) | [9] 5⭐ - excelente: Ótimo produto. Já é a segunda vez que compro. Recomendo 🤝🏻. (Data: , Likes: 1) | [10] 5⭐ - excelente: Excelente material, muito bom.
Eu estava com um bom tempo sem usar essa impressora e o resultado foi esse na imagem.
Vou comprar o cartucho colorido agora. (Data: , Likes: 1)",74,74,0,63,"5⭐ - E um produto de qualidade,mas acho o cartucho muito caro pela quantidade de impressão,se eu soubesse... (Likes: 35)","5⭐ - E um produto de qualidade,mas acho o cartucho muito caro pela quantidade de impressão,se eu soubesse... (Data: )",,,,,,,nao_realizada,0,0,1659382371.0,5.0,excelente,,,0.0,True,False,review_individual
MLB37141763,Cartucho De Tinta Hp 667 Cor Preto Do 2 Ml,https://www.mercadolivre.com.br/cartucho-de-tinta-hp-667-cor-preto-do-2-ml/p/MLB37141763#polycard_client=search-nordic&search_layout=grid&position=3&type=product&tracking_id=5cf0ad7f-50f7-44c6-8a2a-a66579bb354c&wid=MLB3713375243&sid=search,"R$ 63,90",N/A,,N/A,,,,4.93,0,93,7,0,0,0,False,0,0,100,0,0,N/A,Novo,,,True,,,https://http2.mlstatic.com/D_Q_NP_2X_886903-MLA87439311815_072025-E.webp,,,,,2025-09-29T13:05:44.242740,False,nao_realizada,0,"[1] 5⭐ - excelente: E um produto de qualidade,mas acho o cartucho muito caro pela quantidade de impressão,se eu soubesse antes teria pago mais caro em uma impressora in tank, seria mais proveitoso. (Data: , Likes: 35) | [2] 4⭐ - ótimo: A durabilidade é pequena, principalmente se levamos em consideração em seu custo. (Data: , Likes: 17) | [3] 4⭐ - muito bom: Bom porém deixa a desejar pelo tamanho se tira 20 coisa já acabou a tinta. (Data: , Likes: 5) | [4] 5⭐ - excelente: Eu estou muito satisfeito produto de ótima qualidade, fora o serviços do mercadolivre que são excelentes 👍. (Data: , Likes: 3) | [5] 5⭐ - excelente: Excelente. (Data: , Likes: 3) | [6] 5⭐ - excelente: Pouca tinta. (Data: , Likes: 2) | [7] 4⭐ - muito bom: 2ml é muito pouco … hp devia por mais tinta. (Data: , Likes: 2) | [8] 5⭐ - excelente: Pena que são apenas 2ml. (Data: , Likes: 2) | [9] 5⭐ - excelente: Ótimo produto. Já é a segunda vez que compro. Recomendo 🤝🏻. (Data: , Likes: 1) | [10] 5⭐ - excelente: Excelente material, muito bom.
Eu estava com um bom tempo sem usar essa impressora e o resultado foi esse na imagem.
Vou comprar o cartucho colorido agora. (Data: , Likes: 1)",74,74,0,63,"5⭐ - E um produto de qualidade,mas acho o cartucho muito caro pela quantidade de impressão,se eu soubesse... (Likes: 35)","5⭐ - E um produto de qualidade,mas acho o cartucho muito caro pela quantidade de impressão,se eu soubesse... (Data: )",,,,,,,nao_realizada,0,0,1660775060.0,5.0,excelente,,,0.0,True,False,review_individual
MLB37141763,Cartucho De Tinta Hp 667 Cor Preto Do 2 Ml,https://www.mercadolivre.com.br/cartucho-de-tinta-hp-667-cor-preto-do-2-ml/p/MLB37141763#polycard_client=search-nordic&search_layout=grid&position=3&type=product&tracking_id=5cf0ad7f-50f7-44c6-8a2a-a66579bb354c&wid=MLB3713375243&sid=search,"R$ 63,90",N/A,,N/A,,,,4.93,0,93,7,0,0,0,False,0,0,100,0,0,N/A,Novo,,,True,,,https://http2.mlstatic.com/D_Q_NP_2X_886903-MLA87439311815_072025-E.webp,,,,,2025-09-29T13:05:44.242740,False,nao_realizada,0,"[1] 5⭐ - excelente: E um produto de qualidade,mas acho o cartucho muito caro pela quantidade de impressão,se eu soubesse antes teria pago mais caro em uma impressora in tank, seria mais proveitoso. (Data: , Likes: 35) | [2] 4⭐ - ótimo: A durabilidade é pequena, principalmente se levamos em consideração em seu custo. (Data: , Likes: 17) | [3] 4⭐ - muito bom: Bom porém deixa a desejar pelo tamanho se tira 20 coisa já acabou a tinta. (Data: , Likes: 5) | [4] 5⭐ - excelente: Eu estou muito satisfeito produto de ótima qualidade, fora o serviços do mercadolivre que são excelentes 👍. (Data: , Likes: 3) | [5] 5⭐ - excelente: Excelente. (Data: , Likes: 3) | [6] 5⭐ - excelente: Pouca tinta. (Data: , Likes: 2) | [7] 4⭐ - muito bom: 2ml é muito pouco … hp devia por mais tinta. (Data: , Likes: 2) | [8] 5⭐ - excelente: Pena que são apenas 2ml. (Data: , Likes: 2) | [9] 5⭐ - excelente: Ótimo produto. Já é a segunda vez que compro. Recomendo 🤝🏻. (Data: , Likes: 1) | [10] 5⭐ - excelente: Excelente material, muito bom.
Eu estava com um bom tempo sem usar essa impressora e o resultado foi esse na imagem.
Vou comprar o cartucho colorido agora. (Data: , Likes: 1)",74,74,0,63,"5⭐ - E um produto de qualidade,mas acho o cartucho muito caro pela quantidade de impressão,se eu soubesse... (Likes: 35)","5⭐ - E um produto de qualidade,mas acho o cartucho muito caro pela quantidade de impressão,se eu soubesse... (Data: )",,,,,,,nao_realizada,0,0,1495151967.0,5.0,excelente,,,0.0,True,False,review_individual
MLB37141763,Cartucho De Tinta Hp 667 Cor Preto Do 2 Ml,https://www.mercadolivre.com.br/cartucho-de-tinta-hp-667-cor-preto-do-2-ml/p/MLB37141763#polycard_client=search-nordic&search_layout=grid&position=3&type=product&tracking_id=5cf0ad7f-50f7-44c6-8a2a-a66579bb354c&wid=MLB3713375243&sid=search,"R$ 63,90",N/A,,N/A,,,,4.93,0,93,7,0,0,0,False,0,0,100,0,0,N/A,Novo,,,True,,,https://http2.mlstatic.com/D_Q_NP_2X_886903-MLA87439311815_072025-E.webp,,,,,2025-09-29T13:05:44.242740,False,nao_realizada,0,"[1] 5⭐ - excelente: E um produto de qualidade,mas acho o cartucho muito caro pela quantidade de impressão,se eu soubesse antes teria pago mais caro em uma impressora in tank, seria mais proveitoso. (Data: , Likes: 35) | [2] 4⭐ - ótimo: A durabilidade é pequena, principalmente se levamos em consideração em seu custo. (Data: , Likes: 17) | [3] 4⭐ - muito bom: Bom porém deixa a desejar pelo tamanho se tira 20 coisa já acabou a tinta. (Data: , Likes: 5) | [4] 5⭐ - excelente: Eu estou muito satisfeito produto de ótima qualidade, fora o serviços do mercadolivre que são excelentes 👍. (Data: , Likes: 3) | [5] 5⭐ - excelente: Excelente. (Data: , Likes: 3) | [6] 5⭐ - excelente: Pouca tinta. (Data: , Likes: 2) | [7] 4⭐ - muito bom: 2ml é muito pouco … hp devia por mais tinta. (Data: , Likes: 2) | [8] 5⭐ - excelente: Pena que são apenas 2ml. (Data: , Likes: 2) | [9] 5⭐ - excelente: Ótimo produto. Já é a segunda vez que compro. Recomendo 🤝🏻. (Data: , Likes: 1) | [10] 5⭐ - excelente: Excelente material, muito bom.
Eu estava com um bom tempo sem usar essa impressora e o resultado foi esse na imagem.
Vou comprar o cartucho colorido agora. (Data: , Likes: 1)",74,74,0,63,"5⭐ - E um produto de qualidade,mas acho o cartucho muito caro pela quantidade de impressão,se eu soubesse... (Likes: 35)","5⭐ - E um produto de qualidade,mas acho o cartucho muito caro pela quantidade de impressão,se eu soubesse... (Data: )",,,,,,,nao_realizada,0,0,2373696538.0,5.0,excelente,Tudo ok.,,0.0,True,True,review_individual
MLB37141763,Cartucho De Tinta Hp 667 Cor Preto Do 2 Ml,https://www.mercadolivre.com.br/cartucho-de-tinta-hp-667-cor-preto-do-2-ml/p/MLB37141763#polycard_client=search-nordic&search_layout=grid&position=3&type=product&tracking_id=5cf0ad7f-50f7-44c6-8a2a-a66579bb354c&wid=MLB3713375243&sid=search,"R$ 63,90",N/A,,N/A,,,,4.93,0,93,7,0,0,0,False,0,0,100,0,0,N/A,Novo,,,True,,,https://http2.mlstatic.com/D_Q_NP_2X_886903-MLA87439311815_072025-E.webp,,,,,2025-09-29T13:05:44.242740,False,nao_realizada,0,"[1] 5⭐ - excelente: E um produto de qualidade,mas acho o cartucho muito caro pela quantidade de impressão,se eu soubesse antes teria pago mais caro em uma impressora in tank, seria mais proveitoso. (Data: , Likes: 35) | [2] 4⭐ - ótimo: A durabilidade é pequena, principalmente se levamos em consideração em seu custo. (Data: , Likes: 17) | [3] 4⭐ - muito bom: Bom porém deixa a desejar pelo tamanho se tira 20 coisa já acabou a tinta. (Data: , Likes: 5) | [4] 5⭐ - excelente: Eu estou muito satisfeito produto de ótima qualidade, fora o serviços do mercadolivre que são excelentes 👍. (Data: , Likes: 3) | [5] 5⭐ - excelente: Excelente. (Data: , Likes: 3) | [6] 5⭐ - excelente: Pouca tinta. (Data: , Likes: 2) | [7] 4⭐ - muito bom: 2ml é muito pouco … hp devia por mais tinta. (Data: , Likes: 2) | [8] 5⭐ - excelente: Pena que são apenas 2ml. (Data: , Likes: 2) | [9] 5⭐ - excelente: Ótimo produto. Já é a segunda vez que compro. Recomendo 🤝🏻. (Data: , Likes: 1) | [10] 5⭐ - excelente: Excelente material, muito bom.
Eu estava com um bom tempo sem usar essa impressora e o resultado foi esse na imagem.
Vou comprar o cartucho colorido agora. (Data: , Likes: 1)",74,74,0,63,"5⭐ - E um produto de qualidade,mas acho o cartucho muito caro pela quantidade de impressão,se eu soubesse... (Likes: 35)","5⭐ - E um produto de qualidade,mas acho o cartucho muito caro pela quantidade de impressão,se eu soubesse... (Data: )",,,,,,,nao_realizada,0,0,2367592675.0,5.0,excelente,Tudo ok.,,0.0,True,True,review_individual
MLB37141763,Cartucho De Tinta Hp 667 Cor Preto Do 2 Ml,https://www.mercadolivre.com.br/cartucho-de-tinta-hp-667-cor-preto-do-2-ml/p/MLB37141763#polycard_client=search-nordic&search_layout=grid&position=3&type=product&tracking_id=5cf0ad7f-50f7-44c6-8a2a-a66579bb354c&wid=MLB3713375243&sid=search,"R$ 63,90",N/A,,N/A,,,,4.93,0,93,7,0,0,0,False,0,0,100,0,0,N/A,Novo,,,True,,,https://http2.mlstatic.com/D_Q_NP_2X_886903-MLA87439311815_072025-E.webp,,,,,2025-09-29T13:05:44.242740,False,nao_realizada,0,"[1] 5⭐ - excelente: E um produto de qualidade,mas acho o cartucho muito caro pela quantidade de impressão,se eu soubesse antes teria pago mais caro em uma impressora in tank, seria mais proveitoso. (Data: , Likes: 35) | [2] 4⭐ - ótimo: A durabilidade é pequena, principalmente se levamos em consideração em seu custo. (Data: , Likes: 17) | [3] 4⭐ - muito bom: Bom porém deixa a desejar pelo tamanho se tira 20 coisa já acabou a tinta. (Data: , Likes: 5) | [4] 5⭐ - excelente: Eu estou muito satisfeito produto de ótima qualidade, fora o serviços do mercadolivre que são excelentes 👍. (Data: , Likes: 3) | [5] 5⭐ - excelente: Excelente. (Data: , Likes: 3) | [6] 5⭐ - excelente: Pouca tinta. (Data: , Likes: 2) | [7] 4⭐ - muito bom: 2ml é muito pouco … hp devia por mais tinta. (Data: , Likes: 2) | [8] 5⭐ - excelente: Pena que são apenas 2ml. (Data: , Likes: 2) | [9] 5⭐ - excelente: Ótimo produto. Já é a segunda vez que compro. Recomendo 🤝🏻. (Data: , Likes: 1) | [10] 5⭐ - excelente: Excelente material, muito bom.
Eu estava com um bom tempo sem usar essa impressora e o resultado foi esse na imagem.
Vou comprar o cartucho colorido agora. (Data: , Likes: 1)",74,74,0,63,"5⭐ - E um produto de qualidade,mas acho o cartucho muito caro pela quantidade de impressão,se eu soubesse... (Likes: 35)","5⭐ - E um produto de qualidade,mas acho o cartucho muito caro pela quantidade de impressão,se eu soubesse... (Data: )",,,,,,,nao_realizada,0,0,2372128768.0,5.0,excelente,"Otimo produto, dentro do esperado.",,0.0,True,True,review_individual
MLB37141763,Cartucho De Tinta Hp 667 Cor Preto Do 2 Ml,https://www.mercadolivre.com.br/cartucho-de-tinta-hp-667-cor-preto-do-2-ml/p/MLB37141763#polycard_client=search-nordic&search_layout=grid&position=3&type=product&tracking_id=5cf0ad7f-50f7-44c6-8a2a-a66579bb354c&wid=MLB3713375243&sid=search,"R$ 63,90",N/A,,N/A,,,,4.93,0,93,7,0,0,0,False,0,0,100,0,0,N/A,Novo,,,True,,,https://http2.mlstatic.com/D_Q_NP_2X_886903-MLA87439311815_072025-E.webp,,,,,2025-09-29T13:05:44.242740,False,nao_realizada,0,"[1] 5⭐ - excelente: E um produto de qualidade,mas acho o cartucho muito caro pela quantidade de impressão,se eu soubesse antes teria pago mais caro em uma impressora in tank, seria mais proveitoso. (Data: , Likes: 35) | [2] 4⭐ - ótimo: A durabilidade é pequena, principalmente se levamos em consideração em seu custo. (Data: , Likes: 17) | [3] 4⭐ - muito bom: Bom porém deixa a desejar pelo tamanho se tira 20 coisa já acabou a tinta. (Data: , Likes: 5) | [4] 5⭐ - excelente: Eu estou muito satisfeito produto de ótima qualidade, fora o serviços do mercadolivre que são excelentes 👍. (Data: , Likes: 3) | [5] 5⭐ - excelente: Excelente. (Data: , Likes: 3) | [6] 5⭐ - excelente: Pouca tinta. (Data: , Likes: 2) | [7] 4⭐ - muito bom: 2ml é muito pouco … hp devia por mais tinta. (Data: , Likes: 2) | [8] 5⭐ - excelente: Pena que são apenas 2ml. (Data: , Likes: 2) | [9] 5⭐ - excelente: Ótimo produto. Já é a segunda vez que compro. Recomendo 🤝🏻. (Data: , Likes: 1) | [10] 5⭐ - excelente: Excelente material, muito bom.
Eu estava com um bom tempo sem usar essa impressora e o resultado foi esse na imagem.
Vou comprar o cartucho colorido agora. (Data: , Likes: 1)",74,74,0,63,"5⭐ - E um produto de qualidade,mas acho o cartucho muito caro pela quantidade de impressão,se eu soubesse... (Likes: 35)","5⭐ - E um produto de qualidade,mas acho o cartucho muito caro pela quantidade de impressão,se eu soubesse... (Data: )",,,,,,,nao_realizada,0,0,2370820724.0,5.0,excelente,O produto é de ótima qualidade igualmente aos demais cartuchos da marca hp.,,0.0,True,True,review_individual
MLB37141763,Cartucho De Tinta Hp 667 Cor Preto Do 2 Ml,https://www.mercadolivre.com.br/cartucho-de-tinta-hp-667-cor-preto-do-2-ml/p/MLB37141763#polycard_client=search-nordic&search_layout=grid&position=3&type=product&tracking_id=5cf0ad7f-50f7-44c6-8a2a-a66579bb354c&wid=MLB3713375243&sid=search,"R$ 63,90",N/A,,N/A,,,,4.93,0,93,7,0,0,0,False,0,0,100,0,0,N/A,Novo,,,True,,,https://http2.mlstatic.com/D_Q_NP_2X_886903-MLA87439311815_072025-E.webp,,,,,2025-09-29T13:05:44.242740,False,nao_realizada,0,"[1] 5⭐ - excelente: E um produto de qualidade,mas acho o cartucho muito caro pela quantidade de impressão,se eu soubesse antes teria pago mais caro em uma impressora in tank, seria mais proveitoso. (Data: , Likes: 35) | [2] 4⭐ - ótimo: A durabilidade é pequena, principalmente se levamos em consideração em seu custo. (Data: , Likes: 17) | [3] 4⭐ - muito bom: Bom porém deixa a desejar pelo tamanho se tira 20 coisa já acabou a tinta. (Data: , Likes: 5) | [4] 5⭐ - excelente: Eu estou muito satisfeito produto de ótima qualidade, fora o serviços do mercadolivre que são excelentes 👍. (Data: , Likes: 3) | [5] 5⭐ - excelente: Excelente. (Data: , Likes: 3) | [6] 5⭐ - excelente: Pouca tinta. (Data: , Likes: 2) | [7] 4⭐ - muito bom: 2ml é muito pouco … hp devia por mais tinta. (Data: , Likes: 2) | [8] 5⭐ - excelente: Pena que são apenas 2ml. (Data: , Likes: 2) | [9] 5⭐ - excelente: Ótimo produto. Já é a segunda vez que compro. Recomendo 🤝🏻. (Data: , Likes: 1) | [10] 5⭐ - excelente: Excelente material, muito bom.
Eu estava com um bom tempo sem usar essa impressora e o resultado foi esse na imagem.
Vou comprar o cartucho colorido agora. (Data: , Likes: 1)",74,74,0,63,"5⭐ - E um produto de qualidade,mas acho o cartucho muito caro pela quantidade de impressão,se eu soubesse... (Likes: 35)","5⭐ - E um produto de qualidade,mas acho o cartucho muito caro pela quantidade de impressão,se eu soubesse... (Data: )",,,,,,,nao_realizada,0,0,2363801799.0,5.0,excelente,"Ainda não usei, mas é de confiança.",,0.0,True,True,review_individual
MLB37141763,Cartucho De Tinta Hp 667 Cor Preto Do 2 Ml,https://www.mercadolivre.com.br/cartucho-de-tinta-hp-667-cor-preto-do-2-ml/p/MLB37141763#polycard_client=search-nordic&search_layout=grid&position=3&type=product&tracking_id=5cf0ad7f-50f7-44c6-8a2a-a66579bb354c&wid=MLB3713375243&sid=search,"R$ 63,90",N/A,,N/A,,,,4.93,0,93,7,0,0,0,False,0,0,100,0,0,N/A,Novo,,,True,,,https://http2.mlstatic.com/D_Q_NP_2X_886903-MLA87439311815_072025-E.webp,,,,,2025-09-29T13:05:44.242740,False,nao_realizada,0,"[1] 5⭐ - excelente: E um produto de qualidade,mas acho o cartucho muito caro pela quantidade de impressão,se eu soubesse antes teria pago mais caro em uma impressora in tank, seria mais proveitoso. (Data: , Likes: 35) | [2] 4⭐ - ótimo: A durabilidade é pequena, principalmente se levamos em consideração em seu custo. (Data: , Likes: 17) | [3] 4⭐ - muito bom: Bom porém deixa a desejar pelo tamanho se tira 20 coisa já acabou a tinta. (Data: , Likes: 5) | [4] 5⭐ - excelente: Eu estou muito satisfeito produto de ótima qualidade, fora o serviços do mercadolivre que são excelentes 👍. (Data: , Likes: 3) | [5] 5⭐ - excelente: Excelente. (Data: , Likes: 3) | [6] 5⭐ - excelente: Pouca tinta. (Data: , Likes: 2) | [7] 4⭐ - muito bom: 2ml é muito pouco … hp devia por mais tinta. (Data: , Likes: 2) | [8] 5⭐ - excelente: Pena que são apenas 2ml. (Data: , Likes: 2) | [9] 5⭐ - excelente: Ótimo produto. Já é a segunda vez que compro. Recomendo 🤝🏻. (Data: , Likes: 1) | [10] 5⭐ - excelente: Excelente material, muito bom.
Eu estava com um bom tempo sem usar essa impressora e o resultado foi esse na imagem.
Vou comprar o cartucho colorido agora. (Data: , Likes: 1)",74,74,0,63,"5⭐ - E um produto de qualidade,mas acho o cartucho muito caro pela quantidade de impressão,se eu soubesse... (Likes: 35)","5⭐ - E um produto de qualidade,mas acho o cartucho muito caro pela quantidade de impressão,se eu soubesse... (Data: )",,,,,,,nao_realizada,0,0,2363021201.0,5.0,excelente,Original e serviu muito bem o cartucho na cor preta.,,0.0,True,True,review_individual
MLB37141763,Cartucho De Tinta Hp 667 Cor Preto Do 2 Ml,https://www.mercadolivre.com.br/cartucho-de-tinta-hp-667-cor-preto-do-2-ml/p/MLB37141763#polycard_client=search-nordic&search_layout=grid&position=3&type=product&tracking_id=5cf0ad7f-50f7-44c6-8a2a-a66579bb354c&wid=MLB3713375243&sid=search,"R$ 63,90",N/A,,N/A,,,,4.93,0,93,7,0,0,0,False,0,0,100,0,0,N/A,Novo,,,True,,,https://http2.mlstatic.com/D_Q_NP_2X_886903-MLA87439311815_072025-E.webp,,,,,2025-09-29T13:05:44.242740,False,nao_realizada,0,"[1] 5⭐ - excelente: E um produto de qualidade,mas acho o cartucho muito caro pela quantidade de impressão,se eu soubesse antes teria pago mais caro em uma impressora in tank, seria mais proveitoso. (Data: , Likes: 35) | [2] 4⭐ - ótimo: A durabilidade é pequena, principalmente se levamos em consideração em seu custo. (Data: , Likes: 17) | [3] 4⭐ - muito bom: Bom porém deixa a desejar pelo tamanho se tira 20 coisa já acabou a tinta. (Data: , Likes: 5) | [4] 5⭐ - excelente: Eu estou muito satisfeito produto de ótima qualidade, fora o serviços do mercadolivre que são excelentes 👍. (Data: , Likes: 3) | [5] 5⭐ - excelente: Excelente. (Data: , Likes: 3) | [6] 5⭐ - excelente: Pouca tinta. (Data: , Likes: 2) | [7] 4⭐ - muito bom: 2ml é muito pouco … hp devia por mais tinta. (Data: , Likes: 2) | [8] 5⭐ - excelente: Pena que são apenas 2ml. (Data: , Likes: 2) | [9] 5⭐ - excelente: Ótimo produto. Já é a segunda vez que compro. Recomendo 🤝🏻. (Data: , Likes: 1) | [10] 5⭐ - excelente: Excelente material, muito bom.
Eu estava com um bom tempo sem usar essa impressora e o resultado foi esse na imagem.
Vou comprar o cartucho colorido agora. (Data: , Likes: 1)",74,74,0,63,"5⭐ - E um produto de qualidade,mas acho o cartucho muito caro pela quantidade de impressão,se eu soubesse... (Likes: 35)","5⭐ - E um produto de qualidade,mas acho o cartucho muito caro pela quantidade de impressão,se eu soubesse... (Data: )",,,,,,,nao_realizada,0,0,2362192315.0,5.0,excelente,Veio tudo certinho 😉👍🏼.,,0.0,True,True,review_individual
MLB37141763,Cartucho De Tinta Hp 667 Cor Preto Do 2 Ml,https://www.mercadolivre.com.br/cartucho-de-tinta-hp-667-cor-preto-do-2-ml/p/MLB37141763#polycard_client=search-nordic&search_layout=grid&position=3&type=product&tracking_id=5cf0ad7f-50f7-44c6-8a2a-a66579bb354c&wid=MLB3713375243&sid=search,"R$ 63,90",N/A,,N/A,,,,4.93,0,93,7,0,0,0,False,0,0,100,0,0,N/A,Novo,,,True,,,https://http2.mlstatic.com/D_Q_NP_2X_886903-MLA87439311815_072025-E.webp,,,,,2025-09-29T13:05:44.242740,False,nao_realizada,0,"[1] 5⭐ - excelente: E um produto de qualidade,mas acho o cartucho muito caro pela quantidade de impressão,se eu soubesse antes teria pago mais caro em uma impressora in tank, seria mais proveitoso. (Data: , Likes: 35) | [2] 4⭐ - ótimo: A durabilidade é pequena, principalmente se levamos em consideração em seu custo. (Data: , Likes: 17) | [3] 4⭐ - muito bom: Bom porém deixa a desejar pelo tamanho se tira 20 coisa já acabou a tinta. (Data: , Likes: 5) | [4] 5⭐ - excelente: Eu estou muito satisfeito produto de ótima qualidade, fora o serviços do mercadolivre que são excelentes 👍. (Data: , Likes: 3) | [5] 5⭐ - excelente: Excelente. (Data: , Likes: 3) | [6] 5⭐ - excelente: Pouca tinta. (Data: , Likes: 2) | [7] 4⭐ - muito bom: 2ml é muito pouco … hp devia por mais tinta. (Data: , Likes: 2) | [8] 5⭐ - excelente: Pena que são apenas 2ml. (Data: , Likes: 2) | [9] 5⭐ - excelente: Ótimo produto. Já é a segunda vez que compro. Recomendo 🤝🏻. (Data: , Likes: 1) | [10] 5⭐ - excelente: Excelente material, muito bom.
Eu estava com um bom tempo sem usar essa impressora e o resultado foi esse na imagem.
Vou comprar o cartucho colorido agora. (Data: , Likes: 1)",74,74,0,63,"5⭐ - E um produto de qualidade,mas acho o cartucho muito caro pela quantidade de impressão,se eu soubesse... (Likes: 35)","5⭐ - E um produto de qualidade,mas acho o cartucho muito caro pela quantidade de impressão,se eu soubesse... (Data: )",,,,,,,nao_realizada,0,0,2359802303.0,5.0,excelente,Muito show o cartucho preto hp eu recomendo muito eficiente foi top.,,0.0,True,True,review_individual
MLB37141763,Cartucho De Tinta Hp 667 Cor Preto Do 2 Ml,https://www.mercadolivre.com.br/cartucho-de-tinta-hp-667-cor-preto-do-2-ml/p/MLB37141763#polycard_client=search-nordic&search_layout=grid&position=3&type=product&tracking_id=5cf0ad7f-50f7-44c6-8a2a-a66579bb354c&wid=MLB3713375243&sid=search,"R$ 63,90",N/A,,N/A,,,,4.93,0,93,7,0,0,0,False,0,0,100,0,0,N/A,Novo,,,True,,,https://http2.mlstatic.com/D_Q_NP_2X_886903-MLA87439311815_072025-E.webp,,,,,2025-09-29T13:05:44.242740,False,nao_realizada,0,"[1] 5⭐ - excelente: E um produto de qualidade,mas acho o cartucho muito caro pela quantidade de impressão,se eu soubesse antes teria pago mais caro em uma impressora in tank, seria mais proveitoso. (Data: , Likes: 35) | [2] 4⭐ - ótimo: A durabilidade é pequena, principalmente se levamos em consideração em seu custo. (Data: , Likes: 17) | [3] 4⭐ - muito bom: Bom porém deixa a desejar pelo tamanho se tira 20 coisa já acabou a tinta. (Data: , Likes: 5) | [4] 5⭐ - excelente: Eu estou muito satisfeito produto de ótima qualidade, fora o serviços do mercadolivre que são excelentes 👍. (Data: , Likes: 3) | [5] 5⭐ - excelente: Excelente. (Data: , Likes: 3) | [6] 5⭐ - excelente: Pouca tinta. (Data: , Likes: 2) | [7] 4⭐ - muito bom: 2ml é muito pouco … hp devia por mais tinta. (Data: , Likes: 2) | [8] 5⭐ - excelente: Pena que são apenas 2ml. (Data: , Likes: 2) | [9] 5⭐ - excelente: Ótimo produto. Já é a segunda vez que compro. Recomendo 🤝🏻. (Data: , Likes: 1) | [10] 5⭐ - excelente: Excelente material, muito bom.
Eu estava com um bom tempo sem usar essa impressora e o resultado foi esse na imagem.
Vou comprar o cartucho colorido agora. (Data: , Likes: 1)",74,74,0,63,"5⭐ - E um produto de qualidade,mas acho o cartucho muito caro pela quantidade de impressão,se eu soubesse... (Likes: 35)","5⭐ - E um produto de qualidade,mas acho o cartucho muito caro pela quantidade de impressão,se eu soubesse... (Data: )",,,,,,,nao_realizada,0,0,2359122895.0,5.0,excelente,"Original, podem comprar sem medo.",,0.0,True,True,review_individual
MLB37141763,Cartucho De Tinta Hp 667 Cor Preto Do 2 Ml,https://www.mercadolivre.com.br/cartucho-de-tinta-hp-667-cor-preto-do-2-ml/p/MLB37141763#polycard_client=search-nordic&search_layout=grid&position=3&type=product&tracking_id=5cf0ad7f-50f7-44c6-8a2a-a66579bb354c&wid=MLB3713375243&sid=search,"R$ 63,90",N/A,,N/A,,,,4.93,0,93,7,0,0,0,False,0,0,100,0,0,N/A,Novo,,,True,,,https://http2.mlstatic.com/D_Q_NP_2X_886903-MLA87439311815_072025-E.webp,,,,,2025-09-29T13:05:44.242740,False,nao_realizada,0,"[1] 5⭐ - excelente: E um produto de qualidade,mas acho o cartucho muito caro pela quantidade de impressão,se eu soubesse antes teria pago mais caro em uma impressora in tank, seria mais proveitoso. (Data: , Likes: 35) | [2] 4⭐ - ótimo: A durabilidade é pequena, principalmente se levamos em consideração em seu custo. (Data: , Likes: 17) | [3] 4⭐ - muito bom: Bom porém deixa a desejar pelo tamanho se tira 20 coisa já acabou a tinta. (Data: , Likes: 5) | [4] 5⭐ - excelente: Eu estou muito satisfeito produto de ótima qualidade, fora o serviços do mercadolivre que são excelentes 👍. (Data: , Likes: 3) | [5] 5⭐ - excelente: Excelente. (Data: , Likes: 3) | [6] 5⭐ - excelente: Pouca tinta. (Data: , Likes: 2) | [7] 4⭐ - muito bom: 2ml é muito pouco … hp devia por mais tinta. (Data: , Likes: 2) | [8] 5⭐ - excelente: Pena que são apenas 2ml. (Data: , Likes: 2) | [9] 5⭐ - excelente: Ótimo produto. Já é a segunda vez que compro. Recomendo 🤝🏻. (Data: , Likes: 1) | [10] 5⭐ - excelente: Excelente material, muito bom.
Eu estava com um bom tempo sem usar essa impressora e o resultado foi esse na imagem.
Vou comprar o cartucho colorido agora. (Data: , Likes: 1)",74,74,0,63,"5⭐ - E um produto de qualidade,mas acho o cartucho muito caro pela quantidade de impressão,se eu soubesse... (Likes: 35)","5⭐ - E um produto de qualidade,mas acho o cartucho muito caro pela quantidade de impressão,se eu soubesse... (Data: )",,,,,,,nao_realizada,0,0,2362581338.0,5.0,excelente,Deu certo dms.,,0.0,True,True,review_individual
MLB37141763,Cartucho De Tinta Hp 667 Cor Preto Do 2 Ml,https://www.mercadolivre.com.br/cartucho-de-tinta-hp-667-cor-preto-do-2-ml/p/MLB37141763#polycard_client=search-nordic&search_layout=grid&position=3&type=product&tracking_id=5cf0ad7f-50f7-44c6-8a2a-a66579bb354c&wid=MLB3713375243&sid=search,"R$ 63,90",N/A,,N/A,,,,4.93,0,93,7,0,0,0,False,0,0,100,0,0,N/A,Novo,,,True,,,https://http2.mlstatic.com/D_Q_NP_2X_886903-MLA87439311815_072025-E.webp,,,,,2025-09-29T13:05:44.242740,False,nao_realizada,0,"[1] 5⭐ - excelente: E um produto de qualidade,mas acho o cartucho muito caro pela quantidade de impressão,se eu soubesse antes teria pago mais caro em uma impressora in tank, seria mais proveitoso. (Data: , Likes: 35) | [2] 4⭐ - ótimo: A durabilidade é pequena, principalmente se levamos em consideração em seu custo. (Data: , Likes: 17) | [3] 4⭐ - muito bom: Bom porém deixa a desejar pelo tamanho se tira 20 coisa já acabou a tinta. (Data: , Likes: 5) | [4] 5⭐ - excelente: Eu estou muito satisfeito produto de ótima qualidade, fora o serviços do mercadolivre que são excelentes 👍. (Data: , Likes: 3) | [5] 5⭐ - excelente: Excelente. (Data: , Likes: 3) | [6] 5⭐ - excelente: Pouca tinta. (Data: , Likes: 2) | [7] 4⭐ - muito bom: 2ml é muito pouco … hp devia por mais tinta. (Data: , Likes: 2) | [8] 5⭐ - excelente: Pena que são apenas 2ml. (Data: , Likes: 2) | [9] 5⭐ - excelente: Ótimo produto. Já é a segunda vez que compro. Recomendo 🤝🏻. (Data: , Likes: 1) | [10] 5⭐ - excelente: Excelente material, muito bom.
Eu estava com um bom tempo sem usar essa impressora e o resultado foi esse na imagem.
Vou comprar o cartucho colorido agora. (Data: , Likes: 1)",74,74,0,63,"5⭐ - E um produto de qualidade,mas acho o cartucho muito caro pela quantidade de impressão,se eu soubesse... (Likes: 35)","5⭐ - E um produto de qualidade,mas acho o cartucho muito caro pela quantidade de impressão,se eu soubesse... (Data: )",,,,,,,nao_realizada,0,0,2361710926.0,5.0,excelente,,,0.0,True,False,review_individual
MLB37141763,Cartucho De Tinta Hp 667 Cor Preto Do 2 Ml,https://www.mercadolivre.com.br/cartucho-de-tinta-hp-667-cor-preto-do-2-ml/p/MLB37141763#polycard_client=search-nordic&search_layout=grid&position=3&type=product&tracking_id=5cf0ad7f-50f7-44c6-8a2a-a66579bb354c&wid=MLB3713375243&sid=search,"R$ 63,90",N/A,,N/A,,,,4.93,0,93,7,0,0,0,False,0,0,100,0,0,N/A,Novo,,,True,,,https://http2.mlstatic.com/D_Q_NP_2X_886903-MLA87439311815_072025-E.webp,,,,,2025-09-29T13:05:44.242740,False,nao_realizada,0,"[1] 5⭐ - excelente: E um produto de qualidade,mas acho o cartucho muito caro pela quantidade de impressão,se eu soubesse antes teria pago mais caro em uma impressora in tank, seria mais proveitoso. (Data: , Likes: 35) | [2] 4⭐ - ótimo: A durabilidade é pequena, principalmente se levamos em consideração em seu custo. (Data: , Likes: 17) | [3] 4⭐ - muito bom: Bom porém deixa a desejar pelo tamanho se tira 20 coisa já acabou a tinta. (Data: , Likes: 5) | [4] 5⭐ - excelente: Eu estou muito satisfeito produto de ótima qualidade, fora o serviços do mercadolivre que são excelentes 👍. (Data: , Likes: 3) | [5] 5⭐ - excelente: Excelente. (Data: , Likes: 3) | [6] 5⭐ - excelente: Pouca tinta. (Data: , Likes: 2) | [7] 4⭐ - muito bom: 2ml é muito pouco … hp devia por mais tinta. (Data: , Likes: 2) | [8] 5⭐ - excelente: Pena que são apenas 2ml. (Data: , Likes: 2) | [9] 5⭐ - excelente: Ótimo produto. Já é a segunda vez que compro. Recomendo 🤝🏻. (Data: , Likes: 1) | [10] 5⭐ - excelente: Excelente material, muito bom.
Eu estava com um bom tempo sem usar essa impressora e o resultado foi esse na imagem.
Vou comprar o cartucho colorido agora. (Data: , Likes: 1)",74,74,0,63,"5⭐ - E um produto de qualidade,mas acho o cartucho muito caro pela quantidade de impressão,se eu soubesse... (Likes: 35)","5⭐ - E um produto de qualidade,mas acho o cartucho muito caro pela quantidade de impressão,se eu soubesse... (Data: )",,,,,,,nao_realizada,0,0,2360437798.0,5.0,excelente,Muito bom custo benefício.,,0.0,True,True,review_individual
MLB37141763,Cartucho De Tinta Hp 667 Cor Preto Do 2 Ml,https://www.mercadolivre.com.br/cartucho-de-tinta-hp-667-cor-preto-do-2-ml/p/MLB37141763#polycard_client=search-nordic&search_layout=grid&position=3&type=product&tracking_id=5cf0ad7f-50f7-44c6-8a2a-a66579bb354c&wid=MLB3713375243&sid=search,"R$ 63,90",N/A,,N/A,,,,4.93,0,93,7,0,0,0,False,0,0,100,0,0,N/A,Novo,,,True,,,https://http2.mlstatic.com/D_Q_NP_2X_886903-MLA87439311815_072025-E.webp,,,,,2025-09-29T13:05:44.242740,False,nao_realizada,0,"[1] 5⭐ - excelente: E um produto de qualidade,mas acho o cartucho muito caro pela quantidade de impressão,se eu soubesse antes teria pago mais caro em uma impressora in tank, seria mais proveitoso. (Data: , Likes: 35) | [2] 4⭐ - ótimo: A durabilidade é pequena, principalmente se levamos em consideração em seu custo. (Data: , Likes: 17) | [3] 4⭐ - muito bom: Bom porém deixa a desejar pelo tamanho se tira 20 coisa já acabou a tinta. (Data: , Likes: 5) | [4] 5⭐ - excelente: Eu estou muito satisfeito produto de ótima qualidade, fora o serviços do mercadolivre que são excelentes 👍. (Data: , Likes: 3) | [5] 5⭐ - excelente: Excelente. (Data: , Likes: 3) | [6] 5⭐ - excelente: Pouca tinta. (Data: , Likes: 2) | [7] 4⭐ - muito bom: 2ml é muito pouco … hp devia por mais tinta. (Data: , Likes: 2) | [8] 5⭐ - excelente: Pena que são apenas 2ml. (Data: , Likes: 2) | [9] 5⭐ - excelente: Ótimo produto. Já é a segunda vez que compro. Recomendo 🤝🏻. (Data: , Likes: 1) | [10] 5⭐ - excelente: Excelente material, muito bom.
Eu estava com um bom tempo sem usar essa impressora e o resultado foi esse na imagem.
Vou comprar o cartucho colorido agora. (Data: , Likes: 1)",74,74,0,63,"5⭐ - E um produto de qualidade,mas acho o cartucho muito caro pela quantidade de impressão,se eu soubesse... (Likes: 35)","5⭐ - E um produto de qualidade,mas acho o cartucho muito caro pela quantidade de impressão,se eu soubesse... (Data: )",,,,,,,nao_realizada,0,0,2360345272.0,5.0,excelente,Ótimo cartucho hp.,,0.0,True,True,review_individual
MLB37141763,Cartucho De Tinta Hp 667 Cor Preto Do 2 Ml,https://www.mercadolivre.com.br/cartucho-de-tinta-hp-667-cor-preto-do-2-ml/p/MLB37141763#polycard_client=search-nordic&search_layout=grid&position=3&type=product&tracking_id=5cf0ad7f-50f7-44c6-8a2a-a66579bb354c&wid=MLB3713375243&sid=search,"R$ 63,90",N/A,,N/A,,,,4.93,0,93,7,0,0,0,False,0,0,100,0,0,N/A,Novo,,,True,,,https://http2.mlstatic.com/D_Q_NP_2X_886903-MLA87439311815_072025-E.webp,,,,,2025-09-29T13:05:44.242740,False,nao_realizada,0,"[1] 5⭐ - excelente: E um produto de qualidade,mas acho o cartucho muito caro pela quantidade de impressão,se eu soubesse antes teria pago mais caro em uma impressora in tank, seria mais proveitoso. (Data: , Likes: 35) | [2] 4⭐ - ótimo: A durabilidade é pequena, principalmente se levamos em consideração em seu custo. (Data: , Likes: 17) | [3] 4⭐ - muito bom: Bom porém deixa a desejar pelo tamanho se tira 20 coisa já acabou a tinta. (Data: , Likes: 5) | [4] 5⭐ - excelente: Eu estou muito satisfeito produto de ótima qualidade, fora o serviços do mercadolivre que são excelentes 👍. (Data: , Likes: 3) | [5] 5⭐ - excelente: Excelente. (Data: , Likes: 3) | [6] 5⭐ - excelente: Pouca tinta. (Data: , Likes: 2) | [7] 4⭐ - muito bom: 2ml é muito pouco … hp devia por mais tinta. (Data: , Likes: 2) | [8] 5⭐ - excelente: Pena que são apenas 2ml. (Data: , Likes: 2) | [9] 5⭐ - excelente: Ótimo produto. Já é a segunda vez que compro. Recomendo 🤝🏻. (Data: , Likes: 1) | [10] 5⭐ - excelente: Excelente material, muito bom.
Eu estava com um bom tempo sem usar essa impressora e o resultado foi esse na imagem.
Vou comprar o cartucho colorido agora. (Data: , Likes: 1)",74,74,0,63,"5⭐ - E um produto de qualidade,mas acho o cartucho muito caro pela quantidade de impressão,se eu soubesse... (Likes: 35)","5⭐ - E um produto de qualidade,mas acho o cartucho muito caro pela quantidade de impressão,se eu soubesse... (Data: )",,,,,,,nao_realizada,0,0,2359699274.0,5.0,excelente,Excelente amei. Super rápido. Tudo bom. Podem comprar sem medo. Loja é mercado livre 100. Essa é minha primeira compra no mercado livre super. Obrigado a toda equipe logística e comércio.,,0.0,True,True,review_individual
MLB37141763,Cartucho De Tinta Hp 667 Cor Preto Do 2 Ml,https://www.mercadolivre.com.br/cartucho-de-tinta-hp-667-cor-preto-do-2-ml/p/MLB37141763#polycard_client=search-nordic&search_layout=grid&position=3&type=product&tracking_id=5cf0ad7f-50f7-44c6-8a2a-a66579bb354c&wid=MLB3713375243&sid=search,"R$ 63,90",N/A,,N/A,,,,4.93,0,93,7,0,0,0,False,0,0,100,0,0,N/A,Novo,,,True,,,https://http2.mlstatic.com/D_Q_NP_2X_886903-MLA87439311815_072025-E.webp,,,,,2025-09-29T13:05:44.242740,False,nao_realizada,0,"[1] 5⭐ - excelente: E um produto de qualidade,mas acho o cartucho muito caro pela quantidade de impressão,se eu soubesse antes teria pago mais caro em uma impressora in tank, seria mais proveitoso. (Data: , Likes: 35) | [2] 4⭐ - ótimo: A durabilidade é pequena, principalmente se levamos em consideração em seu custo. (Data: , Likes: 17) | [3] 4⭐ - muito bom: Bom porém deixa a desejar pelo tamanho se tira 20 coisa já acabou a tinta. (Data: , Likes: 5) | [4] 5⭐ - excelente: Eu estou muito satisfeito produto de ótima qualidade, fora o serviços do mercadolivre que são excelentes 👍. (Data: , Likes: 3) | [5] 5⭐ - excelente: Excelente. (Data: , Likes: 3) | [6] 5⭐ - excelente: Pouca tinta. (Data: , Likes: 2) | [7] 4⭐ - muito bom: 2ml é muito pouco … hp devia por mais tinta. (Data: , Likes: 2) | [8] 5⭐ - excelente: Pena que são apenas 2ml. (Data: , Likes: 2) | [9] 5⭐ - excelente: Ótimo produto. Já é a segunda vez que compro. Recomendo 🤝🏻. (Data: , Likes: 1) | [10] 5⭐ - excelente: Excelente material, muito bom.
Eu estava com um bom tempo sem usar essa impressora e o resultado foi esse na imagem.
Vou comprar o cartucho colorido agora. (Data: , Likes: 1)",74,74,0,63,"5⭐ - E um produto de qualidade,mas acho o cartucho muito caro pela quantidade de impressão,se eu soubesse... (Likes: 35)","5⭐ - E um produto de qualidade,mas acho o cartucho muito caro pela quantidade de impressão,se eu soubesse... (Data: )",,,,,,,nao_realizada,0,0,2353467815.0,5.0,excelente,Ótimo produto.,,0.0,True,True,review_individual
MLB37141763,Cartucho De Tinta Hp 667 Cor Preto Do 2 Ml,https://www.mercadolivre.com.br/cartucho-de-tinta-hp-667-cor-preto-do-2-ml/p/MLB37141763#polycard_client=search-nordic&search_layout=grid&position=3&type=product&tracking_id=5cf0ad7f-50f7-44c6-8a2a-a66579bb354c&wid=MLB3713375243&sid=search,"R$ 63,90",N/A,,N/A,,,,4.93,0,93,7,0,0,0,False,0,0,100,0,0,N/A,Novo,,,True,,,https://http2.mlstatic.com/D_Q_NP_2X_886903-MLA87439311815_072025-E.webp,,,,,2025-09-29T13:05:44.242740,False,nao_realizada,0,"[1] 5⭐ - excelente: E um produto de qualidade,mas acho o cartucho muito caro pela quantidade de impressão,se eu soubesse antes teria pago mais caro em uma impressora in tank, seria mais proveitoso. (Data: , Likes: 35) | [2] 4⭐ - ótimo: A durabilidade é pequena, principalmente se levamos em consideração em seu custo. (Data: , Likes: 17) | [3] 4⭐ - muito bom: Bom porém deixa a desejar pelo tamanho se tira 20 coisa já acabou a tinta. (Data: , Likes: 5) | [4] 5⭐ - excelente: Eu estou muito satisfeito produto de ótima qualidade, fora o serviços do mercadolivre que são excelentes 👍. (Data: , Likes: 3) | [5] 5⭐ - excelente: Excelente. (Data: , Likes: 3) | [6] 5⭐ - excelente: Pouca tinta. (Data: , Likes: 2) | [7] 4⭐ - muito bom: 2ml é muito pouco … hp devia por mais tinta. (Data: , Likes: 2) | [8] 5⭐ - excelente: Pena que são apenas 2ml. (Data: , Likes: 2) | [9] 5⭐ - excelente: Ótimo produto. Já é a segunda vez que compro. Recomendo 🤝🏻. (Data: , Likes: 1) | [10] 5⭐ - excelente: Excelente material, muito bom.
Eu estava com um bom tempo sem usar essa impressora e o resultado foi esse na imagem.
Vou comprar o cartucho colorido agora. (Data: , Likes: 1)",74,74,0,63,"5⭐ - E um produto de qualidade,mas acho o cartucho muito caro pela quantidade de impressão,se eu soubesse... (Likes: 35)","5⭐ - E um produto de qualidade,mas acho o cartucho muito caro pela quantidade de impressão,se eu soubesse... (Data: )",,,,,,,nao_realizada,0,0,2359177030.0,5.0,excelente,Veio certinho e lacrado.,,0.0,True,True,review_individual
MLB37141763,Cartucho De Tinta Hp 667 Cor Preto Do 2 Ml,https://www.mercadolivre.com.br/cartucho-de-tinta-hp-667-cor-preto-do-2-ml/p/MLB37141763#polycard_client=search-nordic&search_layout=grid&position=3&type=product&tracking_id=5cf0ad7f-50f7-44c6-8a2a-a66579bb354c&wid=MLB3713375243&sid=search,"R$ 63,90",N/A,,N/A,,,,4.93,0,93,7,0,0,0,False,0,0,100,0,0,N/A,Novo,,,True,,,https://http2.mlstatic.com/D_Q_NP_2X_886903-MLA87439311815_072025-E.webp,,,,,2025-09-29T13:05:44.242740,False,nao_realizada,0,"[1] 5⭐ - excelente: E um produto de qualidade,mas acho o cartucho muito caro pela quantidade de impressão,se eu soubesse antes teria pago mais caro em uma impressora in tank, seria mais proveitoso. (Data: , Likes: 35) | [2] 4⭐ - ótimo: A durabilidade é pequena, principalmente se levamos em consideração em seu custo. (Data: , Likes: 17) | [3] 4⭐ - muito bom: Bom porém deixa a desejar pelo tamanho se tira 20 coisa já acabou a tinta. (Data: , Likes: 5) | [4] 5⭐ - excelente: Eu estou muito satisfeito produto de ótima qualidade, fora o serviços do mercadolivre que são excelentes 👍. (Data: , Likes: 3) | [5] 5⭐ - excelente: Excelente. (Data: , Likes: 3) | [6] 5⭐ - excelente: Pouca tinta. (Data: , Likes: 2) | [7] 4⭐ - muito bom: 2ml é muito pouco … hp devia por mais tinta. (Data: , Likes: 2) | [8] 5⭐ - excelente: Pena que são apenas 2ml. (Data: , Likes: 2) | [9] 5⭐ - excelente: Ótimo produto. Já é a segunda vez que compro. Recomendo 🤝🏻. (Data: , Likes: 1) | [10] 5⭐ - excelente: Excelente material, muito bom.
Eu estava com um bom tempo sem usar essa impressora e o resultado foi esse na imagem.
Vou comprar o cartucho colorido agora. (Data: , Likes: 1)",74,74,0,63,"5⭐ - E um produto de qualidade,mas acho o cartucho muito caro pela quantidade de impressão,se eu soubesse... (Likes: 35)","5⭐ - E um produto de qualidade,mas acho o cartucho muito caro pela quantidade de impressão,se eu soubesse... (Data: )",,,,,,,nao_realizada,0,0,2358400156.0,5.0,excelente,Ótimo.,,0.0,True,True,review_individual
MLB37141763,Cartucho De Tinta Hp 667 Cor Preto Do 2 Ml,https://www.mercadolivre.com.br/cartucho-de-tinta-hp-667-cor-preto-do-2-ml/p/MLB37141763#polycard_client=search-nordic&search_layout=grid&position=3&type=product&tracking_id=5cf0ad7f-50f7-44c6-8a2a-a66579bb354c&wid=MLB3713375243&sid=search,"R$ 63,90",N/A,,N/A,,,,4.93,0,93,7,0,0,0,False,0,0,100,0,0,N/A,Novo,,,True,,,https://http2.mlstatic.com/D_Q_NP_2X_886903-MLA87439311815_072025-E.webp,,,,,2025-09-29T13:05:44.242740,False,nao_realizada,0,"[1] 5⭐ - excelente: E um produto de qualidade,mas acho o cartucho muito caro pela quantidade de impressão,se eu soubesse antes teria pago mais caro em uma impressora in tank, seria mais proveitoso. (Data: , Likes: 35) | [2] 4⭐ - ótimo: A durabilidade é pequena, principalmente se levamos em consideração em seu custo. (Data: , Likes: 17) | [3] 4⭐ - muito bom: Bom porém deixa a desejar pelo tamanho se tira 20 coisa já acabou a tinta. (Data: , Likes: 5) | [4] 5⭐ - excelente: Eu estou muito satisfeito produto de ótima qualidade, fora o serviços do mercadolivre que são excelentes 👍. (Data: , Likes: 3) | [5] 5⭐ - excelente: Excelente. (Data: , Likes: 3) | [6] 5⭐ - excelente: Pouca tinta. (Data: , Likes: 2) | [7] 4⭐ - muito bom: 2ml é muito pouco … hp devia por mais tinta. (Data: , Likes: 2) | [8] 5⭐ - excelente: Pena que são apenas 2ml. (Data: , Likes: 2) | [9] 5⭐ - excelente: Ótimo produto. Já é a segunda vez que compro. Recomendo 🤝🏻. (Data: , Likes: 1) | [10] 5⭐ - excelente: Excelente material, muito bom.
Eu estava com um bom tempo sem usar essa impressora e o resultado foi esse na imagem.
Vou comprar o cartucho colorido agora. (Data: , Likes: 1)",74,74,0,63,"5⭐ - E um produto de qualidade,mas acho o cartucho muito caro pela quantidade de impressão,se eu soubesse... (Likes: 35)","5⭐ - E um produto de qualidade,mas acho o cartucho muito caro pela quantidade de impressão,se eu soubesse... (Data: )",,,,,,,nao_realizada,0,0,2358177994.0,5.0,excelente,"Ótimo, deu certinho.",,0.0,True,True,review_individual
MLB37141763,Cartucho De Tinta Hp 667 Cor Preto Do 2 Ml,https://www.mercadolivre.com.br/cartucho-de-tinta-hp-667-cor-preto-do-2-ml/p/MLB37141763#polycard_client=search-nordic&search_layout=grid&position=3&type=product&tracking_id=5cf0ad7f-50f7-44c6-8a2a-a66579bb354c&wid=MLB3713375243&sid=search,"R$ 63,90",N/A,,N/A,,,,4.93,0,93,7,0,0,0,False,0,0,100,0,0,N/A,Novo,,,True,,,https://http2.mlstatic.com/D_Q_NP_2X_886903-MLA87439311815_072025-E.webp,,,,,2025-09-29T13:05:44.242740,False,nao_realizada,0,"[1] 5⭐ - excelente: E um produto de qualidade,mas acho o cartucho muito caro pela quantidade de impressão,se eu soubesse antes teria pago mais caro em uma impressora in tank, seria mais proveitoso. (Data: , Likes: 35) | [2] 4⭐ - ótimo: A durabilidade é pequena, principalmente se levamos em consideração em seu custo. (Data: , Likes: 17) | [3] 4⭐ - muito bom: Bom porém deixa a desejar pelo tamanho se tira 20 coisa já acabou a tinta. (Data: , Likes: 5) | [4] 5⭐ - excelente: Eu estou muito satisfeito produto de ótima qualidade, fora o serviços do mercadolivre que são excelentes 👍. (Data: , Likes: 3) | [5] 5⭐ - excelente: Excelente. (Data: , Likes: 3) | [6] 5⭐ - excelente: Pouca tinta. (Data: , Likes: 2) | [7] 4⭐ - muito bom: 2ml é muito pouco … hp devia por mais tinta. (Data: , Likes: 2) | [8] 5⭐ - excelente: Pena que são apenas 2ml. (Data: , Likes: 2) | [9] 5⭐ - excelente: Ótimo produto. Já é a segunda vez que compro. Recomendo 🤝🏻. (Data: , Likes: 1) | [10] 5⭐ - excelente: Excelente material, muito bom.
Eu estava com um bom tempo sem usar essa impressora e o resultado foi esse na imagem.
Vou comprar o cartucho colorido agora. (Data: , Likes: 1)",74,74,0,63,"5⭐ - E um produto de qualidade,mas acho o cartucho muito caro pela quantidade de impressão,se eu soubesse... (Likes: 35)","5⭐ - E um produto de qualidade,mas acho o cartucho muito caro pela quantidade de impressão,se eu soubesse... (Data: )",,,,,,,nao_realizada,0,0,2352122237.0,5.0,excelente,Bom.,,0.0,True,True,review_individual
MLB37141763,Cartucho De Tinta Hp 667 Cor Preto Do 2 Ml,https://www.mercadolivre.com.br/cartucho-de-tinta-hp-667-cor-preto-do-2-ml/p/MLB37141763#polycard_client=search-nordic&search_layout=grid&position=3&type=product&tracking_id=5cf0ad7f-50f7-44c6-8a2a-a66579bb354c&wid=MLB3713375243&sid=search,"R$ 63,90",N/A,,N/A,,,,4.93,0,93,7,0,0,0,False,0,0,100,0,0,N/A,Novo,,,True,,,https://http2.mlstatic.com/D_Q_NP_2X_886903-MLA87439311815_072025-E.webp,,,,,2025-09-29T13:05:44.242740,False,nao_realizada,0,"[1] 5⭐ - excelente: E um produto de qualidade,mas acho o cartucho muito caro pela quantidade de impressão,se eu soubesse antes teria pago mais caro em uma impressora in tank, seria mais proveitoso. (Data: , Likes: 35) | [2] 4⭐ - ótimo: A durabilidade é pequena, principalmente se levamos em consideração em seu custo. (Data: , Likes: 17) | [3] 4⭐ - muito bom: Bom porém deixa a desejar pelo tamanho se tira 20 coisa já acabou a tinta. (Data: , Likes: 5) | [4] 5⭐ - excelente: Eu estou muito satisfeito produto de ótima qualidade, fora o serviços do mercadolivre que são excelentes 👍. (Data: , Likes: 3) | [5] 5⭐ - excelente: Excelente. (Data: , Likes: 3) | [6] 5⭐ - excelente: Pouca tinta. (Data: , Likes: 2) | [7] 4⭐ - muito bom: 2ml é muito pouco … hp devia por mais tinta. (Data: , Likes: 2) | [8] 5⭐ - excelente: Pena que são apenas 2ml. (Data: , Likes: 2) | [9] 5⭐ - excelente: Ótimo produto. Já é a segunda vez que compro. Recomendo 🤝🏻. (Data: , Likes: 1) | [10] 5⭐ - excelente: Excelente material, muito bom.
Eu estava com um bom tempo sem usar essa impressora e o resultado foi esse na imagem.
Vou comprar o cartucho colorido agora. (Data: , Likes: 1)",74,74,0,63,"5⭐ - E um produto de qualidade,mas acho o cartucho muito caro pela quantidade de impressão,se eu soubesse... (Likes: 35)","5⭐ - E um produto de qualidade,mas acho o cartucho muito caro pela quantidade de impressão,se eu soubesse... (Data: )",,,,,,,nao_realizada,0,0,2358021228.0,5.0,excelente,Ok!.,,0.0,True,True,review_individual
MLB37141763,Cartucho De Tinta Hp 667 Cor Preto Do 2 Ml,https://www.mercadolivre.com.br/cartucho-de-tinta-hp-667-cor-preto-do-2-ml/p/MLB37141763#polycard_client=search-nordic&search_layout=grid&position=3&type=product&tracking_id=5cf0ad7f-50f7-44c6-8a2a-a66579bb354c&wid=MLB3713375243&sid=search,"R$ 63,90",N/A,,N/A,,,,4.93,0,93,7,0,0,0,False,0,0,100,0,0,N/A,Novo,,,True,,,https://http2.mlstatic.com/D_Q_NP_2X_886903-MLA87439311815_072025-E.webp,,,,,2025-09-29T13:05:44.242740,False,nao_realizada,0,"[1] 5⭐ - excelente: E um produto de qualidade,mas acho o cartucho muito caro pela quantidade de impressão,se eu soubesse antes teria pago mais caro em uma impressora in tank, seria mais proveitoso. (Data: , Likes: 35) | [2] 4⭐ - ótimo: A durabilidade é pequena, principalmente se levamos em consideração em seu custo. (Data: , Likes: 17) | [3] 4⭐ - muito bom: Bom porém deixa a desejar pelo tamanho se tira 20 coisa já acabou a tinta. (Data: , Likes: 5) | [4] 5⭐ - excelente: Eu estou muito satisfeito produto de ótima qualidade, fora o serviços do mercadolivre que são excelentes 👍. (Data: , Likes: 3) | [5] 5⭐ - excelente: Excelente. (Data: , Likes: 3) | [6] 5⭐ - excelente: Pouca tinta. (Data: , Likes: 2) | [7] 4⭐ - muito bom: 2ml é muito pouco … hp devia por mais tinta. (Data: , Likes: 2) | [8] 5⭐ - excelente: Pena que são apenas 2ml. (Data: , Likes: 2) | [9] 5⭐ - excelente: Ótimo produto. Já é a segunda vez que compro. Recomendo 🤝🏻. (Data: , Likes: 1) | [10] 5⭐ - excelente: Excelente material, muito bom.
Eu estava com um bom tempo sem usar essa impressora e o resultado foi esse na imagem.
Vou comprar o cartucho colorido agora. (Data: , Likes: 1)",74,74,0,63,"5⭐ - E um produto de qualidade,mas acho o cartucho muito caro pela quantidade de impressão,se eu soubesse... (Likes: 35)","5⭐ - E um produto de qualidade,mas acho o cartucho muito caro pela quantidade de impressão,se eu soubesse... (Data: )",,,,,,,nao_realizada,0,0,2356579962.0,5.0,excelente,Ótimo.,,0.0,True,True,review_individual
MLB37141763,Cartucho De Tinta Hp 667 Cor Preto Do 2 Ml,https://www.mercadolivre.com.br/cartucho-de-tinta-hp-667-cor-preto-do-2-ml/p/MLB37141763#polycard_client=search-nordic&search_layout=grid&position=3&type=product&tracking_id=5cf0ad7f-50f7-44c6-8a2a-a66579bb354c&wid=MLB3713375243&sid=search,"R$ 63,90",N/A,,N/A,,,,4.93,0,93,7,0,0,0,False,0,0,100,0,0,N/A,Novo,,,True,,,https://http2.mlstatic.com/D_Q_NP_2X_886903-MLA87439311815_072025-E.webp,,,,,2025-09-29T13:05:44.242740,False,nao_realizada,0,"[1] 5⭐ - excelente: E um produto de qualidade,mas acho o cartucho muito caro pela quantidade de impressão,se eu soubesse antes teria pago mais caro em uma impressora in tank, seria mais proveitoso. (Data: , Likes: 35) | [2] 4⭐ - ótimo: A durabilidade é pequena, principalmente se levamos em consideração em seu custo. (Data: , Likes: 17) | [3] 4⭐ - muito bom: Bom porém deixa a desejar pelo tamanho se tira 20 coisa já acabou a tinta. (Data: , Likes: 5) | [4] 5⭐ - excelente: Eu estou muito satisfeito produto de ótima qualidade, fora o serviços do mercadolivre que são excelentes 👍. (Data: , Likes: 3) | [5] 5⭐ - excelente: Excelente. (Data: , Likes: 3) | [6] 5⭐ - excelente: Pouca tinta. (Data: , Likes: 2) | [7] 4⭐ - muito bom: 2ml é muito pouco … hp devia por mais tinta. (Data: , Likes: 2) | [8] 5⭐ - excelente: Pena que são apenas 2ml. (Data: , Likes: 2) | [9] 5⭐ - excelente: Ótimo produto. Já é a segunda vez que compro. Recomendo 🤝🏻. (Data: , Likes: 1) | [10] 5⭐ - excelente: Excelente material, muito bom.
Eu estava com um bom tempo sem usar essa impressora e o resultado foi esse na imagem.
Vou comprar o cartucho colorido agora. (Data: , Likes: 1)",74,74,0,63,"5⭐ - E um produto de qualidade,mas acho o cartucho muito caro pela quantidade de impressão,se eu soubesse... (Likes: 35)","5⭐ - E um produto de qualidade,mas acho o cartucho muito caro pela quantidade de impressão,se eu soubesse... (Data: )",,,,,,,nao_realizada,0,0,2350475877.0,5.0,excelente,"Parece bom, mas, ainda preciso testar.",,0.0,True,True,review_individual
MLB37141763,Cartucho De Tinta Hp 667 Cor Preto Do 2 Ml,https://www.mercadolivre.com.br/cartucho-de-tinta-hp-667-cor-preto-do-2-ml/p/MLB37141763#polycard_client=search-nordic&search_layout=grid&position=3&type=product&tracking_id=5cf0ad7f-50f7-44c6-8a2a-a66579bb354c&wid=MLB3713375243&sid=search,"R$ 63,90",N/A,,N/A,,,,4.93,0,93,7,0,0,0,False,0,0,100,0,0,N/A,Novo,,,True,,,https://http2.mlstatic.com/D_Q_NP_2X_886903-MLA87439311815_072025-E.webp,,,,,2025-09-29T13:05:44.242740,False,nao_realizada,0,"[1] 5⭐ - excelente: E um produto de qualidade,mas acho o cartucho muito caro pela quantidade de impressão,se eu soubesse antes teria pago mais caro em uma impressora in tank, seria mais proveitoso. (Data: , Likes: 35) | [2] 4⭐ - ótimo: A durabilidade é pequena, principalmente se levamos em consideração em seu custo. (Data: , Likes: 17) | [3] 4⭐ - muito bom: Bom porém deixa a desejar pelo tamanho se tira 20 coisa já acabou a tinta. (Data: , Likes: 5) | [4] 5⭐ - excelente: Eu estou muito satisfeito produto de ótima qualidade, fora o serviços do mercadolivre que são excelentes 👍. (Data: , Likes: 3) | [5] 5⭐ - excelente: Excelente. (Data: , Likes: 3) | [6] 5⭐ - excelente: Pouca tinta. (Data: , Likes: 2) | [7] 4⭐ - muito bom: 2ml é muito pouco … hp devia por mais tinta. (Data: , Likes: 2) | [8] 5⭐ - excelente: Pena que são apenas 2ml. (Data: , Likes: 2) | [9] 5⭐ - excelente: Ótimo produto. Já é a segunda vez que compro. Recomendo 🤝🏻. (Data: , Likes: 1) | [10] 5⭐ - excelente: Excelente material, muito bom.
Eu estava com um bom tempo sem usar essa impressora e o resultado foi esse na imagem.
Vou comprar o cartucho colorido agora. (Data: , Likes: 1)",74,74,0,63,"5⭐ - E um produto de qualidade,mas acho o cartucho muito caro pela quantidade de impressão,se eu soubesse... (Likes: 35)","5⭐ - E um produto de qualidade,mas acho o cartucho muito caro pela quantidade de impressão,se eu soubesse... (Data: )",,,,,,,nao_realizada,0,0,2349310107.0,5.0,excelente,,,0.0,True,False,review_individual
MLB37141763,Cartucho De Tinta Hp 667 Cor Preto Do 2 Ml,https://www.mercadolivre.com.br/cartucho-de-tinta-hp-667-cor-preto-do-2-ml/p/MLB37141763#polycard_client=search-nordic&search_layout=grid&position=3&type=product&tracking_id=5cf0ad7f-50f7-44c6-8a2a-a66579bb354c&wid=MLB3713375243&sid=search,"R$ 63,90",N/A,,N/A,,,,4.93,0,93,7,0,0,0,False,0,0,100,0,0,N/A,Novo,,,True,,,https://http2.mlstatic.com/D_Q_NP_2X_886903-MLA87439311815_072025-E.webp,,,,,2025-09-29T13:05:44.242740,False,nao_realizada,0,"[1] 5⭐ - excelente: E um produto de qualidade,mas acho o cartucho muito caro pela quantidade de impressão,se eu soubesse antes teria pago mais caro em uma impressora in tank, seria mais proveitoso. (Data: , Likes: 35) | [2] 4⭐ - ótimo: A durabilidade é pequena, principalmente se levamos em consideração em seu custo. (Data: , Likes: 17) | [3] 4⭐ - muito bom: Bom porém deixa a desejar pelo tamanho se tira 20 coisa já acabou a tinta. (Data: , Likes: 5) | [4] 5⭐ - excelente: Eu estou muito satisfeito produto de ótima qualidade, fora o serviços do mercadolivre que são excelentes 👍. (Data: , Likes: 3) | [5] 5⭐ - excelente: Excelente. (Data: , Likes: 3) | [6] 5⭐ - excelente: Pouca tinta. (Data: , Likes: 2) | [7] 4⭐ - muito bom: 2ml é muito pouco … hp devia por mais tinta. (Data: , Likes: 2) | [8] 5⭐ - excelente: Pena que são apenas 2ml. (Data: , Likes: 2) | [9] 5⭐ - excelente: Ótimo produto. Já é a segunda vez que compro. Recomendo 🤝🏻. (Data: , Likes: 1) | [10] 5⭐ - excelente: Excelente material, muito bom.
Eu estava com um bom tempo sem usar essa impressora e o resultado foi esse na imagem.
Vou comprar o cartucho colorido agora. (Data: , Likes: 1)",74,74,0,63,"5⭐ - E um produto de qualidade,mas acho o cartucho muito caro pela quantidade de impressão,se eu soubesse... (Likes: 35)","5⭐ - E um produto de qualidade,mas acho o cartucho muito caro pela quantidade de impressão,se eu soubesse... (Data: )",,,,,,,nao_realizada,0,0,2348056355.0,5.0,excelente,Gostei muito e voltarei p fazer outros pedidos.,,0.0,True,True,review_individual
MLB37141763,Cartucho De Tinta Hp 667 Cor Preto Do 2 Ml,https://www.mercadolivre.com.br/cartucho-de-tinta-hp-667-cor-preto-do-2-ml/p/MLB37141763#polycard_client=search-nordic&search_layout=grid&position=3&type=product&tracking_id=5cf0ad7f-50f7-44c6-8a2a-a66579bb354c&wid=MLB3713375243&sid=search,"R$ 63,90",N/A,,N/A,,,,4.93,0,93,7,0,0,0,False,0,0,100,0,0,N/A,Novo,,,True,,,https://http2.mlstatic.com/D_Q_NP_2X_886903-MLA87439311815_072025-E.webp,,,,,2025-09-29T13:05:44.242740,False,nao_realizada,0,"[1] 5⭐ - excelente: E um produto de qualidade,mas acho o cartucho muito caro pela quantidade de impressão,se eu soubesse antes teria pago mais caro em uma impressora in tank, seria mais proveitoso. (Data: , Likes: 35) | [2] 4⭐ - ótimo: A durabilidade é pequena, principalmente se levamos em consideração em seu custo. (Data: , Likes: 17) | [3] 4⭐ - muito bom: Bom porém deixa a desejar pelo tamanho se tira 20 coisa já acabou a tinta. (Data: , Likes: 5) | [4] 5⭐ - excelente: Eu estou muito satisfeito produto de ótima qualidade, fora o serviços do mercadolivre que são excelentes 👍. (Data: , Likes: 3) | [5] 5⭐ - excelente: Excelente. (Data: , Likes: 3) | [6] 5⭐ - excelente: Pouca tinta. (Data: , Likes: 2) | [7] 4⭐ - muito bom: 2ml é muito pouco … hp devia por mais tinta. (Data: , Likes: 2) | [8] 5⭐ - excelente: Pena que são apenas 2ml. (Data: , Likes: 2) | [9] 5⭐ - excelente: Ótimo produto. Já é a segunda vez que compro. Recomendo 🤝🏻. (Data: , Likes: 1) | [10] 5⭐ - excelente: Excelente material, muito bom.
Eu estava com um bom tempo sem usar essa impressora e o resultado foi esse na imagem.
Vou comprar o cartucho colorido agora. (Data: , Likes: 1)",74,74,0,63,"5⭐ - E um produto de qualidade,mas acho o cartucho muito caro pela quantidade de impressão,se eu soubesse... (Likes: 35)","5⭐ - E um produto de qualidade,mas acho o cartucho muito caro pela quantidade de impressão,se eu soubesse... (Data: )",,,,,,,nao_realizada,0,0,2347330991.0,5.0,excelente,,,0.0,True,False,review_individual
MLB37141763,Cartucho De Tinta Hp 667 Cor Preto Do 2 Ml,https://www.mercadolivre.com.br/cartucho-de-tinta-hp-667-cor-preto-do-2-ml/p/MLB37141763#polycard_client=search-nordic&search_layout=grid&position=3&type=product&tracking_id=5cf0ad7f-50f7-44c6-8a2a-a66579bb354c&wid=MLB3713375243&sid=search,"R$ 63,90",N/A,,N/A,,,,4.93,0,93,7,0,0,0,False,0,0,100,0,0,N/A,Novo,,,True,,,https://http2.mlstatic.com/D_Q_NP_2X_886903-MLA87439311815_072025-E.webp,,,,,2025-09-29T13:05:44.242740,False,nao_realizada,0,"[1] 5⭐ - excelente: E um produto de qualidade,mas acho o cartucho muito caro pela quantidade de impressão,se eu soubesse antes teria pago mais caro em uma impressora in tank, seria mais proveitoso. (Data: , Likes: 35) | [2] 4⭐ - ótimo: A durabilidade é pequena, principalmente se levamos em consideração em seu custo. (Data: , Likes: 17) | [3] 4⭐ - muito bom: Bom porém deixa a desejar pelo tamanho se tira 20 coisa já acabou a tinta. (Data: , Likes: 5) | [4] 5⭐ - excelente: Eu estou muito satisfeito produto de ótima qualidade, fora o serviços do mercadolivre que são excelentes 👍. (Data: , Likes: 3) | [5] 5⭐ - excelente: Excelente. (Data: , Likes: 3) | [6] 5⭐ - excelente: Pouca tinta. (Data: , Likes: 2) | [7] 4⭐ - muito bom: 2ml é muito pouco … hp devia por mais tinta. (Data: , Likes: 2) | [8] 5⭐ - excelente: Pena que são apenas 2ml. (Data: , Likes: 2) | [9] 5⭐ - excelente: Ótimo produto. Já é a segunda vez que compro. Recomendo 🤝🏻. (Data: , Likes: 1) | [10] 5⭐ - excelente: Excelente material, muito bom.
Eu estava com um bom tempo sem usar essa impressora e o resultado foi esse na imagem.
Vou comprar o cartucho colorido agora. (Data: , Likes: 1)",74,74,0,63,"5⭐ - E um produto de qualidade,mas acho o cartucho muito caro pela quantidade de impressão,se eu soubesse... (Likes: 35)","5⭐ - E um produto de qualidade,mas acho o cartucho muito caro pela quantidade de impressão,se eu soubesse... (Data: )",,,,,,,nao_realizada,0,0,2342753221.0,5.0,excelente,"Muito bom, satisfeito.",,0.0,True,True,review_individual
MLB37141763,Cartucho De Tinta Hp 667 Cor Preto Do 2 Ml,https://www.mercadolivre.com.br/cartucho-de-tinta-hp-667-cor-preto-do-2-ml/p/MLB37141763#polycard_client=search-nordic&search_layout=grid&position=3&type=product&tracking_id=5cf0ad7f-50f7-44c6-8a2a-a66579bb354c&wid=MLB3713375243&sid=search,"R$ 63,90",N/A,,N/A,,,,4.93,0,93,7,0,0,0,False,0,0,100,0,0,N/A,Novo,,,True,,,https://http2.mlstatic.com/D_Q_NP_2X_886903-MLA87439311815_072025-E.webp,,,,,2025-09-29T13:05:44.242740,False,nao_realizada,0,"[1] 5⭐ - excelente: E um produto de qualidade,mas acho o cartucho muito caro pela quantidade de impressão,se eu soubesse antes teria pago mais caro em uma impressora in tank, seria mais proveitoso. (Data: , Likes: 35) | [2] 4⭐ - ótimo: A durabilidade é pequena, principalmente se levamos em consideração em seu custo. (Data: , Likes: 17) | [3] 4⭐ - muito bom: Bom porém deixa a desejar pelo tamanho se tira 20 coisa já acabou a tinta. (Data: , Likes: 5) | [4] 5⭐ - excelente: Eu estou muito satisfeito produto de ótima qualidade, fora o serviços do mercadolivre que são excelentes 👍. (Data: , Likes: 3) | [5] 5⭐ - excelente: Excelente. (Data: , Likes: 3) | [6] 5⭐ - excelente: Pouca tinta. (Data: , Likes: 2) | [7] 4⭐ - muito bom: 2ml é muito pouco … hp devia por mais tinta. (Data: , Likes: 2) | [8] 5⭐ - excelente: Pena que são apenas 2ml. (Data: , Likes: 2) | [9] 5⭐ - excelente: Ótimo produto. Já é a segunda vez que compro. Recomendo 🤝🏻. (Data: , Likes: 1) | [10] 5⭐ - excelente: Excelente material, muito bom.
Eu estava com um bom tempo sem usar essa impressora e o resultado foi esse na imagem.
Vou comprar o cartucho colorido agora. (Data: , Likes: 1)",74,74,0,63,"5⭐ - E um produto de qualidade,mas acho o cartucho muito caro pela quantidade de impressão,se eu soubesse... (Likes: 35)","5⭐ - E um produto de qualidade,mas acho o cartucho muito caro pela quantidade de impressão,se eu soubesse... (Data: )",,,,,,,nao_realizada,0,0,2342175815.0,5.0,excelente,"Produto. Muito bom, eu utilizo pouca tinta, dura bastante aqui.",,0.0,True,True,review_individual
MLB37141763,Cartucho De Tinta Hp 667 Cor Preto Do 2 Ml,https://www.mercadolivre.com.br/cartucho-de-tinta-hp-667-cor-preto-do-2-ml/p/MLB37141763#polycard_client=search-nordic&search_layout=grid&position=3&type=product&tracking_id=5cf0ad7f-50f7-44c6-8a2a-a66579bb354c&wid=MLB3713375243&sid=search,"R$ 63,90",N/A,,N/A,,,,4.93,0,93,7,0,0,0,False,0,0,100,0,0,N/A,Novo,,,True,,,https://http2.mlstatic.com/D_Q_NP_2X_886903-MLA87439311815_072025-E.webp,,,,,2025-09-29T13:05:44.242740,False,nao_realizada,0,"[1] 5⭐ - excelente: E um produto de qualidade,mas acho o cartucho muito caro pela quantidade de impressão,se eu soubesse antes teria pago mais caro em uma impressora in tank, seria mais proveitoso. (Data: , Likes: 35) | [2] 4⭐ - ótimo: A durabilidade é pequena, principalmente se levamos em consideração em seu custo. (Data: , Likes: 17) | [3] 4⭐ - muito bom: Bom porém deixa a desejar pelo tamanho se tira 20 coisa já acabou a tinta. (Data: , Likes: 5) | [4] 5⭐ - excelente: Eu estou muito satisfeito produto de ótima qualidade, fora o serviços do mercadolivre que são excelentes 👍. (Data: , Likes: 3) | [5] 5⭐ - excelente: Excelente. (Data: , Likes: 3) | [6] 5⭐ - excelente: Pouca tinta. (Data: , Likes: 2) | [7] 4⭐ - muito bom: 2ml é muito pouco … hp devia por mais tinta. (Data: , Likes: 2) | [8] 5⭐ - excelente: Pena que são apenas 2ml. (Data: , Likes: 2) | [9] 5⭐ - excelente: Ótimo produto. Já é a segunda vez que compro. Recomendo 🤝🏻. (Data: , Likes: 1) | [10] 5⭐ - excelente: Excelente material, muito bom.
Eu estava com um bom tempo sem usar essa impressora e o resultado foi esse na imagem.
Vou comprar o cartucho colorido agora. (Data: , Likes: 1)",74,74,0,63,"5⭐ - E um produto de qualidade,mas acho o cartucho muito caro pela quantidade de impressão,se eu soubesse... (Likes: 35)","5⭐ - E um produto de qualidade,mas acho o cartucho muito caro pela quantidade de impressão,se eu soubesse... (Data: )",,,,,,,nao_realizada,0,0,2347788988.0,5.0,excelente,Ótimos cartuchos.,,0.0,True,True,review_individual
MLB37141763,Cartucho De Tinta Hp 667 Cor Preto Do 2 Ml,https://www.mercadolivre.com.br/cartucho-de-tinta-hp-667-cor-preto-do-2-ml/p/MLB37141763#polycard_client=search-nordic&search_layout=grid&position=3&type=product&tracking_id=5cf0ad7f-50f7-44c6-8a2a-a66579bb354c&wid=MLB3713375243&sid=search,"R$ 63,90",N/A,,N/A,,,,4.93,0,93,7,0,0,0,False,0,0,100,0,0,N/A,Novo,,,True,,,https://http2.mlstatic.com/D_Q_NP_2X_886903-MLA87439311815_072025-E.webp,,,,,2025-09-29T13:05:44.242740,False,nao_realizada,0,"[1] 5⭐ - excelente: E um produto de qualidade,mas acho o cartucho muito caro pela quantidade de impressão,se eu soubesse antes teria pago mais caro em uma impressora in tank, seria mais proveitoso. (Data: , Likes: 35) | [2] 4⭐ - ótimo: A durabilidade é pequena, principalmente se levamos em consideração em seu custo. (Data: , Likes: 17) | [3] 4⭐ - muito bom: Bom porém deixa a desejar pelo tamanho se tira 20 coisa já acabou a tinta. (Data: , Likes: 5) | [4] 5⭐ - excelente: Eu estou muito satisfeito produto de ótima qualidade, fora o serviços do mercadolivre que são excelentes 👍. (Data: , Likes: 3) | [5] 5⭐ - excelente: Excelente. (Data: , Likes: 3) | [6] 5⭐ - excelente: Pouca tinta. (Data: , Likes: 2) | [7] 4⭐ - muito bom: 2ml é muito pouco … hp devia por mais tinta. (Data: , Likes: 2) | [8] 5⭐ - excelente: Pena que são apenas 2ml. (Data: , Likes: 2) | [9] 5⭐ - excelente: Ótimo produto. Já é a segunda vez que compro. Recomendo 🤝🏻. (Data: , Likes: 1) | [10] 5⭐ - excelente: Excelente material, muito bom.
Eu estava com um bom tempo sem usar essa impressora e o resultado foi esse na imagem.
Vou comprar o cartucho colorido agora. (Data: , Likes: 1)",74,74,0,63,"5⭐ - E um produto de qualidade,mas acho o cartucho muito caro pela quantidade de impressão,se eu soubesse... (Likes: 35)","5⭐ - E um produto de qualidade,mas acho o cartucho muito caro pela quantidade de impressão,se eu soubesse... (Data: )",,,,,,,nao_realizada,0,0,2341693859.0,5.0,excelente,Já instalei e usei. Produto original.,,0.0,True,True,review_individual
MLB37141763,Cartucho De Tinta Hp 667 Cor Preto Do 2 Ml,https://www.mercadolivre.com.br/cartucho-de-tinta-hp-667-cor-preto-do-2-ml/p/MLB37141763#polycard_client=search-nordic&search_layout=grid&position=3&type=product&tracking_id=5cf0ad7f-50f7-44c6-8a2a-a66579bb354c&wid=MLB3713375243&sid=search,"R$ 63,90",N/A,,N/A,,,,4.93,0,93,7,0,0,0,False,0,0,100,0,0,N/A,Novo,,,True,,,https://http2.mlstatic.com/D_Q_NP_2X_886903-MLA87439311815_072025-E.webp,,,,,2025-09-29T13:05:44.242740,False,nao_realizada,0,"[1] 5⭐ - excelente: E um produto de qualidade,mas acho o cartucho muito caro pela quantidade de impressão,se eu soubesse antes teria pago mais caro em uma impressora in tank, seria mais proveitoso. (Data: , Likes: 35) | [2] 4⭐ - ótimo: A durabilidade é pequena, principalmente se levamos em consideração em seu custo. (Data: , Likes: 17) | [3] 4⭐ - muito bom: Bom porém deixa a desejar pelo tamanho se tira 20 coisa já acabou a tinta. (Data: , Likes: 5) | [4] 5⭐ - excelente: Eu estou muito satisfeito produto de ótima qualidade, fora o serviços do mercadolivre que são excelentes 👍. (Data: , Likes: 3) | [5] 5⭐ - excelente: Excelente. (Data: , Likes: 3) | [6] 5⭐ - excelente: Pouca tinta. (Data: , Likes: 2) | [7] 4⭐ - muito bom: 2ml é muito pouco … hp devia por mais tinta. (Data: , Likes: 2) | [8] 5⭐ - excelente: Pena que são apenas 2ml. (Data: , Likes: 2) | [9] 5⭐ - excelente: Ótimo produto. Já é a segunda vez que compro. Recomendo 🤝🏻. (Data: , Likes: 1) | [10] 5⭐ - excelente: Excelente material, muito bom.
Eu estava com um bom tempo sem usar essa impressora e o resultado foi esse na imagem.
Vou comprar o cartucho colorido agora. (Data: , Likes: 1)",74,74,0,63,"5⭐ - E um produto de qualidade,mas acho o cartucho muito caro pela quantidade de impressão,se eu soubesse... (Likes: 35)","5⭐ - E um produto de qualidade,mas acho o cartucho muito caro pela quantidade de impressão,se eu soubesse... (Data: )",,,,,,,nao_realizada,0,0,2338754377.0,5.0,excelente,Funcionando perfeitamente.,,0.0,True,True,review_individual
MLB37141763,Cartucho De Tinta Hp 667 Cor Preto Do 2 Ml,https://www.mercadolivre.com.br/cartucho-de-tinta-hp-667-cor-preto-do-2-ml/p/MLB37141763#polycard_client=search-nordic&search_layout=grid&position=3&type=product&tracking_id=5cf0ad7f-50f7-44c6-8a2a-a66579bb354c&wid=MLB3713375243&sid=search,"R$ 63,90",N/A,,N/A,,,,4.93,0,93,7,0,0,0,False,0,0,100,0,0,N/A,Novo,,,True,,,https://http2.mlstatic.com/D_Q_NP_2X_886903-MLA87439311815_072025-E.webp,,,,,2025-09-29T13:05:44.242740,False,nao_realizada,0,"[1] 5⭐ - excelente: E um produto de qualidade,mas acho o cartucho muito caro pela quantidade de impressão,se eu soubesse antes teria pago mais caro em uma impressora in tank, seria mais proveitoso. (Data: , Likes: 35) | [2] 4⭐ - ótimo: A durabilidade é pequena, principalmente se levamos em consideração em seu custo. (Data: , Likes: 17) | [3] 4⭐ - muito bom: Bom porém deixa a desejar pelo tamanho se tira 20 coisa já acabou a tinta. (Data: , Likes: 5) | [4] 5⭐ - excelente: Eu estou muito satisfeito produto de ótima qualidade, fora o serviços do mercadolivre que são excelentes 👍. (Data: , Likes: 3) | [5] 5⭐ - excelente: Excelente. (Data: , Likes: 3) | [6] 5⭐ - excelente: Pouca tinta. (Data: , Likes: 2) | [7] 4⭐ - muito bom: 2ml é muito pouco … hp devia por mais tinta. (Data: , Likes: 2) | [8] 5⭐ - excelente: Pena que são apenas 2ml. (Data: , Likes: 2) | [9] 5⭐ - excelente: Ótimo produto. Já é a segunda vez que compro. Recomendo 🤝🏻. (Data: , Likes: 1) | [10] 5⭐ - excelente: Excelente material, muito bom.
Eu estava com um bom tempo sem usar essa impressora e o resultado foi esse na imagem.
Vou comprar o cartucho colorido agora. (Data: , Likes: 1)",74,74,0,63,"5⭐ - E um produto de qualidade,mas acho o cartucho muito caro pela quantidade de impressão,se eu soubesse... (Likes: 35)","5⭐ - E um produto de qualidade,mas acho o cartucho muito caro pela quantidade de impressão,se eu soubesse... (Data: )",,,,,,,nao_realizada,0,0,2338230921.0,5.0,excelente,Muito bom.,,0.0,True,True,review_individual
MLB37141763,Cartucho De Tinta Hp 667 Cor Preto Do 2 Ml,https://www.mercadolivre.com.br/cartucho-de-tinta-hp-667-cor-preto-do-2-ml/p/MLB37141763#polycard_client=search-nordic&search_layout=grid&position=3&type=product&tracking_id=5cf0ad7f-50f7-44c6-8a2a-a66579bb354c&wid=MLB3713375243&sid=search,"R$ 63,90",N/A,,N/A,,,,4.93,0,93,7,0,0,0,False,0,0,100,0,0,N/A,Novo,,,True,,,https://http2.mlstatic.com/D_Q_NP_2X_886903-MLA87439311815_072025-E.webp,,,,,2025-09-29T13:05:44.242740,False,nao_realizada,0,"[1] 5⭐ - excelente: E um produto de qualidade,mas acho o cartucho muito caro pela quantidade de impressão,se eu soubesse antes teria pago mais caro em uma impressora in tank, seria mais proveitoso. (Data: , Likes: 35) | [2] 4⭐ - ótimo: A durabilidade é pequena, principalmente se levamos em consideração em seu custo. (Data: , Likes: 17) | [3] 4⭐ - muito bom: Bom porém deixa a desejar pelo tamanho se tira 20 coisa já acabou a tinta. (Data: , Likes: 5) | [4] 5⭐ - excelente: Eu estou muito satisfeito produto de ótima qualidade, fora o serviços do mercadolivre que são excelentes 👍. (Data: , Likes: 3) | [5] 5⭐ - excelente: Excelente. (Data: , Likes: 3) | [6] 5⭐ - excelente: Pouca tinta. (Data: , Likes: 2) | [7] 4⭐ - muito bom: 2ml é muito pouco … hp devia por mais tinta. (Data: , Likes: 2) | [8] 5⭐ - excelente: Pena que são apenas 2ml. (Data: , Likes: 2) | [9] 5⭐ - excelente: Ótimo produto. Já é a segunda vez que compro. Recomendo 🤝🏻. (Data: , Likes: 1) | [10] 5⭐ - excelente: Excelente material, muito bom.
Eu estava com um bom tempo sem usar essa impressora e o resultado foi esse na imagem.
Vou comprar o cartucho colorido agora. (Data: , Likes: 1)",74,74,0,63,"5⭐ - E um produto de qualidade,mas acho o cartucho muito caro pela quantidade de impressão,se eu soubesse... (Likes: 35)","5⭐ - E um produto de qualidade,mas acho o cartucho muito caro pela quantidade de impressão,se eu soubesse... (Data: )",,,,,,,nao_realizada,0,0,2340351948.0,5.0,excelente,,,0.0,True,False,review_individual
MLB37141763,Cartucho De Tinta Hp 667 Cor Preto Do 2 Ml,https://www.mercadolivre.com.br/cartucho-de-tinta-hp-667-cor-preto-do-2-ml/p/MLB37141763#polycard_client=search-nordic&search_layout=grid&position=3&type=product&tracking_id=5cf0ad7f-50f7-44c6-8a2a-a66579bb354c&wid=MLB3713375243&sid=search,"R$ 63,90",N/A,,N/A,,,,4.93,0,93,7,0,0,0,False,0,0,100,0,0,N/A,Novo,,,True,,,https://http2.mlstatic.com/D_Q_NP_2X_886903-MLA87439311815_072025-E.webp,,,,,2025-09-29T13:05:44.242740,False,nao_realizada,0,"[1] 5⭐ - excelente: E um produto de qualidade,mas acho o cartucho muito caro pela quantidade de impressão,se eu soubesse antes teria pago mais caro em uma impressora in tank, seria mais proveitoso. (Data: , Likes: 35) | [2] 4⭐ - ótimo: A durabilidade é pequena, principalmente se levamos em consideração em seu custo. (Data: , Likes: 17) | [3] 4⭐ - muito bom: Bom porém deixa a desejar pelo tamanho se tira 20 coisa já acabou a tinta. (Data: , Likes: 5) | [4] 5⭐ - excelente: Eu estou muito satisfeito produto de ótima qualidade, fora o serviços do mercadolivre que são excelentes 👍. (Data: , Likes: 3) | [5] 5⭐ - excelente: Excelente. (Data: , Likes: 3) | [6] 5⭐ - excelente: Pouca tinta. (Data: , Likes: 2) | [7] 4⭐ - muito bom: 2ml é muito pouco … hp devia por mais tinta. (Data: , Likes: 2) | [8] 5⭐ - excelente: Pena que são apenas 2ml. (Data: , Likes: 2) | [9] 5⭐ - excelente: Ótimo produto. Já é a segunda vez que compro. Recomendo 🤝🏻. (Data: , Likes: 1) | [10] 5⭐ - excelente: Excelente material, muito bom.
Eu estava com um bom tempo sem usar essa impressora e o resultado foi esse na imagem.
Vou comprar o cartucho colorido agora. (Data: , Likes: 1)",74,74,0,63,"5⭐ - E um produto de qualidade,mas acho o cartucho muito caro pela quantidade de impressão,se eu soubesse... (Likes: 35)","5⭐ - E um produto de qualidade,mas acho o cartucho muito caro pela quantidade de impressão,se eu soubesse... (Data: )",,,,,,,nao_realizada,0,0,2339633434.0,5.0,excelente,Ótimo produto.,,0.0,True,True,review_individual
MLB37141763,Cartucho De Tinta Hp 667 Cor Preto Do 2 Ml,https://www.mercadolivre.com.br/cartucho-de-tinta-hp-667-cor-preto-do-2-ml/p/MLB37141763#polycard_client=search-nordic&search_layout=grid&position=3&type=product&tracking_id=5cf0ad7f-50f7-44c6-8a2a-a66579bb354c&wid=MLB3713375243&sid=search,"R$ 63,90",N/A,,N/A,,,,4.93,0,93,7,0,0,0,False,0,0,100,0,0,N/A,Novo,,,True,,,https://http2.mlstatic.com/D_Q_NP_2X_886903-MLA87439311815_072025-E.webp,,,,,2025-09-29T13:05:44.242740,False,nao_realizada,0,"[1] 5⭐ - excelente: E um produto de qualidade,mas acho o cartucho muito caro pela quantidade de impressão,se eu soubesse antes teria pago mais caro em uma impressora in tank, seria mais proveitoso. (Data: , Likes: 35) | [2] 4⭐ - ótimo: A durabilidade é pequena, principalmente se levamos em consideração em seu custo. (Data: , Likes: 17) | [3] 4⭐ - muito bom: Bom porém deixa a desejar pelo tamanho se tira 20 coisa já acabou a tinta. (Data: , Likes: 5) | [4] 5⭐ - excelente: Eu estou muito satisfeito produto de ótima qualidade, fora o serviços do mercadolivre que são excelentes 👍. (Data: , Likes: 3) | [5] 5⭐ - excelente: Excelente. (Data: , Likes: 3) | [6] 5⭐ - excelente: Pouca tinta. (Data: , Likes: 2) | [7] 4⭐ - muito bom: 2ml é muito pouco … hp devia por mais tinta. (Data: , Likes: 2) | [8] 5⭐ - excelente: Pena que são apenas 2ml. (Data: , Likes: 2) | [9] 5⭐ - excelente: Ótimo produto. Já é a segunda vez que compro. Recomendo 🤝🏻. (Data: , Likes: 1) | [10] 5⭐ - excelente: Excelente material, muito bom.
Eu estava com um bom tempo sem usar essa impressora e o resultado foi esse na imagem.
Vou comprar o cartucho colorido agora. (Data: , Likes: 1)",74,74,0,63,"5⭐ - E um produto de qualidade,mas acho o cartucho muito caro pela quantidade de impressão,se eu soubesse... (Likes: 35)","5⭐ - E um produto de qualidade,mas acho o cartucho muito caro pela quantidade de impressão,se eu soubesse... (Data: )",,,,,,,nao_realizada,0,0,2333260943.0,5.0,excelente,Serviu bem.,,0.0,True,True,review_individual
MLB37141763,Cartucho De Tinta Hp 667 Cor Preto Do 2 Ml,https://www.mercadolivre.com.br/cartucho-de-tinta-hp-667-cor-preto-do-2-ml/p/MLB37141763#polycard_client=search-nordic&search_layout=grid&position=3&type=product&tracking_id=5cf0ad7f-50f7-44c6-8a2a-a66579bb354c&wid=MLB3713375243&sid=search,"R$ 63,90",N/A,,N/A,,,,4.93,0,93,7,0,0,0,False,0,0,100,0,0,N/A,Novo,,,True,,,https://http2.mlstatic.com/D_Q_NP_2X_886903-MLA87439311815_072025-E.webp,,,,,2025-09-29T13:05:44.242740,False,nao_realizada,0,"[1] 5⭐ - excelente: E um produto de qualidade,mas acho o cartucho muito caro pela quantidade de impressão,se eu soubesse antes teria pago mais caro em uma impressora in tank, seria mais proveitoso. (Data: , Likes: 35) | [2] 4⭐ - ótimo: A durabilidade é pequena, principalmente se levamos em consideração em seu custo. (Data: , Likes: 17) | [3] 4⭐ - muito bom: Bom porém deixa a desejar pelo tamanho se tira 20 coisa já acabou a tinta. (Data: , Likes: 5) | [4] 5⭐ - excelente: Eu estou muito satisfeito produto de ótima qualidade, fora o serviços do mercadolivre que são excelentes 👍. (Data: , Likes: 3) | [5] 5⭐ - excelente: Excelente. (Data: , Likes: 3) | [6] 5⭐ - excelente: Pouca tinta. (Data: , Likes: 2) | [7] 4⭐ - muito bom: 2ml é muito pouco … hp devia por mais tinta. (Data: , Likes: 2) | [8] 5⭐ - excelente: Pena que são apenas 2ml. (Data: , Likes: 2) | [9] 5⭐ - excelente: Ótimo produto. Já é a segunda vez que compro. Recomendo 🤝🏻. (Data: , Likes: 1) | [10] 5⭐ - excelente: Excelente material, muito bom.
Eu estava com um bom tempo sem usar essa impressora e o resultado foi esse na imagem.
Vou comprar o cartucho colorido agora. (Data: , Likes: 1)",74,74,0,63,"5⭐ - E um produto de qualidade,mas acho o cartucho muito caro pela quantidade de impressão,se eu soubesse... (Likes: 35)","5⭐ - E um produto de qualidade,mas acho o cartucho muito caro pela quantidade de impressão,se eu soubesse... (Data: )",,,,,,,nao_realizada,0,0,2332490329.0,5.0,excelente,Melhor compra.,,0.0,True,True,review_individual
MLB37141763,Cartucho De Tinta Hp 667 Cor Preto Do 2 Ml,https://www.mercadolivre.com.br/cartucho-de-tinta-hp-667-cor-preto-do-2-ml/p/MLB37141763#polycard_client=search-nordic&search_layout=grid&position=3&type=product&tracking_id=5cf0ad7f-50f7-44c6-8a2a-a66579bb354c&wid=MLB3713375243&sid=search,"R$ 63,90",N/A,,N/A,,,,4.93,0,93,7,0,0,0,False,0,0,100,0,0,N/A,Novo,,,True,,,https://http2.mlstatic.com/D_Q_NP_2X_886903-MLA87439311815_072025-E.webp,,,,,2025-09-29T13:05:44.242740,False,nao_realizada,0,"[1] 5⭐ - excelente: E um produto de qualidade,mas acho o cartucho muito caro pela quantidade de impressão,se eu soubesse antes teria pago mais caro em uma impressora in tank, seria mais proveitoso. (Data: , Likes: 35) | [2] 4⭐ - ótimo: A durabilidade é pequena, principalmente se levamos em consideração em seu custo. (Data: , Likes: 17) | [3] 4⭐ - muito bom: Bom porém deixa a desejar pelo tamanho se tira 20 coisa já acabou a tinta. (Data: , Likes: 5) | [4] 5⭐ - excelente: Eu estou muito satisfeito produto de ótima qualidade, fora o serviços do mercadolivre que são excelentes 👍. (Data: , Likes: 3) | [5] 5⭐ - excelente: Excelente. (Data: , Likes: 3) | [6] 5⭐ - excelente: Pouca tinta. (Data: , Likes: 2) | [7] 4⭐ - muito bom: 2ml é muito pouco … hp devia por mais tinta. (Data: , Likes: 2) | [8] 5⭐ - excelente: Pena que são apenas 2ml. (Data: , Likes: 2) | [9] 5⭐ - excelente: Ótimo produto. Já é a segunda vez que compro. Recomendo 🤝🏻. (Data: , Likes: 1) | [10] 5⭐ - excelente: Excelente material, muito bom.
Eu estava com um bom tempo sem usar essa impressora e o resultado foi esse na imagem.
Vou comprar o cartucho colorido agora. (Data: , Likes: 1)",74,74,0,63,"5⭐ - E um produto de qualidade,mas acho o cartucho muito caro pela quantidade de impressão,se eu soubesse... (Likes: 35)","5⭐ - E um produto de qualidade,mas acho o cartucho muito caro pela quantidade de impressão,se eu soubesse... (Data: )",,,,,,,nao_realizada,0,0,2331331789.0,5.0,excelente,,,0.0,True,False,review_individual
MLB37141763,Cartucho De Tinta Hp 667 Cor Preto Do 2 Ml,https://www.mercadolivre.com.br/cartucho-de-tinta-hp-667-cor-preto-do-2-ml/p/MLB37141763#polycard_client=search-nordic&search_layout=grid&position=3&type=product&tracking_id=5cf0ad7f-50f7-44c6-8a2a-a66579bb354c&wid=MLB3713375243&sid=search,"R$ 63,90",N/A,,N/A,,,,4.93,0,93,7,0,0,0,False,0,0,100,0,0,N/A,Novo,,,True,,,https://http2.mlstatic.com/D_Q_NP_2X_886903-MLA87439311815_072025-E.webp,,,,,2025-09-29T13:05:44.242740,False,nao_realizada,0,"[1] 5⭐ - excelente: E um produto de qualidade,mas acho o cartucho muito caro pela quantidade de impressão,se eu soubesse antes teria pago mais caro em uma impressora in tank, seria mais proveitoso. (Data: , Likes: 35) | [2] 4⭐ - ótimo: A durabilidade é pequena, principalmente se levamos em consideração em seu custo. (Data: , Likes: 17) | [3] 4⭐ - muito bom: Bom porém deixa a desejar pelo tamanho se tira 20 coisa já acabou a tinta. (Data: , Likes: 5) | [4] 5⭐ - excelente: Eu estou muito satisfeito produto de ótima qualidade, fora o serviços do mercadolivre que são excelentes 👍. (Data: , Likes: 3) | [5] 5⭐ - excelente: Excelente. (Data: , Likes: 3) | [6] 5⭐ - excelente: Pouca tinta. (Data: , Likes: 2) | [7] 4⭐ - muito bom: 2ml é muito pouco … hp devia por mais tinta. (Data: , Likes: 2) | [8] 5⭐ - excelente: Pena que são apenas 2ml. (Data: , Likes: 2) | [9] 5⭐ - excelente: Ótimo produto. Já é a segunda vez que compro. Recomendo 🤝🏻. (Data: , Likes: 1) | [10] 5⭐ - excelente: Excelente material, muito bom.
Eu estava com um bom tempo sem usar essa impressora e o resultado foi esse na imagem.
Vou comprar o cartucho colorido agora. (Data: , Likes: 1)",74,74,0,63,"5⭐ - E um produto de qualidade,mas acho o cartucho muito caro pela quantidade de impressão,se eu soubesse... (Likes: 35)","5⭐ - E um produto de qualidade,mas acho o cartucho muito caro pela quantidade de impressão,se eu soubesse... (Data: )",,,,,,,nao_realizada,0,0,2330927781.0,5.0,excelente,Muito bom.,,0.0,True,True,review_individual
MLB37141763,Cartucho De Tinta Hp 667 Cor Preto Do 2 Ml,https://www.mercadolivre.com.br/cartucho-de-tinta-hp-667-cor-preto-do-2-ml/p/MLB37141763#polycard_client=search-nordic&search_layout=grid&position=3&type=product&tracking_id=5cf0ad7f-50f7-44c6-8a2a-a66579bb354c&wid=MLB3713375243&sid=search,"R$ 63,90",N/A,,N/A,,,,4.93,0,93,7,0,0,0,False,0,0,100,0,0,N/A,Novo,,,True,,,https://http2.mlstatic.com/D_Q_NP_2X_886903-MLA87439311815_072025-E.webp,,,,,2025-09-29T13:05:44.242740,False,nao_realizada,0,"[1] 5⭐ - excelente: E um produto de qualidade,mas acho o cartucho muito caro pela quantidade de impressão,se eu soubesse antes teria pago mais caro em uma impressora in tank, seria mais proveitoso. (Data: , Likes: 35) | [2] 4⭐ - ótimo: A durabilidade é pequena, principalmente se levamos em consideração em seu custo. (Data: , Likes: 17) | [3] 4⭐ - muito bom: Bom porém deixa a desejar pelo tamanho se tira 20 coisa já acabou a tinta. (Data: , Likes: 5) | [4] 5⭐ - excelente: Eu estou muito satisfeito produto de ótima qualidade, fora o serviços do mercadolivre que são excelentes 👍. (Data: , Likes: 3) | [5] 5⭐ - excelente: Excelente. (Data: , Likes: 3) | [6] 5⭐ - excelente: Pouca tinta. (Data: , Likes: 2) | [7] 4⭐ - muito bom: 2ml é muito pouco … hp devia por mais tinta. (Data: , Likes: 2) | [8] 5⭐ - excelente: Pena que são apenas 2ml. (Data: , Likes: 2) | [9] 5⭐ - excelente: Ótimo produto. Já é a segunda vez que compro. Recomendo 🤝🏻. (Data: , Likes: 1) | [10] 5⭐ - excelente: Excelente material, muito bom.
Eu estava com um bom tempo sem usar essa impressora e o resultado foi esse na imagem.
Vou comprar o cartucho colorido agora. (Data: , Likes: 1)",74,74,0,63,"5⭐ - E um produto de qualidade,mas acho o cartucho muito caro pela quantidade de impressão,se eu soubesse... (Likes: 35)","5⭐ - E um produto de qualidade,mas acho o cartucho muito caro pela quantidade de impressão,se eu soubesse... (Data: )",,,,,,,nao_realizada,0,0,2334361986.0,5.0,excelente,Produto ótimo original.,,0.0,True,True,review_individual
MLB37141763,Cartucho De Tinta Hp 667 Cor Preto Do 2 Ml,https://www.mercadolivre.com.br/cartucho-de-tinta-hp-667-cor-preto-do-2-ml/p/MLB37141763#polycard_client=search-nordic&search_layout=grid&position=3&type=product&tracking_id=5cf0ad7f-50f7-44c6-8a2a-a66579bb354c&wid=MLB3713375243&sid=search,"R$ 63,90",N/A,,N/A,,,,4.93,0,93,7,0,0,0,False,0,0,100,0,0,N/A,Novo,,,True,,,https://http2.mlstatic.com/D_Q_NP_2X_886903-MLA87439311815_072025-E.webp,,,,,2025-09-29T13:05:44.242740,False,nao_realizada,0,"[1] 5⭐ - excelente: E um produto de qualidade,mas acho o cartucho muito caro pela quantidade de impressão,se eu soubesse antes teria pago mais caro em uma impressora in tank, seria mais proveitoso. (Data: , Likes: 35) | [2] 4⭐ - ótimo: A durabilidade é pequena, principalmente se levamos em consideração em seu custo. (Data: , Likes: 17) | [3] 4⭐ - muito bom: Bom porém deixa a desejar pelo tamanho se tira 20 coisa já acabou a tinta. (Data: , Likes: 5) | [4] 5⭐ - excelente: Eu estou muito satisfeito produto de ótima qualidade, fora o serviços do mercadolivre que são excelentes 👍. (Data: , Likes: 3) | [5] 5⭐ - excelente: Excelente. (Data: , Likes: 3) | [6] 5⭐ - excelente: Pouca tinta. (Data: , Likes: 2) | [7] 4⭐ - muito bom: 2ml é muito pouco … hp devia por mais tinta. (Data: , Likes: 2) | [8] 5⭐ - excelente: Pena que são apenas 2ml. (Data: , Likes: 2) | [9] 5⭐ - excelente: Ótimo produto. Já é a segunda vez que compro. Recomendo 🤝🏻. (Data: , Likes: 1) | [10] 5⭐ - excelente: Excelente material, muito bom.
Eu estava com um bom tempo sem usar essa impressora e o resultado foi esse na imagem.
Vou comprar o cartucho colorido agora. (Data: , Likes: 1)",74,74,0,63,"5⭐ - E um produto de qualidade,mas acho o cartucho muito caro pela quantidade de impressão,se eu soubesse... (Likes: 35)","5⭐ - E um produto de qualidade,mas acho o cartucho muito caro pela quantidade de impressão,se eu soubesse... (Data: )",,,,,,,nao_realizada,0,0,2334130142.0,5.0,excelente,Produto original.,,0.0,True,True,review_individual
MLB37141763,Cartucho De Tinta Hp 667 Cor Preto Do 2 Ml,https://www.mercadolivre.com.br/cartucho-de-tinta-hp-667-cor-preto-do-2-ml/p/MLB37141763#polycard_client=search-nordic&search_layout=grid&position=3&type=product&tracking_id=5cf0ad7f-50f7-44c6-8a2a-a66579bb354c&wid=MLB3713375243&sid=search,"R$ 63,90",N/A,,N/A,,,,4.93,0,93,7,0,0,0,False,0,0,100,0,0,N/A,Novo,,,True,,,https://http2.mlstatic.com/D_Q_NP_2X_886903-MLA87439311815_072025-E.webp,,,,,2025-09-29T13:05:44.242740,False,nao_realizada,0,"[1] 5⭐ - excelente: E um produto de qualidade,mas acho o cartucho muito caro pela quantidade de impressão,se eu soubesse antes teria pago mais caro em uma impressora in tank, seria mais proveitoso. (Data: , Likes: 35) | [2] 4⭐ - ótimo: A durabilidade é pequena, principalmente se levamos em consideração em seu custo. (Data: , Likes: 17) | [3] 4⭐ - muito bom: Bom porém deixa a desejar pelo tamanho se tira 20 coisa já acabou a tinta. (Data: , Likes: 5) | [4] 5⭐ - excelente: Eu estou muito satisfeito produto de ótima qualidade, fora o serviços do mercadolivre que são excelentes 👍. (Data: , Likes: 3) | [5] 5⭐ - excelente: Excelente. (Data: , Likes: 3) | [6] 5⭐ - excelente: Pouca tinta. (Data: , Likes: 2) | [7] 4⭐ - muito bom: 2ml é muito pouco … hp devia por mais tinta. (Data: , Likes: 2) | [8] 5⭐ - excelente: Pena que são apenas 2ml. (Data: , Likes: 2) | [9] 5⭐ - excelente: Ótimo produto. Já é a segunda vez que compro. Recomendo 🤝🏻. (Data: , Likes: 1) | [10] 5⭐ - excelente: Excelente material, muito bom.
Eu estava com um bom tempo sem usar essa impressora e o resultado foi esse na imagem.
Vou comprar o cartucho colorido agora. (Data: , Likes: 1)",74,74,0,63,"5⭐ - E um produto de qualidade,mas acho o cartucho muito caro pela quantidade de impressão,se eu soubesse... (Likes: 35)","5⭐ - E um produto de qualidade,mas acho o cartucho muito caro pela quantidade de impressão,se eu soubesse... (Data: )",,,,,,,nao_realizada,0,0,2330964266.0,5.0,excelente,Produto original e lacrado.,,0.0,True,True,review_individual
MLB37141763,Cartucho De Tinta Hp 667 Cor Preto Do 2 Ml,https://www.mercadolivre.com.br/cartucho-de-tinta-hp-667-cor-preto-do-2-ml/p/MLB37141763#polycard_client=search-nordic&search_layout=grid&position=3&type=product&tracking_id=5cf0ad7f-50f7-44c6-8a2a-a66579bb354c&wid=MLB3713375243&sid=search,"R$ 63,90",N/A,,N/A,,,,4.93,0,93,7,0,0,0,False,0,0,100,0,0,N/A,Novo,,,True,,,https://http2.mlstatic.com/D_Q_NP_2X_886903-MLA87439311815_072025-E.webp,,,,,2025-09-29T13:05:44.242740,False,nao_realizada,0,"[1] 5⭐ - excelente: E um produto de qualidade,mas acho o cartucho muito caro pela quantidade de impressão,se eu soubesse antes teria pago mais caro em uma impressora in tank, seria mais proveitoso. (Data: , Likes: 35) | [2] 4⭐ - ótimo: A durabilidade é pequena, principalmente se levamos em consideração em seu custo. (Data: , Likes: 17) | [3] 4⭐ - muito bom: Bom porém deixa a desejar pelo tamanho se tira 20 coisa já acabou a tinta. (Data: , Likes: 5) | [4] 5⭐ - excelente: Eu estou muito satisfeito produto de ótima qualidade, fora o serviços do mercadolivre que são excelentes 👍. (Data: , Likes: 3) | [5] 5⭐ - excelente: Excelente. (Data: , Likes: 3) | [6] 5⭐ - excelente: Pouca tinta. (Data: , Likes: 2) | [7] 4⭐ - muito bom: 2ml é muito pouco … hp devia por mais tinta. (Data: , Likes: 2) | [8] 5⭐ - excelente: Pena que são apenas 2ml. (Data: , Likes: 2) | [9] 5⭐ - excelente: Ótimo produto. Já é a segunda vez que compro. Recomendo 🤝🏻. (Data: , Likes: 1) | [10] 5⭐ - excelente: Excelente material, muito bom.
Eu estava com um bom tempo sem usar essa impressora e o resultado foi esse na imagem.
Vou comprar o cartucho colorido agora. (Data: , Likes: 1)",74,74,0,63,"5⭐ - E um produto de qualidade,mas acho o cartucho muito caro pela quantidade de impressão,se eu soubesse... (Likes: 35)","5⭐ - E um produto de qualidade,mas acho o cartucho muito caro pela quantidade de impressão,se eu soubesse... (Data: )",,,,,,,nao_realizada,0,0,2319769451.0,5.0,excelente,Muito bom.,,0.0,True,True,review_individual
MLB37141763,Cartucho De Tinta Hp 667 Cor Preto Do 2 Ml,https://www.mercadolivre.com.br/cartucho-de-tinta-hp-667-cor-preto-do-2-ml/p/MLB37141763#polycard_client=search-nordic&search_layout=grid&position=3&type=product&tracking_id=5cf0ad7f-50f7-44c6-8a2a-a66579bb354c&wid=MLB3713375243&sid=search,"R$ 63,90",N/A,,N/A,,,,4.93,0,93,7,0,0,0,False,0,0,100,0,0,N/A,Novo,,,True,,,https://http2.mlstatic.com/D_Q_NP_2X_886903-MLA87439311815_072025-E.webp,,,,,2025-09-29T13:05:44.242740,False,nao_realizada,0,"[1] 5⭐ - excelente: E um produto de qualidade,mas acho o cartucho muito caro pela quantidade de impressão,se eu soubesse antes teria pago mais caro em uma impressora in tank, seria mais proveitoso. (Data: , Likes: 35) | [2] 4⭐ - ótimo: A durabilidade é pequena, principalmente se levamos em consideração em seu custo. (Data: , Likes: 17) | [3] 4⭐ - muito bom: Bom porém deixa a desejar pelo tamanho se tira 20 coisa já acabou a tinta. (Data: , Likes: 5) | [4] 5⭐ - excelente: Eu estou muito satisfeito produto de ótima qualidade, fora o serviços do mercadolivre que são excelentes 👍. (Data: , Likes: 3) | [5] 5⭐ - excelente: Excelente. (Data: , Likes: 3) | [6] 5⭐ - excelente: Pouca tinta. (Data: , Likes: 2) | [7] 4⭐ - muito bom: 2ml é muito pouco … hp devia por mais tinta. (Data: , Likes: 2) | [8] 5⭐ - excelente: Pena que são apenas 2ml. (Data: , Likes: 2) | [9] 5⭐ - excelente: Ótimo produto. Já é a segunda vez que compro. Recomendo 🤝🏻. (Data: , Likes: 1) | [10] 5⭐ - excelente: Excelente material, muito bom.
Eu estava com um bom tempo sem usar essa impressora e o resultado foi esse na imagem.
Vou comprar o cartucho colorido agora. (Data: , Likes: 1)",74,74,0,63,"5⭐ - E um produto de qualidade,mas acho o cartucho muito caro pela quantidade de impressão,se eu soubesse... (Likes: 35)","5⭐ - E um produto de qualidade,mas acho o cartucho muito caro pela quantidade de impressão,se eu soubesse... (Data: )",,,,,,,nao_realizada,0,0,2319262901.0,5.0,excelente,"Produto original, funcionando perfeitamente.",,0.0,True,True,review_individual
MLB37141763,Cartucho De Tinta Hp 667 Cor Preto Do 2 Ml,https://www.mercadolivre.com.br/cartucho-de-tinta-hp-667-cor-preto-do-2-ml/p/MLB37141763#polycard_client=search-nordic&search_layout=grid&position=3&type=product&tracking_id=5cf0ad7f-50f7-44c6-8a2a-a66579bb354c&wid=MLB3713375243&sid=search,"R$ 63,90",N/A,,N/A,,,,4.93,0,93,7,0,0,0,False,0,0,100,0,0,N/A,Novo,,,True,,,https://http2.mlstatic.com/D_Q_NP_2X_886903-MLA87439311815_072025-E.webp,,,,,2025-09-29T13:05:44.242740,False,nao_realizada,0,"[1] 5⭐ - excelente: E um produto de qualidade,mas acho o cartucho muito caro pela quantidade de impressão,se eu soubesse antes teria pago mais caro em uma impressora in tank, seria mais proveitoso. (Data: , Likes: 35) | [2] 4⭐ - ótimo: A durabilidade é pequena, principalmente se levamos em consideração em seu custo. (Data: , Likes: 17) | [3] 4⭐ - muito bom: Bom porém deixa a desejar pelo tamanho se tira 20 coisa já acabou a tinta. (Data: , Likes: 5) | [4] 5⭐ - excelente: Eu estou muito satisfeito produto de ótima qualidade, fora o serviços do mercadolivre que são excelentes 👍. (Data: , Likes: 3) | [5] 5⭐ - excelente: Excelente. (Data: , Likes: 3) | [6] 5⭐ - excelente: Pouca tinta. (Data: , Likes: 2) | [7] 4⭐ - muito bom: 2ml é muito pouco … hp devia por mais tinta. (Data: , Likes: 2) | [8] 5⭐ - excelente: Pena que são apenas 2ml. (Data: , Likes: 2) | [9] 5⭐ - excelente: Ótimo produto. Já é a segunda vez que compro. Recomendo 🤝🏻. (Data: , Likes: 1) | [10] 5⭐ - excelente: Excelente material, muito bom.
Eu estava com um bom tempo sem usar essa impressora e o resultado foi esse na imagem.
Vou comprar o cartucho colorido agora. (Data: , Likes: 1)",74,74,0,63,"5⭐ - E um produto de qualidade,mas acho o cartucho muito caro pela quantidade de impressão,se eu soubesse... (Likes: 35)","5⭐ - E um produto de qualidade,mas acho o cartucho muito caro pela quantidade de impressão,se eu soubesse... (Data: )",,,,,,,nao_realizada,0,0,2318554719.0,5.0,excelente,,,0.0,True,False,review_individual
MLB37141763,Cartucho De Tinta Hp 667 Cor Preto Do 2 Ml,https://www.mercadolivre.com.br/cartucho-de-tinta-hp-667-cor-preto-do-2-ml/p/MLB37141763#polycard_client=search-nordic&search_layout=grid&position=3&type=product&tracking_id=5cf0ad7f-50f7-44c6-8a2a-a66579bb354c&wid=MLB3713375243&sid=search,"R$ 63,90",N/A,,N/A,,,,4.93,0,93,7,0,0,0,False,0,0,100,0,0,N/A,Novo,,,True,,,https://http2.mlstatic.com/D_Q_NP_2X_886903-MLA87439311815_072025-E.webp,,,,,2025-09-29T13:05:44.242740,False,nao_realizada,0,"[1] 5⭐ - excelente: E um produto de qualidade,mas acho o cartucho muito caro pela quantidade de impressão,se eu soubesse antes teria pago mais caro em uma impressora in tank, seria mais proveitoso. (Data: , Likes: 35) | [2] 4⭐ - ótimo: A durabilidade é pequena, principalmente se levamos em consideração em seu custo. (Data: , Likes: 17) | [3] 4⭐ - muito bom: Bom porém deixa a desejar pelo tamanho se tira 20 coisa já acabou a tinta. (Data: , Likes: 5) | [4] 5⭐ - excelente: Eu estou muito satisfeito produto de ótima qualidade, fora o serviços do mercadolivre que são excelentes 👍. (Data: , Likes: 3) | [5] 5⭐ - excelente: Excelente. (Data: , Likes: 3) | [6] 5⭐ - excelente: Pouca tinta. (Data: , Likes: 2) | [7] 4⭐ - muito bom: 2ml é muito pouco … hp devia por mais tinta. (Data: , Likes: 2) | [8] 5⭐ - excelente: Pena que são apenas 2ml. (Data: , Likes: 2) | [9] 5⭐ - excelente: Ótimo produto. Já é a segunda vez que compro. Recomendo 🤝🏻. (Data: , Likes: 1) | [10] 5⭐ - excelente: Excelente material, muito bom.
Eu estava com um bom tempo sem usar essa impressora e o resultado foi esse na imagem.
Vou comprar o cartucho colorido agora. (Data: , Likes: 1)",74,74,0,63,"5⭐ - E um produto de qualidade,mas acho o cartucho muito caro pela quantidade de impressão,se eu soubesse... (Likes: 35)","5⭐ - E um produto de qualidade,mas acho o cartucho muito caro pela quantidade de impressão,se eu soubesse... (Data: )",,,,,,,nao_realizada,0,0,2316744095.0,5.0,excelente,Comprei pra deixar de reserva mas já havia comprado antes são se ótima qualidade.,,0.0,True,True,review_individual
MLB37141763,Cartucho De Tinta Hp 667 Cor Preto Do 2 Ml,https://www.mercadolivre.com.br/cartucho-de-tinta-hp-667-cor-preto-do-2-ml/p/MLB37141763#polycard_client=search-nordic&search_layout=grid&position=3&type=product&tracking_id=5cf0ad7f-50f7-44c6-8a2a-a66579bb354c&wid=MLB3713375243&sid=search,"R$ 63,90",N/A,,N/A,,,,4.93,0,93,7,0,0,0,False,0,0,100,0,0,N/A,Novo,,,True,,,https://http2.mlstatic.com/D_Q_NP_2X_886903-MLA87439311815_072025-E.webp,,,,,2025-09-29T13:05:44.242740,False,nao_realizada,0,"[1] 5⭐ - excelente: E um produto de qualidade,mas acho o cartucho muito caro pela quantidade de impressão,se eu soubesse antes teria pago mais caro em uma impressora in tank, seria mais proveitoso. (Data: , Likes: 35) | [2] 4⭐ - ótimo: A durabilidade é pequena, principalmente se levamos em consideração em seu custo. (Data: , Likes: 17) | [3] 4⭐ - muito bom: Bom porém deixa a desejar pelo tamanho se tira 20 coisa já acabou a tinta. (Data: , Likes: 5) | [4] 5⭐ - excelente: Eu estou muito satisfeito produto de ótima qualidade, fora o serviços do mercadolivre que são excelentes 👍. (Data: , Likes: 3) | [5] 5⭐ - excelente: Excelente. (Data: , Likes: 3) | [6] 5⭐ - excelente: Pouca tinta. (Data: , Likes: 2) | [7] 4⭐ - muito bom: 2ml é muito pouco … hp devia por mais tinta. (Data: , Likes: 2) | [8] 5⭐ - excelente: Pena que são apenas 2ml. (Data: , Likes: 2) | [9] 5⭐ - excelente: Ótimo produto. Já é a segunda vez que compro. Recomendo 🤝🏻. (Data: , Likes: 1) | [10] 5⭐ - excelente: Excelente material, muito bom.
Eu estava com um bom tempo sem usar essa impressora e o resultado foi esse na imagem.
Vou comprar o cartucho colorido agora. (Data: , Likes: 1)",74,74,0,63,"5⭐ - E um produto de qualidade,mas acho o cartucho muito caro pela quantidade de impressão,se eu soubesse... (Likes: 35)","5⭐ - E um produto de qualidade,mas acho o cartucho muito caro pela quantidade de impressão,se eu soubesse... (Data: )",,,,,,,nao_realizada,0,0,2314134513.0,5.0,excelente,Top! problema que acaba rápido d+ kkkk.,,0.0,True,True,review_individual
MLB37141763,Cartucho De Tinta Hp 667 Cor Preto Do 2 Ml,https://www.mercadolivre.com.br/cartucho-de-tinta-hp-667-cor-preto-do-2-ml/p/MLB37141763#polycard_client=search-nordic&search_layout=grid&position=3&type=product&tracking_id=5cf0ad7f-50f7-44c6-8a2a-a66579bb354c&wid=MLB3713375243&sid=search,"R$ 63,90",N/A,,N/A,,,,4.93,0,93,7,0,0,0,False,0,0,100,0,0,N/A,Novo,,,True,,,https://http2.mlstatic.com/D_Q_NP_2X_886903-MLA87439311815_072025-E.webp,,,,,2025-09-29T13:05:44.242740,False,nao_realizada,0,"[1] 5⭐ - excelente: E um produto de qualidade,mas acho o cartucho muito caro pela quantidade de impressão,se eu soubesse antes teria pago mais caro em uma impressora in tank, seria mais proveitoso. (Data: , Likes: 35) | [2] 4⭐ - ótimo: A durabilidade é pequena, principalmente se levamos em consideração em seu custo. (Data: , Likes: 17) | [3] 4⭐ - muito bom: Bom porém deixa a desejar pelo tamanho se tira 20 coisa já acabou a tinta. (Data: , Likes: 5) | [4] 5⭐ - excelente: Eu estou muito satisfeito produto de ótima qualidade, fora o serviços do mercadolivre que são excelentes 👍. (Data: , Likes: 3) | [5] 5⭐ - excelente: Excelente. (Data: , Likes: 3) | [6] 5⭐ - excelente: Pouca tinta. (Data: , Likes: 2) | [7] 4⭐ - muito bom: 2ml é muito pouco … hp devia por mais tinta. (Data: , Likes: 2) | [8] 5⭐ - excelente: Pena que são apenas 2ml. (Data: , Likes: 2) | [9] 5⭐ - excelente: Ótimo produto. Já é a segunda vez que compro. Recomendo 🤝🏻. (Data: , Likes: 1) | [10] 5⭐ - excelente: Excelente material, muito bom.
Eu estava com um bom tempo sem usar essa impressora e o resultado foi esse na imagem.
Vou comprar o cartucho colorido agora. (Data: , Likes: 1)",74,74,0,63,"5⭐ - E um produto de qualidade,mas acho o cartucho muito caro pela quantidade de impressão,se eu soubesse... (Likes: 35)","5⭐ - E um produto de qualidade,mas acho o cartucho muito caro pela quantidade de impressão,se eu soubesse... (Data: )",,,,,,,nao_realizada,0,0,2316300818.0,5.0,excelente,,,0.0,True,False,review_individual
MLB37141763,Cartucho De Tinta Hp 667 Cor Preto Do 2 Ml,https://www.mercadolivre.com.br/cartucho-de-tinta-hp-667-cor-preto-do-2-ml/p/MLB37141763#polycard_client=search-nordic&search_layout=grid&position=3&type=product&tracking_id=5cf0ad7f-50f7-44c6-8a2a-a66579bb354c&wid=MLB3713375243&sid=search,"R$ 63,90",N/A,,N/A,,,,4.93,0,93,7,0,0,0,False,0,0,100,0,0,N/A,Novo,,,True,,,https://http2.mlstatic.com/D_Q_NP_2X_886903-MLA87439311815_072025-E.webp,,,,,2025-09-29T13:05:44.242740,False,nao_realizada,0,"[1] 5⭐ - excelente: E um produto de qualidade,mas acho o cartucho muito caro pela quantidade de impressão,se eu soubesse antes teria pago mais caro em uma impressora in tank, seria mais proveitoso. (Data: , Likes: 35) | [2] 4⭐ - ótimo: A durabilidade é pequena, principalmente se levamos em consideração em seu custo. (Data: , Likes: 17) | [3] 4⭐ - muito bom: Bom porém deixa a desejar pelo tamanho se tira 20 coisa já acabou a tinta. (Data: , Likes: 5) | [4] 5⭐ - excelente: Eu estou muito satisfeito produto de ótima qualidade, fora o serviços do mercadolivre que são excelentes 👍. (Data: , Likes: 3) | [5] 5⭐ - excelente: Excelente. (Data: , Likes: 3) | [6] 5⭐ - excelente: Pouca tinta. (Data: , Likes: 2) | [7] 4⭐ - muito bom: 2ml é muito pouco … hp devia por mais tinta. (Data: , Likes: 2) | [8] 5⭐ - excelente: Pena que são apenas 2ml. (Data: , Likes: 2) | [9] 5⭐ - excelente: Ótimo produto. Já é a segunda vez que compro. Recomendo 🤝🏻. (Data: , Likes: 1) | [10] 5⭐ - excelente: Excelente material, muito bom.
Eu estava com um bom tempo sem usar essa impressora e o resultado foi esse na imagem.
Vou comprar o cartucho colorido agora. (Data: , Likes: 1)",74,74,0,63,"5⭐ - E um produto de qualidade,mas acho o cartucho muito caro pela quantidade de impressão,se eu soubesse... (Likes: 35)","5⭐ - E um produto de qualidade,mas acho o cartucho muito caro pela quantidade de impressão,se eu soubesse... (Data: )",,,,,,,nao_realizada,0,0,2313912302.0,5.0,excelente,,,0.0,True,False,review_individual
MLB37141763,Cartucho De Tinta Hp 667 Cor Preto Do 2 Ml,https://www.mercadolivre.com.br/cartucho-de-tinta-hp-667-cor-preto-do-2-ml/p/MLB37141763#polycard_client=search-nordic&search_layout=grid&position=3&type=product&tracking_id=5cf0ad7f-50f7-44c6-8a2a-a66579bb354c&wid=MLB3713375243&sid=search,"R$ 63,90",N/A,,N/A,,,,4.93,0,93,7,0,0,0,False,0,0,100,0,0,N/A,Novo,,,True,,,https://http2.mlstatic.com/D_Q_NP_2X_886903-MLA87439311815_072025-E.webp,,,,,2025-09-29T13:05:44.242740,False,nao_realizada,0,"[1] 5⭐ - excelente: E um produto de qualidade,mas acho o cartucho muito caro pela quantidade de impressão,se eu soubesse antes teria pago mais caro em uma impressora in tank, seria mais proveitoso. (Data: , Likes: 35) | [2] 4⭐ - ótimo: A durabilidade é pequena, principalmente se levamos em consideração em seu custo. (Data: , Likes: 17) | [3] 4⭐ - muito bom: Bom porém deixa a desejar pelo tamanho se tira 20 coisa já acabou a tinta. (Data: , Likes: 5) | [4] 5⭐ - excelente: Eu estou muito satisfeito produto de ótima qualidade, fora o serviços do mercadolivre que são excelentes 👍. (Data: , Likes: 3) | [5] 5⭐ - excelente: Excelente. (Data: , Likes: 3) | [6] 5⭐ - excelente: Pouca tinta. (Data: , Likes: 2) | [7] 4⭐ - muito bom: 2ml é muito pouco … hp devia por mais tinta. (Data: , Likes: 2) | [8] 5⭐ - excelente: Pena que são apenas 2ml. (Data: , Likes: 2) | [9] 5⭐ - excelente: Ótimo produto. Já é a segunda vez que compro. Recomendo 🤝🏻. (Data: , Likes: 1) | [10] 5⭐ - excelente: Excelente material, muito bom.
Eu estava com um bom tempo sem usar essa impressora e o resultado foi esse na imagem.
Vou comprar o cartucho colorido agora. (Data: , Likes: 1)",74,74,0,63,"5⭐ - E um produto de qualidade,mas acho o cartucho muito caro pela quantidade de impressão,se eu soubesse... (Likes: 35)","5⭐ - E um produto de qualidade,mas acho o cartucho muito caro pela quantidade de impressão,se eu soubesse... (Data: )",,,,,,,nao_realizada,0,0,2307513915.0,5.0,excelente,"Funciona bem, aparenta ser original.",,0.0,True,True,review_individual
MLB37141763,Cartucho De Tinta Hp 667 Cor Preto Do 2 Ml,https://www.mercadolivre.com.br/cartucho-de-tinta-hp-667-cor-preto-do-2-ml/p/MLB37141763#polycard_client=search-nordic&search_layout=grid&position=3&type=product&tracking_id=5cf0ad7f-50f7-44c6-8a2a-a66579bb354c&wid=MLB3713375243&sid=search,"R$ 63,90",N/A,,N/A,,,,4.93,0,93,7,0,0,0,False,0,0,100,0,0,N/A,Novo,,,True,,,https://http2.mlstatic.com/D_Q_NP_2X_886903-MLA87439311815_072025-E.webp,,,,,2025-09-29T13:05:44.242740,False,nao_realizada,0,"[1] 5⭐ - excelente: E um produto de qualidade,mas acho o cartucho muito caro pela quantidade de impressão,se eu soubesse antes teria pago mais caro em uma impressora in tank, seria mais proveitoso. (Data: , Likes: 35) | [2] 4⭐ - ótimo: A durabilidade é pequena, principalmente se levamos em consideração em seu custo. (Data: , Likes: 17) | [3] 4⭐ - muito bom: Bom porém deixa a desejar pelo tamanho se tira 20 coisa já acabou a tinta. (Data: , Likes: 5) | [4] 5⭐ - excelente: Eu estou muito satisfeito produto de ótima qualidade, fora o serviços do mercadolivre que são excelentes 👍. (Data: , Likes: 3) | [5] 5⭐ - excelente: Excelente. (Data: , Likes: 3) | [6] 5⭐ - excelente: Pouca tinta. (Data: , Likes: 2) | [7] 4⭐ - muito bom: 2ml é muito pouco … hp devia por mais tinta. (Data: , Likes: 2) | [8] 5⭐ - excelente: Pena que são apenas 2ml. (Data: , Likes: 2) | [9] 5⭐ - excelente: Ótimo produto. Já é a segunda vez que compro. Recomendo 🤝🏻. (Data: , Likes: 1) | [10] 5⭐ - excelente: Excelente material, muito bom.
Eu estava com um bom tempo sem usar essa impressora e o resultado foi esse na imagem.
Vou comprar o cartucho colorido agora. (Data: , Likes: 1)",74,74,0,63,"5⭐ - E um produto de qualidade,mas acho o cartucho muito caro pela quantidade de impressão,se eu soubesse... (Likes: 35)","5⭐ - E um produto de qualidade,mas acho o cartucho muito caro pela quantidade de impressão,se eu soubesse... (Data: )",,,,,,,nao_realizada,0,0,2306190939.0,4.0,muito bom,Tudo ok.,,0.0,True,True,review_individual
MLB37141763,Cartucho De Tinta Hp 667 Cor Preto Do 2 Ml,https://www.mercadolivre.com.br/cartucho-de-tinta-hp-667-cor-preto-do-2-ml/p/MLB37141763#polycard_client=search-nordic&search_layout=grid&position=3&type=product&tracking_id=5cf0ad7f-50f7-44c6-8a2a-a66579bb354c&wid=MLB3713375243&sid=search,"R$ 63,90",N/A,,N/A,,,,4.93,0,93,7,0,0,0,False,0,0,100,0,0,N/A,Novo,,,True,,,https://http2.mlstatic.com/D_Q_NP_2X_886903-MLA87439311815_072025-E.webp,,,,,2025-09-29T13:05:44.242740,False,nao_realizada,0,"[1] 5⭐ - excelente: E um produto de qualidade,mas acho o cartucho muito caro pela quantidade de impressão,se eu soubesse antes teria pago mais caro em uma impressora in tank, seria mais proveitoso. (Data: , Likes: 35) | [2] 4⭐ - ótimo: A durabilidade é pequena, principalmente se levamos em consideração em seu custo. (Data: , Likes: 17) | [3] 4⭐ - muito bom: Bom porém deixa a desejar pelo tamanho se tira 20 coisa já acabou a tinta. (Data: , Likes: 5) | [4] 5⭐ - excelente: Eu estou muito satisfeito produto de ótima qualidade, fora o serviços do mercadolivre que são excelentes 👍. (Data: , Likes: 3) | [5] 5⭐ - excelente: Excelente. (Data: , Likes: 3) | [6] 5⭐ - excelente: Pouca tinta. (Data: , Likes: 2) | [7] 4⭐ - muito bom: 2ml é muito pouco … hp devia por mais tinta. (Data: , Likes: 2) | [8] 5⭐ - excelente: Pena que são apenas 2ml. (Data: , Likes: 2) | [9] 5⭐ - excelente: Ótimo produto. Já é a segunda vez que compro. Recomendo 🤝🏻. (Data: , Likes: 1) | [10] 5⭐ - excelente: Excelente material, muito bom.
Eu estava com um bom tempo sem usar essa impressora e o resultado foi esse na imagem.
Vou comprar o cartucho colorido agora. (Data: , Likes: 1)",74,74,0,63,"5⭐ - E um produto de qualidade,mas acho o cartucho muito caro pela quantidade de impressão,se eu soubesse... (Likes: 35)","5⭐ - E um produto de qualidade,mas acho o cartucho muito caro pela quantidade de impressão,se eu soubesse... (Data: )",,,,,,,nao_realizada,0,0,2305276945.0,5.0,excelente,,,0.0,True,False,review_individual
MLB37141763,Cartucho De Tinta Hp 667 Cor Preto Do 2 Ml,https://www.mercadolivre.com.br/cartucho-de-tinta-hp-667-cor-preto-do-2-ml/p/MLB37141763#polycard_client=search-nordic&search_layout=grid&position=3&type=product&tracking_id=5cf0ad7f-50f7-44c6-8a2a-a66579bb354c&wid=MLB3713375243&sid=search,"R$ 63,90",N/A,,N/A,,,,4.93,0,93,7,0,0,0,False,0,0,100,0,0,N/A,Novo,,,True,,,https://http2.mlstatic.com/D_Q_NP_2X_886903-MLA87439311815_072025-E.webp,,,,,2025-09-29T13:05:44.242740,False,nao_realizada,0,"[1] 5⭐ - excelente: E um produto de qualidade,mas acho o cartucho muito caro pela quantidade de impressão,se eu soubesse antes teria pago mais caro em uma impressora in tank, seria mais proveitoso. (Data: , Likes: 35) | [2] 4⭐ - ótimo: A durabilidade é pequena, principalmente se levamos em consideração em seu custo. (Data: , Likes: 17) | [3] 4⭐ - muito bom: Bom porém deixa a desejar pelo tamanho se tira 20 coisa já acabou a tinta. (Data: , Likes: 5) | [4] 5⭐ - excelente: Eu estou muito satisfeito produto de ótima qualidade, fora o serviços do mercadolivre que são excelentes 👍. (Data: , Likes: 3) | [5] 5⭐ - excelente: Excelente. (Data: , Likes: 3) | [6] 5⭐ - excelente: Pouca tinta. (Data: , Likes: 2) | [7] 4⭐ - muito bom: 2ml é muito pouco … hp devia por mais tinta. (Data: , Likes: 2) | [8] 5⭐ - excelente: Pena que são apenas 2ml. (Data: , Likes: 2) | [9] 5⭐ - excelente: Ótimo produto. Já é a segunda vez que compro. Recomendo 🤝🏻. (Data: , Likes: 1) | [10] 5⭐ - excelente: Excelente material, muito bom.
Eu estava com um bom tempo sem usar essa impressora e o resultado foi esse na imagem.
Vou comprar o cartucho colorido agora. (Data: , Likes: 1)",74,74,0,63,"5⭐ - E um produto de qualidade,mas acho o cartucho muito caro pela quantidade de impressão,se eu soubesse... (Likes: 35)","5⭐ - E um produto de qualidade,mas acho o cartucho muito caro pela quantidade de impressão,se eu soubesse... (Data: )",,,,,,,nao_realizada,0,0,2310032600.0,4.0,muito bom,,,0.0,True,False,review_individual
MLB36751629,Cartucho de tinta preta HP Advantage 664 de 2 ml,https://www.mercadolivre.com.br/cartucho-de-tinta-preta-hp-advantage-664-de-2-ml/p/MLB36751629#polycard_client=search-nordic&search_layout=grid&position=4&type=product&tracking_id=5cf0ad7f-50f7-44c6-8a2a-a66579bb354c&wid=MLB4198173329&sid=search,"R$ 65,73",R$ 78,,Eshop,,,,4.94,0,94,6,0,0,0,False,0,0,100,0,0,N/A,Novo,,,True,,,https://http2.mlstatic.com/D_Q_NP_2X_859652-MLA93093237434_092025-E.webp,,,,,2025-09-29T13:05:44.242740,False,nao_realizada,0,"[1] 5⭐ - excelente: Os cartuchos de tinta originais são excelentes, mas, não descobri o motivo pelo qual os cartuchos de tinta originais para impressora são tão caros. O valor de dois cartuchos compram uma impressora nov... (Data: , Likes: 11) | [2] 5⭐ - excelente: Cartuchos de excelente qualidade. (Data: , Likes: 4) | [3] 5⭐ - excelente: Produto original. (Data: , Likes: 4) | [4] 5⭐ - excelente: O produto é bom mas não foi compatível com a minha impressora. (Data: , Likes: 4) | [5] 5⭐ - excelente: Por enquanto satisfeita com os cartuchos, minha impressora aceitou na hora e apareceu cheio, espero que dure bem, acredito que o preço é um pouco salgado, poderia ser mais em conta, mas se for oferece... (Data: , Likes: 3) | [6] 5⭐ - excelente: Durou menos do que eu esperava mas funciona pra o que eu preciso 😃. (Data: , Likes: 2) | [7] 5⭐ - excelente: Ótimo!. (Data: , Likes: 2) | [8] 5⭐ - excelente: Gosto desse produto. Já comprei várias vezes. (Data: , Likes: 1) | [9] 5⭐ - excelente: Produto original e rende muito bem. (Data: , Likes: 1) | [10] 5⭐ - excelente: E um produto que uso sempre. (Data: , Likes: 1)",65,65,0,32,"5⭐ - Os cartuchos de tinta originais são excelentes, mas, não descobri o motivo pelo qual os cartuchos de... (Likes: 11)","5⭐ - Os cartuchos de tinta originais são excelentes, mas, não descobri o motivo pelo qual os cartuchos de... (Data: )",,,,,,,nao_realizada,0,0,,,,,,,,,
MLB36751629,Cartucho de tinta preta HP Advantage 664 de 2 ml,https://www.mercadolivre.com.br/cartucho-de-tinta-preta-hp-advantage-664-de-2-ml/p/MLB36751629#polycard_client=search-nordic&search_layout=grid&position=4&type=product&tracking_id=5cf0ad7f-50f7-44c6-8a2a-a66579bb354c&wid=MLB4198173329&sid=search,"R$ 65,73",R$ 78,,Eshop,,,,4.94,0,94,6,0,0,0,False,0,0,100,0,0,N/A,Novo,,,True,,,https://http2.mlstatic.com/D_Q_NP_2X_859652-MLA93093237434_092025-E.webp,,,,,2025-09-29T13:05:44.242740,False,nao_realizada,0,"[1] 5⭐ - excelente: Os cartuchos de tinta originais são excelentes, mas, não descobri o motivo pelo qual os cartuchos de tinta originais para impressora são tão caros. O valor de dois cartuchos compram uma impressora nov... (Data: , Likes: 11) | [2] 5⭐ - excelente: Cartuchos de excelente qualidade. (Data: , Likes: 4) | [3] 5⭐ - excelente: Produto original. (Data: , Likes: 4) | [4] 5⭐ - excelente: O produto é bom mas não foi compatível com a minha impressora. (Data: , Likes: 4) | [5] 5⭐ - excelente: Por enquanto satisfeita com os cartuchos, minha impressora aceitou na hora e apareceu cheio, espero que dure bem, acredito que o preço é um pouco salgado, poderia ser mais em conta, mas se for oferece... (Data: , Likes: 3) | [6] 5⭐ - excelente: Durou menos do que eu esperava mas funciona pra o que eu preciso 😃. (Data: , Likes: 2) | [7] 5⭐ - excelente: Ótimo!. (Data: , Likes: 2) | [8] 5⭐ - excelente: Gosto desse produto. Já comprei várias vezes. (Data: , Likes: 1) | [9] 5⭐ - excelente: Produto original e rende muito bem. (Data: , Likes: 1) | [10] 5⭐ - excelente: E um produto que uso sempre. (Data: , Likes: 1)",65,65,0,32,"5⭐ - Os cartuchos de tinta originais são excelentes, mas, não descobri o motivo pelo qual os cartuchos de... (Likes: 11)","5⭐ - Os cartuchos de tinta originais são excelentes, mas, não descobri o motivo pelo qual os cartuchos de... (Data: )",,,,,,,nao_realizada,0,0,1999441067.0,5.0,excelente,"Os cartuchos de tinta originais são excelentes, mas, não descobri o motivo pelo qual os cartuchos de tinta originais para impressora são tão caros. O valor de dois cartuchos compram uma impressora nova.",,11.0,False,True,review_individual
MLB36751629,Cartucho de tinta preta HP Advantage 664 de 2 ml,https://www.mercadolivre.com.br/cartucho-de-tinta-preta-hp-advantage-664-de-2-ml/p/MLB36751629#polycard_client=search-nordic&search_layout=grid&position=4&type=product&tracking_id=5cf0ad7f-50f7-44c6-8a2a-a66579bb354c&wid=MLB4198173329&sid=search,"R$ 65,73",R$ 78,,Eshop,,,,4.94,0,94,6,0,0,0,False,0,0,100,0,0,N/A,Novo,,,True,,,https://http2.mlstatic.com/D_Q_NP_2X_859652-MLA93093237434_092025-E.webp,,,,,2025-09-29T13:05:44.242740,False,nao_realizada,0,"[1] 5⭐ - excelente: Os cartuchos de tinta originais são excelentes, mas, não descobri o motivo pelo qual os cartuchos de tinta originais para impressora são tão caros. O valor de dois cartuchos compram uma impressora nov... (Data: , Likes: 11) | [2] 5⭐ - excelente: Cartuchos de excelente qualidade. (Data: , Likes: 4) | [3] 5⭐ - excelente: Produto original. (Data: , Likes: 4) | [4] 5⭐ - excelente: O produto é bom mas não foi compatível com a minha impressora. (Data: , Likes: 4) | [5] 5⭐ - excelente: Por enquanto satisfeita com os cartuchos, minha impressora aceitou na hora e apareceu cheio, espero que dure bem, acredito que o preço é um pouco salgado, poderia ser mais em conta, mas se for oferece... (Data: , Likes: 3) | [6] 5⭐ - excelente: Durou menos do que eu esperava mas funciona pra o que eu preciso 😃. (Data: , Likes: 2) | [7] 5⭐ - excelente: Ótimo!. (Data: , Likes: 2) | [8] 5⭐ - excelente: Gosto desse produto. Já comprei várias vezes. (Data: , Likes: 1) | [9] 5⭐ - excelente: Produto original e rende muito bem. (Data: , Likes: 1) | [10] 5⭐ - excelente: E um produto que uso sempre. (Data: , Likes: 1)",65,65,0,32,"5⭐ - Os cartuchos de tinta originais são excelentes, mas, não descobri o motivo pelo qual os cartuchos de... (Likes: 11)","5⭐ - Os cartuchos de tinta originais são excelentes, mas, não descobri o motivo pelo qual os cartuchos de... (Data: )",,,,,,,nao_realizada,0,0,1348037781.0,5.0,excelente,Cartuchos de excelente qualidade.,,4.0,True,True,review_individual
MLB36751629,Cartucho de tinta preta HP Advantage 664 de 2 ml,https://www.mercadolivre.com.br/cartucho-de-tinta-preta-hp-advantage-664-de-2-ml/p/MLB36751629#polycard_client=search-nordic&search_layout=grid&position=4&type=product&tracking_id=5cf0ad7f-50f7-44c6-8a2a-a66579bb354c&wid=MLB4198173329&sid=search,"R$ 65,73",R$ 78,,Eshop,,,,4.94,0,94,6,0,0,0,False,0,0,100,0,0,N/A,Novo,,,True,,,https://http2.mlstatic.com/D_Q_NP_2X_859652-MLA93093237434_092025-E.webp,,,,,2025-09-29T13:05:44.242740,False,nao_realizada,0,"[1] 5⭐ - excelente: Os cartuchos de tinta originais são excelentes, mas, não descobri o motivo pelo qual os cartuchos de tinta originais para impressora são tão caros. O valor de dois cartuchos compram uma impressora nov... (Data: , Likes: 11) | [2] 5⭐ - excelente: Cartuchos de excelente qualidade. (Data: , Likes: 4) | [3] 5⭐ - excelente: Produto original. (Data: , Likes: 4) | [4] 5⭐ - excelente: O produto é bom mas não foi compatível com a minha impressora. (Data: , Likes: 4) | [5] 5⭐ - excelente: Por enquanto satisfeita com os cartuchos, minha impressora aceitou na hora e apareceu cheio, espero que dure bem, acredito que o preço é um pouco salgado, poderia ser mais em conta, mas se for oferece... (Data: , Likes: 3) | [6] 5⭐ - excelente: Durou menos do que eu esperava mas funciona pra o que eu preciso 😃. (Data: , Likes: 2) | [7] 5⭐ - excelente: Ótimo!. (Data: , Likes: 2) | [8] 5⭐ - excelente: Gosto desse produto. Já comprei várias vezes. (Data: , Likes: 1) | [9] 5⭐ - excelente: Produto original e rende muito bem. (Data: , Likes: 1) | [10] 5⭐ - excelente: E um produto que uso sempre. (Data: , Likes: 1)",65,65,0,32,"5⭐ - Os cartuchos de tinta originais são excelentes, mas, não descobri o motivo pelo qual os cartuchos de... (Likes: 11)","5⭐ - Os cartuchos de tinta originais são excelentes, mas, não descobri o motivo pelo qual os cartuchos de... (Data: )",,,,,,,nao_realizada,0,0,1415125829.0,5.0,excelente,Produto original.,,4.0,True,True,review_individual
MLB36751629,Cartucho de tinta preta HP Advantage 664 de 2 ml,https://www.mercadolivre.com.br/cartucho-de-tinta-preta-hp-advantage-664-de-2-ml/p/MLB36751629#polycard_client=search-nordic&search_layout=grid&position=4&type=product&tracking_id=5cf0ad7f-50f7-44c6-8a2a-a66579bb354c&wid=MLB4198173329&sid=search,"R$ 65,73",R$ 78,,Eshop,,,,4.94,0,94,6,0,0,0,False,0,0,100,0,0,N/A,Novo,,,True,,,https://http2.mlstatic.com/D_Q_NP_2X_859652-MLA93093237434_092025-E.webp,,,,,2025-09-29T13:05:44.242740,False,nao_realizada,0,"[1] 5⭐ - excelente: Os cartuchos de tinta originais são excelentes, mas, não descobri o motivo pelo qual os cartuchos de tinta originais para impressora são tão caros. O valor de dois cartuchos compram uma impressora nov... (Data: , Likes: 11) | [2] 5⭐ - excelente: Cartuchos de excelente qualidade. (Data: , Likes: 4) | [3] 5⭐ - excelente: Produto original. (Data: , Likes: 4) | [4] 5⭐ - excelente: O produto é bom mas não foi compatível com a minha impressora. (Data: , Likes: 4) | [5] 5⭐ - excelente: Por enquanto satisfeita com os cartuchos, minha impressora aceitou na hora e apareceu cheio, espero que dure bem, acredito que o preço é um pouco salgado, poderia ser mais em conta, mas se for oferece... (Data: , Likes: 3) | [6] 5⭐ - excelente: Durou menos do que eu esperava mas funciona pra o que eu preciso 😃. (Data: , Likes: 2) | [7] 5⭐ - excelente: Ótimo!. (Data: , Likes: 2) | [8] 5⭐ - excelente: Gosto desse produto. Já comprei várias vezes. (Data: , Likes: 1) | [9] 5⭐ - excelente: Produto original e rende muito bem. (Data: , Likes: 1) | [10] 5⭐ - excelente: E um produto que uso sempre. (Data: , Likes: 1)",65,65,0,32,"5⭐ - Os cartuchos de tinta originais são excelentes, mas, não descobri o motivo pelo qual os cartuchos de... (Likes: 11)","5⭐ - Os cartuchos de tinta originais são excelentes, mas, não descobri o motivo pelo qual os cartuchos de... (Data: )",,,,,,,nao_realizada,0,0,1422350147.0,5.0,excelente,O produto é bom mas não foi compatível com a minha impressora.,,4.0,False,True,review_individual
MLB36751629,Cartucho de tinta preta HP Advantage 664 de 2 ml,https://www.mercadolivre.com.br/cartucho-de-tinta-preta-hp-advantage-664-de-2-ml/p/MLB36751629#polycard_client=search-nordic&search_layout=grid&position=4&type=product&tracking_id=5cf0ad7f-50f7-44c6-8a2a-a66579bb354c&wid=MLB4198173329&sid=search,"R$ 65,73",R$ 78,,Eshop,,,,4.94,0,94,6,0,0,0,False,0,0,100,0,0,N/A,Novo,,,True,,,https://http2.mlstatic.com/D_Q_NP_2X_859652-MLA93093237434_092025-E.webp,,,,,2025-09-29T13:05:44.242740,False,nao_realizada,0,"[1] 5⭐ - excelente: Os cartuchos de tinta originais são excelentes, mas, não descobri o motivo pelo qual os cartuchos de tinta originais para impressora são tão caros. O valor de dois cartuchos compram uma impressora nov... (Data: , Likes: 11) | [2] 5⭐ - excelente: Cartuchos de excelente qualidade. (Data: , Likes: 4) | [3] 5⭐ - excelente: Produto original. (Data: , Likes: 4) | [4] 5⭐ - excelente: O produto é bom mas não foi compatível com a minha impressora. (Data: , Likes: 4) | [5] 5⭐ - excelente: Por enquanto satisfeita com os cartuchos, minha impressora aceitou na hora e apareceu cheio, espero que dure bem, acredito que o preço é um pouco salgado, poderia ser mais em conta, mas se for oferece... (Data: , Likes: 3) | [6] 5⭐ - excelente: Durou menos do que eu esperava mas funciona pra o que eu preciso 😃. (Data: , Likes: 2) | [7] 5⭐ - excelente: Ótimo!. (Data: , Likes: 2) | [8] 5⭐ - excelente: Gosto desse produto. Já comprei várias vezes. (Data: , Likes: 1) | [9] 5⭐ - excelente: Produto original e rende muito bem. (Data: , Likes: 1) | [10] 5⭐ - excelente: E um produto que uso sempre. (Data: , Likes: 1)",65,65,0,32,"5⭐ - Os cartuchos de tinta originais são excelentes, mas, não descobri o motivo pelo qual os cartuchos de... (Likes: 11)","5⭐ - Os cartuchos de tinta originais são excelentes, mas, não descobri o motivo pelo qual os cartuchos de... (Data: )",,,,,,,nao_realizada,0,0,1319990750.0,5.0,excelente,"Por enquanto satisfeita com os cartuchos, minha impressora aceitou na hora e apareceu cheio, espero que dure bem, acredito que o preço é um pouco salgado, poderia ser mais em conta, mas se for oferecer serviço de qualidade vale a pena.",,3.0,False,True,review_individual
MLB36751629,Cartucho de tinta preta HP Advantage 664 de 2 ml,https://www.mercadolivre.com.br/cartucho-de-tinta-preta-hp-advantage-664-de-2-ml/p/MLB36751629#polycard_client=search-nordic&search_layout=grid&position=4&type=product&tracking_id=5cf0ad7f-50f7-44c6-8a2a-a66579bb354c&wid=MLB4198173329&sid=search,"R$ 65,73",R$ 78,,Eshop,,,,4.94,0,94,6,0,0,0,False,0,0,100,0,0,N/A,Novo,,,True,,,https://http2.mlstatic.com/D_Q_NP_2X_859652-MLA93093237434_092025-E.webp,,,,,2025-09-29T13:05:44.242740,False,nao_realizada,0,"[1] 5⭐ - excelente: Os cartuchos de tinta originais são excelentes, mas, não descobri o motivo pelo qual os cartuchos de tinta originais para impressora são tão caros. O valor de dois cartuchos compram uma impressora nov... (Data: , Likes: 11) | [2] 5⭐ - excelente: Cartuchos de excelente qualidade. (Data: , Likes: 4) | [3] 5⭐ - excelente: Produto original. (Data: , Likes: 4) | [4] 5⭐ - excelente: O produto é bom mas não foi compatível com a minha impressora. (Data: , Likes: 4) | [5] 5⭐ - excelente: Por enquanto satisfeita com os cartuchos, minha impressora aceitou na hora e apareceu cheio, espero que dure bem, acredito que o preço é um pouco salgado, poderia ser mais em conta, mas se for oferece... (Data: , Likes: 3) | [6] 5⭐ - excelente: Durou menos do que eu esperava mas funciona pra o que eu preciso 😃. (Data: , Likes: 2) | [7] 5⭐ - excelente: Ótimo!. (Data: , Likes: 2) | [8] 5⭐ - excelente: Gosto desse produto. Já comprei várias vezes. (Data: , Likes: 1) | [9] 5⭐ - excelente: Produto original e rende muito bem. (Data: , Likes: 1) | [10] 5⭐ - excelente: E um produto que uso sempre. (Data: , Likes: 1)",65,65,0,32,"5⭐ - Os cartuchos de tinta originais são excelentes, mas, não descobri o motivo pelo qual os cartuchos de... (Likes: 11)","5⭐ - Os cartuchos de tinta originais são excelentes, mas, não descobri o motivo pelo qual os cartuchos de... (Data: )",,,,,,,nao_realizada,0,0,1974527274.0,5.0,excelente,Durou menos do que eu esperava mas funciona pra o que eu preciso 😃.,,2.0,False,True,review_individual
MLB36751629,Cartucho de tinta preta HP Advantage 664 de 2 ml,https://www.mercadolivre.com.br/cartucho-de-tinta-preta-hp-advantage-664-de-2-ml/p/MLB36751629#polycard_client=search-nordic&search_layout=grid&position=4&type=product&tracking_id=5cf0ad7f-50f7-44c6-8a2a-a66579bb354c&wid=MLB4198173329&sid=search,"R$ 65,73",R$ 78,,Eshop,,,,4.94,0,94,6,0,0,0,False,0,0,100,0,0,N/A,Novo,,,True,,,https://http2.mlstatic.com/D_Q_NP_2X_859652-MLA93093237434_092025-E.webp,,,,,2025-09-29T13:05:44.242740,False,nao_realizada,0,"[1] 5⭐ - excelente: Os cartuchos de tinta originais são excelentes, mas, não descobri o motivo pelo qual os cartuchos de tinta originais para impressora são tão caros. O valor de dois cartuchos compram uma impressora nov... (Data: , Likes: 11) | [2] 5⭐ - excelente: Cartuchos de excelente qualidade. (Data: , Likes: 4) | [3] 5⭐ - excelente: Produto original. (Data: , Likes: 4) | [4] 5⭐ - excelente: O produto é bom mas não foi compatível com a minha impressora. (Data: , Likes: 4) | [5] 5⭐ - excelente: Por enquanto satisfeita com os cartuchos, minha impressora aceitou na hora e apareceu cheio, espero que dure bem, acredito que o preço é um pouco salgado, poderia ser mais em conta, mas se for oferece... (Data: , Likes: 3) | [6] 5⭐ - excelente: Durou menos do que eu esperava mas funciona pra o que eu preciso 😃. (Data: , Likes: 2) | [7] 5⭐ - excelente: Ótimo!. (Data: , Likes: 2) | [8] 5⭐ - excelente: Gosto desse produto. Já comprei várias vezes. (Data: , Likes: 1) | [9] 5⭐ - excelente: Produto original e rende muito bem. (Data: , Likes: 1) | [10] 5⭐ - excelente: E um produto que uso sempre. (Data: , Likes: 1)",65,65,0,32,"5⭐ - Os cartuchos de tinta originais são excelentes, mas, não descobri o motivo pelo qual os cartuchos de... (Likes: 11)","5⭐ - Os cartuchos de tinta originais são excelentes, mas, não descobri o motivo pelo qual os cartuchos de... (Data: )",,,,,,,nao_realizada,0,0,1420036155.0,5.0,excelente,Ótimo!.,,2.0,False,True,review_individual
MLB36751629,Cartucho de tinta preta HP Advantage 664 de 2 ml,https://www.mercadolivre.com.br/cartucho-de-tinta-preta-hp-advantage-664-de-2-ml/p/MLB36751629#polycard_client=search-nordic&search_layout=grid&position=4&type=product&tracking_id=5cf0ad7f-50f7-44c6-8a2a-a66579bb354c&wid=MLB4198173329&sid=search,"R$ 65,73",R$ 78,,Eshop,,,,4.94,0,94,6,0,0,0,False,0,0,100,0,0,N/A,Novo,,,True,,,https://http2.mlstatic.com/D_Q_NP_2X_859652-MLA93093237434_092025-E.webp,,,,,2025-09-29T13:05:44.242740,False,nao_realizada,0,"[1] 5⭐ - excelente: Os cartuchos de tinta originais são excelentes, mas, não descobri o motivo pelo qual os cartuchos de tinta originais para impressora são tão caros. O valor de dois cartuchos compram uma impressora nov... (Data: , Likes: 11) | [2] 5⭐ - excelente: Cartuchos de excelente qualidade. (Data: , Likes: 4) | [3] 5⭐ - excelente: Produto original. (Data: , Likes: 4) | [4] 5⭐ - excelente: O produto é bom mas não foi compatível com a minha impressora. (Data: , Likes: 4) | [5] 5⭐ - excelente: Por enquanto satisfeita com os cartuchos, minha impressora aceitou na hora e apareceu cheio, espero que dure bem, acredito que o preço é um pouco salgado, poderia ser mais em conta, mas se for oferece... (Data: , Likes: 3) | [6] 5⭐ - excelente: Durou menos do que eu esperava mas funciona pra o que eu preciso 😃. (Data: , Likes: 2) | [7] 5⭐ - excelente: Ótimo!. (Data: , Likes: 2) | [8] 5⭐ - excelente: Gosto desse produto. Já comprei várias vezes. (Data: , Likes: 1) | [9] 5⭐ - excelente: Produto original e rende muito bem. (Data: , Likes: 1) | [10] 5⭐ - excelente: E um produto que uso sempre. (Data: , Likes: 1)",65,65,0,32,"5⭐ - Os cartuchos de tinta originais são excelentes, mas, não descobri o motivo pelo qual os cartuchos de... (Likes: 11)","5⭐ - Os cartuchos de tinta originais são excelentes, mas, não descobri o motivo pelo qual os cartuchos de... (Data: )",,,,,,,nao_realizada,0,0,2270551112.0,5.0,excelente,Gosto desse produto. Já comprei várias vezes.,,1.0,True,True,review_individual
MLB36751629,Cartucho de tinta preta HP Advantage 664 de 2 ml,https://www.mercadolivre.com.br/cartucho-de-tinta-preta-hp-advantage-664-de-2-ml/p/MLB36751629#polycard_client=search-nordic&search_layout=grid&position=4&type=product&tracking_id=5cf0ad7f-50f7-44c6-8a2a-a66579bb354c&wid=MLB4198173329&sid=search,"R$ 65,73",R$ 78,,Eshop,,,,4.94,0,94,6,0,0,0,False,0,0,100,0,0,N/A,Novo,,,True,,,https://http2.mlstatic.com/D_Q_NP_2X_859652-MLA93093237434_092025-E.webp,,,,,2025-09-29T13:05:44.242740,False,nao_realizada,0,"[1] 5⭐ - excelente: Os cartuchos de tinta originais são excelentes, mas, não descobri o motivo pelo qual os cartuchos de tinta originais para impressora são tão caros. O valor de dois cartuchos compram uma impressora nov... (Data: , Likes: 11) | [2] 5⭐ - excelente: Cartuchos de excelente qualidade. (Data: , Likes: 4) | [3] 5⭐ - excelente: Produto original. (Data: , Likes: 4) | [4] 5⭐ - excelente: O produto é bom mas não foi compatível com a minha impressora. (Data: , Likes: 4) | [5] 5⭐ - excelente: Por enquanto satisfeita com os cartuchos, minha impressora aceitou na hora e apareceu cheio, espero que dure bem, acredito que o preço é um pouco salgado, poderia ser mais em conta, mas se for oferece... (Data: , Likes: 3) | [6] 5⭐ - excelente: Durou menos do que eu esperava mas funciona pra o que eu preciso 😃. (Data: , Likes: 2) | [7] 5⭐ - excelente: Ótimo!. (Data: , Likes: 2) | [8] 5⭐ - excelente: Gosto desse produto. Já comprei várias vezes. (Data: , Likes: 1) | [9] 5⭐ - excelente: Produto original e rende muito bem. (Data: , Likes: 1) | [10] 5⭐ - excelente: E um produto que uso sempre. (Data: , Likes: 1)",65,65,0,32,"5⭐ - Os cartuchos de tinta originais são excelentes, mas, não descobri o motivo pelo qual os cartuchos de... (Likes: 11)","5⭐ - Os cartuchos de tinta originais são excelentes, mas, não descobri o motivo pelo qual os cartuchos de... (Data: )",,,,,,,nao_realizada,0,0,1626502464.0,5.0,excelente,Produto original e rende muito bem.,,1.0,True,True,review_individual
MLB36751629,Cartucho de tinta preta HP Advantage 664 de 2 ml,https://www.mercadolivre.com.br/cartucho-de-tinta-preta-hp-advantage-664-de-2-ml/p/MLB36751629#polycard_client=search-nordic&search_layout=grid&position=4&type=product&tracking_id=5cf0ad7f-50f7-44c6-8a2a-a66579bb354c&wid=MLB4198173329&sid=search,"R$ 65,73",R$ 78,,Eshop,,,,4.94,0,94,6,0,0,0,False,0,0,100,0,0,N/A,Novo,,,True,,,https://http2.mlstatic.com/D_Q_NP_2X_859652-MLA93093237434_092025-E.webp,,,,,2025-09-29T13:05:44.242740,False,nao_realizada,0,"[1] 5⭐ - excelente: Os cartuchos de tinta originais são excelentes, mas, não descobri o motivo pelo qual os cartuchos de tinta originais para impressora são tão caros. O valor de dois cartuchos compram uma impressora nov... (Data: , Likes: 11) | [2] 5⭐ - excelente: Cartuchos de excelente qualidade. (Data: , Likes: 4) | [3] 5⭐ - excelente: Produto original. (Data: , Likes: 4) | [4] 5⭐ - excelente: O produto é bom mas não foi compatível com a minha impressora. (Data: , Likes: 4) | [5] 5⭐ - excelente: Por enquanto satisfeita com os cartuchos, minha impressora aceitou na hora e apareceu cheio, espero que dure bem, acredito que o preço é um pouco salgado, poderia ser mais em conta, mas se for oferece... (Data: , Likes: 3) | [6] 5⭐ - excelente: Durou menos do que eu esperava mas funciona pra o que eu preciso 😃. (Data: , Likes: 2) | [7] 5⭐ - excelente: Ótimo!. (Data: , Likes: 2) | [8] 5⭐ - excelente: Gosto desse produto. Já comprei várias vezes. (Data: , Likes: 1) | [9] 5⭐ - excelente: Produto original e rende muito bem. (Data: , Likes: 1) | [10] 5⭐ - excelente: E um produto que uso sempre. (Data: , Likes: 1)",65,65,0,32,"5⭐ - Os cartuchos de tinta originais são excelentes, mas, não descobri o motivo pelo qual os cartuchos de... (Likes: 11)","5⭐ - Os cartuchos de tinta originais são excelentes, mas, não descobri o motivo pelo qual os cartuchos de... (Data: )",,,,,,,nao_realizada,0,0,1495110214.0,5.0,excelente,E um produto que uso sempre.,,1.0,True,True,review_individual
MLB36751629,Cartucho de tinta preta HP Advantage 664 de 2 ml,https://www.mercadolivre.com.br/cartucho-de-tinta-preta-hp-advantage-664-de-2-ml/p/MLB36751629#polycard_client=search-nordic&search_layout=grid&position=4&type=product&tracking_id=5cf0ad7f-50f7-44c6-8a2a-a66579bb354c&wid=MLB4198173329&sid=search,"R$ 65,73",R$ 78,,Eshop,,,,4.94,0,94,6,0,0,0,False,0,0,100,0,0,N/A,Novo,,,True,,,https://http2.mlstatic.com/D_Q_NP_2X_859652-MLA93093237434_092025-E.webp,,,,,2025-09-29T13:05:44.242740,False,nao_realizada,0,"[1] 5⭐ - excelente: Os cartuchos de tinta originais são excelentes, mas, não descobri o motivo pelo qual os cartuchos de tinta originais para impressora são tão caros. O valor de dois cartuchos compram uma impressora nov... (Data: , Likes: 11) | [2] 5⭐ - excelente: Cartuchos de excelente qualidade. (Data: , Likes: 4) | [3] 5⭐ - excelente: Produto original. (Data: , Likes: 4) | [4] 5⭐ - excelente: O produto é bom mas não foi compatível com a minha impressora. (Data: , Likes: 4) | [5] 5⭐ - excelente: Por enquanto satisfeita com os cartuchos, minha impressora aceitou na hora e apareceu cheio, espero que dure bem, acredito que o preço é um pouco salgado, poderia ser mais em conta, mas se for oferece... (Data: , Likes: 3) | [6] 5⭐ - excelente: Durou menos do que eu esperava mas funciona pra o que eu preciso 😃. (Data: , Likes: 2) | [7] 5⭐ - excelente: Ótimo!. (Data: , Likes: 2) | [8] 5⭐ - excelente: Gosto desse produto. Já comprei várias vezes. (Data: , Likes: 1) | [9] 5⭐ - excelente: Produto original e rende muito bem. (Data: , Likes: 1) | [10] 5⭐ - excelente: E um produto que uso sempre. (Data: , Likes: 1)",65,65,0,32,"5⭐ - Os cartuchos de tinta originais são excelentes, mas, não descobri o motivo pelo qual os cartuchos de... (Likes: 11)","5⭐ - Os cartuchos de tinta originais são excelentes, mas, não descobri o motivo pelo qual os cartuchos de... (Data: )",,,,,,,nao_realizada,0,0,2312655974.0,5.0,excelente,"O produto é original, boa qualidade, único porém, preço muito caro pela quantidade de cópias que reproduz antes de acabar a tinta.",,1.0,False,True,review_individual
MLB36751629,Cartucho de tinta preta HP Advantage 664 de 2 ml,https://www.mercadolivre.com.br/cartucho-de-tinta-preta-hp-advantage-664-de-2-ml/p/MLB36751629#polycard_client=search-nordic&search_layout=grid&position=4&type=product&tracking_id=5cf0ad7f-50f7-44c6-8a2a-a66579bb354c&wid=MLB4198173329&sid=search,"R$ 65,73",R$ 78,,Eshop,,,,4.94,0,94,6,0,0,0,False,0,0,100,0,0,N/A,Novo,,,True,,,https://http2.mlstatic.com/D_Q_NP_2X_859652-MLA93093237434_092025-E.webp,,,,,2025-09-29T13:05:44.242740,False,nao_realizada,0,"[1] 5⭐ - excelente: Os cartuchos de tinta originais são excelentes, mas, não descobri o motivo pelo qual os cartuchos de tinta originais para impressora são tão caros. O valor de dois cartuchos compram uma impressora nov... (Data: , Likes: 11) | [2] 5⭐ - excelente: Cartuchos de excelente qualidade. (Data: , Likes: 4) | [3] 5⭐ - excelente: Produto original. (Data: , Likes: 4) | [4] 5⭐ - excelente: O produto é bom mas não foi compatível com a minha impressora. (Data: , Likes: 4) | [5] 5⭐ - excelente: Por enquanto satisfeita com os cartuchos, minha impressora aceitou na hora e apareceu cheio, espero que dure bem, acredito que o preço é um pouco salgado, poderia ser mais em conta, mas se for oferece... (Data: , Likes: 3) | [6] 5⭐ - excelente: Durou menos do que eu esperava mas funciona pra o que eu preciso 😃. (Data: , Likes: 2) | [7] 5⭐ - excelente: Ótimo!. (Data: , Likes: 2) | [8] 5⭐ - excelente: Gosto desse produto. Já comprei várias vezes. (Data: , Likes: 1) | [9] 5⭐ - excelente: Produto original e rende muito bem. (Data: , Likes: 1) | [10] 5⭐ - excelente: E um produto que uso sempre. (Data: , Likes: 1)",65,65,0,32,"5⭐ - Os cartuchos de tinta originais são excelentes, mas, não descobri o motivo pelo qual os cartuchos de... (Likes: 11)","5⭐ - Os cartuchos de tinta originais são excelentes, mas, não descobri o motivo pelo qual os cartuchos de... (Data: )",,,,,,,nao_realizada,0,0,2195263593.0,4.0,muito bom,"Este foi o segundo cartucho que eu comprei,o primeiro constava 8ml más imprimi apenas 6 folhas coloridas e pretas ou seja boletos de empresas. A tinta colorida acabou muito rápido ou seja não tinha o total de tinta que constava no cartucho.",,1.0,False,True,review_individual
MLB36751629,Cartucho de tinta preta HP Advantage 664 de 2 ml,https://www.mercadolivre.com.br/cartucho-de-tinta-preta-hp-advantage-664-de-2-ml/p/MLB36751629#polycard_client=search-nordic&search_layout=grid&position=4&type=product&tracking_id=5cf0ad7f-50f7-44c6-8a2a-a66579bb354c&wid=MLB4198173329&sid=search,"R$ 65,73",R$ 78,,Eshop,,,,4.94,0,94,6,0,0,0,False,0,0,100,0,0,N/A,Novo,,,True,,,https://http2.mlstatic.com/D_Q_NP_2X_859652-MLA93093237434_092025-E.webp,,,,,2025-09-29T13:05:44.242740,False,nao_realizada,0,"[1] 5⭐ - excelente: Os cartuchos de tinta originais são excelentes, mas, não descobri o motivo pelo qual os cartuchos de tinta originais para impressora são tão caros. O valor de dois cartuchos compram uma impressora nov... (Data: , Likes: 11) | [2] 5⭐ - excelente: Cartuchos de excelente qualidade. (Data: , Likes: 4) | [3] 5⭐ - excelente: Produto original. (Data: , Likes: 4) | [4] 5⭐ - excelente: O produto é bom mas não foi compatível com a minha impressora. (Data: , Likes: 4) | [5] 5⭐ - excelente: Por enquanto satisfeita com os cartuchos, minha impressora aceitou na hora e apareceu cheio, espero que dure bem, acredito que o preço é um pouco salgado, poderia ser mais em conta, mas se for oferece... (Data: , Likes: 3) | [6] 5⭐ - excelente: Durou menos do que eu esperava mas funciona pra o que eu preciso 😃. (Data: , Likes: 2) | [7] 5⭐ - excelente: Ótimo!. (Data: , Likes: 2) | [8] 5⭐ - excelente: Gosto desse produto. Já comprei várias vezes. (Data: , Likes: 1) | [9] 5⭐ - excelente: Produto original e rende muito bem. (Data: , Likes: 1) | [10] 5⭐ - excelente: E um produto que uso sempre. (Data: , Likes: 1)",65,65,0,32,"5⭐ - Os cartuchos de tinta originais são excelentes, mas, não descobri o motivo pelo qual os cartuchos de... (Likes: 11)","5⭐ - Os cartuchos de tinta originais são excelentes, mas, não descobri o motivo pelo qual os cartuchos de... (Data: )",,,,,,,nao_realizada,0,0,1353342532.0,4.0,ótimo,Só funcionou o preto.,,1.0,False,True,review_individual
MLB36751629,Cartucho de tinta preta HP Advantage 664 de 2 ml,https://www.mercadolivre.com.br/cartucho-de-tinta-preta-hp-advantage-664-de-2-ml/p/MLB36751629#polycard_client=search-nordic&search_layout=grid&position=4&type=product&tracking_id=5cf0ad7f-50f7-44c6-8a2a-a66579bb354c&wid=MLB4198173329&sid=search,"R$ 65,73",R$ 78,,Eshop,,,,4.94,0,94,6,0,0,0,False,0,0,100,0,0,N/A,Novo,,,True,,,https://http2.mlstatic.com/D_Q_NP_2X_859652-MLA93093237434_092025-E.webp,,,,,2025-09-29T13:05:44.242740,False,nao_realizada,0,"[1] 5⭐ - excelente: Os cartuchos de tinta originais são excelentes, mas, não descobri o motivo pelo qual os cartuchos de tinta originais para impressora são tão caros. O valor de dois cartuchos compram uma impressora nov... (Data: , Likes: 11) | [2] 5⭐ - excelente: Cartuchos de excelente qualidade. (Data: , Likes: 4) | [3] 5⭐ - excelente: Produto original. (Data: , Likes: 4) | [4] 5⭐ - excelente: O produto é bom mas não foi compatível com a minha impressora. (Data: , Likes: 4) | [5] 5⭐ - excelente: Por enquanto satisfeita com os cartuchos, minha impressora aceitou na hora e apareceu cheio, espero que dure bem, acredito que o preço é um pouco salgado, poderia ser mais em conta, mas se for oferece... (Data: , Likes: 3) | [6] 5⭐ - excelente: Durou menos do que eu esperava mas funciona pra o que eu preciso 😃. (Data: , Likes: 2) | [7] 5⭐ - excelente: Ótimo!. (Data: , Likes: 2) | [8] 5⭐ - excelente: Gosto desse produto. Já comprei várias vezes. (Data: , Likes: 1) | [9] 5⭐ - excelente: Produto original e rende muito bem. (Data: , Likes: 1) | [10] 5⭐ - excelente: E um produto que uso sempre. (Data: , Likes: 1)",65,65,0,32,"5⭐ - Os cartuchos de tinta originais são excelentes, mas, não descobri o motivo pelo qual os cartuchos de... (Likes: 11)","5⭐ - Os cartuchos de tinta originais são excelentes, mas, não descobri o motivo pelo qual os cartuchos de... (Data: )",,,,,,,nao_realizada,0,0,1307432922.0,5.0,excelente,Tem muito rendimento.,,1.0,False,True,review_individual
MLB36751629,Cartucho de tinta preta HP Advantage 664 de 2 ml,https://www.mercadolivre.com.br/cartucho-de-tinta-preta-hp-advantage-664-de-2-ml/p/MLB36751629#polycard_client=search-nordic&search_layout=grid&position=4&type=product&tracking_id=5cf0ad7f-50f7-44c6-8a2a-a66579bb354c&wid=MLB4198173329&sid=search,"R$ 65,73",R$ 78,,Eshop,,,,4.94,0,94,6,0,0,0,False,0,0,100,0,0,N/A,Novo,,,True,,,https://http2.mlstatic.com/D_Q_NP_2X_859652-MLA93093237434_092025-E.webp,,,,,2025-09-29T13:05:44.242740,False,nao_realizada,0,"[1] 5⭐ - excelente: Os cartuchos de tinta originais são excelentes, mas, não descobri o motivo pelo qual os cartuchos de tinta originais para impressora são tão caros. O valor de dois cartuchos compram uma impressora nov... (Data: , Likes: 11) | [2] 5⭐ - excelente: Cartuchos de excelente qualidade. (Data: , Likes: 4) | [3] 5⭐ - excelente: Produto original. (Data: , Likes: 4) | [4] 5⭐ - excelente: O produto é bom mas não foi compatível com a minha impressora. (Data: , Likes: 4) | [5] 5⭐ - excelente: Por enquanto satisfeita com os cartuchos, minha impressora aceitou na hora e apareceu cheio, espero que dure bem, acredito que o preço é um pouco salgado, poderia ser mais em conta, mas se for oferece... (Data: , Likes: 3) | [6] 5⭐ - excelente: Durou menos do que eu esperava mas funciona pra o que eu preciso 😃. (Data: , Likes: 2) | [7] 5⭐ - excelente: Ótimo!. (Data: , Likes: 2) | [8] 5⭐ - excelente: Gosto desse produto. Já comprei várias vezes. (Data: , Likes: 1) | [9] 5⭐ - excelente: Produto original e rende muito bem. (Data: , Likes: 1) | [10] 5⭐ - excelente: E um produto que uso sempre. (Data: , Likes: 1)",65,65,0,32,"5⭐ - Os cartuchos de tinta originais são excelentes, mas, não descobri o motivo pelo qual os cartuchos de... (Likes: 11)","5⭐ - Os cartuchos de tinta originais são excelentes, mas, não descobri o motivo pelo qual os cartuchos de... (Data: )",,,,,,,nao_realizada,0,0,1302609731.0,5.0,excelente,Material de excelente qualidade.,,1.0,False,True,review_individual
MLB36751629,Cartucho de tinta preta HP Advantage 664 de 2 ml,https://www.mercadolivre.com.br/cartucho-de-tinta-preta-hp-advantage-664-de-2-ml/p/MLB36751629#polycard_client=search-nordic&search_layout=grid&position=4&type=product&tracking_id=5cf0ad7f-50f7-44c6-8a2a-a66579bb354c&wid=MLB4198173329&sid=search,"R$ 65,73",R$ 78,,Eshop,,,,4.94,0,94,6,0,0,0,False,0,0,100,0,0,N/A,Novo,,,True,,,https://http2.mlstatic.com/D_Q_NP_2X_859652-MLA93093237434_092025-E.webp,,,,,2025-09-29T13:05:44.242740,False,nao_realizada,0,"[1] 5⭐ - excelente: Os cartuchos de tinta originais são excelentes, mas, não descobri o motivo pelo qual os cartuchos de tinta originais para impressora são tão caros. O valor de dois cartuchos compram uma impressora nov... (Data: , Likes: 11) | [2] 5⭐ - excelente: Cartuchos de excelente qualidade. (Data: , Likes: 4) | [3] 5⭐ - excelente: Produto original. (Data: , Likes: 4) | [4] 5⭐ - excelente: O produto é bom mas não foi compatível com a minha impressora. (Data: , Likes: 4) | [5] 5⭐ - excelente: Por enquanto satisfeita com os cartuchos, minha impressora aceitou na hora e apareceu cheio, espero que dure bem, acredito que o preço é um pouco salgado, poderia ser mais em conta, mas se for oferece... (Data: , Likes: 3) | [6] 5⭐ - excelente: Durou menos do que eu esperava mas funciona pra o que eu preciso 😃. (Data: , Likes: 2) | [7] 5⭐ - excelente: Ótimo!. (Data: , Likes: 2) | [8] 5⭐ - excelente: Gosto desse produto. Já comprei várias vezes. (Data: , Likes: 1) | [9] 5⭐ - excelente: Produto original e rende muito bem. (Data: , Likes: 1) | [10] 5⭐ - excelente: E um produto que uso sempre. (Data: , Likes: 1)",65,65,0,32,"5⭐ - Os cartuchos de tinta originais são excelentes, mas, não descobri o motivo pelo qual os cartuchos de... (Likes: 11)","5⭐ - Os cartuchos de tinta originais são excelentes, mas, não descobri o motivo pelo qual os cartuchos de... (Data: )",,,,,,,nao_realizada,0,0,1294095533.0,5.0,excelente,Excelente.,,1.0,False,True,review_individual
MLB36751629,Cartucho de tinta preta HP Advantage 664 de 2 ml,https://www.mercadolivre.com.br/cartucho-de-tinta-preta-hp-advantage-664-de-2-ml/p/MLB36751629#polycard_client=search-nordic&search_layout=grid&position=4&type=product&tracking_id=5cf0ad7f-50f7-44c6-8a2a-a66579bb354c&wid=MLB4198173329&sid=search,"R$ 65,73",R$ 78,,Eshop,,,,4.94,0,94,6,0,0,0,False,0,0,100,0,0,N/A,Novo,,,True,,,https://http2.mlstatic.com/D_Q_NP_2X_859652-MLA93093237434_092025-E.webp,,,,,2025-09-29T13:05:44.242740,False,nao_realizada,0,"[1] 5⭐ - excelente: Os cartuchos de tinta originais são excelentes, mas, não descobri o motivo pelo qual os cartuchos de tinta originais para impressora são tão caros. O valor de dois cartuchos compram uma impressora nov... (Data: , Likes: 11) | [2] 5⭐ - excelente: Cartuchos de excelente qualidade. (Data: , Likes: 4) | [3] 5⭐ - excelente: Produto original. (Data: , Likes: 4) | [4] 5⭐ - excelente: O produto é bom mas não foi compatível com a minha impressora. (Data: , Likes: 4) | [5] 5⭐ - excelente: Por enquanto satisfeita com os cartuchos, minha impressora aceitou na hora e apareceu cheio, espero que dure bem, acredito que o preço é um pouco salgado, poderia ser mais em conta, mas se for oferece... (Data: , Likes: 3) | [6] 5⭐ - excelente: Durou menos do que eu esperava mas funciona pra o que eu preciso 😃. (Data: , Likes: 2) | [7] 5⭐ - excelente: Ótimo!. (Data: , Likes: 2) | [8] 5⭐ - excelente: Gosto desse produto. Já comprei várias vezes. (Data: , Likes: 1) | [9] 5⭐ - excelente: Produto original e rende muito bem. (Data: , Likes: 1) | [10] 5⭐ - excelente: E um produto que uso sempre. (Data: , Likes: 1)",65,65,0,32,"5⭐ - Os cartuchos de tinta originais são excelentes, mas, não descobri o motivo pelo qual os cartuchos de... (Likes: 11)","5⭐ - Os cartuchos de tinta originais são excelentes, mas, não descobri o motivo pelo qual os cartuchos de... (Data: )",,,,,,,nao_realizada,0,0,1293438615.0,5.0,excelente,Incrivel.,,1.0,False,True,review_individual
MLB36751629,Cartucho de tinta preta HP Advantage 664 de 2 ml,https://www.mercadolivre.com.br/cartucho-de-tinta-preta-hp-advantage-664-de-2-ml/p/MLB36751629#polycard_client=search-nordic&search_layout=grid&position=4&type=product&tracking_id=5cf0ad7f-50f7-44c6-8a2a-a66579bb354c&wid=MLB4198173329&sid=search,"R$ 65,73",R$ 78,,Eshop,,,,4.94,0,94,6,0,0,0,False,0,0,100,0,0,N/A,Novo,,,True,,,https://http2.mlstatic.com/D_Q_NP_2X_859652-MLA93093237434_092025-E.webp,,,,,2025-09-29T13:05:44.242740,False,nao_realizada,0,"[1] 5⭐ - excelente: Os cartuchos de tinta originais são excelentes, mas, não descobri o motivo pelo qual os cartuchos de tinta originais para impressora são tão caros. O valor de dois cartuchos compram uma impressora nov... (Data: , Likes: 11) | [2] 5⭐ - excelente: Cartuchos de excelente qualidade. (Data: , Likes: 4) | [3] 5⭐ - excelente: Produto original. (Data: , Likes: 4) | [4] 5⭐ - excelente: O produto é bom mas não foi compatível com a minha impressora. (Data: , Likes: 4) | [5] 5⭐ - excelente: Por enquanto satisfeita com os cartuchos, minha impressora aceitou na hora e apareceu cheio, espero que dure bem, acredito que o preço é um pouco salgado, poderia ser mais em conta, mas se for oferece... (Data: , Likes: 3) | [6] 5⭐ - excelente: Durou menos do que eu esperava mas funciona pra o que eu preciso 😃. (Data: , Likes: 2) | [7] 5⭐ - excelente: Ótimo!. (Data: , Likes: 2) | [8] 5⭐ - excelente: Gosto desse produto. Já comprei várias vezes. (Data: , Likes: 1) | [9] 5⭐ - excelente: Produto original e rende muito bem. (Data: , Likes: 1) | [10] 5⭐ - excelente: E um produto que uso sempre. (Data: , Likes: 1)",65,65,0,32,"5⭐ - Os cartuchos de tinta originais são excelentes, mas, não descobri o motivo pelo qual os cartuchos de... (Likes: 11)","5⭐ - Os cartuchos de tinta originais são excelentes, mas, não descobri o motivo pelo qual os cartuchos de... (Data: )",,,,,,,nao_realizada,0,0,1282201125.0,5.0,excelente,Ótima qualidade. Recomendo a compra.,,1.0,False,True,review_individual
MLB36751629,Cartucho de tinta preta HP Advantage 664 de 2 ml,https://www.mercadolivre.com.br/cartucho-de-tinta-preta-hp-advantage-664-de-2-ml/p/MLB36751629#polycard_client=search-nordic&search_layout=grid&position=4&type=product&tracking_id=5cf0ad7f-50f7-44c6-8a2a-a66579bb354c&wid=MLB4198173329&sid=search,"R$ 65,73",R$ 78,,Eshop,,,,4.94,0,94,6,0,0,0,False,0,0,100,0,0,N/A,Novo,,,True,,,https://http2.mlstatic.com/D_Q_NP_2X_859652-MLA93093237434_092025-E.webp,,,,,2025-09-29T13:05:44.242740,False,nao_realizada,0,"[1] 5⭐ - excelente: Os cartuchos de tinta originais são excelentes, mas, não descobri o motivo pelo qual os cartuchos de tinta originais para impressora são tão caros. O valor de dois cartuchos compram uma impressora nov... (Data: , Likes: 11) | [2] 5⭐ - excelente: Cartuchos de excelente qualidade. (Data: , Likes: 4) | [3] 5⭐ - excelente: Produto original. (Data: , Likes: 4) | [4] 5⭐ - excelente: O produto é bom mas não foi compatível com a minha impressora. (Data: , Likes: 4) | [5] 5⭐ - excelente: Por enquanto satisfeita com os cartuchos, minha impressora aceitou na hora e apareceu cheio, espero que dure bem, acredito que o preço é um pouco salgado, poderia ser mais em conta, mas se for oferece... (Data: , Likes: 3) | [6] 5⭐ - excelente: Durou menos do que eu esperava mas funciona pra o que eu preciso 😃. (Data: , Likes: 2) | [7] 5⭐ - excelente: Ótimo!. (Data: , Likes: 2) | [8] 5⭐ - excelente: Gosto desse produto. Já comprei várias vezes. (Data: , Likes: 1) | [9] 5⭐ - excelente: Produto original e rende muito bem. (Data: , Likes: 1) | [10] 5⭐ - excelente: E um produto que uso sempre. (Data: , Likes: 1)",65,65,0,32,"5⭐ - Os cartuchos de tinta originais são excelentes, mas, não descobri o motivo pelo qual os cartuchos de... (Likes: 11)","5⭐ - Os cartuchos de tinta originais são excelentes, mas, não descobri o motivo pelo qual os cartuchos de... (Data: )",,,,,,,nao_realizada,0,0,1269150938.0,5.0,excelente,"O produto é, de fato, muito caro pelo número de cópias que produz, mas a qualidade é boa!.",,1.0,False,True,review_individual
MLB36751629,Cartucho de tinta preta HP Advantage 664 de 2 ml,https://www.mercadolivre.com.br/cartucho-de-tinta-preta-hp-advantage-664-de-2-ml/p/MLB36751629#polycard_client=search-nordic&search_layout=grid&position=4&type=product&tracking_id=5cf0ad7f-50f7-44c6-8a2a-a66579bb354c&wid=MLB4198173329&sid=search,"R$ 65,73",R$ 78,,Eshop,,,,4.94,0,94,6,0,0,0,False,0,0,100,0,0,N/A,Novo,,,True,,,https://http2.mlstatic.com/D_Q_NP_2X_859652-MLA93093237434_092025-E.webp,,,,,2025-09-29T13:05:44.242740,False,nao_realizada,0,"[1] 5⭐ - excelente: Os cartuchos de tinta originais são excelentes, mas, não descobri o motivo pelo qual os cartuchos de tinta originais para impressora são tão caros. O valor de dois cartuchos compram uma impressora nov... (Data: , Likes: 11) | [2] 5⭐ - excelente: Cartuchos de excelente qualidade. (Data: , Likes: 4) | [3] 5⭐ - excelente: Produto original. (Data: , Likes: 4) | [4] 5⭐ - excelente: O produto é bom mas não foi compatível com a minha impressora. (Data: , Likes: 4) | [5] 5⭐ - excelente: Por enquanto satisfeita com os cartuchos, minha impressora aceitou na hora e apareceu cheio, espero que dure bem, acredito que o preço é um pouco salgado, poderia ser mais em conta, mas se for oferece... (Data: , Likes: 3) | [6] 5⭐ - excelente: Durou menos do que eu esperava mas funciona pra o que eu preciso 😃. (Data: , Likes: 2) | [7] 5⭐ - excelente: Ótimo!. (Data: , Likes: 2) | [8] 5⭐ - excelente: Gosto desse produto. Já comprei várias vezes. (Data: , Likes: 1) | [9] 5⭐ - excelente: Produto original e rende muito bem. (Data: , Likes: 1) | [10] 5⭐ - excelente: E um produto que uso sempre. (Data: , Likes: 1)",65,65,0,32,"5⭐ - Os cartuchos de tinta originais são excelentes, mas, não descobri o motivo pelo qual os cartuchos de... (Likes: 11)","5⭐ - Os cartuchos de tinta originais são excelentes, mas, não descobri o motivo pelo qual os cartuchos de... (Data: )",,,,,,,nao_realizada,0,0,1882432281.0,5.0,excelente,,,0.0,True,False,review_individual
MLB36751629,Cartucho de tinta preta HP Advantage 664 de 2 ml,https://www.mercadolivre.com.br/cartucho-de-tinta-preta-hp-advantage-664-de-2-ml/p/MLB36751629#polycard_client=search-nordic&search_layout=grid&position=4&type=product&tracking_id=5cf0ad7f-50f7-44c6-8a2a-a66579bb354c&wid=MLB4198173329&sid=search,"R$ 65,73",R$ 78,,Eshop,,,,4.94,0,94,6,0,0,0,False,0,0,100,0,0,N/A,Novo,,,True,,,https://http2.mlstatic.com/D_Q_NP_2X_859652-MLA93093237434_092025-E.webp,,,,,2025-09-29T13:05:44.242740,False,nao_realizada,0,"[1] 5⭐ - excelente: Os cartuchos de tinta originais são excelentes, mas, não descobri o motivo pelo qual os cartuchos de tinta originais para impressora são tão caros. O valor de dois cartuchos compram uma impressora nov... (Data: , Likes: 11) | [2] 5⭐ - excelente: Cartuchos de excelente qualidade. (Data: , Likes: 4) | [3] 5⭐ - excelente: Produto original. (Data: , Likes: 4) | [4] 5⭐ - excelente: O produto é bom mas não foi compatível com a minha impressora. (Data: , Likes: 4) | [5] 5⭐ - excelente: Por enquanto satisfeita com os cartuchos, minha impressora aceitou na hora e apareceu cheio, espero que dure bem, acredito que o preço é um pouco salgado, poderia ser mais em conta, mas se for oferece... (Data: , Likes: 3) | [6] 5⭐ - excelente: Durou menos do que eu esperava mas funciona pra o que eu preciso 😃. (Data: , Likes: 2) | [7] 5⭐ - excelente: Ótimo!. (Data: , Likes: 2) | [8] 5⭐ - excelente: Gosto desse produto. Já comprei várias vezes. (Data: , Likes: 1) | [9] 5⭐ - excelente: Produto original e rende muito bem. (Data: , Likes: 1) | [10] 5⭐ - excelente: E um produto que uso sempre. (Data: , Likes: 1)",65,65,0,32,"5⭐ - Os cartuchos de tinta originais são excelentes, mas, não descobri o motivo pelo qual os cartuchos de... (Likes: 11)","5⭐ - Os cartuchos de tinta originais são excelentes, mas, não descobri o motivo pelo qual os cartuchos de... (Data: )",,,,,,,nao_realizada,0,0,2246316228.0,5.0,excelente,,,0.0,True,False,review_individual
MLB36751629,Cartucho de tinta preta HP Advantage 664 de 2 ml,https://www.mercadolivre.com.br/cartucho-de-tinta-preta-hp-advantage-664-de-2-ml/p/MLB36751629#polycard_client=search-nordic&search_layout=grid&position=4&type=product&tracking_id=5cf0ad7f-50f7-44c6-8a2a-a66579bb354c&wid=MLB4198173329&sid=search,"R$ 65,73",R$ 78,,Eshop,,,,4.94,0,94,6,0,0,0,False,0,0,100,0,0,N/A,Novo,,,True,,,https://http2.mlstatic.com/D_Q_NP_2X_859652-MLA93093237434_092025-E.webp,,,,,2025-09-29T13:05:44.242740,False,nao_realizada,0,"[1] 5⭐ - excelente: Os cartuchos de tinta originais são excelentes, mas, não descobri o motivo pelo qual os cartuchos de tinta originais para impressora são tão caros. O valor de dois cartuchos compram uma impressora nov... (Data: , Likes: 11) | [2] 5⭐ - excelente: Cartuchos de excelente qualidade. (Data: , Likes: 4) | [3] 5⭐ - excelente: Produto original. (Data: , Likes: 4) | [4] 5⭐ - excelente: O produto é bom mas não foi compatível com a minha impressora. (Data: , Likes: 4) | [5] 5⭐ - excelente: Por enquanto satisfeita com os cartuchos, minha impressora aceitou na hora e apareceu cheio, espero que dure bem, acredito que o preço é um pouco salgado, poderia ser mais em conta, mas se for oferece... (Data: , Likes: 3) | [6] 5⭐ - excelente: Durou menos do que eu esperava mas funciona pra o que eu preciso 😃. (Data: , Likes: 2) | [7] 5⭐ - excelente: Ótimo!. (Data: , Likes: 2) | [8] 5⭐ - excelente: Gosto desse produto. Já comprei várias vezes. (Data: , Likes: 1) | [9] 5⭐ - excelente: Produto original e rende muito bem. (Data: , Likes: 1) | [10] 5⭐ - excelente: E um produto que uso sempre. (Data: , Likes: 1)",65,65,0,32,"5⭐ - Os cartuchos de tinta originais são excelentes, mas, não descobri o motivo pelo qual os cartuchos de... (Likes: 11)","5⭐ - Os cartuchos de tinta originais são excelentes, mas, não descobri o motivo pelo qual os cartuchos de... (Data: )",,,,,,,nao_realizada,0,0,2331742315.0,5.0,excelente,Produto bom original estão de parabéns.,,0.0,True,True,review_individual
MLB36751629,Cartucho de tinta preta HP Advantage 664 de 2 ml,https://www.mercadolivre.com.br/cartucho-de-tinta-preta-hp-advantage-664-de-2-ml/p/MLB36751629#polycard_client=search-nordic&search_layout=grid&position=4&type=product&tracking_id=5cf0ad7f-50f7-44c6-8a2a-a66579bb354c&wid=MLB4198173329&sid=search,"R$ 65,73",R$ 78,,Eshop,,,,4.94,0,94,6,0,0,0,False,0,0,100,0,0,N/A,Novo,,,True,,,https://http2.mlstatic.com/D_Q_NP_2X_859652-MLA93093237434_092025-E.webp,,,,,2025-09-29T13:05:44.242740,False,nao_realizada,0,"[1] 5⭐ - excelente: Os cartuchos de tinta originais são excelentes, mas, não descobri o motivo pelo qual os cartuchos de tinta originais para impressora são tão caros. O valor de dois cartuchos compram uma impressora nov... (Data: , Likes: 11) | [2] 5⭐ - excelente: Cartuchos de excelente qualidade. (Data: , Likes: 4) | [3] 5⭐ - excelente: Produto original. (Data: , Likes: 4) | [4] 5⭐ - excelente: O produto é bom mas não foi compatível com a minha impressora. (Data: , Likes: 4) | [5] 5⭐ - excelente: Por enquanto satisfeita com os cartuchos, minha impressora aceitou na hora e apareceu cheio, espero que dure bem, acredito que o preço é um pouco salgado, poderia ser mais em conta, mas se for oferece... (Data: , Likes: 3) | [6] 5⭐ - excelente: Durou menos do que eu esperava mas funciona pra o que eu preciso 😃. (Data: , Likes: 2) | [7] 5⭐ - excelente: Ótimo!. (Data: , Likes: 2) | [8] 5⭐ - excelente: Gosto desse produto. Já comprei várias vezes. (Data: , Likes: 1) | [9] 5⭐ - excelente: Produto original e rende muito bem. (Data: , Likes: 1) | [10] 5⭐ - excelente: E um produto que uso sempre. (Data: , Likes: 1)",65,65,0,32,"5⭐ - Os cartuchos de tinta originais são excelentes, mas, não descobri o motivo pelo qual os cartuchos de... (Likes: 11)","5⭐ - Os cartuchos de tinta originais são excelentes, mas, não descobri o motivo pelo qual os cartuchos de... (Data: )",,,,,,,nao_realizada,0,0,2062570594.0,5.0,excelente,,,0.0,True,False,review_individual
MLB36751629,Cartucho de tinta preta HP Advantage 664 de 2 ml,https://www.mercadolivre.com.br/cartucho-de-tinta-preta-hp-advantage-664-de-2-ml/p/MLB36751629#polycard_client=search-nordic&search_layout=grid&position=4&type=product&tracking_id=5cf0ad7f-50f7-44c6-8a2a-a66579bb354c&wid=MLB4198173329&sid=search,"R$ 65,73",R$ 78,,Eshop,,,,4.94,0,94,6,0,0,0,False,0,0,100,0,0,N/A,Novo,,,True,,,https://http2.mlstatic.com/D_Q_NP_2X_859652-MLA93093237434_092025-E.webp,,,,,2025-09-29T13:05:44.242740,False,nao_realizada,0,"[1] 5⭐ - excelente: Os cartuchos de tinta originais são excelentes, mas, não descobri o motivo pelo qual os cartuchos de tinta originais para impressora são tão caros. O valor de dois cartuchos compram uma impressora nov... (Data: , Likes: 11) | [2] 5⭐ - excelente: Cartuchos de excelente qualidade. (Data: , Likes: 4) | [3] 5⭐ - excelente: Produto original. (Data: , Likes: 4) | [4] 5⭐ - excelente: O produto é bom mas não foi compatível com a minha impressora. (Data: , Likes: 4) | [5] 5⭐ - excelente: Por enquanto satisfeita com os cartuchos, minha impressora aceitou na hora e apareceu cheio, espero que dure bem, acredito que o preço é um pouco salgado, poderia ser mais em conta, mas se for oferece... (Data: , Likes: 3) | [6] 5⭐ - excelente: Durou menos do que eu esperava mas funciona pra o que eu preciso 😃. (Data: , Likes: 2) | [7] 5⭐ - excelente: Ótimo!. (Data: , Likes: 2) | [8] 5⭐ - excelente: Gosto desse produto. Já comprei várias vezes. (Data: , Likes: 1) | [9] 5⭐ - excelente: Produto original e rende muito bem. (Data: , Likes: 1) | [10] 5⭐ - excelente: E um produto que uso sempre. (Data: , Likes: 1)",65,65,0,32,"5⭐ - Os cartuchos de tinta originais são excelentes, mas, não descobri o motivo pelo qual os cartuchos de... (Likes: 11)","5⭐ - Os cartuchos de tinta originais são excelentes, mas, não descobri o motivo pelo qual os cartuchos de... (Data: )",,,,,,,nao_realizada,0,0,1297394976.0,5.0,excelente,,,0.0,True,False,review_individual
MLB36751629,Cartucho de tinta preta HP Advantage 664 de 2 ml,https://www.mercadolivre.com.br/cartucho-de-tinta-preta-hp-advantage-664-de-2-ml/p/MLB36751629#polycard_client=search-nordic&search_layout=grid&position=4&type=product&tracking_id=5cf0ad7f-50f7-44c6-8a2a-a66579bb354c&wid=MLB4198173329&sid=search,"R$ 65,73",R$ 78,,Eshop,,,,4.94,0,94,6,0,0,0,False,0,0,100,0,0,N/A,Novo,,,True,,,https://http2.mlstatic.com/D_Q_NP_2X_859652-MLA93093237434_092025-E.webp,,,,,2025-09-29T13:05:44.242740,False,nao_realizada,0,"[1] 5⭐ - excelente: Os cartuchos de tinta originais são excelentes, mas, não descobri o motivo pelo qual os cartuchos de tinta originais para impressora são tão caros. O valor de dois cartuchos compram uma impressora nov... (Data: , Likes: 11) | [2] 5⭐ - excelente: Cartuchos de excelente qualidade. (Data: , Likes: 4) | [3] 5⭐ - excelente: Produto original. (Data: , Likes: 4) | [4] 5⭐ - excelente: O produto é bom mas não foi compatível com a minha impressora. (Data: , Likes: 4) | [5] 5⭐ - excelente: Por enquanto satisfeita com os cartuchos, minha impressora aceitou na hora e apareceu cheio, espero que dure bem, acredito que o preço é um pouco salgado, poderia ser mais em conta, mas se for oferece... (Data: , Likes: 3) | [6] 5⭐ - excelente: Durou menos do que eu esperava mas funciona pra o que eu preciso 😃. (Data: , Likes: 2) | [7] 5⭐ - excelente: Ótimo!. (Data: , Likes: 2) | [8] 5⭐ - excelente: Gosto desse produto. Já comprei várias vezes. (Data: , Likes: 1) | [9] 5⭐ - excelente: Produto original e rende muito bem. (Data: , Likes: 1) | [10] 5⭐ - excelente: E um produto que uso sempre. (Data: , Likes: 1)",65,65,0,32,"5⭐ - Os cartuchos de tinta originais são excelentes, mas, não descobri o motivo pelo qual os cartuchos de... (Likes: 11)","5⭐ - Os cartuchos de tinta originais são excelentes, mas, não descobri o motivo pelo qual os cartuchos de... (Data: )",,,,,,,nao_realizada,0,0,1567531973.0,5.0,excelente,,,0.0,True,False,review_individual
MLB36751629,Cartucho de tinta preta HP Advantage 664 de 2 ml,https://www.mercadolivre.com.br/cartucho-de-tinta-preta-hp-advantage-664-de-2-ml/p/MLB36751629#polycard_client=search-nordic&search_layout=grid&position=4&type=product&tracking_id=5cf0ad7f-50f7-44c6-8a2a-a66579bb354c&wid=MLB4198173329&sid=search,"R$ 65,73",R$ 78,,Eshop,,,,4.94,0,94,6,0,0,0,False,0,0,100,0,0,N/A,Novo,,,True,,,https://http2.mlstatic.com/D_Q_NP_2X_859652-MLA93093237434_092025-E.webp,,,,,2025-09-29T13:05:44.242740,False,nao_realizada,0,"[1] 5⭐ - excelente: Os cartuchos de tinta originais são excelentes, mas, não descobri o motivo pelo qual os cartuchos de tinta originais para impressora são tão caros. O valor de dois cartuchos compram uma impressora nov... (Data: , Likes: 11) | [2] 5⭐ - excelente: Cartuchos de excelente qualidade. (Data: , Likes: 4) | [3] 5⭐ - excelente: Produto original. (Data: , Likes: 4) | [4] 5⭐ - excelente: O produto é bom mas não foi compatível com a minha impressora. (Data: , Likes: 4) | [5] 5⭐ - excelente: Por enquanto satisfeita com os cartuchos, minha impressora aceitou na hora e apareceu cheio, espero que dure bem, acredito que o preço é um pouco salgado, poderia ser mais em conta, mas se for oferece... (Data: , Likes: 3) | [6] 5⭐ - excelente: Durou menos do que eu esperava mas funciona pra o que eu preciso 😃. (Data: , Likes: 2) | [7] 5⭐ - excelente: Ótimo!. (Data: , Likes: 2) | [8] 5⭐ - excelente: Gosto desse produto. Já comprei várias vezes. (Data: , Likes: 1) | [9] 5⭐ - excelente: Produto original e rende muito bem. (Data: , Likes: 1) | [10] 5⭐ - excelente: E um produto que uso sempre. (Data: , Likes: 1)",65,65,0,32,"5⭐ - Os cartuchos de tinta originais são excelentes, mas, não descobri o motivo pelo qual os cartuchos de... (Likes: 11)","5⭐ - Os cartuchos de tinta originais são excelentes, mas, não descobri o motivo pelo qual os cartuchos de... (Data: )",,,,,,,nao_realizada,0,0,1251529211.0,5.0,excelente,,,0.0,True,False,review_individual
MLB36751629,Cartucho de tinta preta HP Advantage 664 de 2 ml,https://www.mercadolivre.com.br/cartucho-de-tinta-preta-hp-advantage-664-de-2-ml/p/MLB36751629#polycard_client=search-nordic&search_layout=grid&position=4&type=product&tracking_id=5cf0ad7f-50f7-44c6-8a2a-a66579bb354c&wid=MLB4198173329&sid=search,"R$ 65,73",R$ 78,,Eshop,,,,4.94,0,94,6,0,0,0,False,0,0,100,0,0,N/A,Novo,,,True,,,https://http2.mlstatic.com/D_Q_NP_2X_859652-MLA93093237434_092025-E.webp,,,,,2025-09-29T13:05:44.242740,False,nao_realizada,0,"[1] 5⭐ - excelente: Os cartuchos de tinta originais são excelentes, mas, não descobri o motivo pelo qual os cartuchos de tinta originais para impressora são tão caros. O valor de dois cartuchos compram uma impressora nov... (Data: , Likes: 11) | [2] 5⭐ - excelente: Cartuchos de excelente qualidade. (Data: , Likes: 4) | [3] 5⭐ - excelente: Produto original. (Data: , Likes: 4) | [4] 5⭐ - excelente: O produto é bom mas não foi compatível com a minha impressora. (Data: , Likes: 4) | [5] 5⭐ - excelente: Por enquanto satisfeita com os cartuchos, minha impressora aceitou na hora e apareceu cheio, espero que dure bem, acredito que o preço é um pouco salgado, poderia ser mais em conta, mas se for oferece... (Data: , Likes: 3) | [6] 5⭐ - excelente: Durou menos do que eu esperava mas funciona pra o que eu preciso 😃. (Data: , Likes: 2) | [7] 5⭐ - excelente: Ótimo!. (Data: , Likes: 2) | [8] 5⭐ - excelente: Gosto desse produto. Já comprei várias vezes. (Data: , Likes: 1) | [9] 5⭐ - excelente: Produto original e rende muito bem. (Data: , Likes: 1) | [10] 5⭐ - excelente: E um produto que uso sempre. (Data: , Likes: 1)",65,65,0,32,"5⭐ - Os cartuchos de tinta originais são excelentes, mas, não descobri o motivo pelo qual os cartuchos de... (Likes: 11)","5⭐ - Os cartuchos de tinta originais são excelentes, mas, não descobri o motivo pelo qual os cartuchos de... (Data: )",,,,,,,nao_realizada,0,0,2375289950.0,5.0,excelente,Muito bom.,,0.0,True,True,review_individual
MLB36751629,Cartucho de tinta preta HP Advantage 664 de 2 ml,https://www.mercadolivre.com.br/cartucho-de-tinta-preta-hp-advantage-664-de-2-ml/p/MLB36751629#polycard_client=search-nordic&search_layout=grid&position=4&type=product&tracking_id=5cf0ad7f-50f7-44c6-8a2a-a66579bb354c&wid=MLB4198173329&sid=search,"R$ 65,73",R$ 78,,Eshop,,,,4.94,0,94,6,0,0,0,False,0,0,100,0,0,N/A,Novo,,,True,,,https://http2.mlstatic.com/D_Q_NP_2X_859652-MLA93093237434_092025-E.webp,,,,,2025-09-29T13:05:44.242740,False,nao_realizada,0,"[1] 5⭐ - excelente: Os cartuchos de tinta originais são excelentes, mas, não descobri o motivo pelo qual os cartuchos de tinta originais para impressora são tão caros. O valor de dois cartuchos compram uma impressora nov... (Data: , Likes: 11) | [2] 5⭐ - excelente: Cartuchos de excelente qualidade. (Data: , Likes: 4) | [3] 5⭐ - excelente: Produto original. (Data: , Likes: 4) | [4] 5⭐ - excelente: O produto é bom mas não foi compatível com a minha impressora. (Data: , Likes: 4) | [5] 5⭐ - excelente: Por enquanto satisfeita com os cartuchos, minha impressora aceitou na hora e apareceu cheio, espero que dure bem, acredito que o preço é um pouco salgado, poderia ser mais em conta, mas se for oferece... (Data: , Likes: 3) | [6] 5⭐ - excelente: Durou menos do que eu esperava mas funciona pra o que eu preciso 😃. (Data: , Likes: 2) | [7] 5⭐ - excelente: Ótimo!. (Data: , Likes: 2) | [8] 5⭐ - excelente: Gosto desse produto. Já comprei várias vezes. (Data: , Likes: 1) | [9] 5⭐ - excelente: Produto original e rende muito bem. (Data: , Likes: 1) | [10] 5⭐ - excelente: E um produto que uso sempre. (Data: , Likes: 1)",65,65,0,32,"5⭐ - Os cartuchos de tinta originais são excelentes, mas, não descobri o motivo pelo qual os cartuchos de... (Likes: 11)","5⭐ - Os cartuchos de tinta originais são excelentes, mas, não descobri o motivo pelo qual os cartuchos de... (Data: )",,,,,,,nao_realizada,0,0,2353755560.0,5.0,excelente,,,0.0,True,False,review_individual
MLB36751629,Cartucho de tinta preta HP Advantage 664 de 2 ml,https://www.mercadolivre.com.br/cartucho-de-tinta-preta-hp-advantage-664-de-2-ml/p/MLB36751629#polycard_client=search-nordic&search_layout=grid&position=4&type=product&tracking_id=5cf0ad7f-50f7-44c6-8a2a-a66579bb354c&wid=MLB4198173329&sid=search,"R$ 65,73",R$ 78,,Eshop,,,,4.94,0,94,6,0,0,0,False,0,0,100,0,0,N/A,Novo,,,True,,,https://http2.mlstatic.com/D_Q_NP_2X_859652-MLA93093237434_092025-E.webp,,,,,2025-09-29T13:05:44.242740,False,nao_realizada,0,"[1] 5⭐ - excelente: Os cartuchos de tinta originais são excelentes, mas, não descobri o motivo pelo qual os cartuchos de tinta originais para impressora são tão caros. O valor de dois cartuchos compram uma impressora nov... (Data: , Likes: 11) | [2] 5⭐ - excelente: Cartuchos de excelente qualidade. (Data: , Likes: 4) | [3] 5⭐ - excelente: Produto original. (Data: , Likes: 4) | [4] 5⭐ - excelente: O produto é bom mas não foi compatível com a minha impressora. (Data: , Likes: 4) | [5] 5⭐ - excelente: Por enquanto satisfeita com os cartuchos, minha impressora aceitou na hora e apareceu cheio, espero que dure bem, acredito que o preço é um pouco salgado, poderia ser mais em conta, mas se for oferece... (Data: , Likes: 3) | [6] 5⭐ - excelente: Durou menos do que eu esperava mas funciona pra o que eu preciso 😃. (Data: , Likes: 2) | [7] 5⭐ - excelente: Ótimo!. (Data: , Likes: 2) | [8] 5⭐ - excelente: Gosto desse produto. Já comprei várias vezes. (Data: , Likes: 1) | [9] 5⭐ - excelente: Produto original e rende muito bem. (Data: , Likes: 1) | [10] 5⭐ - excelente: E um produto que uso sempre. (Data: , Likes: 1)",65,65,0,32,"5⭐ - Os cartuchos de tinta originais são excelentes, mas, não descobri o motivo pelo qual os cartuchos de... (Likes: 11)","5⭐ - Os cartuchos de tinta originais são excelentes, mas, não descobri o motivo pelo qual os cartuchos de... (Data: )",,,,,,,nao_realizada,0,0,2294861245.0,5.0,excelente,Muito bom produto de qualidade.,,0.0,True,True,review_individual
MLB36751629,Cartucho de tinta preta HP Advantage 664 de 2 ml,https://www.mercadolivre.com.br/cartucho-de-tinta-preta-hp-advantage-664-de-2-ml/p/MLB36751629#polycard_client=search-nordic&search_layout=grid&position=4&type=product&tracking_id=5cf0ad7f-50f7-44c6-8a2a-a66579bb354c&wid=MLB4198173329&sid=search,"R$ 65,73",R$ 78,,Eshop,,,,4.94,0,94,6,0,0,0,False,0,0,100,0,0,N/A,Novo,,,True,,,https://http2.mlstatic.com/D_Q_NP_2X_859652-MLA93093237434_092025-E.webp,,,,,2025-09-29T13:05:44.242740,False,nao_realizada,0,"[1] 5⭐ - excelente: Os cartuchos de tinta originais são excelentes, mas, não descobri o motivo pelo qual os cartuchos de tinta originais para impressora são tão caros. O valor de dois cartuchos compram uma impressora nov... (Data: , Likes: 11) | [2] 5⭐ - excelente: Cartuchos de excelente qualidade. (Data: , Likes: 4) | [3] 5⭐ - excelente: Produto original. (Data: , Likes: 4) | [4] 5⭐ - excelente: O produto é bom mas não foi compatível com a minha impressora. (Data: , Likes: 4) | [5] 5⭐ - excelente: Por enquanto satisfeita com os cartuchos, minha impressora aceitou na hora e apareceu cheio, espero que dure bem, acredito que o preço é um pouco salgado, poderia ser mais em conta, mas se for oferece... (Data: , Likes: 3) | [6] 5⭐ - excelente: Durou menos do que eu esperava mas funciona pra o que eu preciso 😃. (Data: , Likes: 2) | [7] 5⭐ - excelente: Ótimo!. (Data: , Likes: 2) | [8] 5⭐ - excelente: Gosto desse produto. Já comprei várias vezes. (Data: , Likes: 1) | [9] 5⭐ - excelente: Produto original e rende muito bem. (Data: , Likes: 1) | [10] 5⭐ - excelente: E um produto que uso sempre. (Data: , Likes: 1)",65,65,0,32,"5⭐ - Os cartuchos de tinta originais são excelentes, mas, não descobri o motivo pelo qual os cartuchos de... (Likes: 11)","5⭐ - Os cartuchos de tinta originais são excelentes, mas, não descobri o motivo pelo qual os cartuchos de... (Data: )",,,,,,,nao_realizada,0,0,2290257766.0,5.0,excelente,,,0.0,True,False,review_individual
MLB36751629,Cartucho de tinta preta HP Advantage 664 de 2 ml,https://www.mercadolivre.com.br/cartucho-de-tinta-preta-hp-advantage-664-de-2-ml/p/MLB36751629#polycard_client=search-nordic&search_layout=grid&position=4&type=product&tracking_id=5cf0ad7f-50f7-44c6-8a2a-a66579bb354c&wid=MLB4198173329&sid=search,"R$ 65,73",R$ 78,,Eshop,,,,4.94,0,94,6,0,0,0,False,0,0,100,0,0,N/A,Novo,,,True,,,https://http2.mlstatic.com/D_Q_NP_2X_859652-MLA93093237434_092025-E.webp,,,,,2025-09-29T13:05:44.242740,False,nao_realizada,0,"[1] 5⭐ - excelente: Os cartuchos de tinta originais são excelentes, mas, não descobri o motivo pelo qual os cartuchos de tinta originais para impressora são tão caros. O valor de dois cartuchos compram uma impressora nov... (Data: , Likes: 11) | [2] 5⭐ - excelente: Cartuchos de excelente qualidade. (Data: , Likes: 4) | [3] 5⭐ - excelente: Produto original. (Data: , Likes: 4) | [4] 5⭐ - excelente: O produto é bom mas não foi compatível com a minha impressora. (Data: , Likes: 4) | [5] 5⭐ - excelente: Por enquanto satisfeita com os cartuchos, minha impressora aceitou na hora e apareceu cheio, espero que dure bem, acredito que o preço é um pouco salgado, poderia ser mais em conta, mas se for oferece... (Data: , Likes: 3) | [6] 5⭐ - excelente: Durou menos do que eu esperava mas funciona pra o que eu preciso 😃. (Data: , Likes: 2) | [7] 5⭐ - excelente: Ótimo!. (Data: , Likes: 2) | [8] 5⭐ - excelente: Gosto desse produto. Já comprei várias vezes. (Data: , Likes: 1) | [9] 5⭐ - excelente: Produto original e rende muito bem. (Data: , Likes: 1) | [10] 5⭐ - excelente: E um produto que uso sempre. (Data: , Likes: 1)",65,65,0,32,"5⭐ - Os cartuchos de tinta originais são excelentes, mas, não descobri o motivo pelo qual os cartuchos de... (Likes: 11)","5⭐ - Os cartuchos de tinta originais são excelentes, mas, não descobri o motivo pelo qual os cartuchos de... (Data: )",,,,,,,nao_realizada,0,0,2271805706.0,5.0,excelente,Original perfeito.,,0.0,True,True,review_individual
MLB36751629,Cartucho de tinta preta HP Advantage 664 de 2 ml,https://www.mercadolivre.com.br/cartucho-de-tinta-preta-hp-advantage-664-de-2-ml/p/MLB36751629#polycard_client=search-nordic&search_layout=grid&position=4&type=product&tracking_id=5cf0ad7f-50f7-44c6-8a2a-a66579bb354c&wid=MLB4198173329&sid=search,"R$ 65,73",R$ 78,,Eshop,,,,4.94,0,94,6,0,0,0,False,0,0,100,0,0,N/A,Novo,,,True,,,https://http2.mlstatic.com/D_Q_NP_2X_859652-MLA93093237434_092025-E.webp,,,,,2025-09-29T13:05:44.242740,False,nao_realizada,0,"[1] 5⭐ - excelente: Os cartuchos de tinta originais são excelentes, mas, não descobri o motivo pelo qual os cartuchos de tinta originais para impressora são tão caros. O valor de dois cartuchos compram uma impressora nov... (Data: , Likes: 11) | [2] 5⭐ - excelente: Cartuchos de excelente qualidade. (Data: , Likes: 4) | [3] 5⭐ - excelente: Produto original. (Data: , Likes: 4) | [4] 5⭐ - excelente: O produto é bom mas não foi compatível com a minha impressora. (Data: , Likes: 4) | [5] 5⭐ - excelente: Por enquanto satisfeita com os cartuchos, minha impressora aceitou na hora e apareceu cheio, espero que dure bem, acredito que o preço é um pouco salgado, poderia ser mais em conta, mas se for oferece... (Data: , Likes: 3) | [6] 5⭐ - excelente: Durou menos do que eu esperava mas funciona pra o que eu preciso 😃. (Data: , Likes: 2) | [7] 5⭐ - excelente: Ótimo!. (Data: , Likes: 2) | [8] 5⭐ - excelente: Gosto desse produto. Já comprei várias vezes. (Data: , Likes: 1) | [9] 5⭐ - excelente: Produto original e rende muito bem. (Data: , Likes: 1) | [10] 5⭐ - excelente: E um produto que uso sempre. (Data: , Likes: 1)",65,65,0,32,"5⭐ - Os cartuchos de tinta originais são excelentes, mas, não descobri o motivo pelo qual os cartuchos de... (Likes: 11)","5⭐ - Os cartuchos de tinta originais são excelentes, mas, não descobri o motivo pelo qual os cartuchos de... (Data: )",,,,,,,nao_realizada,0,0,2229023588.0,5.0,excelente,,,0.0,True,False,review_individual
MLB36751629,Cartucho de tinta preta HP Advantage 664 de 2 ml,https://www.mercadolivre.com.br/cartucho-de-tinta-preta-hp-advantage-664-de-2-ml/p/MLB36751629#polycard_client=search-nordic&search_layout=grid&position=4&type=product&tracking_id=5cf0ad7f-50f7-44c6-8a2a-a66579bb354c&wid=MLB4198173329&sid=search,"R$ 65,73",R$ 78,,Eshop,,,,4.94,0,94,6,0,0,0,False,0,0,100,0,0,N/A,Novo,,,True,,,https://http2.mlstatic.com/D_Q_NP_2X_859652-MLA93093237434_092025-E.webp,,,,,2025-09-29T13:05:44.242740,False,nao_realizada,0,"[1] 5⭐ - excelente: Os cartuchos de tinta originais são excelentes, mas, não descobri o motivo pelo qual os cartuchos de tinta originais para impressora são tão caros. O valor de dois cartuchos compram uma impressora nov... (Data: , Likes: 11) | [2] 5⭐ - excelente: Cartuchos de excelente qualidade. (Data: , Likes: 4) | [3] 5⭐ - excelente: Produto original. (Data: , Likes: 4) | [4] 5⭐ - excelente: O produto é bom mas não foi compatível com a minha impressora. (Data: , Likes: 4) | [5] 5⭐ - excelente: Por enquanto satisfeita com os cartuchos, minha impressora aceitou na hora e apareceu cheio, espero que dure bem, acredito que o preço é um pouco salgado, poderia ser mais em conta, mas se for oferece... (Data: , Likes: 3) | [6] 5⭐ - excelente: Durou menos do que eu esperava mas funciona pra o que eu preciso 😃. (Data: , Likes: 2) | [7] 5⭐ - excelente: Ótimo!. (Data: , Likes: 2) | [8] 5⭐ - excelente: Gosto desse produto. Já comprei várias vezes. (Data: , Likes: 1) | [9] 5⭐ - excelente: Produto original e rende muito bem. (Data: , Likes: 1) | [10] 5⭐ - excelente: E um produto que uso sempre. (Data: , Likes: 1)",65,65,0,32,"5⭐ - Os cartuchos de tinta originais são excelentes, mas, não descobri o motivo pelo qual os cartuchos de... (Likes: 11)","5⭐ - Os cartuchos de tinta originais são excelentes, mas, não descobri o motivo pelo qual os cartuchos de... (Data: )",,,,,,,nao_realizada,0,0,2086012115.0,5.0,excelente,,,0.0,True,False,review_individual
MLB36751629,Cartucho de tinta preta HP Advantage 664 de 2 ml,https://www.mercadolivre.com.br/cartucho-de-tinta-preta-hp-advantage-664-de-2-ml/p/MLB36751629#polycard_client=search-nordic&search_layout=grid&position=4&type=product&tracking_id=5cf0ad7f-50f7-44c6-8a2a-a66579bb354c&wid=MLB4198173329&sid=search,"R$ 65,73",R$ 78,,Eshop,,,,4.94,0,94,6,0,0,0,False,0,0,100,0,0,N/A,Novo,,,True,,,https://http2.mlstatic.com/D_Q_NP_2X_859652-MLA93093237434_092025-E.webp,,,,,2025-09-29T13:05:44.242740,False,nao_realizada,0,"[1] 5⭐ - excelente: Os cartuchos de tinta originais são excelentes, mas, não descobri o motivo pelo qual os cartuchos de tinta originais para impressora são tão caros. O valor de dois cartuchos compram uma impressora nov... (Data: , Likes: 11) | [2] 5⭐ - excelente: Cartuchos de excelente qualidade. (Data: , Likes: 4) | [3] 5⭐ - excelente: Produto original. (Data: , Likes: 4) | [4] 5⭐ - excelente: O produto é bom mas não foi compatível com a minha impressora. (Data: , Likes: 4) | [5] 5⭐ - excelente: Por enquanto satisfeita com os cartuchos, minha impressora aceitou na hora e apareceu cheio, espero que dure bem, acredito que o preço é um pouco salgado, poderia ser mais em conta, mas se for oferece... (Data: , Likes: 3) | [6] 5⭐ - excelente: Durou menos do que eu esperava mas funciona pra o que eu preciso 😃. (Data: , Likes: 2) | [7] 5⭐ - excelente: Ótimo!. (Data: , Likes: 2) | [8] 5⭐ - excelente: Gosto desse produto. Já comprei várias vezes. (Data: , Likes: 1) | [9] 5⭐ - excelente: Produto original e rende muito bem. (Data: , Likes: 1) | [10] 5⭐ - excelente: E um produto que uso sempre. (Data: , Likes: 1)",65,65,0,32,"5⭐ - Os cartuchos de tinta originais são excelentes, mas, não descobri o motivo pelo qual os cartuchos de... (Likes: 11)","5⭐ - Os cartuchos de tinta originais são excelentes, mas, não descobri o motivo pelo qual os cartuchos de... (Data: )",,,,,,,nao_realizada,0,0,2020735158.0,5.0,excelente,,,0.0,True,False,review_individual
MLB36751629,Cartucho de tinta preta HP Advantage 664 de 2 ml,https://www.mercadolivre.com.br/cartucho-de-tinta-preta-hp-advantage-664-de-2-ml/p/MLB36751629#polycard_client=search-nordic&search_layout=grid&position=4&type=product&tracking_id=5cf0ad7f-50f7-44c6-8a2a-a66579bb354c&wid=MLB4198173329&sid=search,"R$ 65,73",R$ 78,,Eshop,,,,4.94,0,94,6,0,0,0,False,0,0,100,0,0,N/A,Novo,,,True,,,https://http2.mlstatic.com/D_Q_NP_2X_859652-MLA93093237434_092025-E.webp,,,,,2025-09-29T13:05:44.242740,False,nao_realizada,0,"[1] 5⭐ - excelente: Os cartuchos de tinta originais são excelentes, mas, não descobri o motivo pelo qual os cartuchos de tinta originais para impressora são tão caros. O valor de dois cartuchos compram uma impressora nov... (Data: , Likes: 11) | [2] 5⭐ - excelente: Cartuchos de excelente qualidade. (Data: , Likes: 4) | [3] 5⭐ - excelente: Produto original. (Data: , Likes: 4) | [4] 5⭐ - excelente: O produto é bom mas não foi compatível com a minha impressora. (Data: , Likes: 4) | [5] 5⭐ - excelente: Por enquanto satisfeita com os cartuchos, minha impressora aceitou na hora e apareceu cheio, espero que dure bem, acredito que o preço é um pouco salgado, poderia ser mais em conta, mas se for oferece... (Data: , Likes: 3) | [6] 5⭐ - excelente: Durou menos do que eu esperava mas funciona pra o que eu preciso 😃. (Data: , Likes: 2) | [7] 5⭐ - excelente: Ótimo!. (Data: , Likes: 2) | [8] 5⭐ - excelente: Gosto desse produto. Já comprei várias vezes. (Data: , Likes: 1) | [9] 5⭐ - excelente: Produto original e rende muito bem. (Data: , Likes: 1) | [10] 5⭐ - excelente: E um produto que uso sempre. (Data: , Likes: 1)",65,65,0,32,"5⭐ - Os cartuchos de tinta originais são excelentes, mas, não descobri o motivo pelo qual os cartuchos de... (Likes: 11)","5⭐ - Os cartuchos de tinta originais são excelentes, mas, não descobri o motivo pelo qual os cartuchos de... (Data: )",,,,,,,nao_realizada,0,0,1876523821.0,5.0,excelente,,,0.0,True,False,review_individual
MLB36751629,Cartucho de tinta preta HP Advantage 664 de 2 ml,https://www.mercadolivre.com.br/cartucho-de-tinta-preta-hp-advantage-664-de-2-ml/p/MLB36751629#polycard_client=search-nordic&search_layout=grid&position=4&type=product&tracking_id=5cf0ad7f-50f7-44c6-8a2a-a66579bb354c&wid=MLB4198173329&sid=search,"R$ 65,73",R$ 78,,Eshop,,,,4.94,0,94,6,0,0,0,False,0,0,100,0,0,N/A,Novo,,,True,,,https://http2.mlstatic.com/D_Q_NP_2X_859652-MLA93093237434_092025-E.webp,,,,,2025-09-29T13:05:44.242740,False,nao_realizada,0,"[1] 5⭐ - excelente: Os cartuchos de tinta originais são excelentes, mas, não descobri o motivo pelo qual os cartuchos de tinta originais para impressora são tão caros. O valor de dois cartuchos compram uma impressora nov... (Data: , Likes: 11) | [2] 5⭐ - excelente: Cartuchos de excelente qualidade. (Data: , Likes: 4) | [3] 5⭐ - excelente: Produto original. (Data: , Likes: 4) | [4] 5⭐ - excelente: O produto é bom mas não foi compatível com a minha impressora. (Data: , Likes: 4) | [5] 5⭐ - excelente: Por enquanto satisfeita com os cartuchos, minha impressora aceitou na hora e apareceu cheio, espero que dure bem, acredito que o preço é um pouco salgado, poderia ser mais em conta, mas se for oferece... (Data: , Likes: 3) | [6] 5⭐ - excelente: Durou menos do que eu esperava mas funciona pra o que eu preciso 😃. (Data: , Likes: 2) | [7] 5⭐ - excelente: Ótimo!. (Data: , Likes: 2) | [8] 5⭐ - excelente: Gosto desse produto. Já comprei várias vezes. (Data: , Likes: 1) | [9] 5⭐ - excelente: Produto original e rende muito bem. (Data: , Likes: 1) | [10] 5⭐ - excelente: E um produto que uso sempre. (Data: , Likes: 1)",65,65,0,32,"5⭐ - Os cartuchos de tinta originais são excelentes, mas, não descobri o motivo pelo qual os cartuchos de... (Likes: 11)","5⭐ - Os cartuchos de tinta originais são excelentes, mas, não descobri o motivo pelo qual os cartuchos de... (Data: )",,,,,,,nao_realizada,0,0,1610907284.0,5.0,excelente,Muito bom. Com certeza vou comprar mais.,,0.0,True,True,review_individual
MLB36751629,Cartucho de tinta preta HP Advantage 664 de 2 ml,https://www.mercadolivre.com.br/cartucho-de-tinta-preta-hp-advantage-664-de-2-ml/p/MLB36751629#polycard_client=search-nordic&search_layout=grid&position=4&type=product&tracking_id=5cf0ad7f-50f7-44c6-8a2a-a66579bb354c&wid=MLB4198173329&sid=search,"R$ 65,73",R$ 78,,Eshop,,,,4.94,0,94,6,0,0,0,False,0,0,100,0,0,N/A,Novo,,,True,,,https://http2.mlstatic.com/D_Q_NP_2X_859652-MLA93093237434_092025-E.webp,,,,,2025-09-29T13:05:44.242740,False,nao_realizada,0,"[1] 5⭐ - excelente: Os cartuchos de tinta originais são excelentes, mas, não descobri o motivo pelo qual os cartuchos de tinta originais para impressora são tão caros. O valor de dois cartuchos compram uma impressora nov... (Data: , Likes: 11) | [2] 5⭐ - excelente: Cartuchos de excelente qualidade. (Data: , Likes: 4) | [3] 5⭐ - excelente: Produto original. (Data: , Likes: 4) | [4] 5⭐ - excelente: O produto é bom mas não foi compatível com a minha impressora. (Data: , Likes: 4) | [5] 5⭐ - excelente: Por enquanto satisfeita com os cartuchos, minha impressora aceitou na hora e apareceu cheio, espero que dure bem, acredito que o preço é um pouco salgado, poderia ser mais em conta, mas se for oferece... (Data: , Likes: 3) | [6] 5⭐ - excelente: Durou menos do que eu esperava mas funciona pra o que eu preciso 😃. (Data: , Likes: 2) | [7] 5⭐ - excelente: Ótimo!. (Data: , Likes: 2) | [8] 5⭐ - excelente: Gosto desse produto. Já comprei várias vezes. (Data: , Likes: 1) | [9] 5⭐ - excelente: Produto original e rende muito bem. (Data: , Likes: 1) | [10] 5⭐ - excelente: E um produto que uso sempre. (Data: , Likes: 1)",65,65,0,32,"5⭐ - Os cartuchos de tinta originais são excelentes, mas, não descobri o motivo pelo qual os cartuchos de... (Likes: 11)","5⭐ - Os cartuchos de tinta originais são excelentes, mas, não descobri o motivo pelo qual os cartuchos de... (Data: )",,,,,,,nao_realizada,0,0,1452680415.0,4.0,muito bom,,,0.0,True,False,review_individual
MLB36751629,Cartucho de tinta preta HP Advantage 664 de 2 ml,https://www.mercadolivre.com.br/cartucho-de-tinta-preta-hp-advantage-664-de-2-ml/p/MLB36751629#polycard_client=search-nordic&search_layout=grid&position=4&type=product&tracking_id=5cf0ad7f-50f7-44c6-8a2a-a66579bb354c&wid=MLB4198173329&sid=search,"R$ 65,73",R$ 78,,Eshop,,,,4.94,0,94,6,0,0,0,False,0,0,100,0,0,N/A,Novo,,,True,,,https://http2.mlstatic.com/D_Q_NP_2X_859652-MLA93093237434_092025-E.webp,,,,,2025-09-29T13:05:44.242740,False,nao_realizada,0,"[1] 5⭐ - excelente: Os cartuchos de tinta originais são excelentes, mas, não descobri o motivo pelo qual os cartuchos de tinta originais para impressora são tão caros. O valor de dois cartuchos compram uma impressora nov... (Data: , Likes: 11) | [2] 5⭐ - excelente: Cartuchos de excelente qualidade. (Data: , Likes: 4) | [3] 5⭐ - excelente: Produto original. (Data: , Likes: 4) | [4] 5⭐ - excelente: O produto é bom mas não foi compatível com a minha impressora. (Data: , Likes: 4) | [5] 5⭐ - excelente: Por enquanto satisfeita com os cartuchos, minha impressora aceitou na hora e apareceu cheio, espero que dure bem, acredito que o preço é um pouco salgado, poderia ser mais em conta, mas se for oferece... (Data: , Likes: 3) | [6] 5⭐ - excelente: Durou menos do que eu esperava mas funciona pra o que eu preciso 😃. (Data: , Likes: 2) | [7] 5⭐ - excelente: Ótimo!. (Data: , Likes: 2) | [8] 5⭐ - excelente: Gosto desse produto. Já comprei várias vezes. (Data: , Likes: 1) | [9] 5⭐ - excelente: Produto original e rende muito bem. (Data: , Likes: 1) | [10] 5⭐ - excelente: E um produto que uso sempre. (Data: , Likes: 1)",65,65,0,32,"5⭐ - Os cartuchos de tinta originais são excelentes, mas, não descobri o motivo pelo qual os cartuchos de... (Likes: 11)","5⭐ - Os cartuchos de tinta originais são excelentes, mas, não descobri o motivo pelo qual os cartuchos de... (Data: )",,,,,,,nao_realizada,0,0,1338929125.0,5.0,excelente,,,0.0,True,False,review_individual
MLB36751629,Cartucho de tinta preta HP Advantage 664 de 2 ml,https://www.mercadolivre.com.br/cartucho-de-tinta-preta-hp-advantage-664-de-2-ml/p/MLB36751629#polycard_client=search-nordic&search_layout=grid&position=4&type=product&tracking_id=5cf0ad7f-50f7-44c6-8a2a-a66579bb354c&wid=MLB4198173329&sid=search,"R$ 65,73",R$ 78,,Eshop,,,,4.94,0,94,6,0,0,0,False,0,0,100,0,0,N/A,Novo,,,True,,,https://http2.mlstatic.com/D_Q_NP_2X_859652-MLA93093237434_092025-E.webp,,,,,2025-09-29T13:05:44.242740,False,nao_realizada,0,"[1] 5⭐ - excelente: Os cartuchos de tinta originais são excelentes, mas, não descobri o motivo pelo qual os cartuchos de tinta originais para impressora são tão caros. O valor de dois cartuchos compram uma impressora nov... (Data: , Likes: 11) | [2] 5⭐ - excelente: Cartuchos de excelente qualidade. (Data: , Likes: 4) | [3] 5⭐ - excelente: Produto original. (Data: , Likes: 4) | [4] 5⭐ - excelente: O produto é bom mas não foi compatível com a minha impressora. (Data: , Likes: 4) | [5] 5⭐ - excelente: Por enquanto satisfeita com os cartuchos, minha impressora aceitou na hora e apareceu cheio, espero que dure bem, acredito que o preço é um pouco salgado, poderia ser mais em conta, mas se for oferece... (Data: , Likes: 3) | [6] 5⭐ - excelente: Durou menos do que eu esperava mas funciona pra o que eu preciso 😃. (Data: , Likes: 2) | [7] 5⭐ - excelente: Ótimo!. (Data: , Likes: 2) | [8] 5⭐ - excelente: Gosto desse produto. Já comprei várias vezes. (Data: , Likes: 1) | [9] 5⭐ - excelente: Produto original e rende muito bem. (Data: , Likes: 1) | [10] 5⭐ - excelente: E um produto que uso sempre. (Data: , Likes: 1)",65,65,0,32,"5⭐ - Os cartuchos de tinta originais são excelentes, mas, não descobri o motivo pelo qual os cartuchos de... (Likes: 11)","5⭐ - Os cartuchos de tinta originais são excelentes, mas, não descobri o motivo pelo qual os cartuchos de... (Data: )",,,,,,,nao_realizada,0,0,2370927972.0,5.0,excelente,O produto funciona muito bem. Perfeito ótimo para comprar!.,,0.0,True,True,review_individual
MLB36751629,Cartucho de tinta preta HP Advantage 664 de 2 ml,https://www.mercadolivre.com.br/cartucho-de-tinta-preta-hp-advantage-664-de-2-ml/p/MLB36751629#polycard_client=search-nordic&search_layout=grid&position=4&type=product&tracking_id=5cf0ad7f-50f7-44c6-8a2a-a66579bb354c&wid=MLB4198173329&sid=search,"R$ 65,73",R$ 78,,Eshop,,,,4.94,0,94,6,0,0,0,False,0,0,100,0,0,N/A,Novo,,,True,,,https://http2.mlstatic.com/D_Q_NP_2X_859652-MLA93093237434_092025-E.webp,,,,,2025-09-29T13:05:44.242740,False,nao_realizada,0,"[1] 5⭐ - excelente: Os cartuchos de tinta originais são excelentes, mas, não descobri o motivo pelo qual os cartuchos de tinta originais para impressora são tão caros. O valor de dois cartuchos compram uma impressora nov... (Data: , Likes: 11) | [2] 5⭐ - excelente: Cartuchos de excelente qualidade. (Data: , Likes: 4) | [3] 5⭐ - excelente: Produto original. (Data: , Likes: 4) | [4] 5⭐ - excelente: O produto é bom mas não foi compatível com a minha impressora. (Data: , Likes: 4) | [5] 5⭐ - excelente: Por enquanto satisfeita com os cartuchos, minha impressora aceitou na hora e apareceu cheio, espero que dure bem, acredito que o preço é um pouco salgado, poderia ser mais em conta, mas se for oferece... (Data: , Likes: 3) | [6] 5⭐ - excelente: Durou menos do que eu esperava mas funciona pra o que eu preciso 😃. (Data: , Likes: 2) | [7] 5⭐ - excelente: Ótimo!. (Data: , Likes: 2) | [8] 5⭐ - excelente: Gosto desse produto. Já comprei várias vezes. (Data: , Likes: 1) | [9] 5⭐ - excelente: Produto original e rende muito bem. (Data: , Likes: 1) | [10] 5⭐ - excelente: E um produto que uso sempre. (Data: , Likes: 1)",65,65,0,32,"5⭐ - Os cartuchos de tinta originais são excelentes, mas, não descobri o motivo pelo qual os cartuchos de... (Likes: 11)","5⭐ - Os cartuchos de tinta originais são excelentes, mas, não descobri o motivo pelo qual os cartuchos de... (Data: )",,,,,,,nao_realizada,0,0,2364627811.0,5.0,excelente,Bom mas consumos rapido.,,0.0,True,True,review_individual
MLB36751629,Cartucho de tinta preta HP Advantage 664 de 2 ml,https://www.mercadolivre.com.br/cartucho-de-tinta-preta-hp-advantage-664-de-2-ml/p/MLB36751629#polycard_client=search-nordic&search_layout=grid&position=4&type=product&tracking_id=5cf0ad7f-50f7-44c6-8a2a-a66579bb354c&wid=MLB4198173329&sid=search,"R$ 65,73",R$ 78,,Eshop,,,,4.94,0,94,6,0,0,0,False,0,0,100,0,0,N/A,Novo,,,True,,,https://http2.mlstatic.com/D_Q_NP_2X_859652-MLA93093237434_092025-E.webp,,,,,2025-09-29T13:05:44.242740,False,nao_realizada,0,"[1] 5⭐ - excelente: Os cartuchos de tinta originais são excelentes, mas, não descobri o motivo pelo qual os cartuchos de tinta originais para impressora são tão caros. O valor de dois cartuchos compram uma impressora nov... (Data: , Likes: 11) | [2] 5⭐ - excelente: Cartuchos de excelente qualidade. (Data: , Likes: 4) | [3] 5⭐ - excelente: Produto original. (Data: , Likes: 4) | [4] 5⭐ - excelente: O produto é bom mas não foi compatível com a minha impressora. (Data: , Likes: 4) | [5] 5⭐ - excelente: Por enquanto satisfeita com os cartuchos, minha impressora aceitou na hora e apareceu cheio, espero que dure bem, acredito que o preço é um pouco salgado, poderia ser mais em conta, mas se for oferece... (Data: , Likes: 3) | [6] 5⭐ - excelente: Durou menos do que eu esperava mas funciona pra o que eu preciso 😃. (Data: , Likes: 2) | [7] 5⭐ - excelente: Ótimo!. (Data: , Likes: 2) | [8] 5⭐ - excelente: Gosto desse produto. Já comprei várias vezes. (Data: , Likes: 1) | [9] 5⭐ - excelente: Produto original e rende muito bem. (Data: , Likes: 1) | [10] 5⭐ - excelente: E um produto que uso sempre. (Data: , Likes: 1)",65,65,0,32,"5⭐ - Os cartuchos de tinta originais são excelentes, mas, não descobri o motivo pelo qual os cartuchos de... (Likes: 11)","5⭐ - Os cartuchos de tinta originais são excelentes, mas, não descobri o motivo pelo qual os cartuchos de... (Data: )",,,,,,,nao_realizada,0,0,2364530621.0,5.0,excelente,,,0.0,True,False,review_individual
MLB36751629,Cartucho de tinta preta HP Advantage 664 de 2 ml,https://www.mercadolivre.com.br/cartucho-de-tinta-preta-hp-advantage-664-de-2-ml/p/MLB36751629#polycard_client=search-nordic&search_layout=grid&position=4&type=product&tracking_id=5cf0ad7f-50f7-44c6-8a2a-a66579bb354c&wid=MLB4198173329&sid=search,"R$ 65,73",R$ 78,,Eshop,,,,4.94,0,94,6,0,0,0,False,0,0,100,0,0,N/A,Novo,,,True,,,https://http2.mlstatic.com/D_Q_NP_2X_859652-MLA93093237434_092025-E.webp,,,,,2025-09-29T13:05:44.242740,False,nao_realizada,0,"[1] 5⭐ - excelente: Os cartuchos de tinta originais são excelentes, mas, não descobri o motivo pelo qual os cartuchos de tinta originais para impressora são tão caros. O valor de dois cartuchos compram uma impressora nov... (Data: , Likes: 11) | [2] 5⭐ - excelente: Cartuchos de excelente qualidade. (Data: , Likes: 4) | [3] 5⭐ - excelente: Produto original. (Data: , Likes: 4) | [4] 5⭐ - excelente: O produto é bom mas não foi compatível com a minha impressora. (Data: , Likes: 4) | [5] 5⭐ - excelente: Por enquanto satisfeita com os cartuchos, minha impressora aceitou na hora e apareceu cheio, espero que dure bem, acredito que o preço é um pouco salgado, poderia ser mais em conta, mas se for oferece... (Data: , Likes: 3) | [6] 5⭐ - excelente: Durou menos do que eu esperava mas funciona pra o que eu preciso 😃. (Data: , Likes: 2) | [7] 5⭐ - excelente: Ótimo!. (Data: , Likes: 2) | [8] 5⭐ - excelente: Gosto desse produto. Já comprei várias vezes. (Data: , Likes: 1) | [9] 5⭐ - excelente: Produto original e rende muito bem. (Data: , Likes: 1) | [10] 5⭐ - excelente: E um produto que uso sempre. (Data: , Likes: 1)",65,65,0,32,"5⭐ - Os cartuchos de tinta originais são excelentes, mas, não descobri o motivo pelo qual os cartuchos de... (Likes: 11)","5⭐ - Os cartuchos de tinta originais são excelentes, mas, não descobri o motivo pelo qual os cartuchos de... (Data: )",,,,,,,nao_realizada,0,0,2366441848.0,4.0,muito bom,Produto de qualidade recomendo.,,0.0,True,True,review_individual
MLB36751629,Cartucho de tinta preta HP Advantage 664 de 2 ml,https://www.mercadolivre.com.br/cartucho-de-tinta-preta-hp-advantage-664-de-2-ml/p/MLB36751629#polycard_client=search-nordic&search_layout=grid&position=4&type=product&tracking_id=5cf0ad7f-50f7-44c6-8a2a-a66579bb354c&wid=MLB4198173329&sid=search,"R$ 65,73",R$ 78,,Eshop,,,,4.94,0,94,6,0,0,0,False,0,0,100,0,0,N/A,Novo,,,True,,,https://http2.mlstatic.com/D_Q_NP_2X_859652-MLA93093237434_092025-E.webp,,,,,2025-09-29T13:05:44.242740,False,nao_realizada,0,"[1] 5⭐ - excelente: Os cartuchos de tinta originais são excelentes, mas, não descobri o motivo pelo qual os cartuchos de tinta originais para impressora são tão caros. O valor de dois cartuchos compram uma impressora nov... (Data: , Likes: 11) | [2] 5⭐ - excelente: Cartuchos de excelente qualidade. (Data: , Likes: 4) | [3] 5⭐ - excelente: Produto original. (Data: , Likes: 4) | [4] 5⭐ - excelente: O produto é bom mas não foi compatível com a minha impressora. (Data: , Likes: 4) | [5] 5⭐ - excelente: Por enquanto satisfeita com os cartuchos, minha impressora aceitou na hora e apareceu cheio, espero que dure bem, acredito que o preço é um pouco salgado, poderia ser mais em conta, mas se for oferece... (Data: , Likes: 3) | [6] 5⭐ - excelente: Durou menos do que eu esperava mas funciona pra o que eu preciso 😃. (Data: , Likes: 2) | [7] 5⭐ - excelente: Ótimo!. (Data: , Likes: 2) | [8] 5⭐ - excelente: Gosto desse produto. Já comprei várias vezes. (Data: , Likes: 1) | [9] 5⭐ - excelente: Produto original e rende muito bem. (Data: , Likes: 1) | [10] 5⭐ - excelente: E um produto que uso sempre. (Data: , Likes: 1)",65,65,0,32,"5⭐ - Os cartuchos de tinta originais são excelentes, mas, não descobri o motivo pelo qual os cartuchos de... (Likes: 11)","5⭐ - Os cartuchos de tinta originais são excelentes, mas, não descobri o motivo pelo qual os cartuchos de... (Data: )",,,,,,,nao_realizada,0,0,2365230376.0,5.0,excelente,"Ótimo, deu certinho na minha impressora.",,0.0,True,True,review_individual
MLB36751629,Cartucho de tinta preta HP Advantage 664 de 2 ml,https://www.mercadolivre.com.br/cartucho-de-tinta-preta-hp-advantage-664-de-2-ml/p/MLB36751629#polycard_client=search-nordic&search_layout=grid&position=4&type=product&tracking_id=5cf0ad7f-50f7-44c6-8a2a-a66579bb354c&wid=MLB4198173329&sid=search,"R$ 65,73",R$ 78,,Eshop,,,,4.94,0,94,6,0,0,0,False,0,0,100,0,0,N/A,Novo,,,True,,,https://http2.mlstatic.com/D_Q_NP_2X_859652-MLA93093237434_092025-E.webp,,,,,2025-09-29T13:05:44.242740,False,nao_realizada,0,"[1] 5⭐ - excelente: Os cartuchos de tinta originais são excelentes, mas, não descobri o motivo pelo qual os cartuchos de tinta originais para impressora são tão caros. O valor de dois cartuchos compram uma impressora nov... (Data: , Likes: 11) | [2] 5⭐ - excelente: Cartuchos de excelente qualidade. (Data: , Likes: 4) | [3] 5⭐ - excelente: Produto original. (Data: , Likes: 4) | [4] 5⭐ - excelente: O produto é bom mas não foi compatível com a minha impressora. (Data: , Likes: 4) | [5] 5⭐ - excelente: Por enquanto satisfeita com os cartuchos, minha impressora aceitou na hora e apareceu cheio, espero que dure bem, acredito que o preço é um pouco salgado, poderia ser mais em conta, mas se for oferece... (Data: , Likes: 3) | [6] 5⭐ - excelente: Durou menos do que eu esperava mas funciona pra o que eu preciso 😃. (Data: , Likes: 2) | [7] 5⭐ - excelente: Ótimo!. (Data: , Likes: 2) | [8] 5⭐ - excelente: Gosto desse produto. Já comprei várias vezes. (Data: , Likes: 1) | [9] 5⭐ - excelente: Produto original e rende muito bem. (Data: , Likes: 1) | [10] 5⭐ - excelente: E um produto que uso sempre. (Data: , Likes: 1)",65,65,0,32,"5⭐ - Os cartuchos de tinta originais são excelentes, mas, não descobri o motivo pelo qual os cartuchos de... (Likes: 11)","5⭐ - Os cartuchos de tinta originais são excelentes, mas, não descobri o motivo pelo qual os cartuchos de... (Data: )",,,,,,,nao_realizada,0,0,2335874067.0,5.0,excelente,Ótimo atende perfeitamente.,,0.0,True,True,review_individual
MLB36751629,Cartucho de tinta preta HP Advantage 664 de 2 ml,https://www.mercadolivre.com.br/cartucho-de-tinta-preta-hp-advantage-664-de-2-ml/p/MLB36751629#polycard_client=search-nordic&search_layout=grid&position=4&type=product&tracking_id=5cf0ad7f-50f7-44c6-8a2a-a66579bb354c&wid=MLB4198173329&sid=search,"R$ 65,73",R$ 78,,Eshop,,,,4.94,0,94,6,0,0,0,False,0,0,100,0,0,N/A,Novo,,,True,,,https://http2.mlstatic.com/D_Q_NP_2X_859652-MLA93093237434_092025-E.webp,,,,,2025-09-29T13:05:44.242740,False,nao_realizada,0,"[1] 5⭐ - excelente: Os cartuchos de tinta originais são excelentes, mas, não descobri o motivo pelo qual os cartuchos de tinta originais para impressora são tão caros. O valor de dois cartuchos compram uma impressora nov... (Data: , Likes: 11) | [2] 5⭐ - excelente: Cartuchos de excelente qualidade. (Data: , Likes: 4) | [3] 5⭐ - excelente: Produto original. (Data: , Likes: 4) | [4] 5⭐ - excelente: O produto é bom mas não foi compatível com a minha impressora. (Data: , Likes: 4) | [5] 5⭐ - excelente: Por enquanto satisfeita com os cartuchos, minha impressora aceitou na hora e apareceu cheio, espero que dure bem, acredito que o preço é um pouco salgado, poderia ser mais em conta, mas se for oferece... (Data: , Likes: 3) | [6] 5⭐ - excelente: Durou menos do que eu esperava mas funciona pra o que eu preciso 😃. (Data: , Likes: 2) | [7] 5⭐ - excelente: Ótimo!. (Data: , Likes: 2) | [8] 5⭐ - excelente: Gosto desse produto. Já comprei várias vezes. (Data: , Likes: 1) | [9] 5⭐ - excelente: Produto original e rende muito bem. (Data: , Likes: 1) | [10] 5⭐ - excelente: E um produto que uso sempre. (Data: , Likes: 1)",65,65,0,32,"5⭐ - Os cartuchos de tinta originais são excelentes, mas, não descobri o motivo pelo qual os cartuchos de... (Likes: 11)","5⭐ - Os cartuchos de tinta originais são excelentes, mas, não descobri o motivo pelo qual os cartuchos de... (Data: )",,,,,,,nao_realizada,0,0,2333558091.0,5.0,excelente,Produto excelente.,,0.0,True,True,review_individual
MLB36751629,Cartucho de tinta preta HP Advantage 664 de 2 ml,https://www.mercadolivre.com.br/cartucho-de-tinta-preta-hp-advantage-664-de-2-ml/p/MLB36751629#polycard_client=search-nordic&search_layout=grid&position=4&type=product&tracking_id=5cf0ad7f-50f7-44c6-8a2a-a66579bb354c&wid=MLB4198173329&sid=search,"R$ 65,73",R$ 78,,Eshop,,,,4.94,0,94,6,0,0,0,False,0,0,100,0,0,N/A,Novo,,,True,,,https://http2.mlstatic.com/D_Q_NP_2X_859652-MLA93093237434_092025-E.webp,,,,,2025-09-29T13:05:44.242740,False,nao_realizada,0,"[1] 5⭐ - excelente: Os cartuchos de tinta originais são excelentes, mas, não descobri o motivo pelo qual os cartuchos de tinta originais para impressora são tão caros. O valor de dois cartuchos compram uma impressora nov... (Data: , Likes: 11) | [2] 5⭐ - excelente: Cartuchos de excelente qualidade. (Data: , Likes: 4) | [3] 5⭐ - excelente: Produto original. (Data: , Likes: 4) | [4] 5⭐ - excelente: O produto é bom mas não foi compatível com a minha impressora. (Data: , Likes: 4) | [5] 5⭐ - excelente: Por enquanto satisfeita com os cartuchos, minha impressora aceitou na hora e apareceu cheio, espero que dure bem, acredito que o preço é um pouco salgado, poderia ser mais em conta, mas se for oferece... (Data: , Likes: 3) | [6] 5⭐ - excelente: Durou menos do que eu esperava mas funciona pra o que eu preciso 😃. (Data: , Likes: 2) | [7] 5⭐ - excelente: Ótimo!. (Data: , Likes: 2) | [8] 5⭐ - excelente: Gosto desse produto. Já comprei várias vezes. (Data: , Likes: 1) | [9] 5⭐ - excelente: Produto original e rende muito bem. (Data: , Likes: 1) | [10] 5⭐ - excelente: E um produto que uso sempre. (Data: , Likes: 1)",65,65,0,32,"5⭐ - Os cartuchos de tinta originais são excelentes, mas, não descobri o motivo pelo qual os cartuchos de... (Likes: 11)","5⭐ - Os cartuchos de tinta originais são excelentes, mas, não descobri o motivo pelo qual os cartuchos de... (Data: )",,,,,,,nao_realizada,0,0,2338864354.0,5.0,excelente,,,0.0,True,False,review_individual
MLB36751629,Cartucho de tinta preta HP Advantage 664 de 2 ml,https://www.mercadolivre.com.br/cartucho-de-tinta-preta-hp-advantage-664-de-2-ml/p/MLB36751629#polycard_client=search-nordic&search_layout=grid&position=4&type=product&tracking_id=5cf0ad7f-50f7-44c6-8a2a-a66579bb354c&wid=MLB4198173329&sid=search,"R$ 65,73",R$ 78,,Eshop,,,,4.94,0,94,6,0,0,0,False,0,0,100,0,0,N/A,Novo,,,True,,,https://http2.mlstatic.com/D_Q_NP_2X_859652-MLA93093237434_092025-E.webp,,,,,2025-09-29T13:05:44.242740,False,nao_realizada,0,"[1] 5⭐ - excelente: Os cartuchos de tinta originais são excelentes, mas, não descobri o motivo pelo qual os cartuchos de tinta originais para impressora são tão caros. O valor de dois cartuchos compram uma impressora nov... (Data: , Likes: 11) | [2] 5⭐ - excelente: Cartuchos de excelente qualidade. (Data: , Likes: 4) | [3] 5⭐ - excelente: Produto original. (Data: , Likes: 4) | [4] 5⭐ - excelente: O produto é bom mas não foi compatível com a minha impressora. (Data: , Likes: 4) | [5] 5⭐ - excelente: Por enquanto satisfeita com os cartuchos, minha impressora aceitou na hora e apareceu cheio, espero que dure bem, acredito que o preço é um pouco salgado, poderia ser mais em conta, mas se for oferece... (Data: , Likes: 3) | [6] 5⭐ - excelente: Durou menos do que eu esperava mas funciona pra o que eu preciso 😃. (Data: , Likes: 2) | [7] 5⭐ - excelente: Ótimo!. (Data: , Likes: 2) | [8] 5⭐ - excelente: Gosto desse produto. Já comprei várias vezes. (Data: , Likes: 1) | [9] 5⭐ - excelente: Produto original e rende muito bem. (Data: , Likes: 1) | [10] 5⭐ - excelente: E um produto que uso sempre. (Data: , Likes: 1)",65,65,0,32,"5⭐ - Os cartuchos de tinta originais são excelentes, mas, não descobri o motivo pelo qual os cartuchos de... (Likes: 11)","5⭐ - Os cartuchos de tinta originais são excelentes, mas, não descobri o motivo pelo qual os cartuchos de... (Data: )",,,,,,,nao_realizada,0,0,2331881363.0,5.0,excelente,,,0.0,True,False,review_individual
MLB36751629,Cartucho de tinta preta HP Advantage 664 de 2 ml,https://www.mercadolivre.com.br/cartucho-de-tinta-preta-hp-advantage-664-de-2-ml/p/MLB36751629#polycard_client=search-nordic&search_layout=grid&position=4&type=product&tracking_id=5cf0ad7f-50f7-44c6-8a2a-a66579bb354c&wid=MLB4198173329&sid=search,"R$ 65,73",R$ 78,,Eshop,,,,4.94,0,94,6,0,0,0,False,0,0,100,0,0,N/A,Novo,,,True,,,https://http2.mlstatic.com/D_Q_NP_2X_859652-MLA93093237434_092025-E.webp,,,,,2025-09-29T13:05:44.242740,False,nao_realizada,0,"[1] 5⭐ - excelente: Os cartuchos de tinta originais são excelentes, mas, não descobri o motivo pelo qual os cartuchos de tinta originais para impressora são tão caros. O valor de dois cartuchos compram uma impressora nov... (Data: , Likes: 11) | [2] 5⭐ - excelente: Cartuchos de excelente qualidade. (Data: , Likes: 4) | [3] 5⭐ - excelente: Produto original. (Data: , Likes: 4) | [4] 5⭐ - excelente: O produto é bom mas não foi compatível com a minha impressora. (Data: , Likes: 4) | [5] 5⭐ - excelente: Por enquanto satisfeita com os cartuchos, minha impressora aceitou na hora e apareceu cheio, espero que dure bem, acredito que o preço é um pouco salgado, poderia ser mais em conta, mas se for oferece... (Data: , Likes: 3) | [6] 5⭐ - excelente: Durou menos do que eu esperava mas funciona pra o que eu preciso 😃. (Data: , Likes: 2) | [7] 5⭐ - excelente: Ótimo!. (Data: , Likes: 2) | [8] 5⭐ - excelente: Gosto desse produto. Já comprei várias vezes. (Data: , Likes: 1) | [9] 5⭐ - excelente: Produto original e rende muito bem. (Data: , Likes: 1) | [10] 5⭐ - excelente: E um produto que uso sempre. (Data: , Likes: 1)",65,65,0,32,"5⭐ - Os cartuchos de tinta originais são excelentes, mas, não descobri o motivo pelo qual os cartuchos de... (Likes: 11)","5⭐ - Os cartuchos de tinta originais são excelentes, mas, não descobri o motivo pelo qual os cartuchos de... (Data: )",,,,,,,nao_realizada,0,0,2337442316.0,5.0,excelente,Boa qualidade.,,0.0,True,True,review_individual
MLB36751629,Cartucho de tinta preta HP Advantage 664 de 2 ml,https://www.mercadolivre.com.br/cartucho-de-tinta-preta-hp-advantage-664-de-2-ml/p/MLB36751629#polycard_client=search-nordic&search_layout=grid&position=4&type=product&tracking_id=5cf0ad7f-50f7-44c6-8a2a-a66579bb354c&wid=MLB4198173329&sid=search,"R$ 65,73",R$ 78,,Eshop,,,,4.94,0,94,6,0,0,0,False,0,0,100,0,0,N/A,Novo,,,True,,,https://http2.mlstatic.com/D_Q_NP_2X_859652-MLA93093237434_092025-E.webp,,,,,2025-09-29T13:05:44.242740,False,nao_realizada,0,"[1] 5⭐ - excelente: Os cartuchos de tinta originais são excelentes, mas, não descobri o motivo pelo qual os cartuchos de tinta originais para impressora são tão caros. O valor de dois cartuchos compram uma impressora nov... (Data: , Likes: 11) | [2] 5⭐ - excelente: Cartuchos de excelente qualidade. (Data: , Likes: 4) | [3] 5⭐ - excelente: Produto original. (Data: , Likes: 4) | [4] 5⭐ - excelente: O produto é bom mas não foi compatível com a minha impressora. (Data: , Likes: 4) | [5] 5⭐ - excelente: Por enquanto satisfeita com os cartuchos, minha impressora aceitou na hora e apareceu cheio, espero que dure bem, acredito que o preço é um pouco salgado, poderia ser mais em conta, mas se for oferece... (Data: , Likes: 3) | [6] 5⭐ - excelente: Durou menos do que eu esperava mas funciona pra o que eu preciso 😃. (Data: , Likes: 2) | [7] 5⭐ - excelente: Ótimo!. (Data: , Likes: 2) | [8] 5⭐ - excelente: Gosto desse produto. Já comprei várias vezes. (Data: , Likes: 1) | [9] 5⭐ - excelente: Produto original e rende muito bem. (Data: , Likes: 1) | [10] 5⭐ - excelente: E um produto que uso sempre. (Data: , Likes: 1)",65,65,0,32,"5⭐ - Os cartuchos de tinta originais são excelentes, mas, não descobri o motivo pelo qual os cartuchos de... (Likes: 11)","5⭐ - Os cartuchos de tinta originais são excelentes, mas, não descobri o motivo pelo qual os cartuchos de... (Data: )",,,,,,,nao_realizada,0,0,2323758141.0,5.0,excelente,"Ótimo cartucho, original, impressora reconhece-o na hora.",,0.0,True,True,review_individual
MLB36751629,Cartucho de tinta preta HP Advantage 664 de 2 ml,https://www.mercadolivre.com.br/cartucho-de-tinta-preta-hp-advantage-664-de-2-ml/p/MLB36751629#polycard_client=search-nordic&search_layout=grid&position=4&type=product&tracking_id=5cf0ad7f-50f7-44c6-8a2a-a66579bb354c&wid=MLB4198173329&sid=search,"R$ 65,73",R$ 78,,Eshop,,,,4.94,0,94,6,0,0,0,False,0,0,100,0,0,N/A,Novo,,,True,,,https://http2.mlstatic.com/D_Q_NP_2X_859652-MLA93093237434_092025-E.webp,,,,,2025-09-29T13:05:44.242740,False,nao_realizada,0,"[1] 5⭐ - excelente: Os cartuchos de tinta originais são excelentes, mas, não descobri o motivo pelo qual os cartuchos de tinta originais para impressora são tão caros. O valor de dois cartuchos compram uma impressora nov... (Data: , Likes: 11) | [2] 5⭐ - excelente: Cartuchos de excelente qualidade. (Data: , Likes: 4) | [3] 5⭐ - excelente: Produto original. (Data: , Likes: 4) | [4] 5⭐ - excelente: O produto é bom mas não foi compatível com a minha impressora. (Data: , Likes: 4) | [5] 5⭐ - excelente: Por enquanto satisfeita com os cartuchos, minha impressora aceitou na hora e apareceu cheio, espero que dure bem, acredito que o preço é um pouco salgado, poderia ser mais em conta, mas se for oferece... (Data: , Likes: 3) | [6] 5⭐ - excelente: Durou menos do que eu esperava mas funciona pra o que eu preciso 😃. (Data: , Likes: 2) | [7] 5⭐ - excelente: Ótimo!. (Data: , Likes: 2) | [8] 5⭐ - excelente: Gosto desse produto. Já comprei várias vezes. (Data: , Likes: 1) | [9] 5⭐ - excelente: Produto original e rende muito bem. (Data: , Likes: 1) | [10] 5⭐ - excelente: E um produto que uso sempre. (Data: , Likes: 1)",65,65,0,32,"5⭐ - Os cartuchos de tinta originais são excelentes, mas, não descobri o motivo pelo qual os cartuchos de... (Likes: 11)","5⭐ - Os cartuchos de tinta originais são excelentes, mas, não descobri o motivo pelo qual os cartuchos de... (Data: )",,,,,,,nao_realizada,0,0,2301801149.0,5.0,excelente,Ótimo produto.,,0.0,True,True,review_individual
MLB36751629,Cartucho de tinta preta HP Advantage 664 de 2 ml,https://www.mercadolivre.com.br/cartucho-de-tinta-preta-hp-advantage-664-de-2-ml/p/MLB36751629#polycard_client=search-nordic&search_layout=grid&position=4&type=product&tracking_id=5cf0ad7f-50f7-44c6-8a2a-a66579bb354c&wid=MLB4198173329&sid=search,"R$ 65,73",R$ 78,,Eshop,,,,4.94,0,94,6,0,0,0,False,0,0,100,0,0,N/A,Novo,,,True,,,https://http2.mlstatic.com/D_Q_NP_2X_859652-MLA93093237434_092025-E.webp,,,,,2025-09-29T13:05:44.242740,False,nao_realizada,0,"[1] 5⭐ - excelente: Os cartuchos de tinta originais são excelentes, mas, não descobri o motivo pelo qual os cartuchos de tinta originais para impressora são tão caros. O valor de dois cartuchos compram uma impressora nov... (Data: , Likes: 11) | [2] 5⭐ - excelente: Cartuchos de excelente qualidade. (Data: , Likes: 4) | [3] 5⭐ - excelente: Produto original. (Data: , Likes: 4) | [4] 5⭐ - excelente: O produto é bom mas não foi compatível com a minha impressora. (Data: , Likes: 4) | [5] 5⭐ - excelente: Por enquanto satisfeita com os cartuchos, minha impressora aceitou na hora e apareceu cheio, espero que dure bem, acredito que o preço é um pouco salgado, poderia ser mais em conta, mas se for oferece... (Data: , Likes: 3) | [6] 5⭐ - excelente: Durou menos do que eu esperava mas funciona pra o que eu preciso 😃. (Data: , Likes: 2) | [7] 5⭐ - excelente: Ótimo!. (Data: , Likes: 2) | [8] 5⭐ - excelente: Gosto desse produto. Já comprei várias vezes. (Data: , Likes: 1) | [9] 5⭐ - excelente: Produto original e rende muito bem. (Data: , Likes: 1) | [10] 5⭐ - excelente: E um produto que uso sempre. (Data: , Likes: 1)",65,65,0,32,"5⭐ - Os cartuchos de tinta originais são excelentes, mas, não descobri o motivo pelo qual os cartuchos de... (Likes: 11)","5⭐ - Os cartuchos de tinta originais são excelentes, mas, não descobri o motivo pelo qual os cartuchos de... (Data: )",,,,,,,nao_realizada,0,0,2301786627.0,5.0,excelente,,,0.0,True,False,review_individual
MLB36751629,Cartucho de tinta preta HP Advantage 664 de 2 ml,https://www.mercadolivre.com.br/cartucho-de-tinta-preta-hp-advantage-664-de-2-ml/p/MLB36751629#polycard_client=search-nordic&search_layout=grid&position=4&type=product&tracking_id=5cf0ad7f-50f7-44c6-8a2a-a66579bb354c&wid=MLB4198173329&sid=search,"R$ 65,73",R$ 78,,Eshop,,,,4.94,0,94,6,0,0,0,False,0,0,100,0,0,N/A,Novo,,,True,,,https://http2.mlstatic.com/D_Q_NP_2X_859652-MLA93093237434_092025-E.webp,,,,,2025-09-29T13:05:44.242740,False,nao_realizada,0,"[1] 5⭐ - excelente: Os cartuchos de tinta originais são excelentes, mas, não descobri o motivo pelo qual os cartuchos de tinta originais para impressora são tão caros. O valor de dois cartuchos compram uma impressora nov... (Data: , Likes: 11) | [2] 5⭐ - excelente: Cartuchos de excelente qualidade. (Data: , Likes: 4) | [3] 5⭐ - excelente: Produto original. (Data: , Likes: 4) | [4] 5⭐ - excelente: O produto é bom mas não foi compatível com a minha impressora. (Data: , Likes: 4) | [5] 5⭐ - excelente: Por enquanto satisfeita com os cartuchos, minha impressora aceitou na hora e apareceu cheio, espero que dure bem, acredito que o preço é um pouco salgado, poderia ser mais em conta, mas se for oferece... (Data: , Likes: 3) | [6] 5⭐ - excelente: Durou menos do que eu esperava mas funciona pra o que eu preciso 😃. (Data: , Likes: 2) | [7] 5⭐ - excelente: Ótimo!. (Data: , Likes: 2) | [8] 5⭐ - excelente: Gosto desse produto. Já comprei várias vezes. (Data: , Likes: 1) | [9] 5⭐ - excelente: Produto original e rende muito bem. (Data: , Likes: 1) | [10] 5⭐ - excelente: E um produto que uso sempre. (Data: , Likes: 1)",65,65,0,32,"5⭐ - Os cartuchos de tinta originais são excelentes, mas, não descobri o motivo pelo qual os cartuchos de... (Likes: 11)","5⭐ - Os cartuchos de tinta originais são excelentes, mas, não descobri o motivo pelo qual os cartuchos de... (Data: )",,,,,,,nao_realizada,0,0,2285514405.0,5.0,excelente,Instalado e funcionando.,,0.0,True,True,review_individual
MLB36751629,Cartucho de tinta preta HP Advantage 664 de 2 ml,https://www.mercadolivre.com.br/cartucho-de-tinta-preta-hp-advantage-664-de-2-ml/p/MLB36751629#polycard_client=search-nordic&search_layout=grid&position=4&type=product&tracking_id=5cf0ad7f-50f7-44c6-8a2a-a66579bb354c&wid=MLB4198173329&sid=search,"R$ 65,73",R$ 78,,Eshop,,,,4.94,0,94,6,0,0,0,False,0,0,100,0,0,N/A,Novo,,,True,,,https://http2.mlstatic.com/D_Q_NP_2X_859652-MLA93093237434_092025-E.webp,,,,,2025-09-29T13:05:44.242740,False,nao_realizada,0,"[1] 5⭐ - excelente: Os cartuchos de tinta originais são excelentes, mas, não descobri o motivo pelo qual os cartuchos de tinta originais para impressora são tão caros. O valor de dois cartuchos compram uma impressora nov... (Data: , Likes: 11) | [2] 5⭐ - excelente: Cartuchos de excelente qualidade. (Data: , Likes: 4) | [3] 5⭐ - excelente: Produto original. (Data: , Likes: 4) | [4] 5⭐ - excelente: O produto é bom mas não foi compatível com a minha impressora. (Data: , Likes: 4) | [5] 5⭐ - excelente: Por enquanto satisfeita com os cartuchos, minha impressora aceitou na hora e apareceu cheio, espero que dure bem, acredito que o preço é um pouco salgado, poderia ser mais em conta, mas se for oferece... (Data: , Likes: 3) | [6] 5⭐ - excelente: Durou menos do que eu esperava mas funciona pra o que eu preciso 😃. (Data: , Likes: 2) | [7] 5⭐ - excelente: Ótimo!. (Data: , Likes: 2) | [8] 5⭐ - excelente: Gosto desse produto. Já comprei várias vezes. (Data: , Likes: 1) | [9] 5⭐ - excelente: Produto original e rende muito bem. (Data: , Likes: 1) | [10] 5⭐ - excelente: E um produto que uso sempre. (Data: , Likes: 1)",65,65,0,32,"5⭐ - Os cartuchos de tinta originais são excelentes, mas, não descobri o motivo pelo qual os cartuchos de... (Likes: 11)","5⭐ - Os cartuchos de tinta originais são excelentes, mas, não descobri o motivo pelo qual os cartuchos de... (Data: )",,,,,,,nao_realizada,0,0,2278659471.0,5.0,excelente,Bom.,,0.0,True,True,review_individual
MLB36751629,Cartucho de tinta preta HP Advantage 664 de 2 ml,https://www.mercadolivre.com.br/cartucho-de-tinta-preta-hp-advantage-664-de-2-ml/p/MLB36751629#polycard_client=search-nordic&search_layout=grid&position=4&type=product&tracking_id=5cf0ad7f-50f7-44c6-8a2a-a66579bb354c&wid=MLB4198173329&sid=search,"R$ 65,73",R$ 78,,Eshop,,,,4.94,0,94,6,0,0,0,False,0,0,100,0,0,N/A,Novo,,,True,,,https://http2.mlstatic.com/D_Q_NP_2X_859652-MLA93093237434_092025-E.webp,,,,,2025-09-29T13:05:44.242740,False,nao_realizada,0,"[1] 5⭐ - excelente: Os cartuchos de tinta originais são excelentes, mas, não descobri o motivo pelo qual os cartuchos de tinta originais para impressora são tão caros. O valor de dois cartuchos compram uma impressora nov... (Data: , Likes: 11) | [2] 5⭐ - excelente: Cartuchos de excelente qualidade. (Data: , Likes: 4) | [3] 5⭐ - excelente: Produto original. (Data: , Likes: 4) | [4] 5⭐ - excelente: O produto é bom mas não foi compatível com a minha impressora. (Data: , Likes: 4) | [5] 5⭐ - excelente: Por enquanto satisfeita com os cartuchos, minha impressora aceitou na hora e apareceu cheio, espero que dure bem, acredito que o preço é um pouco salgado, poderia ser mais em conta, mas se for oferece... (Data: , Likes: 3) | [6] 5⭐ - excelente: Durou menos do que eu esperava mas funciona pra o que eu preciso 😃. (Data: , Likes: 2) | [7] 5⭐ - excelente: Ótimo!. (Data: , Likes: 2) | [8] 5⭐ - excelente: Gosto desse produto. Já comprei várias vezes. (Data: , Likes: 1) | [9] 5⭐ - excelente: Produto original e rende muito bem. (Data: , Likes: 1) | [10] 5⭐ - excelente: E um produto que uso sempre. (Data: , Likes: 1)",65,65,0,32,"5⭐ - Os cartuchos de tinta originais são excelentes, mas, não descobri o motivo pelo qual os cartuchos de... (Likes: 11)","5⭐ - Os cartuchos de tinta originais são excelentes, mas, não descobri o motivo pelo qual os cartuchos de... (Data: )",,,,,,,nao_realizada,0,0,2246286085.0,5.0,excelente,,,0.0,True,False,review_individual
MLB36751629,Cartucho de tinta preta HP Advantage 664 de 2 ml,https://www.mercadolivre.com.br/cartucho-de-tinta-preta-hp-advantage-664-de-2-ml/p/MLB36751629#polycard_client=search-nordic&search_layout=grid&position=4&type=product&tracking_id=5cf0ad7f-50f7-44c6-8a2a-a66579bb354c&wid=MLB4198173329&sid=search,"R$ 65,73",R$ 78,,Eshop,,,,4.94,0,94,6,0,0,0,False,0,0,100,0,0,N/A,Novo,,,True,,,https://http2.mlstatic.com/D_Q_NP_2X_859652-MLA93093237434_092025-E.webp,,,,,2025-09-29T13:05:44.242740,False,nao_realizada,0,"[1] 5⭐ - excelente: Os cartuchos de tinta originais são excelentes, mas, não descobri o motivo pelo qual os cartuchos de tinta originais para impressora são tão caros. O valor de dois cartuchos compram uma impressora nov... (Data: , Likes: 11) | [2] 5⭐ - excelente: Cartuchos de excelente qualidade. (Data: , Likes: 4) | [3] 5⭐ - excelente: Produto original. (Data: , Likes: 4) | [4] 5⭐ - excelente: O produto é bom mas não foi compatível com a minha impressora. (Data: , Likes: 4) | [5] 5⭐ - excelente: Por enquanto satisfeita com os cartuchos, minha impressora aceitou na hora e apareceu cheio, espero que dure bem, acredito que o preço é um pouco salgado, poderia ser mais em conta, mas se for oferece... (Data: , Likes: 3) | [6] 5⭐ - excelente: Durou menos do que eu esperava mas funciona pra o que eu preciso 😃. (Data: , Likes: 2) | [7] 5⭐ - excelente: Ótimo!. (Data: , Likes: 2) | [8] 5⭐ - excelente: Gosto desse produto. Já comprei várias vezes. (Data: , Likes: 1) | [9] 5⭐ - excelente: Produto original e rende muito bem. (Data: , Likes: 1) | [10] 5⭐ - excelente: E um produto que uso sempre. (Data: , Likes: 1)",65,65,0,32,"5⭐ - Os cartuchos de tinta originais são excelentes, mas, não descobri o motivo pelo qual os cartuchos de... (Likes: 11)","5⭐ - Os cartuchos de tinta originais são excelentes, mas, não descobri o motivo pelo qual os cartuchos de... (Data: )",,,,,,,nao_realizada,0,0,2250684236.0,4.0,muito bom,É bom colorido só duro 1 dia puxa muita tinta pra foto.,,0.0,True,True,review_individual
MLB36751629,Cartucho de tinta preta HP Advantage 664 de 2 ml,https://www.mercadolivre.com.br/cartucho-de-tinta-preta-hp-advantage-664-de-2-ml/p/MLB36751629#polycard_client=search-nordic&search_layout=grid&position=4&type=product&tracking_id=5cf0ad7f-50f7-44c6-8a2a-a66579bb354c&wid=MLB4198173329&sid=search,"R$ 65,73",R$ 78,,Eshop,,,,4.94,0,94,6,0,0,0,False,0,0,100,0,0,N/A,Novo,,,True,,,https://http2.mlstatic.com/D_Q_NP_2X_859652-MLA93093237434_092025-E.webp,,,,,2025-09-29T13:05:44.242740,False,nao_realizada,0,"[1] 5⭐ - excelente: Os cartuchos de tinta originais são excelentes, mas, não descobri o motivo pelo qual os cartuchos de tinta originais para impressora são tão caros. O valor de dois cartuchos compram uma impressora nov... (Data: , Likes: 11) | [2] 5⭐ - excelente: Cartuchos de excelente qualidade. (Data: , Likes: 4) | [3] 5⭐ - excelente: Produto original. (Data: , Likes: 4) | [4] 5⭐ - excelente: O produto é bom mas não foi compatível com a minha impressora. (Data: , Likes: 4) | [5] 5⭐ - excelente: Por enquanto satisfeita com os cartuchos, minha impressora aceitou na hora e apareceu cheio, espero que dure bem, acredito que o preço é um pouco salgado, poderia ser mais em conta, mas se for oferece... (Data: , Likes: 3) | [6] 5⭐ - excelente: Durou menos do que eu esperava mas funciona pra o que eu preciso 😃. (Data: , Likes: 2) | [7] 5⭐ - excelente: Ótimo!. (Data: , Likes: 2) | [8] 5⭐ - excelente: Gosto desse produto. Já comprei várias vezes. (Data: , Likes: 1) | [9] 5⭐ - excelente: Produto original e rende muito bem. (Data: , Likes: 1) | [10] 5⭐ - excelente: E um produto que uso sempre. (Data: , Likes: 1)",65,65,0,32,"5⭐ - Os cartuchos de tinta originais são excelentes, mas, não descobri o motivo pelo qual os cartuchos de... (Likes: 11)","5⭐ - Os cartuchos de tinta originais são excelentes, mas, não descobri o motivo pelo qual os cartuchos de... (Data: )",,,,,,,nao_realizada,0,0,2243976055.0,5.0,excelente,,,0.0,True,False,review_individual
MLB36751629,Cartucho de tinta preta HP Advantage 664 de 2 ml,https://www.mercadolivre.com.br/cartucho-de-tinta-preta-hp-advantage-664-de-2-ml/p/MLB36751629#polycard_client=search-nordic&search_layout=grid&position=4&type=product&tracking_id=5cf0ad7f-50f7-44c6-8a2a-a66579bb354c&wid=MLB4198173329&sid=search,"R$ 65,73",R$ 78,,Eshop,,,,4.94,0,94,6,0,0,0,False,0,0,100,0,0,N/A,Novo,,,True,,,https://http2.mlstatic.com/D_Q_NP_2X_859652-MLA93093237434_092025-E.webp,,,,,2025-09-29T13:05:44.242740,False,nao_realizada,0,"[1] 5⭐ - excelente: Os cartuchos de tinta originais são excelentes, mas, não descobri o motivo pelo qual os cartuchos de tinta originais para impressora são tão caros. O valor de dois cartuchos compram uma impressora nov... (Data: , Likes: 11) | [2] 5⭐ - excelente: Cartuchos de excelente qualidade. (Data: , Likes: 4) | [3] 5⭐ - excelente: Produto original. (Data: , Likes: 4) | [4] 5⭐ - excelente: O produto é bom mas não foi compatível com a minha impressora. (Data: , Likes: 4) | [5] 5⭐ - excelente: Por enquanto satisfeita com os cartuchos, minha impressora aceitou na hora e apareceu cheio, espero que dure bem, acredito que o preço é um pouco salgado, poderia ser mais em conta, mas se for oferece... (Data: , Likes: 3) | [6] 5⭐ - excelente: Durou menos do que eu esperava mas funciona pra o que eu preciso 😃. (Data: , Likes: 2) | [7] 5⭐ - excelente: Ótimo!. (Data: , Likes: 2) | [8] 5⭐ - excelente: Gosto desse produto. Já comprei várias vezes. (Data: , Likes: 1) | [9] 5⭐ - excelente: Produto original e rende muito bem. (Data: , Likes: 1) | [10] 5⭐ - excelente: E um produto que uso sempre. (Data: , Likes: 1)",65,65,0,32,"5⭐ - Os cartuchos de tinta originais são excelentes, mas, não descobri o motivo pelo qual os cartuchos de... (Likes: 11)","5⭐ - Os cartuchos de tinta originais são excelentes, mas, não descobri o motivo pelo qual os cartuchos de... (Data: )",,,,,,,nao_realizada,0,0,2228224149.0,5.0,excelente,,,0.0,True,False,review_individual
MLB36751629,Cartucho de tinta preta HP Advantage 664 de 2 ml,https://www.mercadolivre.com.br/cartucho-de-tinta-preta-hp-advantage-664-de-2-ml/p/MLB36751629#polycard_client=search-nordic&search_layout=grid&position=4&type=product&tracking_id=5cf0ad7f-50f7-44c6-8a2a-a66579bb354c&wid=MLB4198173329&sid=search,"R$ 65,73",R$ 78,,Eshop,,,,4.94,0,94,6,0,0,0,False,0,0,100,0,0,N/A,Novo,,,True,,,https://http2.mlstatic.com/D_Q_NP_2X_859652-MLA93093237434_092025-E.webp,,,,,2025-09-29T13:05:44.242740,False,nao_realizada,0,"[1] 5⭐ - excelente: Os cartuchos de tinta originais são excelentes, mas, não descobri o motivo pelo qual os cartuchos de tinta originais para impressora são tão caros. O valor de dois cartuchos compram uma impressora nov... (Data: , Likes: 11) | [2] 5⭐ - excelente: Cartuchos de excelente qualidade. (Data: , Likes: 4) | [3] 5⭐ - excelente: Produto original. (Data: , Likes: 4) | [4] 5⭐ - excelente: O produto é bom mas não foi compatível com a minha impressora. (Data: , Likes: 4) | [5] 5⭐ - excelente: Por enquanto satisfeita com os cartuchos, minha impressora aceitou na hora e apareceu cheio, espero que dure bem, acredito que o preço é um pouco salgado, poderia ser mais em conta, mas se for oferece... (Data: , Likes: 3) | [6] 5⭐ - excelente: Durou menos do que eu esperava mas funciona pra o que eu preciso 😃. (Data: , Likes: 2) | [7] 5⭐ - excelente: Ótimo!. (Data: , Likes: 2) | [8] 5⭐ - excelente: Gosto desse produto. Já comprei várias vezes. (Data: , Likes: 1) | [9] 5⭐ - excelente: Produto original e rende muito bem. (Data: , Likes: 1) | [10] 5⭐ - excelente: E um produto que uso sempre. (Data: , Likes: 1)",65,65,0,32,"5⭐ - Os cartuchos de tinta originais são excelentes, mas, não descobri o motivo pelo qual os cartuchos de... (Likes: 11)","5⭐ - Os cartuchos de tinta originais são excelentes, mas, não descobri o motivo pelo qual os cartuchos de... (Data: )",,,,,,,nao_realizada,0,0,2210124155.0,5.0,excelente,,,0.0,True,False,review_individual
MLB36751629,Cartucho de tinta preta HP Advantage 664 de 2 ml,https://www.mercadolivre.com.br/cartucho-de-tinta-preta-hp-advantage-664-de-2-ml/p/MLB36751629#polycard_client=search-nordic&search_layout=grid&position=4&type=product&tracking_id=5cf0ad7f-50f7-44c6-8a2a-a66579bb354c&wid=MLB4198173329&sid=search,"R$ 65,73",R$ 78,,Eshop,,,,4.94,0,94,6,0,0,0,False,0,0,100,0,0,N/A,Novo,,,True,,,https://http2.mlstatic.com/D_Q_NP_2X_859652-MLA93093237434_092025-E.webp,,,,,2025-09-29T13:05:44.242740,False,nao_realizada,0,"[1] 5⭐ - excelente: Os cartuchos de tinta originais são excelentes, mas, não descobri o motivo pelo qual os cartuchos de tinta originais para impressora são tão caros. O valor de dois cartuchos compram uma impressora nov... (Data: , Likes: 11) | [2] 5⭐ - excelente: Cartuchos de excelente qualidade. (Data: , Likes: 4) | [3] 5⭐ - excelente: Produto original. (Data: , Likes: 4) | [4] 5⭐ - excelente: O produto é bom mas não foi compatível com a minha impressora. (Data: , Likes: 4) | [5] 5⭐ - excelente: Por enquanto satisfeita com os cartuchos, minha impressora aceitou na hora e apareceu cheio, espero que dure bem, acredito que o preço é um pouco salgado, poderia ser mais em conta, mas se for oferece... (Data: , Likes: 3) | [6] 5⭐ - excelente: Durou menos do que eu esperava mas funciona pra o que eu preciso 😃. (Data: , Likes: 2) | [7] 5⭐ - excelente: Ótimo!. (Data: , Likes: 2) | [8] 5⭐ - excelente: Gosto desse produto. Já comprei várias vezes. (Data: , Likes: 1) | [9] 5⭐ - excelente: Produto original e rende muito bem. (Data: , Likes: 1) | [10] 5⭐ - excelente: E um produto que uso sempre. (Data: , Likes: 1)",65,65,0,32,"5⭐ - Os cartuchos de tinta originais são excelentes, mas, não descobri o motivo pelo qual os cartuchos de... (Likes: 11)","5⭐ - Os cartuchos de tinta originais são excelentes, mas, não descobri o motivo pelo qual os cartuchos de... (Data: )",,,,,,,nao_realizada,0,0,2187652887.0,5.0,excelente,,,0.0,True,False,review_individual
MLB36751629,Cartucho de tinta preta HP Advantage 664 de 2 ml,https://www.mercadolivre.com.br/cartucho-de-tinta-preta-hp-advantage-664-de-2-ml/p/MLB36751629#polycard_client=search-nordic&search_layout=grid&position=4&type=product&tracking_id=5cf0ad7f-50f7-44c6-8a2a-a66579bb354c&wid=MLB4198173329&sid=search,"R$ 65,73",R$ 78,,Eshop,,,,4.94,0,94,6,0,0,0,False,0,0,100,0,0,N/A,Novo,,,True,,,https://http2.mlstatic.com/D_Q_NP_2X_859652-MLA93093237434_092025-E.webp,,,,,2025-09-29T13:05:44.242740,False,nao_realizada,0,"[1] 5⭐ - excelente: Os cartuchos de tinta originais são excelentes, mas, não descobri o motivo pelo qual os cartuchos de tinta originais para impressora são tão caros. O valor de dois cartuchos compram uma impressora nov... (Data: , Likes: 11) | [2] 5⭐ - excelente: Cartuchos de excelente qualidade. (Data: , Likes: 4) | [3] 5⭐ - excelente: Produto original. (Data: , Likes: 4) | [4] 5⭐ - excelente: O produto é bom mas não foi compatível com a minha impressora. (Data: , Likes: 4) | [5] 5⭐ - excelente: Por enquanto satisfeita com os cartuchos, minha impressora aceitou na hora e apareceu cheio, espero que dure bem, acredito que o preço é um pouco salgado, poderia ser mais em conta, mas se for oferece... (Data: , Likes: 3) | [6] 5⭐ - excelente: Durou menos do que eu esperava mas funciona pra o que eu preciso 😃. (Data: , Likes: 2) | [7] 5⭐ - excelente: Ótimo!. (Data: , Likes: 2) | [8] 5⭐ - excelente: Gosto desse produto. Já comprei várias vezes. (Data: , Likes: 1) | [9] 5⭐ - excelente: Produto original e rende muito bem. (Data: , Likes: 1) | [10] 5⭐ - excelente: E um produto que uso sempre. (Data: , Likes: 1)",65,65,0,32,"5⭐ - Os cartuchos de tinta originais são excelentes, mas, não descobri o motivo pelo qual os cartuchos de... (Likes: 11)","5⭐ - Os cartuchos de tinta originais são excelentes, mas, não descobri o motivo pelo qual os cartuchos de... (Data: )",,,,,,,nao_realizada,0,0,2083237859.0,5.0,excelente,Produto original é de fácil instalação. Adorei e comprarei novamente!.,,0.0,True,True,review_individual
MLB36751629,Cartucho de tinta preta HP Advantage 664 de 2 ml,https://www.mercadolivre.com.br/cartucho-de-tinta-preta-hp-advantage-664-de-2-ml/p/MLB36751629#polycard_client=search-nordic&search_layout=grid&position=4&type=product&tracking_id=5cf0ad7f-50f7-44c6-8a2a-a66579bb354c&wid=MLB4198173329&sid=search,"R$ 65,73",R$ 78,,Eshop,,,,4.94,0,94,6,0,0,0,False,0,0,100,0,0,N/A,Novo,,,True,,,https://http2.mlstatic.com/D_Q_NP_2X_859652-MLA93093237434_092025-E.webp,,,,,2025-09-29T13:05:44.242740,False,nao_realizada,0,"[1] 5⭐ - excelente: Os cartuchos de tinta originais são excelentes, mas, não descobri o motivo pelo qual os cartuchos de tinta originais para impressora são tão caros. O valor de dois cartuchos compram uma impressora nov... (Data: , Likes: 11) | [2] 5⭐ - excelente: Cartuchos de excelente qualidade. (Data: , Likes: 4) | [3] 5⭐ - excelente: Produto original. (Data: , Likes: 4) | [4] 5⭐ - excelente: O produto é bom mas não foi compatível com a minha impressora. (Data: , Likes: 4) | [5] 5⭐ - excelente: Por enquanto satisfeita com os cartuchos, minha impressora aceitou na hora e apareceu cheio, espero que dure bem, acredito que o preço é um pouco salgado, poderia ser mais em conta, mas se for oferece... (Data: , Likes: 3) | [6] 5⭐ - excelente: Durou menos do que eu esperava mas funciona pra o que eu preciso 😃. (Data: , Likes: 2) | [7] 5⭐ - excelente: Ótimo!. (Data: , Likes: 2) | [8] 5⭐ - excelente: Gosto desse produto. Já comprei várias vezes. (Data: , Likes: 1) | [9] 5⭐ - excelente: Produto original e rende muito bem. (Data: , Likes: 1) | [10] 5⭐ - excelente: E um produto que uso sempre. (Data: , Likes: 1)",65,65,0,32,"5⭐ - Os cartuchos de tinta originais são excelentes, mas, não descobri o motivo pelo qual os cartuchos de... (Likes: 11)","5⭐ - Os cartuchos de tinta originais são excelentes, mas, não descobri o motivo pelo qual os cartuchos de... (Data: )",,,,,,,nao_realizada,0,0,2045852453.0,5.0,excelente,Produto muito bom.,,0.0,True,True,review_individual
MLB36751629,Cartucho de tinta preta HP Advantage 664 de 2 ml,https://www.mercadolivre.com.br/cartucho-de-tinta-preta-hp-advantage-664-de-2-ml/p/MLB36751629#polycard_client=search-nordic&search_layout=grid&position=4&type=product&tracking_id=5cf0ad7f-50f7-44c6-8a2a-a66579bb354c&wid=MLB4198173329&sid=search,"R$ 65,73",R$ 78,,Eshop,,,,4.94,0,94,6,0,0,0,False,0,0,100,0,0,N/A,Novo,,,True,,,https://http2.mlstatic.com/D_Q_NP_2X_859652-MLA93093237434_092025-E.webp,,,,,2025-09-29T13:05:44.242740,False,nao_realizada,0,"[1] 5⭐ - excelente: Os cartuchos de tinta originais são excelentes, mas, não descobri o motivo pelo qual os cartuchos de tinta originais para impressora são tão caros. O valor de dois cartuchos compram uma impressora nov... (Data: , Likes: 11) | [2] 5⭐ - excelente: Cartuchos de excelente qualidade. (Data: , Likes: 4) | [3] 5⭐ - excelente: Produto original. (Data: , Likes: 4) | [4] 5⭐ - excelente: O produto é bom mas não foi compatível com a minha impressora. (Data: , Likes: 4) | [5] 5⭐ - excelente: Por enquanto satisfeita com os cartuchos, minha impressora aceitou na hora e apareceu cheio, espero que dure bem, acredito que o preço é um pouco salgado, poderia ser mais em conta, mas se for oferece... (Data: , Likes: 3) | [6] 5⭐ - excelente: Durou menos do que eu esperava mas funciona pra o que eu preciso 😃. (Data: , Likes: 2) | [7] 5⭐ - excelente: Ótimo!. (Data: , Likes: 2) | [8] 5⭐ - excelente: Gosto desse produto. Já comprei várias vezes. (Data: , Likes: 1) | [9] 5⭐ - excelente: Produto original e rende muito bem. (Data: , Likes: 1) | [10] 5⭐ - excelente: E um produto que uso sempre. (Data: , Likes: 1)",65,65,0,32,"5⭐ - Os cartuchos de tinta originais são excelentes, mas, não descobri o motivo pelo qual os cartuchos de... (Likes: 11)","5⭐ - Os cartuchos de tinta originais são excelentes, mas, não descobri o motivo pelo qual os cartuchos de... (Data: )",,,,,,,nao_realizada,0,0,2003599829.0,5.0,excelente,,,0.0,True,False,review_individual
MLB36751629,Cartucho de tinta preta HP Advantage 664 de 2 ml,https://www.mercadolivre.com.br/cartucho-de-tinta-preta-hp-advantage-664-de-2-ml/p/MLB36751629#polycard_client=search-nordic&search_layout=grid&position=4&type=product&tracking_id=5cf0ad7f-50f7-44c6-8a2a-a66579bb354c&wid=MLB4198173329&sid=search,"R$ 65,73",R$ 78,,Eshop,,,,4.94,0,94,6,0,0,0,False,0,0,100,0,0,N/A,Novo,,,True,,,https://http2.mlstatic.com/D_Q_NP_2X_859652-MLA93093237434_092025-E.webp,,,,,2025-09-29T13:05:44.242740,False,nao_realizada,0,"[1] 5⭐ - excelente: Os cartuchos de tinta originais são excelentes, mas, não descobri o motivo pelo qual os cartuchos de tinta originais para impressora são tão caros. O valor de dois cartuchos compram uma impressora nov... (Data: , Likes: 11) | [2] 5⭐ - excelente: Cartuchos de excelente qualidade. (Data: , Likes: 4) | [3] 5⭐ - excelente: Produto original. (Data: , Likes: 4) | [4] 5⭐ - excelente: O produto é bom mas não foi compatível com a minha impressora. (Data: , Likes: 4) | [5] 5⭐ - excelente: Por enquanto satisfeita com os cartuchos, minha impressora aceitou na hora e apareceu cheio, espero que dure bem, acredito que o preço é um pouco salgado, poderia ser mais em conta, mas se for oferece... (Data: , Likes: 3) | [6] 5⭐ - excelente: Durou menos do que eu esperava mas funciona pra o que eu preciso 😃. (Data: , Likes: 2) | [7] 5⭐ - excelente: Ótimo!. (Data: , Likes: 2) | [8] 5⭐ - excelente: Gosto desse produto. Já comprei várias vezes. (Data: , Likes: 1) | [9] 5⭐ - excelente: Produto original e rende muito bem. (Data: , Likes: 1) | [10] 5⭐ - excelente: E um produto que uso sempre. (Data: , Likes: 1)",65,65,0,32,"5⭐ - Os cartuchos de tinta originais são excelentes, mas, não descobri o motivo pelo qual os cartuchos de... (Likes: 11)","5⭐ - Os cartuchos de tinta originais são excelentes, mas, não descobri o motivo pelo qual os cartuchos de... (Data: )",,,,,,,nao_realizada,0,0,1969491846.0,5.0,excelente,"Top deu certinho em minha empresssora, ótima.",,0.0,True,True,review_individual
MLB36751629,Cartucho de tinta preta HP Advantage 664 de 2 ml,https://www.mercadolivre.com.br/cartucho-de-tinta-preta-hp-advantage-664-de-2-ml/p/MLB36751629#polycard_client=search-nordic&search_layout=grid&position=4&type=product&tracking_id=5cf0ad7f-50f7-44c6-8a2a-a66579bb354c&wid=MLB4198173329&sid=search,"R$ 65,73",R$ 78,,Eshop,,,,4.94,0,94,6,0,0,0,False,0,0,100,0,0,N/A,Novo,,,True,,,https://http2.mlstatic.com/D_Q_NP_2X_859652-MLA93093237434_092025-E.webp,,,,,2025-09-29T13:05:44.242740,False,nao_realizada,0,"[1] 5⭐ - excelente: Os cartuchos de tinta originais são excelentes, mas, não descobri o motivo pelo qual os cartuchos de tinta originais para impressora são tão caros. O valor de dois cartuchos compram uma impressora nov... (Data: , Likes: 11) | [2] 5⭐ - excelente: Cartuchos de excelente qualidade. (Data: , Likes: 4) | [3] 5⭐ - excelente: Produto original. (Data: , Likes: 4) | [4] 5⭐ - excelente: O produto é bom mas não foi compatível com a minha impressora. (Data: , Likes: 4) | [5] 5⭐ - excelente: Por enquanto satisfeita com os cartuchos, minha impressora aceitou na hora e apareceu cheio, espero que dure bem, acredito que o preço é um pouco salgado, poderia ser mais em conta, mas se for oferece... (Data: , Likes: 3) | [6] 5⭐ - excelente: Durou menos do que eu esperava mas funciona pra o que eu preciso 😃. (Data: , Likes: 2) | [7] 5⭐ - excelente: Ótimo!. (Data: , Likes: 2) | [8] 5⭐ - excelente: Gosto desse produto. Já comprei várias vezes. (Data: , Likes: 1) | [9] 5⭐ - excelente: Produto original e rende muito bem. (Data: , Likes: 1) | [10] 5⭐ - excelente: E um produto que uso sempre. (Data: , Likes: 1)",65,65,0,32,"5⭐ - Os cartuchos de tinta originais são excelentes, mas, não descobri o motivo pelo qual os cartuchos de... (Likes: 11)","5⭐ - Os cartuchos de tinta originais são excelentes, mas, não descobri o motivo pelo qual os cartuchos de... (Data: )",,,,,,,nao_realizada,0,0,1939006598.0,4.0,muito bom,"Viu testar ainda , espero não ter vindo com defeito.",,0.0,True,True,review_individual
MLB36751629,Cartucho de tinta preta HP Advantage 664 de 2 ml,https://www.mercadolivre.com.br/cartucho-de-tinta-preta-hp-advantage-664-de-2-ml/p/MLB36751629#polycard_client=search-nordic&search_layout=grid&position=4&type=product&tracking_id=5cf0ad7f-50f7-44c6-8a2a-a66579bb354c&wid=MLB4198173329&sid=search,"R$ 65,73",R$ 78,,Eshop,,,,4.94,0,94,6,0,0,0,False,0,0,100,0,0,N/A,Novo,,,True,,,https://http2.mlstatic.com/D_Q_NP_2X_859652-MLA93093237434_092025-E.webp,,,,,2025-09-29T13:05:44.242740,False,nao_realizada,0,"[1] 5⭐ - excelente: Os cartuchos de tinta originais são excelentes, mas, não descobri o motivo pelo qual os cartuchos de tinta originais para impressora são tão caros. O valor de dois cartuchos compram uma impressora nov... (Data: , Likes: 11) | [2] 5⭐ - excelente: Cartuchos de excelente qualidade. (Data: , Likes: 4) | [3] 5⭐ - excelente: Produto original. (Data: , Likes: 4) | [4] 5⭐ - excelente: O produto é bom mas não foi compatível com a minha impressora. (Data: , Likes: 4) | [5] 5⭐ - excelente: Por enquanto satisfeita com os cartuchos, minha impressora aceitou na hora e apareceu cheio, espero que dure bem, acredito que o preço é um pouco salgado, poderia ser mais em conta, mas se for oferece... (Data: , Likes: 3) | [6] 5⭐ - excelente: Durou menos do que eu esperava mas funciona pra o que eu preciso 😃. (Data: , Likes: 2) | [7] 5⭐ - excelente: Ótimo!. (Data: , Likes: 2) | [8] 5⭐ - excelente: Gosto desse produto. Já comprei várias vezes. (Data: , Likes: 1) | [9] 5⭐ - excelente: Produto original e rende muito bem. (Data: , Likes: 1) | [10] 5⭐ - excelente: E um produto que uso sempre. (Data: , Likes: 1)",65,65,0,32,"5⭐ - Os cartuchos de tinta originais são excelentes, mas, não descobri o motivo pelo qual os cartuchos de... (Likes: 11)","5⭐ - Os cartuchos de tinta originais são excelentes, mas, não descobri o motivo pelo qual os cartuchos de... (Data: )",,,,,,,nao_realizada,0,0,1931509589.0,5.0,excelente,Tudo certo.,,0.0,True,True,review_individual
MLB36751629,Cartucho de tinta preta HP Advantage 664 de 2 ml,https://www.mercadolivre.com.br/cartucho-de-tinta-preta-hp-advantage-664-de-2-ml/p/MLB36751629#polycard_client=search-nordic&search_layout=grid&position=4&type=product&tracking_id=5cf0ad7f-50f7-44c6-8a2a-a66579bb354c&wid=MLB4198173329&sid=search,"R$ 65,73",R$ 78,,Eshop,,,,4.94,0,94,6,0,0,0,False,0,0,100,0,0,N/A,Novo,,,True,,,https://http2.mlstatic.com/D_Q_NP_2X_859652-MLA93093237434_092025-E.webp,,,,,2025-09-29T13:05:44.242740,False,nao_realizada,0,"[1] 5⭐ - excelente: Os cartuchos de tinta originais são excelentes, mas, não descobri o motivo pelo qual os cartuchos de tinta originais para impressora são tão caros. O valor de dois cartuchos compram uma impressora nov... (Data: , Likes: 11) | [2] 5⭐ - excelente: Cartuchos de excelente qualidade. (Data: , Likes: 4) | [3] 5⭐ - excelente: Produto original. (Data: , Likes: 4) | [4] 5⭐ - excelente: O produto é bom mas não foi compatível com a minha impressora. (Data: , Likes: 4) | [5] 5⭐ - excelente: Por enquanto satisfeita com os cartuchos, minha impressora aceitou na hora e apareceu cheio, espero que dure bem, acredito que o preço é um pouco salgado, poderia ser mais em conta, mas se for oferece... (Data: , Likes: 3) | [6] 5⭐ - excelente: Durou menos do que eu esperava mas funciona pra o que eu preciso 😃. (Data: , Likes: 2) | [7] 5⭐ - excelente: Ótimo!. (Data: , Likes: 2) | [8] 5⭐ - excelente: Gosto desse produto. Já comprei várias vezes. (Data: , Likes: 1) | [9] 5⭐ - excelente: Produto original e rende muito bem. (Data: , Likes: 1) | [10] 5⭐ - excelente: E um produto que uso sempre. (Data: , Likes: 1)",65,65,0,32,"5⭐ - Os cartuchos de tinta originais são excelentes, mas, não descobri o motivo pelo qual os cartuchos de... (Likes: 11)","5⭐ - Os cartuchos de tinta originais são excelentes, mas, não descobri o motivo pelo qual os cartuchos de... (Data: )",,,,,,,nao_realizada,0,0,1883104327.0,5.0,excelente,,,0.0,True,False,review_individual
MLB36751629,Cartucho de tinta preta HP Advantage 664 de 2 ml,https://www.mercadolivre.com.br/cartucho-de-tinta-preta-hp-advantage-664-de-2-ml/p/MLB36751629#polycard_client=search-nordic&search_layout=grid&position=4&type=product&tracking_id=5cf0ad7f-50f7-44c6-8a2a-a66579bb354c&wid=MLB4198173329&sid=search,"R$ 65,73",R$ 78,,Eshop,,,,4.94,0,94,6,0,0,0,False,0,0,100,0,0,N/A,Novo,,,True,,,https://http2.mlstatic.com/D_Q_NP_2X_859652-MLA93093237434_092025-E.webp,,,,,2025-09-29T13:05:44.242740,False,nao_realizada,0,"[1] 5⭐ - excelente: Os cartuchos de tinta originais são excelentes, mas, não descobri o motivo pelo qual os cartuchos de tinta originais para impressora são tão caros. O valor de dois cartuchos compram uma impressora nov... (Data: , Likes: 11) | [2] 5⭐ - excelente: Cartuchos de excelente qualidade. (Data: , Likes: 4) | [3] 5⭐ - excelente: Produto original. (Data: , Likes: 4) | [4] 5⭐ - excelente: O produto é bom mas não foi compatível com a minha impressora. (Data: , Likes: 4) | [5] 5⭐ - excelente: Por enquanto satisfeita com os cartuchos, minha impressora aceitou na hora e apareceu cheio, espero que dure bem, acredito que o preço é um pouco salgado, poderia ser mais em conta, mas se for oferece... (Data: , Likes: 3) | [6] 5⭐ - excelente: Durou menos do que eu esperava mas funciona pra o que eu preciso 😃. (Data: , Likes: 2) | [7] 5⭐ - excelente: Ótimo!. (Data: , Likes: 2) | [8] 5⭐ - excelente: Gosto desse produto. Já comprei várias vezes. (Data: , Likes: 1) | [9] 5⭐ - excelente: Produto original e rende muito bem. (Data: , Likes: 1) | [10] 5⭐ - excelente: E um produto que uso sempre. (Data: , Likes: 1)",65,65,0,32,"5⭐ - Os cartuchos de tinta originais são excelentes, mas, não descobri o motivo pelo qual os cartuchos de... (Likes: 11)","5⭐ - Os cartuchos de tinta originais são excelentes, mas, não descobri o motivo pelo qual os cartuchos de... (Data: )",,,,,,,nao_realizada,0,0,1878546097.0,5.0,excelente,Irei fazer o teste e voltarei aki pra diser.,,0.0,True,True,review_individual
MLB36751629,Cartucho de tinta preta HP Advantage 664 de 2 ml,https://www.mercadolivre.com.br/cartucho-de-tinta-preta-hp-advantage-664-de-2-ml/p/MLB36751629#polycard_client=search-nordic&search_layout=grid&position=4&type=product&tracking_id=5cf0ad7f-50f7-44c6-8a2a-a66579bb354c&wid=MLB4198173329&sid=search,"R$ 65,73",R$ 78,,Eshop,,,,4.94,0,94,6,0,0,0,False,0,0,100,0,0,N/A,Novo,,,True,,,https://http2.mlstatic.com/D_Q_NP_2X_859652-MLA93093237434_092025-E.webp,,,,,2025-09-29T13:05:44.242740,False,nao_realizada,0,"[1] 5⭐ - excelente: Os cartuchos de tinta originais são excelentes, mas, não descobri o motivo pelo qual os cartuchos de tinta originais para impressora são tão caros. O valor de dois cartuchos compram uma impressora nov... (Data: , Likes: 11) | [2] 5⭐ - excelente: Cartuchos de excelente qualidade. (Data: , Likes: 4) | [3] 5⭐ - excelente: Produto original. (Data: , Likes: 4) | [4] 5⭐ - excelente: O produto é bom mas não foi compatível com a minha impressora. (Data: , Likes: 4) | [5] 5⭐ - excelente: Por enquanto satisfeita com os cartuchos, minha impressora aceitou na hora e apareceu cheio, espero que dure bem, acredito que o preço é um pouco salgado, poderia ser mais em conta, mas se for oferece... (Data: , Likes: 3) | [6] 5⭐ - excelente: Durou menos do que eu esperava mas funciona pra o que eu preciso 😃. (Data: , Likes: 2) | [7] 5⭐ - excelente: Ótimo!. (Data: , Likes: 2) | [8] 5⭐ - excelente: Gosto desse produto. Já comprei várias vezes. (Data: , Likes: 1) | [9] 5⭐ - excelente: Produto original e rende muito bem. (Data: , Likes: 1) | [10] 5⭐ - excelente: E um produto que uso sempre. (Data: , Likes: 1)",65,65,0,32,"5⭐ - Os cartuchos de tinta originais são excelentes, mas, não descobri o motivo pelo qual os cartuchos de... (Likes: 11)","5⭐ - Os cartuchos de tinta originais são excelentes, mas, não descobri o motivo pelo qual os cartuchos de... (Data: )",,,,,,,nao_realizada,0,0,1877433268.0,5.0,excelente,,,0.0,True,False,review_individual
MLB36751629,Cartucho de tinta preta HP Advantage 664 de 2 ml,https://www.mercadolivre.com.br/cartucho-de-tinta-preta-hp-advantage-664-de-2-ml/p/MLB36751629#polycard_client=search-nordic&search_layout=grid&position=4&type=product&tracking_id=5cf0ad7f-50f7-44c6-8a2a-a66579bb354c&wid=MLB4198173329&sid=search,"R$ 65,73",R$ 78,,Eshop,,,,4.94,0,94,6,0,0,0,False,0,0,100,0,0,N/A,Novo,,,True,,,https://http2.mlstatic.com/D_Q_NP_2X_859652-MLA93093237434_092025-E.webp,,,,,2025-09-29T13:05:44.242740,False,nao_realizada,0,"[1] 5⭐ - excelente: Os cartuchos de tinta originais são excelentes, mas, não descobri o motivo pelo qual os cartuchos de tinta originais para impressora são tão caros. O valor de dois cartuchos compram uma impressora nov... (Data: , Likes: 11) | [2] 5⭐ - excelente: Cartuchos de excelente qualidade. (Data: , Likes: 4) | [3] 5⭐ - excelente: Produto original. (Data: , Likes: 4) | [4] 5⭐ - excelente: O produto é bom mas não foi compatível com a minha impressora. (Data: , Likes: 4) | [5] 5⭐ - excelente: Por enquanto satisfeita com os cartuchos, minha impressora aceitou na hora e apareceu cheio, espero que dure bem, acredito que o preço é um pouco salgado, poderia ser mais em conta, mas se for oferece... (Data: , Likes: 3) | [6] 5⭐ - excelente: Durou menos do que eu esperava mas funciona pra o que eu preciso 😃. (Data: , Likes: 2) | [7] 5⭐ - excelente: Ótimo!. (Data: , Likes: 2) | [8] 5⭐ - excelente: Gosto desse produto. Já comprei várias vezes. (Data: , Likes: 1) | [9] 5⭐ - excelente: Produto original e rende muito bem. (Data: , Likes: 1) | [10] 5⭐ - excelente: E um produto que uso sempre. (Data: , Likes: 1)",65,65,0,32,"5⭐ - Os cartuchos de tinta originais são excelentes, mas, não descobri o motivo pelo qual os cartuchos de... (Likes: 11)","5⭐ - Os cartuchos de tinta originais são excelentes, mas, não descobri o motivo pelo qual os cartuchos de... (Data: )",,,,,,,nao_realizada,0,0,1855462568.0,5.0,excelente,,,0.0,True,False,review_individual
MLB36751629,Cartucho de tinta preta HP Advantage 664 de 2 ml,https://www.mercadolivre.com.br/cartucho-de-tinta-preta-hp-advantage-664-de-2-ml/p/MLB36751629#polycard_client=search-nordic&search_layout=grid&position=4&type=product&tracking_id=5cf0ad7f-50f7-44c6-8a2a-a66579bb354c&wid=MLB4198173329&sid=search,"R$ 65,73",R$ 78,,Eshop,,,,4.94,0,94,6,0,0,0,False,0,0,100,0,0,N/A,Novo,,,True,,,https://http2.mlstatic.com/D_Q_NP_2X_859652-MLA93093237434_092025-E.webp,,,,,2025-09-29T13:05:44.242740,False,nao_realizada,0,"[1] 5⭐ - excelente: Os cartuchos de tinta originais são excelentes, mas, não descobri o motivo pelo qual os cartuchos de tinta originais para impressora são tão caros. O valor de dois cartuchos compram uma impressora nov... (Data: , Likes: 11) | [2] 5⭐ - excelente: Cartuchos de excelente qualidade. (Data: , Likes: 4) | [3] 5⭐ - excelente: Produto original. (Data: , Likes: 4) | [4] 5⭐ - excelente: O produto é bom mas não foi compatível com a minha impressora. (Data: , Likes: 4) | [5] 5⭐ - excelente: Por enquanto satisfeita com os cartuchos, minha impressora aceitou na hora e apareceu cheio, espero que dure bem, acredito que o preço é um pouco salgado, poderia ser mais em conta, mas se for oferece... (Data: , Likes: 3) | [6] 5⭐ - excelente: Durou menos do que eu esperava mas funciona pra o que eu preciso 😃. (Data: , Likes: 2) | [7] 5⭐ - excelente: Ótimo!. (Data: , Likes: 2) | [8] 5⭐ - excelente: Gosto desse produto. Já comprei várias vezes. (Data: , Likes: 1) | [9] 5⭐ - excelente: Produto original e rende muito bem. (Data: , Likes: 1) | [10] 5⭐ - excelente: E um produto que uso sempre. (Data: , Likes: 1)",65,65,0,32,"5⭐ - Os cartuchos de tinta originais são excelentes, mas, não descobri o motivo pelo qual os cartuchos de... (Likes: 11)","5⭐ - Os cartuchos de tinta originais são excelentes, mas, não descobri o motivo pelo qual os cartuchos de... (Data: )",,,,,,,nao_realizada,0,0,1818437838.0,5.0,excelente,Excelente produto. Testado e aprovado. Obrigado.,,0.0,True,True,review_individual
MLB36751629,Cartucho de tinta preta HP Advantage 664 de 2 ml,https://www.mercadolivre.com.br/cartucho-de-tinta-preta-hp-advantage-664-de-2-ml/p/MLB36751629#polycard_client=search-nordic&search_layout=grid&position=4&type=product&tracking_id=5cf0ad7f-50f7-44c6-8a2a-a66579bb354c&wid=MLB4198173329&sid=search,"R$ 65,73",R$ 78,,Eshop,,,,4.94,0,94,6,0,0,0,False,0,0,100,0,0,N/A,Novo,,,True,,,https://http2.mlstatic.com/D_Q_NP_2X_859652-MLA93093237434_092025-E.webp,,,,,2025-09-29T13:05:44.242740,False,nao_realizada,0,"[1] 5⭐ - excelente: Os cartuchos de tinta originais são excelentes, mas, não descobri o motivo pelo qual os cartuchos de tinta originais para impressora são tão caros. O valor de dois cartuchos compram uma impressora nov... (Data: , Likes: 11) | [2] 5⭐ - excelente: Cartuchos de excelente qualidade. (Data: , Likes: 4) | [3] 5⭐ - excelente: Produto original. (Data: , Likes: 4) | [4] 5⭐ - excelente: O produto é bom mas não foi compatível com a minha impressora. (Data: , Likes: 4) | [5] 5⭐ - excelente: Por enquanto satisfeita com os cartuchos, minha impressora aceitou na hora e apareceu cheio, espero que dure bem, acredito que o preço é um pouco salgado, poderia ser mais em conta, mas se for oferece... (Data: , Likes: 3) | [6] 5⭐ - excelente: Durou menos do que eu esperava mas funciona pra o que eu preciso 😃. (Data: , Likes: 2) | [7] 5⭐ - excelente: Ótimo!. (Data: , Likes: 2) | [8] 5⭐ - excelente: Gosto desse produto. Já comprei várias vezes. (Data: , Likes: 1) | [9] 5⭐ - excelente: Produto original e rende muito bem. (Data: , Likes: 1) | [10] 5⭐ - excelente: E um produto que uso sempre. (Data: , Likes: 1)",65,65,0,32,"5⭐ - Os cartuchos de tinta originais são excelentes, mas, não descobri o motivo pelo qual os cartuchos de... (Likes: 11)","5⭐ - Os cartuchos de tinta originais são excelentes, mas, não descobri o motivo pelo qual os cartuchos de... (Data: )",,,,,,,nao_realizada,0,0,1799655925.0,5.0,excelente,,,0.0,True,False,review_individual
MLB36751629,Cartucho de tinta preta HP Advantage 664 de 2 ml,https://www.mercadolivre.com.br/cartucho-de-tinta-preta-hp-advantage-664-de-2-ml/p/MLB36751629#polycard_client=search-nordic&search_layout=grid&position=4&type=product&tracking_id=5cf0ad7f-50f7-44c6-8a2a-a66579bb354c&wid=MLB4198173329&sid=search,"R$ 65,73",R$ 78,,Eshop,,,,4.94,0,94,6,0,0,0,False,0,0,100,0,0,N/A,Novo,,,True,,,https://http2.mlstatic.com/D_Q_NP_2X_859652-MLA93093237434_092025-E.webp,,,,,2025-09-29T13:05:44.242740,False,nao_realizada,0,"[1] 5⭐ - excelente: Os cartuchos de tinta originais são excelentes, mas, não descobri o motivo pelo qual os cartuchos de tinta originais para impressora são tão caros. O valor de dois cartuchos compram uma impressora nov... (Data: , Likes: 11) | [2] 5⭐ - excelente: Cartuchos de excelente qualidade. (Data: , Likes: 4) | [3] 5⭐ - excelente: Produto original. (Data: , Likes: 4) | [4] 5⭐ - excelente: O produto é bom mas não foi compatível com a minha impressora. (Data: , Likes: 4) | [5] 5⭐ - excelente: Por enquanto satisfeita com os cartuchos, minha impressora aceitou na hora e apareceu cheio, espero que dure bem, acredito que o preço é um pouco salgado, poderia ser mais em conta, mas se for oferece... (Data: , Likes: 3) | [6] 5⭐ - excelente: Durou menos do que eu esperava mas funciona pra o que eu preciso 😃. (Data: , Likes: 2) | [7] 5⭐ - excelente: Ótimo!. (Data: , Likes: 2) | [8] 5⭐ - excelente: Gosto desse produto. Já comprei várias vezes. (Data: , Likes: 1) | [9] 5⭐ - excelente: Produto original e rende muito bem. (Data: , Likes: 1) | [10] 5⭐ - excelente: E um produto que uso sempre. (Data: , Likes: 1)",65,65,0,32,"5⭐ - Os cartuchos de tinta originais são excelentes, mas, não descobri o motivo pelo qual os cartuchos de... (Likes: 11)","5⭐ - Os cartuchos de tinta originais são excelentes, mas, não descobri o motivo pelo qual os cartuchos de... (Data: )",,,,,,,nao_realizada,0,0,1796038458.0,5.0,excelente,,,0.0,True,False,review_individual
MLB36751629,Cartucho de tinta preta HP Advantage 664 de 2 ml,https://www.mercadolivre.com.br/cartucho-de-tinta-preta-hp-advantage-664-de-2-ml/p/MLB36751629#polycard_client=search-nordic&search_layout=grid&position=4&type=product&tracking_id=5cf0ad7f-50f7-44c6-8a2a-a66579bb354c&wid=MLB4198173329&sid=search,"R$ 65,73",R$ 78,,Eshop,,,,4.94,0,94,6,0,0,0,False,0,0,100,0,0,N/A,Novo,,,True,,,https://http2.mlstatic.com/D_Q_NP_2X_859652-MLA93093237434_092025-E.webp,,,,,2025-09-29T13:05:44.242740,False,nao_realizada,0,"[1] 5⭐ - excelente: Os cartuchos de tinta originais são excelentes, mas, não descobri o motivo pelo qual os cartuchos de tinta originais para impressora são tão caros. O valor de dois cartuchos compram uma impressora nov... (Data: , Likes: 11) | [2] 5⭐ - excelente: Cartuchos de excelente qualidade. (Data: , Likes: 4) | [3] 5⭐ - excelente: Produto original. (Data: , Likes: 4) | [4] 5⭐ - excelente: O produto é bom mas não foi compatível com a minha impressora. (Data: , Likes: 4) | [5] 5⭐ - excelente: Por enquanto satisfeita com os cartuchos, minha impressora aceitou na hora e apareceu cheio, espero que dure bem, acredito que o preço é um pouco salgado, poderia ser mais em conta, mas se for oferece... (Data: , Likes: 3) | [6] 5⭐ - excelente: Durou menos do que eu esperava mas funciona pra o que eu preciso 😃. (Data: , Likes: 2) | [7] 5⭐ - excelente: Ótimo!. (Data: , Likes: 2) | [8] 5⭐ - excelente: Gosto desse produto. Já comprei várias vezes. (Data: , Likes: 1) | [9] 5⭐ - excelente: Produto original e rende muito bem. (Data: , Likes: 1) | [10] 5⭐ - excelente: E um produto que uso sempre. (Data: , Likes: 1)",65,65,0,32,"5⭐ - Os cartuchos de tinta originais são excelentes, mas, não descobri o motivo pelo qual os cartuchos de... (Likes: 11)","5⭐ - Os cartuchos de tinta originais são excelentes, mas, não descobri o motivo pelo qual os cartuchos de... (Data: )",,,,,,,nao_realizada,0,0,1783812763.0,5.0,excelente,Muito bom.,,0.0,True,True,review_individual
MLB36751629,Cartucho de tinta preta HP Advantage 664 de 2 ml,https://www.mercadolivre.com.br/cartucho-de-tinta-preta-hp-advantage-664-de-2-ml/p/MLB36751629#polycard_client=search-nordic&search_layout=grid&position=4&type=product&tracking_id=5cf0ad7f-50f7-44c6-8a2a-a66579bb354c&wid=MLB4198173329&sid=search,"R$ 65,73",R$ 78,,Eshop,,,,4.94,0,94,6,0,0,0,False,0,0,100,0,0,N/A,Novo,,,True,,,https://http2.mlstatic.com/D_Q_NP_2X_859652-MLA93093237434_092025-E.webp,,,,,2025-09-29T13:05:44.242740,False,nao_realizada,0,"[1] 5⭐ - excelente: Os cartuchos de tinta originais são excelentes, mas, não descobri o motivo pelo qual os cartuchos de tinta originais para impressora são tão caros. O valor de dois cartuchos compram uma impressora nov... (Data: , Likes: 11) | [2] 5⭐ - excelente: Cartuchos de excelente qualidade. (Data: , Likes: 4) | [3] 5⭐ - excelente: Produto original. (Data: , Likes: 4) | [4] 5⭐ - excelente: O produto é bom mas não foi compatível com a minha impressora. (Data: , Likes: 4) | [5] 5⭐ - excelente: Por enquanto satisfeita com os cartuchos, minha impressora aceitou na hora e apareceu cheio, espero que dure bem, acredito que o preço é um pouco salgado, poderia ser mais em conta, mas se for oferece... (Data: , Likes: 3) | [6] 5⭐ - excelente: Durou menos do que eu esperava mas funciona pra o que eu preciso 😃. (Data: , Likes: 2) | [7] 5⭐ - excelente: Ótimo!. (Data: , Likes: 2) | [8] 5⭐ - excelente: Gosto desse produto. Já comprei várias vezes. (Data: , Likes: 1) | [9] 5⭐ - excelente: Produto original e rende muito bem. (Data: , Likes: 1) | [10] 5⭐ - excelente: E um produto que uso sempre. (Data: , Likes: 1)",65,65,0,32,"5⭐ - Os cartuchos de tinta originais são excelentes, mas, não descobri o motivo pelo qual os cartuchos de... (Likes: 11)","5⭐ - Os cartuchos de tinta originais são excelentes, mas, não descobri o motivo pelo qual os cartuchos de... (Data: )",,,,,,,nao_realizada,0,0,1783458784.0,5.0,excelente,,,0.0,True,False,review_individual
MLB36751629,Cartucho de tinta preta HP Advantage 664 de 2 ml,https://www.mercadolivre.com.br/cartucho-de-tinta-preta-hp-advantage-664-de-2-ml/p/MLB36751629#polycard_client=search-nordic&search_layout=grid&position=4&type=product&tracking_id=5cf0ad7f-50f7-44c6-8a2a-a66579bb354c&wid=MLB4198173329&sid=search,"R$ 65,73",R$ 78,,Eshop,,,,4.94,0,94,6,0,0,0,False,0,0,100,0,0,N/A,Novo,,,True,,,https://http2.mlstatic.com/D_Q_NP_2X_859652-MLA93093237434_092025-E.webp,,,,,2025-09-29T13:05:44.242740,False,nao_realizada,0,"[1] 5⭐ - excelente: Os cartuchos de tinta originais são excelentes, mas, não descobri o motivo pelo qual os cartuchos de tinta originais para impressora são tão caros. O valor de dois cartuchos compram uma impressora nov... (Data: , Likes: 11) | [2] 5⭐ - excelente: Cartuchos de excelente qualidade. (Data: , Likes: 4) | [3] 5⭐ - excelente: Produto original. (Data: , Likes: 4) | [4] 5⭐ - excelente: O produto é bom mas não foi compatível com a minha impressora. (Data: , Likes: 4) | [5] 5⭐ - excelente: Por enquanto satisfeita com os cartuchos, minha impressora aceitou na hora e apareceu cheio, espero que dure bem, acredito que o preço é um pouco salgado, poderia ser mais em conta, mas se for oferece... (Data: , Likes: 3) | [6] 5⭐ - excelente: Durou menos do que eu esperava mas funciona pra o que eu preciso 😃. (Data: , Likes: 2) | [7] 5⭐ - excelente: Ótimo!. (Data: , Likes: 2) | [8] 5⭐ - excelente: Gosto desse produto. Já comprei várias vezes. (Data: , Likes: 1) | [9] 5⭐ - excelente: Produto original e rende muito bem. (Data: , Likes: 1) | [10] 5⭐ - excelente: E um produto que uso sempre. (Data: , Likes: 1)",65,65,0,32,"5⭐ - Os cartuchos de tinta originais são excelentes, mas, não descobri o motivo pelo qual os cartuchos de... (Likes: 11)","5⭐ - Os cartuchos de tinta originais são excelentes, mas, não descobri o motivo pelo qual os cartuchos de... (Data: )",,,,,,,nao_realizada,0,0,1765324403.0,5.0,excelente,"Obrigado, produto muito bom.",,0.0,True,True,review_individual
MLB36751629,Cartucho de tinta preta HP Advantage 664 de 2 ml,https://www.mercadolivre.com.br/cartucho-de-tinta-preta-hp-advantage-664-de-2-ml/p/MLB36751629#polycard_client=search-nordic&search_layout=grid&position=4&type=product&tracking_id=5cf0ad7f-50f7-44c6-8a2a-a66579bb354c&wid=MLB4198173329&sid=search,"R$ 65,73",R$ 78,,Eshop,,,,4.94,0,94,6,0,0,0,False,0,0,100,0,0,N/A,Novo,,,True,,,https://http2.mlstatic.com/D_Q_NP_2X_859652-MLA93093237434_092025-E.webp,,,,,2025-09-29T13:05:44.242740,False,nao_realizada,0,"[1] 5⭐ - excelente: Os cartuchos de tinta originais são excelentes, mas, não descobri o motivo pelo qual os cartuchos de tinta originais para impressora são tão caros. O valor de dois cartuchos compram uma impressora nov... (Data: , Likes: 11) | [2] 5⭐ - excelente: Cartuchos de excelente qualidade. (Data: , Likes: 4) | [3] 5⭐ - excelente: Produto original. (Data: , Likes: 4) | [4] 5⭐ - excelente: O produto é bom mas não foi compatível com a minha impressora. (Data: , Likes: 4) | [5] 5⭐ - excelente: Por enquanto satisfeita com os cartuchos, minha impressora aceitou na hora e apareceu cheio, espero que dure bem, acredito que o preço é um pouco salgado, poderia ser mais em conta, mas se for oferece... (Data: , Likes: 3) | [6] 5⭐ - excelente: Durou menos do que eu esperava mas funciona pra o que eu preciso 😃. (Data: , Likes: 2) | [7] 5⭐ - excelente: Ótimo!. (Data: , Likes: 2) | [8] 5⭐ - excelente: Gosto desse produto. Já comprei várias vezes. (Data: , Likes: 1) | [9] 5⭐ - excelente: Produto original e rende muito bem. (Data: , Likes: 1) | [10] 5⭐ - excelente: E um produto que uso sempre. (Data: , Likes: 1)",65,65,0,32,"5⭐ - Os cartuchos de tinta originais são excelentes, mas, não descobri o motivo pelo qual os cartuchos de... (Likes: 11)","5⭐ - Os cartuchos de tinta originais são excelentes, mas, não descobri o motivo pelo qual os cartuchos de... (Data: )",,,,,,,nao_realizada,0,0,1737726998.0,5.0,excelente,"Veio em ótimos condições, retornarei a comprar!!!.",,0.0,True,True,review_individual
MLB36751629,Cartucho de tinta preta HP Advantage 664 de 2 ml,https://www.mercadolivre.com.br/cartucho-de-tinta-preta-hp-advantage-664-de-2-ml/p/MLB36751629#polycard_client=search-nordic&search_layout=grid&position=4&type=product&tracking_id=5cf0ad7f-50f7-44c6-8a2a-a66579bb354c&wid=MLB4198173329&sid=search,"R$ 65,73",R$ 78,,Eshop,,,,4.94,0,94,6,0,0,0,False,0,0,100,0,0,N/A,Novo,,,True,,,https://http2.mlstatic.com/D_Q_NP_2X_859652-MLA93093237434_092025-E.webp,,,,,2025-09-29T13:05:44.242740,False,nao_realizada,0,"[1] 5⭐ - excelente: Os cartuchos de tinta originais são excelentes, mas, não descobri o motivo pelo qual os cartuchos de tinta originais para impressora são tão caros. O valor de dois cartuchos compram uma impressora nov... (Data: , Likes: 11) | [2] 5⭐ - excelente: Cartuchos de excelente qualidade. (Data: , Likes: 4) | [3] 5⭐ - excelente: Produto original. (Data: , Likes: 4) | [4] 5⭐ - excelente: O produto é bom mas não foi compatível com a minha impressora. (Data: , Likes: 4) | [5] 5⭐ - excelente: Por enquanto satisfeita com os cartuchos, minha impressora aceitou na hora e apareceu cheio, espero que dure bem, acredito que o preço é um pouco salgado, poderia ser mais em conta, mas se for oferece... (Data: , Likes: 3) | [6] 5⭐ - excelente: Durou menos do que eu esperava mas funciona pra o que eu preciso 😃. (Data: , Likes: 2) | [7] 5⭐ - excelente: Ótimo!. (Data: , Likes: 2) | [8] 5⭐ - excelente: Gosto desse produto. Já comprei várias vezes. (Data: , Likes: 1) | [9] 5⭐ - excelente: Produto original e rende muito bem. (Data: , Likes: 1) | [10] 5⭐ - excelente: E um produto que uso sempre. (Data: , Likes: 1)",65,65,0,32,"5⭐ - Os cartuchos de tinta originais são excelentes, mas, não descobri o motivo pelo qual os cartuchos de... (Likes: 11)","5⭐ - Os cartuchos de tinta originais são excelentes, mas, não descobri o motivo pelo qual os cartuchos de... (Data: )",,,,,,,nao_realizada,0,0,1600966571.0,5.0,excelente,,,0.0,True,False,review_individual
MLB36751629,Cartucho de tinta preta HP Advantage 664 de 2 ml,https://www.mercadolivre.com.br/cartucho-de-tinta-preta-hp-advantage-664-de-2-ml/p/MLB36751629#polycard_client=search-nordic&search_layout=grid&position=4&type=product&tracking_id=5cf0ad7f-50f7-44c6-8a2a-a66579bb354c&wid=MLB4198173329&sid=search,"R$ 65,73",R$ 78,,Eshop,,,,4.94,0,94,6,0,0,0,False,0,0,100,0,0,N/A,Novo,,,True,,,https://http2.mlstatic.com/D_Q_NP_2X_859652-MLA93093237434_092025-E.webp,,,,,2025-09-29T13:05:44.242740,False,nao_realizada,0,"[1] 5⭐ - excelente: Os cartuchos de tinta originais são excelentes, mas, não descobri o motivo pelo qual os cartuchos de tinta originais para impressora são tão caros. O valor de dois cartuchos compram uma impressora nov... (Data: , Likes: 11) | [2] 5⭐ - excelente: Cartuchos de excelente qualidade. (Data: , Likes: 4) | [3] 5⭐ - excelente: Produto original. (Data: , Likes: 4) | [4] 5⭐ - excelente: O produto é bom mas não foi compatível com a minha impressora. (Data: , Likes: 4) | [5] 5⭐ - excelente: Por enquanto satisfeita com os cartuchos, minha impressora aceitou na hora e apareceu cheio, espero que dure bem, acredito que o preço é um pouco salgado, poderia ser mais em conta, mas se for oferece... (Data: , Likes: 3) | [6] 5⭐ - excelente: Durou menos do que eu esperava mas funciona pra o que eu preciso 😃. (Data: , Likes: 2) | [7] 5⭐ - excelente: Ótimo!. (Data: , Likes: 2) | [8] 5⭐ - excelente: Gosto desse produto. Já comprei várias vezes. (Data: , Likes: 1) | [9] 5⭐ - excelente: Produto original e rende muito bem. (Data: , Likes: 1) | [10] 5⭐ - excelente: E um produto que uso sempre. (Data: , Likes: 1)",65,65,0,32,"5⭐ - Os cartuchos de tinta originais são excelentes, mas, não descobri o motivo pelo qual os cartuchos de... (Likes: 11)","5⭐ - Os cartuchos de tinta originais são excelentes, mas, não descobri o motivo pelo qual os cartuchos de... (Data: )",,,,,,,nao_realizada,0,0,1419525278.0,5.0,excelente,,,0.0,True,False,review_individual
MLB36751629,Cartucho de tinta preta HP Advantage 664 de 2 ml,https://www.mercadolivre.com.br/cartucho-de-tinta-preta-hp-advantage-664-de-2-ml/p/MLB36751629#polycard_client=search-nordic&search_layout=grid&position=4&type=product&tracking_id=5cf0ad7f-50f7-44c6-8a2a-a66579bb354c&wid=MLB4198173329&sid=search,"R$ 65,73",R$ 78,,Eshop,,,,4.94,0,94,6,0,0,0,False,0,0,100,0,0,N/A,Novo,,,True,,,https://http2.mlstatic.com/D_Q_NP_2X_859652-MLA93093237434_092025-E.webp,,,,,2025-09-29T13:05:44.242740,False,nao_realizada,0,"[1] 5⭐ - excelente: Os cartuchos de tinta originais são excelentes, mas, não descobri o motivo pelo qual os cartuchos de tinta originais para impressora são tão caros. O valor de dois cartuchos compram uma impressora nov... (Data: , Likes: 11) | [2] 5⭐ - excelente: Cartuchos de excelente qualidade. (Data: , Likes: 4) | [3] 5⭐ - excelente: Produto original. (Data: , Likes: 4) | [4] 5⭐ - excelente: O produto é bom mas não foi compatível com a minha impressora. (Data: , Likes: 4) | [5] 5⭐ - excelente: Por enquanto satisfeita com os cartuchos, minha impressora aceitou na hora e apareceu cheio, espero que dure bem, acredito que o preço é um pouco salgado, poderia ser mais em conta, mas se for oferece... (Data: , Likes: 3) | [6] 5⭐ - excelente: Durou menos do que eu esperava mas funciona pra o que eu preciso 😃. (Data: , Likes: 2) | [7] 5⭐ - excelente: Ótimo!. (Data: , Likes: 2) | [8] 5⭐ - excelente: Gosto desse produto. Já comprei várias vezes. (Data: , Likes: 1) | [9] 5⭐ - excelente: Produto original e rende muito bem. (Data: , Likes: 1) | [10] 5⭐ - excelente: E um produto que uso sempre. (Data: , Likes: 1)",65,65,0,32,"5⭐ - Os cartuchos de tinta originais são excelentes, mas, não descobri o motivo pelo qual os cartuchos de... (Likes: 11)","5⭐ - Os cartuchos de tinta originais são excelentes, mas, não descobri o motivo pelo qual os cartuchos de... (Data: )",,,,,,,nao_realizada,0,0,1377940583.0,5.0,excelente,,,0.0,True,False,review_individual
MLB36751629,Cartucho de tinta preta HP Advantage 664 de 2 ml,https://www.mercadolivre.com.br/cartucho-de-tinta-preta-hp-advantage-664-de-2-ml/p/MLB36751629#polycard_client=search-nordic&search_layout=grid&position=4&type=product&tracking_id=5cf0ad7f-50f7-44c6-8a2a-a66579bb354c&wid=MLB4198173329&sid=search,"R$ 65,73",R$ 78,,Eshop,,,,4.94,0,94,6,0,0,0,False,0,0,100,0,0,N/A,Novo,,,True,,,https://http2.mlstatic.com/D_Q_NP_2X_859652-MLA93093237434_092025-E.webp,,,,,2025-09-29T13:05:44.242740,False,nao_realizada,0,"[1] 5⭐ - excelente: Os cartuchos de tinta originais são excelentes, mas, não descobri o motivo pelo qual os cartuchos de tinta originais para impressora são tão caros. O valor de dois cartuchos compram uma impressora nov... (Data: , Likes: 11) | [2] 5⭐ - excelente: Cartuchos de excelente qualidade. (Data: , Likes: 4) | [3] 5⭐ - excelente: Produto original. (Data: , Likes: 4) | [4] 5⭐ - excelente: O produto é bom mas não foi compatível com a minha impressora. (Data: , Likes: 4) | [5] 5⭐ - excelente: Por enquanto satisfeita com os cartuchos, minha impressora aceitou na hora e apareceu cheio, espero que dure bem, acredito que o preço é um pouco salgado, poderia ser mais em conta, mas se for oferece... (Data: , Likes: 3) | [6] 5⭐ - excelente: Durou menos do que eu esperava mas funciona pra o que eu preciso 😃. (Data: , Likes: 2) | [7] 5⭐ - excelente: Ótimo!. (Data: , Likes: 2) | [8] 5⭐ - excelente: Gosto desse produto. Já comprei várias vezes. (Data: , Likes: 1) | [9] 5⭐ - excelente: Produto original e rende muito bem. (Data: , Likes: 1) | [10] 5⭐ - excelente: E um produto que uso sempre. (Data: , Likes: 1)",65,65,0,32,"5⭐ - Os cartuchos de tinta originais são excelentes, mas, não descobri o motivo pelo qual os cartuchos de... (Likes: 11)","5⭐ - Os cartuchos de tinta originais são excelentes, mas, não descobri o motivo pelo qual os cartuchos de... (Data: )",,,,,,,nao_realizada,0,0,1324471047.0,5.0,excelente,,,0.0,True,False,review_individual
MLB36751629,Cartucho de tinta preta HP Advantage 664 de 2 ml,https://www.mercadolivre.com.br/cartucho-de-tinta-preta-hp-advantage-664-de-2-ml/p/MLB36751629#polycard_client=search-nordic&search_layout=grid&position=4&type=product&tracking_id=5cf0ad7f-50f7-44c6-8a2a-a66579bb354c&wid=MLB4198173329&sid=search,"R$ 65,73",R$ 78,,Eshop,,,,4.94,0,94,6,0,0,0,False,0,0,100,0,0,N/A,Novo,,,True,,,https://http2.mlstatic.com/D_Q_NP_2X_859652-MLA93093237434_092025-E.webp,,,,,2025-09-29T13:05:44.242740,False,nao_realizada,0,"[1] 5⭐ - excelente: Os cartuchos de tinta originais são excelentes, mas, não descobri o motivo pelo qual os cartuchos de tinta originais para impressora são tão caros. O valor de dois cartuchos compram uma impressora nov... (Data: , Likes: 11) | [2] 5⭐ - excelente: Cartuchos de excelente qualidade. (Data: , Likes: 4) | [3] 5⭐ - excelente: Produto original. (Data: , Likes: 4) | [4] 5⭐ - excelente: O produto é bom mas não foi compatível com a minha impressora. (Data: , Likes: 4) | [5] 5⭐ - excelente: Por enquanto satisfeita com os cartuchos, minha impressora aceitou na hora e apareceu cheio, espero que dure bem, acredito que o preço é um pouco salgado, poderia ser mais em conta, mas se for oferece... (Data: , Likes: 3) | [6] 5⭐ - excelente: Durou menos do que eu esperava mas funciona pra o que eu preciso 😃. (Data: , Likes: 2) | [7] 5⭐ - excelente: Ótimo!. (Data: , Likes: 2) | [8] 5⭐ - excelente: Gosto desse produto. Já comprei várias vezes. (Data: , Likes: 1) | [9] 5⭐ - excelente: Produto original e rende muito bem. (Data: , Likes: 1) | [10] 5⭐ - excelente: E um produto que uso sempre. (Data: , Likes: 1)",65,65,0,32,"5⭐ - Os cartuchos de tinta originais são excelentes, mas, não descobri o motivo pelo qual os cartuchos de... (Likes: 11)","5⭐ - Os cartuchos de tinta originais são excelentes, mas, não descobri o motivo pelo qual os cartuchos de... (Data: )",,,,,,,nao_realizada,0,0,1312306760.0,5.0,excelente,,,0.0,True,False,review_individual
MLB36751629,Cartucho de tinta preta HP Advantage 664 de 2 ml,https://www.mercadolivre.com.br/cartucho-de-tinta-preta-hp-advantage-664-de-2-ml/p/MLB36751629#polycard_client=search-nordic&search_layout=grid&position=4&type=product&tracking_id=5cf0ad7f-50f7-44c6-8a2a-a66579bb354c&wid=MLB4198173329&sid=search,"R$ 65,73",R$ 78,,Eshop,,,,4.94,0,94,6,0,0,0,False,0,0,100,0,0,N/A,Novo,,,True,,,https://http2.mlstatic.com/D_Q_NP_2X_859652-MLA93093237434_092025-E.webp,,,,,2025-09-29T13:05:44.242740,False,nao_realizada,0,"[1] 5⭐ - excelente: Os cartuchos de tinta originais são excelentes, mas, não descobri o motivo pelo qual os cartuchos de tinta originais para impressora são tão caros. O valor de dois cartuchos compram uma impressora nov... (Data: , Likes: 11) | [2] 5⭐ - excelente: Cartuchos de excelente qualidade. (Data: , Likes: 4) | [3] 5⭐ - excelente: Produto original. (Data: , Likes: 4) | [4] 5⭐ - excelente: O produto é bom mas não foi compatível com a minha impressora. (Data: , Likes: 4) | [5] 5⭐ - excelente: Por enquanto satisfeita com os cartuchos, minha impressora aceitou na hora e apareceu cheio, espero que dure bem, acredito que o preço é um pouco salgado, poderia ser mais em conta, mas se for oferece... (Data: , Likes: 3) | [6] 5⭐ - excelente: Durou menos do que eu esperava mas funciona pra o que eu preciso 😃. (Data: , Likes: 2) | [7] 5⭐ - excelente: Ótimo!. (Data: , Likes: 2) | [8] 5⭐ - excelente: Gosto desse produto. Já comprei várias vezes. (Data: , Likes: 1) | [9] 5⭐ - excelente: Produto original e rende muito bem. (Data: , Likes: 1) | [10] 5⭐ - excelente: E um produto que uso sempre. (Data: , Likes: 1)",65,65,0,32,"5⭐ - Os cartuchos de tinta originais são excelentes, mas, não descobri o motivo pelo qual os cartuchos de... (Likes: 11)","5⭐ - Os cartuchos de tinta originais são excelentes, mas, não descobri o motivo pelo qual os cartuchos de... (Data: )",,,,,,,nao_realizada,0,0,2373046447.0,5.0,excelente,Produto muito bom!.,,0.0,False,True,review_individual
MLB36751629,Cartucho de tinta preta HP Advantage 664 de 2 ml,https://www.mercadolivre.com.br/cartucho-de-tinta-preta-hp-advantage-664-de-2-ml/p/MLB36751629#polycard_client=search-nordic&search_layout=grid&position=4&type=product&tracking_id=5cf0ad7f-50f7-44c6-8a2a-a66579bb354c&wid=MLB4198173329&sid=search,"R$ 65,73",R$ 78,,Eshop,,,,4.94,0,94,6,0,0,0,False,0,0,100,0,0,N/A,Novo,,,True,,,https://http2.mlstatic.com/D_Q_NP_2X_859652-MLA93093237434_092025-E.webp,,,,,2025-09-29T13:05:44.242740,False,nao_realizada,0,"[1] 5⭐ - excelente: Os cartuchos de tinta originais são excelentes, mas, não descobri o motivo pelo qual os cartuchos de tinta originais para impressora são tão caros. O valor de dois cartuchos compram uma impressora nov... (Data: , Likes: 11) | [2] 5⭐ - excelente: Cartuchos de excelente qualidade. (Data: , Likes: 4) | [3] 5⭐ - excelente: Produto original. (Data: , Likes: 4) | [4] 5⭐ - excelente: O produto é bom mas não foi compatível com a minha impressora. (Data: , Likes: 4) | [5] 5⭐ - excelente: Por enquanto satisfeita com os cartuchos, minha impressora aceitou na hora e apareceu cheio, espero que dure bem, acredito que o preço é um pouco salgado, poderia ser mais em conta, mas se for oferece... (Data: , Likes: 3) | [6] 5⭐ - excelente: Durou menos do que eu esperava mas funciona pra o que eu preciso 😃. (Data: , Likes: 2) | [7] 5⭐ - excelente: Ótimo!. (Data: , Likes: 2) | [8] 5⭐ - excelente: Gosto desse produto. Já comprei várias vezes. (Data: , Likes: 1) | [9] 5⭐ - excelente: Produto original e rende muito bem. (Data: , Likes: 1) | [10] 5⭐ - excelente: E um produto que uso sempre. (Data: , Likes: 1)",65,65,0,32,"5⭐ - Os cartuchos de tinta originais são excelentes, mas, não descobri o motivo pelo qual os cartuchos de... (Likes: 11)","5⭐ - Os cartuchos de tinta originais são excelentes, mas, não descobri o motivo pelo qual os cartuchos de... (Data: )",,,,,,,nao_realizada,0,0,2370738877.0,5.0,excelente,Podem comprar sem medo. É confiável.,,0.0,False,True,review_individual
MLB36751629,Cartucho de tinta preta HP Advantage 664 de 2 ml,https://www.mercadolivre.com.br/cartucho-de-tinta-preta-hp-advantage-664-de-2-ml/p/MLB36751629#polycard_client=search-nordic&search_layout=grid&position=4&type=product&tracking_id=5cf0ad7f-50f7-44c6-8a2a-a66579bb354c&wid=MLB4198173329&sid=search,"R$ 65,73",R$ 78,,Eshop,,,,4.94,0,94,6,0,0,0,False,0,0,100,0,0,N/A,Novo,,,True,,,https://http2.mlstatic.com/D_Q_NP_2X_859652-MLA93093237434_092025-E.webp,,,,,2025-09-29T13:05:44.242740,False,nao_realizada,0,"[1] 5⭐ - excelente: Os cartuchos de tinta originais são excelentes, mas, não descobri o motivo pelo qual os cartuchos de tinta originais para impressora são tão caros. O valor de dois cartuchos compram uma impressora nov... (Data: , Likes: 11) | [2] 5⭐ - excelente: Cartuchos de excelente qualidade. (Data: , Likes: 4) | [3] 5⭐ - excelente: Produto original. (Data: , Likes: 4) | [4] 5⭐ - excelente: O produto é bom mas não foi compatível com a minha impressora. (Data: , Likes: 4) | [5] 5⭐ - excelente: Por enquanto satisfeita com os cartuchos, minha impressora aceitou na hora e apareceu cheio, espero que dure bem, acredito que o preço é um pouco salgado, poderia ser mais em conta, mas se for oferece... (Data: , Likes: 3) | [6] 5⭐ - excelente: Durou menos do que eu esperava mas funciona pra o que eu preciso 😃. (Data: , Likes: 2) | [7] 5⭐ - excelente: Ótimo!. (Data: , Likes: 2) | [8] 5⭐ - excelente: Gosto desse produto. Já comprei várias vezes. (Data: , Likes: 1) | [9] 5⭐ - excelente: Produto original e rende muito bem. (Data: , Likes: 1) | [10] 5⭐ - excelente: E um produto que uso sempre. (Data: , Likes: 1)",65,65,0,32,"5⭐ - Os cartuchos de tinta originais são excelentes, mas, não descobri o motivo pelo qual os cartuchos de... (Likes: 11)","5⭐ - Os cartuchos de tinta originais são excelentes, mas, não descobri o motivo pelo qual os cartuchos de... (Data: )",,,,,,,nao_realizada,0,0,2376514148.0,5.0,excelente,Bom.,,0.0,False,True,review_individual
MLB36751629,Cartucho de tinta preta HP Advantage 664 de 2 ml,https://www.mercadolivre.com.br/cartucho-de-tinta-preta-hp-advantage-664-de-2-ml/p/MLB36751629#polycard_client=search-nordic&search_layout=grid&position=4&type=product&tracking_id=5cf0ad7f-50f7-44c6-8a2a-a66579bb354c&wid=MLB4198173329&sid=search,"R$ 65,73",R$ 78,,Eshop,,,,4.94,0,94,6,0,0,0,False,0,0,100,0,0,N/A,Novo,,,True,,,https://http2.mlstatic.com/D_Q_NP_2X_859652-MLA93093237434_092025-E.webp,,,,,2025-09-29T13:05:44.242740,False,nao_realizada,0,"[1] 5⭐ - excelente: Os cartuchos de tinta originais são excelentes, mas, não descobri o motivo pelo qual os cartuchos de tinta originais para impressora são tão caros. O valor de dois cartuchos compram uma impressora nov... (Data: , Likes: 11) | [2] 5⭐ - excelente: Cartuchos de excelente qualidade. (Data: , Likes: 4) | [3] 5⭐ - excelente: Produto original. (Data: , Likes: 4) | [4] 5⭐ - excelente: O produto é bom mas não foi compatível com a minha impressora. (Data: , Likes: 4) | [5] 5⭐ - excelente: Por enquanto satisfeita com os cartuchos, minha impressora aceitou na hora e apareceu cheio, espero que dure bem, acredito que o preço é um pouco salgado, poderia ser mais em conta, mas se for oferece... (Data: , Likes: 3) | [6] 5⭐ - excelente: Durou menos do que eu esperava mas funciona pra o que eu preciso 😃. (Data: , Likes: 2) | [7] 5⭐ - excelente: Ótimo!. (Data: , Likes: 2) | [8] 5⭐ - excelente: Gosto desse produto. Já comprei várias vezes. (Data: , Likes: 1) | [9] 5⭐ - excelente: Produto original e rende muito bem. (Data: , Likes: 1) | [10] 5⭐ - excelente: E um produto que uso sempre. (Data: , Likes: 1)",65,65,0,32,"5⭐ - Os cartuchos de tinta originais são excelentes, mas, não descobri o motivo pelo qual os cartuchos de... (Likes: 11)","5⭐ - Os cartuchos de tinta originais são excelentes, mas, não descobri o motivo pelo qual os cartuchos de... (Data: )",,,,,,,nao_realizada,0,0,2375658888.0,5.0,excelente,Ótimo preço.,,0.0,False,True,review_individual
MLB36751629,Cartucho de tinta preta HP Advantage 664 de 2 ml,https://www.mercadolivre.com.br/cartucho-de-tinta-preta-hp-advantage-664-de-2-ml/p/MLB36751629#polycard_client=search-nordic&search_layout=grid&position=4&type=product&tracking_id=5cf0ad7f-50f7-44c6-8a2a-a66579bb354c&wid=MLB4198173329&sid=search,"R$ 65,73",R$ 78,,Eshop,,,,4.94,0,94,6,0,0,0,False,0,0,100,0,0,N/A,Novo,,,True,,,https://http2.mlstatic.com/D_Q_NP_2X_859652-MLA93093237434_092025-E.webp,,,,,2025-09-29T13:05:44.242740,False,nao_realizada,0,"[1] 5⭐ - excelente: Os cartuchos de tinta originais são excelentes, mas, não descobri o motivo pelo qual os cartuchos de tinta originais para impressora são tão caros. O valor de dois cartuchos compram uma impressora nov... (Data: , Likes: 11) | [2] 5⭐ - excelente: Cartuchos de excelente qualidade. (Data: , Likes: 4) | [3] 5⭐ - excelente: Produto original. (Data: , Likes: 4) | [4] 5⭐ - excelente: O produto é bom mas não foi compatível com a minha impressora. (Data: , Likes: 4) | [5] 5⭐ - excelente: Por enquanto satisfeita com os cartuchos, minha impressora aceitou na hora e apareceu cheio, espero que dure bem, acredito que o preço é um pouco salgado, poderia ser mais em conta, mas se for oferece... (Data: , Likes: 3) | [6] 5⭐ - excelente: Durou menos do que eu esperava mas funciona pra o que eu preciso 😃. (Data: , Likes: 2) | [7] 5⭐ - excelente: Ótimo!. (Data: , Likes: 2) | [8] 5⭐ - excelente: Gosto desse produto. Já comprei várias vezes. (Data: , Likes: 1) | [9] 5⭐ - excelente: Produto original e rende muito bem. (Data: , Likes: 1) | [10] 5⭐ - excelente: E um produto que uso sempre. (Data: , Likes: 1)",65,65,0,32,"5⭐ - Os cartuchos de tinta originais são excelentes, mas, não descobri o motivo pelo qual os cartuchos de... (Likes: 11)","5⭐ - Os cartuchos de tinta originais são excelentes, mas, não descobri o motivo pelo qual os cartuchos de... (Data: )",,,,,,,nao_realizada,0,0,2369152643.0,5.0,excelente,Excelente.,,0.0,False,True,review_individual
MLB36751629,Cartucho de tinta preta HP Advantage 664 de 2 ml,https://www.mercadolivre.com.br/cartucho-de-tinta-preta-hp-advantage-664-de-2-ml/p/MLB36751629#polycard_client=search-nordic&search_layout=grid&position=4&type=product&tracking_id=5cf0ad7f-50f7-44c6-8a2a-a66579bb354c&wid=MLB4198173329&sid=search,"R$ 65,73",R$ 78,,Eshop,,,,4.94,0,94,6,0,0,0,False,0,0,100,0,0,N/A,Novo,,,True,,,https://http2.mlstatic.com/D_Q_NP_2X_859652-MLA93093237434_092025-E.webp,,,,,2025-09-29T13:05:44.242740,False,nao_realizada,0,"[1] 5⭐ - excelente: Os cartuchos de tinta originais são excelentes, mas, não descobri o motivo pelo qual os cartuchos de tinta originais para impressora são tão caros. O valor de dois cartuchos compram uma impressora nov... (Data: , Likes: 11) | [2] 5⭐ - excelente: Cartuchos de excelente qualidade. (Data: , Likes: 4) | [3] 5⭐ - excelente: Produto original. (Data: , Likes: 4) | [4] 5⭐ - excelente: O produto é bom mas não foi compatível com a minha impressora. (Data: , Likes: 4) | [5] 5⭐ - excelente: Por enquanto satisfeita com os cartuchos, minha impressora aceitou na hora e apareceu cheio, espero que dure bem, acredito que o preço é um pouco salgado, poderia ser mais em conta, mas se for oferece... (Data: , Likes: 3) | [6] 5⭐ - excelente: Durou menos do que eu esperava mas funciona pra o que eu preciso 😃. (Data: , Likes: 2) | [7] 5⭐ - excelente: Ótimo!. (Data: , Likes: 2) | [8] 5⭐ - excelente: Gosto desse produto. Já comprei várias vezes. (Data: , Likes: 1) | [9] 5⭐ - excelente: Produto original e rende muito bem. (Data: , Likes: 1) | [10] 5⭐ - excelente: E um produto que uso sempre. (Data: , Likes: 1)",65,65,0,32,"5⭐ - Os cartuchos de tinta originais são excelentes, mas, não descobri o motivo pelo qual os cartuchos de... (Likes: 11)","5⭐ - Os cartuchos de tinta originais são excelentes, mas, não descobri o motivo pelo qual os cartuchos de... (Data: )",,,,,,,nao_realizada,0,0,2369150613.0,5.0,excelente,Excelente.,,0.0,False,True,review_individual
MLB36751629,Cartucho de tinta preta HP Advantage 664 de 2 ml,https://www.mercadolivre.com.br/cartucho-de-tinta-preta-hp-advantage-664-de-2-ml/p/MLB36751629#polycard_client=search-nordic&search_layout=grid&position=4&type=product&tracking_id=5cf0ad7f-50f7-44c6-8a2a-a66579bb354c&wid=MLB4198173329&sid=search,"R$ 65,73",R$ 78,,Eshop,,,,4.94,0,94,6,0,0,0,False,0,0,100,0,0,N/A,Novo,,,True,,,https://http2.mlstatic.com/D_Q_NP_2X_859652-MLA93093237434_092025-E.webp,,,,,2025-09-29T13:05:44.242740,False,nao_realizada,0,"[1] 5⭐ - excelente: Os cartuchos de tinta originais são excelentes, mas, não descobri o motivo pelo qual os cartuchos de tinta originais para impressora são tão caros. O valor de dois cartuchos compram uma impressora nov... (Data: , Likes: 11) | [2] 5⭐ - excelente: Cartuchos de excelente qualidade. (Data: , Likes: 4) | [3] 5⭐ - excelente: Produto original. (Data: , Likes: 4) | [4] 5⭐ - excelente: O produto é bom mas não foi compatível com a minha impressora. (Data: , Likes: 4) | [5] 5⭐ - excelente: Por enquanto satisfeita com os cartuchos, minha impressora aceitou na hora e apareceu cheio, espero que dure bem, acredito que o preço é um pouco salgado, poderia ser mais em conta, mas se for oferece... (Data: , Likes: 3) | [6] 5⭐ - excelente: Durou menos do que eu esperava mas funciona pra o que eu preciso 😃. (Data: , Likes: 2) | [7] 5⭐ - excelente: Ótimo!. (Data: , Likes: 2) | [8] 5⭐ - excelente: Gosto desse produto. Já comprei várias vezes. (Data: , Likes: 1) | [9] 5⭐ - excelente: Produto original e rende muito bem. (Data: , Likes: 1) | [10] 5⭐ - excelente: E um produto que uso sempre. (Data: , Likes: 1)",65,65,0,32,"5⭐ - Os cartuchos de tinta originais são excelentes, mas, não descobri o motivo pelo qual os cartuchos de... (Likes: 11)","5⭐ - Os cartuchos de tinta originais são excelentes, mas, não descobri o motivo pelo qual os cartuchos de... (Data: )",,,,,,,nao_realizada,0,0,2369031417.0,5.0,excelente,"Ótimo, sempre compro original.",,0.0,False,True,review_individual
MLB36751629,Cartucho de tinta preta HP Advantage 664 de 2 ml,https://www.mercadolivre.com.br/cartucho-de-tinta-preta-hp-advantage-664-de-2-ml/p/MLB36751629#polycard_client=search-nordic&search_layout=grid&position=4&type=product&tracking_id=5cf0ad7f-50f7-44c6-8a2a-a66579bb354c&wid=MLB4198173329&sid=search,"R$ 65,73",R$ 78,,Eshop,,,,4.94,0,94,6,0,0,0,False,0,0,100,0,0,N/A,Novo,,,True,,,https://http2.mlstatic.com/D_Q_NP_2X_859652-MLA93093237434_092025-E.webp,,,,,2025-09-29T13:05:44.242740,False,nao_realizada,0,"[1] 5⭐ - excelente: Os cartuchos de tinta originais são excelentes, mas, não descobri o motivo pelo qual os cartuchos de tinta originais para impressora são tão caros. O valor de dois cartuchos compram uma impressora nov... (Data: , Likes: 11) | [2] 5⭐ - excelente: Cartuchos de excelente qualidade. (Data: , Likes: 4) | [3] 5⭐ - excelente: Produto original. (Data: , Likes: 4) | [4] 5⭐ - excelente: O produto é bom mas não foi compatível com a minha impressora. (Data: , Likes: 4) | [5] 5⭐ - excelente: Por enquanto satisfeita com os cartuchos, minha impressora aceitou na hora e apareceu cheio, espero que dure bem, acredito que o preço é um pouco salgado, poderia ser mais em conta, mas se for oferece... (Data: , Likes: 3) | [6] 5⭐ - excelente: Durou menos do que eu esperava mas funciona pra o que eu preciso 😃. (Data: , Likes: 2) | [7] 5⭐ - excelente: Ótimo!. (Data: , Likes: 2) | [8] 5⭐ - excelente: Gosto desse produto. Já comprei várias vezes. (Data: , Likes: 1) | [9] 5⭐ - excelente: Produto original e rende muito bem. (Data: , Likes: 1) | [10] 5⭐ - excelente: E um produto que uso sempre. (Data: , Likes: 1)",65,65,0,32,"5⭐ - Os cartuchos de tinta originais são excelentes, mas, não descobri o motivo pelo qual os cartuchos de... (Likes: 11)","5⭐ - Os cartuchos de tinta originais são excelentes, mas, não descobri o motivo pelo qual os cartuchos de... (Data: )",,,,,,,nao_realizada,0,0,2368236559.0,5.0,excelente,Bom.,,0.0,False,True,review_individual
MLB36751629,Cartucho de tinta preta HP Advantage 664 de 2 ml,https://www.mercadolivre.com.br/cartucho-de-tinta-preta-hp-advantage-664-de-2-ml/p/MLB36751629#polycard_client=search-nordic&search_layout=grid&position=4&type=product&tracking_id=5cf0ad7f-50f7-44c6-8a2a-a66579bb354c&wid=MLB4198173329&sid=search,"R$ 65,73",R$ 78,,Eshop,,,,4.94,0,94,6,0,0,0,False,0,0,100,0,0,N/A,Novo,,,True,,,https://http2.mlstatic.com/D_Q_NP_2X_859652-MLA93093237434_092025-E.webp,,,,,2025-09-29T13:05:44.242740,False,nao_realizada,0,"[1] 5⭐ - excelente: Os cartuchos de tinta originais são excelentes, mas, não descobri o motivo pelo qual os cartuchos de tinta originais para impressora são tão caros. O valor de dois cartuchos compram uma impressora nov... (Data: , Likes: 11) | [2] 5⭐ - excelente: Cartuchos de excelente qualidade. (Data: , Likes: 4) | [3] 5⭐ - excelente: Produto original. (Data: , Likes: 4) | [4] 5⭐ - excelente: O produto é bom mas não foi compatível com a minha impressora. (Data: , Likes: 4) | [5] 5⭐ - excelente: Por enquanto satisfeita com os cartuchos, minha impressora aceitou na hora e apareceu cheio, espero que dure bem, acredito que o preço é um pouco salgado, poderia ser mais em conta, mas se for oferece... (Data: , Likes: 3) | [6] 5⭐ - excelente: Durou menos do que eu esperava mas funciona pra o que eu preciso 😃. (Data: , Likes: 2) | [7] 5⭐ - excelente: Ótimo!. (Data: , Likes: 2) | [8] 5⭐ - excelente: Gosto desse produto. Já comprei várias vezes. (Data: , Likes: 1) | [9] 5⭐ - excelente: Produto original e rende muito bem. (Data: , Likes: 1) | [10] 5⭐ - excelente: E um produto que uso sempre. (Data: , Likes: 1)",65,65,0,32,"5⭐ - Os cartuchos de tinta originais são excelentes, mas, não descobri o motivo pelo qual os cartuchos de... (Likes: 11)","5⭐ - Os cartuchos de tinta originais são excelentes, mas, não descobri o motivo pelo qual os cartuchos de... (Data: )",,,,,,,nao_realizada,0,0,2367963501.0,5.0,excelente,"Produto muito bom, recomendo.",,0.0,False,True,review_individual
MLB36751629,Cartucho de tinta preta HP Advantage 664 de 2 ml,https://www.mercadolivre.com.br/cartucho-de-tinta-preta-hp-advantage-664-de-2-ml/p/MLB36751629#polycard_client=search-nordic&search_layout=grid&position=4&type=product&tracking_id=5cf0ad7f-50f7-44c6-8a2a-a66579bb354c&wid=MLB4198173329&sid=search,"R$ 65,73",R$ 78,,Eshop,,,,4.94,0,94,6,0,0,0,False,0,0,100,0,0,N/A,Novo,,,True,,,https://http2.mlstatic.com/D_Q_NP_2X_859652-MLA93093237434_092025-E.webp,,,,,2025-09-29T13:05:44.242740,False,nao_realizada,0,"[1] 5⭐ - excelente: Os cartuchos de tinta originais são excelentes, mas, não descobri o motivo pelo qual os cartuchos de tinta originais para impressora são tão caros. O valor de dois cartuchos compram uma impressora nov... (Data: , Likes: 11) | [2] 5⭐ - excelente: Cartuchos de excelente qualidade. (Data: , Likes: 4) | [3] 5⭐ - excelente: Produto original. (Data: , Likes: 4) | [4] 5⭐ - excelente: O produto é bom mas não foi compatível com a minha impressora. (Data: , Likes: 4) | [5] 5⭐ - excelente: Por enquanto satisfeita com os cartuchos, minha impressora aceitou na hora e apareceu cheio, espero que dure bem, acredito que o preço é um pouco salgado, poderia ser mais em conta, mas se for oferece... (Data: , Likes: 3) | [6] 5⭐ - excelente: Durou menos do que eu esperava mas funciona pra o que eu preciso 😃. (Data: , Likes: 2) | [7] 5⭐ - excelente: Ótimo!. (Data: , Likes: 2) | [8] 5⭐ - excelente: Gosto desse produto. Já comprei várias vezes. (Data: , Likes: 1) | [9] 5⭐ - excelente: Produto original e rende muito bem. (Data: , Likes: 1) | [10] 5⭐ - excelente: E um produto que uso sempre. (Data: , Likes: 1)",65,65,0,32,"5⭐ - Os cartuchos de tinta originais são excelentes, mas, não descobri o motivo pelo qual os cartuchos de... (Likes: 11)","5⭐ - Os cartuchos de tinta originais são excelentes, mas, não descobri o motivo pelo qual os cartuchos de... (Data: )",,,,,,,nao_realizada,0,0,2374035652.0,5.0,excelente,Otima.,,0.0,False,True,review_individual
MLB36751629,Cartucho de tinta preta HP Advantage 664 de 2 ml,https://www.mercadolivre.com.br/cartucho-de-tinta-preta-hp-advantage-664-de-2-ml/p/MLB36751629#polycard_client=search-nordic&search_layout=grid&position=4&type=product&tracking_id=5cf0ad7f-50f7-44c6-8a2a-a66579bb354c&wid=MLB4198173329&sid=search,"R$ 65,73",R$ 78,,Eshop,,,,4.94,0,94,6,0,0,0,False,0,0,100,0,0,N/A,Novo,,,True,,,https://http2.mlstatic.com/D_Q_NP_2X_859652-MLA93093237434_092025-E.webp,,,,,2025-09-29T13:05:44.242740,False,nao_realizada,0,"[1] 5⭐ - excelente: Os cartuchos de tinta originais são excelentes, mas, não descobri o motivo pelo qual os cartuchos de tinta originais para impressora são tão caros. O valor de dois cartuchos compram uma impressora nov... (Data: , Likes: 11) | [2] 5⭐ - excelente: Cartuchos de excelente qualidade. (Data: , Likes: 4) | [3] 5⭐ - excelente: Produto original. (Data: , Likes: 4) | [4] 5⭐ - excelente: O produto é bom mas não foi compatível com a minha impressora. (Data: , Likes: 4) | [5] 5⭐ - excelente: Por enquanto satisfeita com os cartuchos, minha impressora aceitou na hora e apareceu cheio, espero que dure bem, acredito que o preço é um pouco salgado, poderia ser mais em conta, mas se for oferece... (Data: , Likes: 3) | [6] 5⭐ - excelente: Durou menos do que eu esperava mas funciona pra o que eu preciso 😃. (Data: , Likes: 2) | [7] 5⭐ - excelente: Ótimo!. (Data: , Likes: 2) | [8] 5⭐ - excelente: Gosto desse produto. Já comprei várias vezes. (Data: , Likes: 1) | [9] 5⭐ - excelente: Produto original e rende muito bem. (Data: , Likes: 1) | [10] 5⭐ - excelente: E um produto que uso sempre. (Data: , Likes: 1)",65,65,0,32,"5⭐ - Os cartuchos de tinta originais são excelentes, mas, não descobri o motivo pelo qual os cartuchos de... (Likes: 11)","5⭐ - Os cartuchos de tinta originais são excelentes, mas, não descobri o motivo pelo qual os cartuchos de... (Data: )",,,,,,,nao_realizada,0,0,2367506081.0,5.0,excelente,"Falou em barato, só vcs mesmo.",,0.0,False,True,review_individual
MLB36751629,Cartucho de tinta preta HP Advantage 664 de 2 ml,https://www.mercadolivre.com.br/cartucho-de-tinta-preta-hp-advantage-664-de-2-ml/p/MLB36751629#polycard_client=search-nordic&search_layout=grid&position=4&type=product&tracking_id=5cf0ad7f-50f7-44c6-8a2a-a66579bb354c&wid=MLB4198173329&sid=search,"R$ 65,73",R$ 78,,Eshop,,,,4.94,0,94,6,0,0,0,False,0,0,100,0,0,N/A,Novo,,,True,,,https://http2.mlstatic.com/D_Q_NP_2X_859652-MLA93093237434_092025-E.webp,,,,,2025-09-29T13:05:44.242740,False,nao_realizada,0,"[1] 5⭐ - excelente: Os cartuchos de tinta originais são excelentes, mas, não descobri o motivo pelo qual os cartuchos de tinta originais para impressora são tão caros. O valor de dois cartuchos compram uma impressora nov... (Data: , Likes: 11) | [2] 5⭐ - excelente: Cartuchos de excelente qualidade. (Data: , Likes: 4) | [3] 5⭐ - excelente: Produto original. (Data: , Likes: 4) | [4] 5⭐ - excelente: O produto é bom mas não foi compatível com a minha impressora. (Data: , Likes: 4) | [5] 5⭐ - excelente: Por enquanto satisfeita com os cartuchos, minha impressora aceitou na hora e apareceu cheio, espero que dure bem, acredito que o preço é um pouco salgado, poderia ser mais em conta, mas se for oferece... (Data: , Likes: 3) | [6] 5⭐ - excelente: Durou menos do que eu esperava mas funciona pra o que eu preciso 😃. (Data: , Likes: 2) | [7] 5⭐ - excelente: Ótimo!. (Data: , Likes: 2) | [8] 5⭐ - excelente: Gosto desse produto. Já comprei várias vezes. (Data: , Likes: 1) | [9] 5⭐ - excelente: Produto original e rende muito bem. (Data: , Likes: 1) | [10] 5⭐ - excelente: E um produto que uso sempre. (Data: , Likes: 1)",65,65,0,32,"5⭐ - Os cartuchos de tinta originais são excelentes, mas, não descobri o motivo pelo qual os cartuchos de... (Likes: 11)","5⭐ - Os cartuchos de tinta originais são excelentes, mas, não descobri o motivo pelo qual os cartuchos de... (Data: )",,,,,,,nao_realizada,0,0,2373524326.0,5.0,excelente,Muito bom.,,0.0,False,True,review_individual
MLB36751629,Cartucho de tinta preta HP Advantage 664 de 2 ml,https://www.mercadolivre.com.br/cartucho-de-tinta-preta-hp-advantage-664-de-2-ml/p/MLB36751629#polycard_client=search-nordic&search_layout=grid&position=4&type=product&tracking_id=5cf0ad7f-50f7-44c6-8a2a-a66579bb354c&wid=MLB4198173329&sid=search,"R$ 65,73",R$ 78,,Eshop,,,,4.94,0,94,6,0,0,0,False,0,0,100,0,0,N/A,Novo,,,True,,,https://http2.mlstatic.com/D_Q_NP_2X_859652-MLA93093237434_092025-E.webp,,,,,2025-09-29T13:05:44.242740,False,nao_realizada,0,"[1] 5⭐ - excelente: Os cartuchos de tinta originais são excelentes, mas, não descobri o motivo pelo qual os cartuchos de tinta originais para impressora são tão caros. O valor de dois cartuchos compram uma impressora nov... (Data: , Likes: 11) | [2] 5⭐ - excelente: Cartuchos de excelente qualidade. (Data: , Likes: 4) | [3] 5⭐ - excelente: Produto original. (Data: , Likes: 4) | [4] 5⭐ - excelente: O produto é bom mas não foi compatível com a minha impressora. (Data: , Likes: 4) | [5] 5⭐ - excelente: Por enquanto satisfeita com os cartuchos, minha impressora aceitou na hora e apareceu cheio, espero que dure bem, acredito que o preço é um pouco salgado, poderia ser mais em conta, mas se for oferece... (Data: , Likes: 3) | [6] 5⭐ - excelente: Durou menos do que eu esperava mas funciona pra o que eu preciso 😃. (Data: , Likes: 2) | [7] 5⭐ - excelente: Ótimo!. (Data: , Likes: 2) | [8] 5⭐ - excelente: Gosto desse produto. Já comprei várias vezes. (Data: , Likes: 1) | [9] 5⭐ - excelente: Produto original e rende muito bem. (Data: , Likes: 1) | [10] 5⭐ - excelente: E um produto que uso sempre. (Data: , Likes: 1)",65,65,0,32,"5⭐ - Os cartuchos de tinta originais são excelentes, mas, não descobri o motivo pelo qual os cartuchos de... (Likes: 11)","5⭐ - Os cartuchos de tinta originais são excelentes, mas, não descobri o motivo pelo qual os cartuchos de... (Data: )",,,,,,,nao_realizada,0,0,2366919833.0,5.0,excelente,"Produto original, funcionando perfeitamente, minha impressora não aceita cartuchos recondicionados.",,0.0,False,True,review_individual
MLB36751629,Cartucho de tinta preta HP Advantage 664 de 2 ml,https://www.mercadolivre.com.br/cartucho-de-tinta-preta-hp-advantage-664-de-2-ml/p/MLB36751629#polycard_client=search-nordic&search_layout=grid&position=4&type=product&tracking_id=5cf0ad7f-50f7-44c6-8a2a-a66579bb354c&wid=MLB4198173329&sid=search,"R$ 65,73",R$ 78,,Eshop,,,,4.94,0,94,6,0,0,0,False,0,0,100,0,0,N/A,Novo,,,True,,,https://http2.mlstatic.com/D_Q_NP_2X_859652-MLA93093237434_092025-E.webp,,,,,2025-09-29T13:05:44.242740,False,nao_realizada,0,"[1] 5⭐ - excelente: Os cartuchos de tinta originais são excelentes, mas, não descobri o motivo pelo qual os cartuchos de tinta originais para impressora são tão caros. O valor de dois cartuchos compram uma impressora nov... (Data: , Likes: 11) | [2] 5⭐ - excelente: Cartuchos de excelente qualidade. (Data: , Likes: 4) | [3] 5⭐ - excelente: Produto original. (Data: , Likes: 4) | [4] 5⭐ - excelente: O produto é bom mas não foi compatível com a minha impressora. (Data: , Likes: 4) | [5] 5⭐ - excelente: Por enquanto satisfeita com os cartuchos, minha impressora aceitou na hora e apareceu cheio, espero que dure bem, acredito que o preço é um pouco salgado, poderia ser mais em conta, mas se for oferece... (Data: , Likes: 3) | [6] 5⭐ - excelente: Durou menos do que eu esperava mas funciona pra o que eu preciso 😃. (Data: , Likes: 2) | [7] 5⭐ - excelente: Ótimo!. (Data: , Likes: 2) | [8] 5⭐ - excelente: Gosto desse produto. Já comprei várias vezes. (Data: , Likes: 1) | [9] 5⭐ - excelente: Produto original e rende muito bem. (Data: , Likes: 1) | [10] 5⭐ - excelente: E um produto que uso sempre. (Data: , Likes: 1)",65,65,0,32,"5⭐ - Os cartuchos de tinta originais são excelentes, mas, não descobri o motivo pelo qual os cartuchos de... (Likes: 11)","5⭐ - Os cartuchos de tinta originais são excelentes, mas, não descobri o motivo pelo qual os cartuchos de... (Data: )",,,,,,,nao_realizada,0,0,2373016948.0,5.0,excelente,"Produto original, funcionando perfeitamente, minha impressora não aceita cartuchos recondicionados.",,0.0,False,True,review_individual
MLB36751629,Cartucho de tinta preta HP Advantage 664 de 2 ml,https://www.mercadolivre.com.br/cartucho-de-tinta-preta-hp-advantage-664-de-2-ml/p/MLB36751629#polycard_client=search-nordic&search_layout=grid&position=4&type=product&tracking_id=5cf0ad7f-50f7-44c6-8a2a-a66579bb354c&wid=MLB4198173329&sid=search,"R$ 65,73",R$ 78,,Eshop,,,,4.94,0,94,6,0,0,0,False,0,0,100,0,0,N/A,Novo,,,True,,,https://http2.mlstatic.com/D_Q_NP_2X_859652-MLA93093237434_092025-E.webp,,,,,2025-09-29T13:05:44.242740,False,nao_realizada,0,"[1] 5⭐ - excelente: Os cartuchos de tinta originais são excelentes, mas, não descobri o motivo pelo qual os cartuchos de tinta originais para impressora são tão caros. O valor de dois cartuchos compram uma impressora nov... (Data: , Likes: 11) | [2] 5⭐ - excelente: Cartuchos de excelente qualidade. (Data: , Likes: 4) | [3] 5⭐ - excelente: Produto original. (Data: , Likes: 4) | [4] 5⭐ - excelente: O produto é bom mas não foi compatível com a minha impressora. (Data: , Likes: 4) | [5] 5⭐ - excelente: Por enquanto satisfeita com os cartuchos, minha impressora aceitou na hora e apareceu cheio, espero que dure bem, acredito que o preço é um pouco salgado, poderia ser mais em conta, mas se for oferece... (Data: , Likes: 3) | [6] 5⭐ - excelente: Durou menos do que eu esperava mas funciona pra o que eu preciso 😃. (Data: , Likes: 2) | [7] 5⭐ - excelente: Ótimo!. (Data: , Likes: 2) | [8] 5⭐ - excelente: Gosto desse produto. Já comprei várias vezes. (Data: , Likes: 1) | [9] 5⭐ - excelente: Produto original e rende muito bem. (Data: , Likes: 1) | [10] 5⭐ - excelente: E um produto que uso sempre. (Data: , Likes: 1)",65,65,0,32,"5⭐ - Os cartuchos de tinta originais são excelentes, mas, não descobri o motivo pelo qual os cartuchos de... (Likes: 11)","5⭐ - Os cartuchos de tinta originais são excelentes, mas, não descobri o motivo pelo qual os cartuchos de... (Data: )",,,,,,,nao_realizada,0,0,2365544511.0,5.0,excelente,"Muito bom.
Obrigada.",,0.0,False,True,review_individual
MLB36751629,Cartucho de tinta preta HP Advantage 664 de 2 ml,https://www.mercadolivre.com.br/cartucho-de-tinta-preta-hp-advantage-664-de-2-ml/p/MLB36751629#polycard_client=search-nordic&search_layout=grid&position=4&type=product&tracking_id=5cf0ad7f-50f7-44c6-8a2a-a66579bb354c&wid=MLB4198173329&sid=search,"R$ 65,73",R$ 78,,Eshop,,,,4.94,0,94,6,0,0,0,False,0,0,100,0,0,N/A,Novo,,,True,,,https://http2.mlstatic.com/D_Q_NP_2X_859652-MLA93093237434_092025-E.webp,,,,,2025-09-29T13:05:44.242740,False,nao_realizada,0,"[1] 5⭐ - excelente: Os cartuchos de tinta originais são excelentes, mas, não descobri o motivo pelo qual os cartuchos de tinta originais para impressora são tão caros. O valor de dois cartuchos compram uma impressora nov... (Data: , Likes: 11) | [2] 5⭐ - excelente: Cartuchos de excelente qualidade. (Data: , Likes: 4) | [3] 5⭐ - excelente: Produto original. (Data: , Likes: 4) | [4] 5⭐ - excelente: O produto é bom mas não foi compatível com a minha impressora. (Data: , Likes: 4) | [5] 5⭐ - excelente: Por enquanto satisfeita com os cartuchos, minha impressora aceitou na hora e apareceu cheio, espero que dure bem, acredito que o preço é um pouco salgado, poderia ser mais em conta, mas se for oferece... (Data: , Likes: 3) | [6] 5⭐ - excelente: Durou menos do que eu esperava mas funciona pra o que eu preciso 😃. (Data: , Likes: 2) | [7] 5⭐ - excelente: Ótimo!. (Data: , Likes: 2) | [8] 5⭐ - excelente: Gosto desse produto. Já comprei várias vezes. (Data: , Likes: 1) | [9] 5⭐ - excelente: Produto original e rende muito bem. (Data: , Likes: 1) | [10] 5⭐ - excelente: E um produto que uso sempre. (Data: , Likes: 1)",65,65,0,32,"5⭐ - Os cartuchos de tinta originais são excelentes, mas, não descobri o motivo pelo qual os cartuchos de... (Likes: 11)","5⭐ - Os cartuchos de tinta originais são excelentes, mas, não descobri o motivo pelo qual os cartuchos de... (Data: )",,,,,,,nao_realizada,0,0,2365059437.0,5.0,excelente,Muito bom!.,,0.0,False,True,review_individual
MLB36751629,Cartucho de tinta preta HP Advantage 664 de 2 ml,https://www.mercadolivre.com.br/cartucho-de-tinta-preta-hp-advantage-664-de-2-ml/p/MLB36751629#polycard_client=search-nordic&search_layout=grid&position=4&type=product&tracking_id=5cf0ad7f-50f7-44c6-8a2a-a66579bb354c&wid=MLB4198173329&sid=search,"R$ 65,73",R$ 78,,Eshop,,,,4.94,0,94,6,0,0,0,False,0,0,100,0,0,N/A,Novo,,,True,,,https://http2.mlstatic.com/D_Q_NP_2X_859652-MLA93093237434_092025-E.webp,,,,,2025-09-29T13:05:44.242740,False,nao_realizada,0,"[1] 5⭐ - excelente: Os cartuchos de tinta originais são excelentes, mas, não descobri o motivo pelo qual os cartuchos de tinta originais para impressora são tão caros. O valor de dois cartuchos compram uma impressora nov... (Data: , Likes: 11) | [2] 5⭐ - excelente: Cartuchos de excelente qualidade. (Data: , Likes: 4) | [3] 5⭐ - excelente: Produto original. (Data: , Likes: 4) | [4] 5⭐ - excelente: O produto é bom mas não foi compatível com a minha impressora. (Data: , Likes: 4) | [5] 5⭐ - excelente: Por enquanto satisfeita com os cartuchos, minha impressora aceitou na hora e apareceu cheio, espero que dure bem, acredito que o preço é um pouco salgado, poderia ser mais em conta, mas se for oferece... (Data: , Likes: 3) | [6] 5⭐ - excelente: Durou menos do que eu esperava mas funciona pra o que eu preciso 😃. (Data: , Likes: 2) | [7] 5⭐ - excelente: Ótimo!. (Data: , Likes: 2) | [8] 5⭐ - excelente: Gosto desse produto. Já comprei várias vezes. (Data: , Likes: 1) | [9] 5⭐ - excelente: Produto original e rende muito bem. (Data: , Likes: 1) | [10] 5⭐ - excelente: E um produto que uso sempre. (Data: , Likes: 1)",65,65,0,32,"5⭐ - Os cartuchos de tinta originais são excelentes, mas, não descobri o motivo pelo qual os cartuchos de... (Likes: 11)","5⭐ - Os cartuchos de tinta originais são excelentes, mas, não descobri o motivo pelo qual os cartuchos de... (Data: )",,,,,,,nao_realizada,0,0,2371059456.0,5.0,excelente,Bom.,,0.0,False,True,review_individual
MLB36751629,Cartucho de tinta preta HP Advantage 664 de 2 ml,https://www.mercadolivre.com.br/cartucho-de-tinta-preta-hp-advantage-664-de-2-ml/p/MLB36751629#polycard_client=search-nordic&search_layout=grid&position=4&type=product&tracking_id=5cf0ad7f-50f7-44c6-8a2a-a66579bb354c&wid=MLB4198173329&sid=search,"R$ 65,73",R$ 78,,Eshop,,,,4.94,0,94,6,0,0,0,False,0,0,100,0,0,N/A,Novo,,,True,,,https://http2.mlstatic.com/D_Q_NP_2X_859652-MLA93093237434_092025-E.webp,,,,,2025-09-29T13:05:44.242740,False,nao_realizada,0,"[1] 5⭐ - excelente: Os cartuchos de tinta originais são excelentes, mas, não descobri o motivo pelo qual os cartuchos de tinta originais para impressora são tão caros. O valor de dois cartuchos compram uma impressora nov... (Data: , Likes: 11) | [2] 5⭐ - excelente: Cartuchos de excelente qualidade. (Data: , Likes: 4) | [3] 5⭐ - excelente: Produto original. (Data: , Likes: 4) | [4] 5⭐ - excelente: O produto é bom mas não foi compatível com a minha impressora. (Data: , Likes: 4) | [5] 5⭐ - excelente: Por enquanto satisfeita com os cartuchos, minha impressora aceitou na hora e apareceu cheio, espero que dure bem, acredito que o preço é um pouco salgado, poderia ser mais em conta, mas se for oferece... (Data: , Likes: 3) | [6] 5⭐ - excelente: Durou menos do que eu esperava mas funciona pra o que eu preciso 😃. (Data: , Likes: 2) | [7] 5⭐ - excelente: Ótimo!. (Data: , Likes: 2) | [8] 5⭐ - excelente: Gosto desse produto. Já comprei várias vezes. (Data: , Likes: 1) | [9] 5⭐ - excelente: Produto original e rende muito bem. (Data: , Likes: 1) | [10] 5⭐ - excelente: E um produto que uso sempre. (Data: , Likes: 1)",65,65,0,32,"5⭐ - Os cartuchos de tinta originais são excelentes, mas, não descobri o motivo pelo qual os cartuchos de... (Likes: 11)","5⭐ - Os cartuchos de tinta originais são excelentes, mas, não descobri o motivo pelo qual os cartuchos de... (Data: )",,,,,,,nao_realizada,0,0,2364736981.0,5.0,excelente,Produto de boa qualidade. Pena que vem pouca tinta. Acabou muito rápido.,,0.0,False,True,review_individual
MLB36751629,Cartucho de tinta preta HP Advantage 664 de 2 ml,https://www.mercadolivre.com.br/cartucho-de-tinta-preta-hp-advantage-664-de-2-ml/p/MLB36751629#polycard_client=search-nordic&search_layout=grid&position=4&type=product&tracking_id=5cf0ad7f-50f7-44c6-8a2a-a66579bb354c&wid=MLB4198173329&sid=search,"R$ 65,73",R$ 78,,Eshop,,,,4.94,0,94,6,0,0,0,False,0,0,100,0,0,N/A,Novo,,,True,,,https://http2.mlstatic.com/D_Q_NP_2X_859652-MLA93093237434_092025-E.webp,,,,,2025-09-29T13:05:44.242740,False,nao_realizada,0,"[1] 5⭐ - excelente: Os cartuchos de tinta originais são excelentes, mas, não descobri o motivo pelo qual os cartuchos de tinta originais para impressora são tão caros. O valor de dois cartuchos compram uma impressora nov... (Data: , Likes: 11) | [2] 5⭐ - excelente: Cartuchos de excelente qualidade. (Data: , Likes: 4) | [3] 5⭐ - excelente: Produto original. (Data: , Likes: 4) | [4] 5⭐ - excelente: O produto é bom mas não foi compatível com a minha impressora. (Data: , Likes: 4) | [5] 5⭐ - excelente: Por enquanto satisfeita com os cartuchos, minha impressora aceitou na hora e apareceu cheio, espero que dure bem, acredito que o preço é um pouco salgado, poderia ser mais em conta, mas se for oferece... (Data: , Likes: 3) | [6] 5⭐ - excelente: Durou menos do que eu esperava mas funciona pra o que eu preciso 😃. (Data: , Likes: 2) | [7] 5⭐ - excelente: Ótimo!. (Data: , Likes: 2) | [8] 5⭐ - excelente: Gosto desse produto. Já comprei várias vezes. (Data: , Likes: 1) | [9] 5⭐ - excelente: Produto original e rende muito bem. (Data: , Likes: 1) | [10] 5⭐ - excelente: E um produto que uso sempre. (Data: , Likes: 1)",65,65,0,32,"5⭐ - Os cartuchos de tinta originais são excelentes, mas, não descobri o motivo pelo qual os cartuchos de... (Likes: 11)","5⭐ - Os cartuchos de tinta originais são excelentes, mas, não descobri o motivo pelo qual os cartuchos de... (Data: )",,,,,,,nao_realizada,0,0,2370760668.0,5.0,excelente,Bom.,,0.0,False,True,review_individual
