2025-09-26 02:10:04,690 - WARNING -  * Debugger is active!
2025-09-26 02:10:04,692 - INFO -  * Debugger PIN: 702-902-971
2025-09-26 02:10:10,920 - INFO - 192.168.100.14 - - [26/Sep/2025 02:10:10] "GET /datasets HTTP/1.1" 200 -
2025-09-26 02:10:11,040 - INFO - 192.168.100.14 - - [26/Sep/2025 02:10:11] "[36mGET /static/style.css HTTP/1.1[0m" 304 -
2025-09-26 02:10:41,892 - INFO - 192.168.100.14 - - [26/Sep/2025 02:10:41] "GET /datasets HTTP/1.1" 200 -
2025-09-26 02:10:41,909 - INFO - 192.168.100.14 - - [26/Sep/2025 02:10:41] "[36mGET /static/style.css HTTP/1.1[0m" 304 -
2025-09-26 02:11:12,882 - INFO - 192.168.100.14 - - [26/Sep/2025 02:11:12] "GET /datasets HTTP/1.1" 200 -
2025-09-26 02:11:12,921 - INFO - 192.168.100.14 - - [26/Sep/2025 02:11:12] "[36mGET /static/style.css HTTP/1.1[0m" 304 -
2025-09-26 02:11:43,890 - INFO - 192.168.100.14 - - [26/Sep/2025 02:11:43] "GET /datasets HTTP/1.1" 200 -
2025-09-26 02:11:43,905 - INFO - 192.168.100.14 - - [26/Sep/2025 02:11:43] "[36mGET /static/style.css HTTP/1.1[0m" 304 -
2025-09-26 02:12:14,885 - INFO - 192.168.100.14 - - [26/Sep/2025 02:12:14] "GET /datasets HTTP/1.1" 200 -
2025-09-26 02:12:14,907 - INFO - 192.168.100.14 - - [26/Sep/2025 02:12:14] "[36mGET /static/style.css HTTP/1.1[0m" 304 -
2025-09-26 02:12:33,285 - INFO -  * Detected change in 'C:\\Challenge HP\\Challenge-HP\\test_padronizacao.py', reloading
2025-09-26 02:12:33,444 - INFO -  * Detected change in 'C:\\Challenge HP\\Challenge-HP\\test_padronizacao.py', reloading
2025-09-26 02:12:33,445 - INFO -  * Detected change in 'C:\\Challenge HP\\Challenge-HP\\test_padronizacao.py', reloading
2025-09-26 02:12:33,446 - INFO -  * Detected change in 'C:\\Challenge HP\\Challenge-HP\\test_padronizacao.py', reloading
2025-09-26 02:12:36,076 - WARNING -  * Debugger is active!
2025-09-26 02:12:36,080 - INFO -  * Debugger PIN: 702-902-971
2025-09-26 02:12:45,894 - INFO -  * Detected change in 'C:\\Program Files\\WindowsApps\\PythonSoftwareFoundation.Python.3.12_3.12.2800.0_x64__qbz5n2kfra8p0\\Lib\\encodings\\unicode_escape.py', reloading
2025-09-26 02:12:45,898 - INFO - 192.168.100.14 - - [26/Sep/2025 02:12:45] "GET /datasets HTTP/1.1" 200 -
2025-09-26 02:12:45,987 - INFO - 192.168.100.14 - - [26/Sep/2025 02:12:45] "[36mGET /static/style.css HTTP/1.1[0m" 304 -
2025-09-26 02:12:47,900 - WARNING -  * Debugger is active!
2025-09-26 02:12:47,903 - INFO -  * Debugger PIN: 702-902-971
2025-09-26 02:12:53,567 - INFO -  * Detected change in 'C:\\Challenge HP\\Challenge-HP\\test_padronizacao.py', reloading
2025-09-26 02:12:53,569 - INFO -  * Detected change in 'C:\\Challenge HP\\Challenge-HP\\test_padronizacao.py', reloading
2025-09-26 02:12:56,997 - WARNING -  * Debugger is active!
2025-09-26 02:12:57,006 - INFO -  * Debugger PIN: 702-902-971
2025-09-26 02:13:02,484 - INFO -  * Detected change in 'C:\\Challenge HP\\Challenge-HP\\test_padronizacao.py', reloading
2025-09-26 02:13:02,487 - INFO -  * Detected change in 'C:\\Challenge HP\\Challenge-HP\\test_padronizacao.py', reloading
2025-09-26 02:13:05,772 - WARNING -  * Debugger is active!
2025-09-26 02:13:05,777 - INFO -  * Debugger PIN: 702-902-971
2025-09-26 02:13:16,910 - INFO - 192.168.100.14 - - [26/Sep/2025 02:13:16] "GET /datasets HTTP/1.1" 200 -
2025-09-26 02:13:17,073 - INFO - 192.168.100.14 - - [26/Sep/2025 02:13:17] "[36mGET /static/style.css HTTP/1.1[0m" 304 -
2025-09-26 02:13:30,850 - INFO -  * Detected change in 'C:\\Challenge HP\\Challenge-HP\\test_padronizacao_simples.py', reloading
2025-09-26 02:13:33,740 - WARNING -  * Debugger is active!
2025-09-26 02:13:33,747 - INFO -  * Debugger PIN: 702-902-971
2025-09-26 02:13:47,914 - INFO - 192.168.100.14 - - [26/Sep/2025 02:13:47] "GET /datasets HTTP/1.1" 200 -
2025-09-26 02:13:48,079 - INFO - 192.168.100.14 - - [26/Sep/2025 02:13:48] "[36mGET /static/style.css HTTP/1.1[0m" 304 -
2025-09-26 02:14:12,325 - INFO -  * Detected change in 'C:\\Challenge HP\\Challenge-HP\\test_padronizacao_simples.py', reloading
2025-09-26 02:14:12,337 - INFO -  * Detected change in 'C:\\Challenge HP\\Challenge-HP\\test_padronizacao_simples.py', reloading
2025-09-26 02:14:14,957 - WARNING -  * Debugger is active!
2025-09-26 02:14:14,965 - INFO -  * Debugger PIN: 702-902-971
2025-09-26 02:14:18,917 - INFO - 192.168.100.14 - - [26/Sep/2025 02:14:18] "GET /datasets HTTP/1.1" 200 -
2025-09-26 02:14:19,079 - INFO - 192.168.100.14 - - [26/Sep/2025 02:14:19] "[36mGET /static/style.css HTTP/1.1[0m" 304 -
2025-09-26 02:14:49,875 - INFO - 192.168.100.14 - - [26/Sep/2025 02:14:49] "GET /datasets HTTP/1.1" 200 -
2025-09-26 02:14:49,894 - INFO - 192.168.100.14 - - [26/Sep/2025 02:14:49] "[36mGET /static/style.css HTTP/1.1[0m" 304 -
2025-09-26 02:15:20,883 - INFO - 192.168.100.14 - - [26/Sep/2025 02:15:20] "GET /datasets HTTP/1.1" 200 -
2025-09-26 02:15:20,900 - INFO - 192.168.100.14 - - [26/Sep/2025 02:15:20] "[36mGET /static/style.css HTTP/1.1[0m" 304 -
2025-09-26 02:15:49,567 - INFO -  * Detected change in 'C:\\Challenge HP\\Challenge-HP\\test_padronizacao.py', reloading
2025-09-26 02:15:49,568 - INFO -  * Detected change in 'C:\\Challenge HP\\Challenge-HP\\test_padronizacao.py', reloading
2025-09-26 02:15:49,570 - INFO -  * Detected change in 'C:\\Challenge HP\\Challenge-HP\\test_padronizacao.py', reloading
2025-09-26 02:15:49,573 - INFO -  * Detected change in 'C:\\Challenge HP\\Challenge-HP\\test_padronizacao.py', reloading
2025-09-26 02:15:49,584 - INFO -  * Detected change in 'C:\\Challenge HP\\Challenge-HP\\test_padronizacao.py', reloading
2025-09-26 02:15:52,485 - WARNING -  * Debugger is active!
2025-09-26 02:15:52,492 - INFO -  * Debugger PIN: 702-902-971
2025-09-26 02:15:52,589 - INFO - 192.168.100.14 - - [26/Sep/2025 02:15:52] "GET /datasets HTTP/1.1" 200 -
2025-09-26 02:15:52,745 - INFO - 192.168.100.14 - - [26/Sep/2025 02:15:52] "[36mGET /static/style.css HTTP/1.1[0m" 304 -
2025-09-26 02:16:16,751 - INFO -  * Detected change in 'C:\\Challenge HP\\Challenge-HP\\shared_scraping_config.py', reloading
2025-09-26 02:16:16,759 - INFO -  * Detected change in 'C:\\Challenge HP\\Challenge-HP\\mercadolivre_spider_reviews.py', reloading
2025-09-26 02:16:16,764 - INFO -  * Detected change in 'C:\\Challenge HP\\Challenge-HP\\mercadolivre_spider.py', reloading
2025-09-26 02:16:16,786 - INFO -  * Detected change in 'C:\\Challenge HP\\Challenge-HP\\app.py', reloading
2025-09-26 02:16:16,792 - INFO -  * Detected change in 'C:\\Challenge HP\\Challenge-HP\\test_padronizacao_simples.py', reloading
2025-09-26 02:16:16,794 - INFO -  * Detected change in 'C:\\Challenge HP\\Challenge-HP\\mercadolivre_spider.py', reloading
2025-09-26 02:16:16,797 - INFO -  * Detected change in 'C:\\Challenge HP\\Challenge-HP\\mercadolivre_spider_reviews.py', reloading
2025-09-26 02:16:16,799 - INFO -  * Detected change in 'C:\\Challenge HP\\Challenge-HP\\app.py', reloading
2025-09-26 02:16:16,800 - INFO -  * Detected change in 'C:\\Challenge HP\\Challenge-HP\\test_padronizacao_simples.py', reloading
2025-09-26 02:16:19,296 - WARNING -  * Debugger is active!
2025-09-26 02:16:19,302 - INFO -  * Debugger PIN: 702-902-971
2025-09-26 02:16:22,885 - INFO - 192.168.100.14 - - [26/Sep/2025 02:16:22] "GET /datasets HTTP/1.1" 200 -
2025-09-26 02:16:23,008 - INFO - 192.168.100.14 - - [26/Sep/2025 02:16:23] "[36mGET /static/style.css HTTP/1.1[0m" 304 -
2025-09-26 02:16:37,234 - INFO - 192.168.100.14 - - [26/Sep/2025 02:16:37] "GET /scraping HTTP/1.1" 200 -
2025-09-26 02:16:37,261 - INFO - 192.168.100.14 - - [26/Sep/2025 02:16:37] "[36mGET /static/style.css HTTP/1.1[0m" 304 -
2025-09-26 02:16:38,041 - INFO - 192.168.100.14 - - [26/Sep/2025 02:16:38] "GET /scraping HTTP/1.1" 200 -
2025-09-26 02:16:38,057 - INFO - 192.168.100.14 - - [26/Sep/2025 02:16:38] "[36mGET /static/style.css HTTP/1.1[0m" 304 -
2025-09-26 02:16:50,370 - INFO - Job 9f7bb3fe: Iniciando coleta de produtos
2025-09-26 02:16:50,372 - INFO - 192.168.100.14 - - [26/Sep/2025 02:16:50] "[32mPOST /web/scraping/start HTTP/1.1[0m" 302 -
2025-09-26 02:16:50,372 - INFO - Iniciando scraping para: cartucho hp 664
2025-09-26 02:16:50,373 - INFO - Parâmetros: max_items=10, images=True, sort=relevance
2025-09-26 02:16:50,393 - INFO - 192.168.100.14 - - [26/Sep/2025 02:16:50] "GET /jobs HTTP/1.1" 200 -
2025-09-26 02:16:50,401 - INFO -  * Detected change in 'C:\\Program Files\\WindowsApps\\PythonSoftwareFoundation.Python.3.12_3.12.2800.0_x64__qbz5n2kfra8p0\\Lib\\multiprocessing\\queues.py', reloading
2025-09-26 02:16:50,407 - INFO -  * Detected change in 'C:\\Program Files\\WindowsApps\\PythonSoftwareFoundation.Python.3.12_3.12.2800.0_x64__qbz5n2kfra8p0\\Lib\\multiprocessing\\connection.py', reloading
2025-09-26 02:16:50,416 - INFO -  * Detected change in 'C:\\Program Files\\WindowsApps\\PythonSoftwareFoundation.Python.3.12_3.12.2800.0_x64__qbz5n2kfra8p0\\Lib\\multiprocessing\\popen_spawn_win32.py', reloading
2025-09-26 02:16:50,472 - INFO - 192.168.100.14 - - [26/Sep/2025 02:16:50] "[36mGET /static/style.css HTTP/1.1[0m" 304 -
2025-09-26 02:16:50,479 - INFO -  * Detected change in 'C:\\Program Files\\WindowsApps\\PythonSoftwareFoundation.Python.3.12_3.12.2800.0_x64__qbz5n2kfra8p0\\Lib\\multiprocessing\\spawn.py', reloading
2025-09-26 02:16:51,582 - INFO - Spider iniciado com configurações otimizadas:
2025-09-26 02:16:51,583 - INFO -    CONCURRENT_REQUESTS: 1
2025-09-26 02:16:51,583 - INFO -    CONCURRENT_REQUESTS_PER_DOMAIN: 1
2025-09-26 02:16:51,583 - INFO -    DOWNLOAD_TIMEOUT: 30s
2025-09-26 02:16:51,583 - INFO -    HTTPCACHE_ENABLED: False
2025-09-26 02:16:51,586 - INFO - Scrapy 2.13.0 started (bot: scrapybot)
2025-09-26 02:16:51,814 - INFO - Versions:
{'lxml': '5.4.0',
 'libxml2': '2.11.9',
 'cssselect': '1.3.0',
 'parsel': '1.10.0',
 'w3lib': '2.3.1',
 'Twisted': '24.11.0',
 'Python': '3.12.10 (tags/v3.12.10:0cc8128, Apr  8 2025, 12:21:36) [MSC v.1943 '
           '64 bit (AMD64)]',
 'pyOpenSSL': '25.1.0 (OpenSSL 3.5.0 8 Apr 2025)',
 'cryptography': '45.0.2',
 'Platform': 'Windows-11-10.0.26100-SP0'}
2025-09-26 02:16:51,841 - INFO - Spider initialized for query='cartucho hp 664', sort_by='relevance', condition='all', max_items=10. Start URL: https://lista.mercadolivre.com.br/cartucho-hp-664?sb=all_mercadolibre#D[A:cartucho%20hp%20664]
2025-09-26 02:16:51,842 - INFO - Enabled addons:
[]
2025-09-26 02:16:51,848 - DEBUG - Using reactor: twisted.internet.asyncioreactor.AsyncioSelectorReactor
2025-09-26 02:16:51,849 - DEBUG - Using asyncio event loop: asyncio.windows_events._WindowsSelectorEventLoop
2025-09-26 02:16:51,853 - INFO - Telnet Password: 3c6496ed3b3928ab
2025-09-26 02:16:51,887 - INFO - Enabled extensions:
['scrapy.extensions.corestats.CoreStats',
 'scrapy.extensions.telnet.TelnetConsole',
 'scrapy.extensions.logstats.LogStats',
 'scrapy.extensions.throttle.AutoThrottle']
2025-09-26 02:16:51,888 - INFO - Overridden settings:
{'AUTOTHROTTLE_ENABLED': True,
 'AUTOTHROTTLE_MAX_DELAY': 30,
 'AUTOTHROTTLE_START_DELAY': 3.702231198763948,
 'CONCURRENT_REQUESTS': 1,
 'CONCURRENT_REQUESTS_PER_DOMAIN': 1,
 'DOWNLOAD_DELAY': 7.362937011631157,
 'DOWNLOAD_TIMEOUT': 30,
 'DOWNLOAD_WARNSIZE': 0,
 'LOG_LEVEL': 'INFO',
 'RETRY_HTTP_CODES': [429, 500, 502, 503, 504, 408, 403],
 'RETRY_TIMES': 5,
 'USER_AGENT': 'Mozilla/5.0 (Windows NT 10.0; Win64; x64; rv:120.0) '
               'Gecko/20100101 Firefox/120.0'}
2025-09-26 02:16:52,018 - INFO - Enabled downloader middlewares:
['scrapy.downloadermiddlewares.offsite.OffsiteMiddleware',
 'scrapy.downloadermiddlewares.retry.RetryMiddleware',
 'scrapy.downloadermiddlewares.httpproxy.HttpProxyMiddleware',
 'scrapy.downloadermiddlewares.httpauth.HttpAuthMiddleware',
 'scrapy.downloadermiddlewares.downloadtimeout.DownloadTimeoutMiddleware',
 'scrapy.downloadermiddlewares.defaultheaders.DefaultHeadersMiddleware',
 'scrapy.downloadermiddlewares.redirect.MetaRefreshMiddleware',
 'scrapy.downloadermiddlewares.httpcompression.HttpCompressionMiddleware',
 'scrapy.downloadermiddlewares.redirect.RedirectMiddleware',
 'scrapy.downloadermiddlewares.cookies.CookiesMiddleware',
 'scrapy.downloadermiddlewares.stats.DownloaderStats']
2025-09-26 02:16:52,023 - INFO - Enabled spider middlewares:
['scrapy.spidermiddlewares.start.StartSpiderMiddleware',
 'scrapy.spidermiddlewares.httperror.HttpErrorMiddleware',
 'scrapy.spidermiddlewares.referer.RefererMiddleware',
 'scrapy.spidermiddlewares.urllength.UrlLengthMiddleware',
 'scrapy.spidermiddlewares.depth.DepthMiddleware']
2025-09-26 02:16:52,025 - INFO - Enabled item pipelines:
[]
2025-09-26 02:16:52,026 - INFO - Spider opened
2025-09-26 02:16:52,051 - WARNING - C:\Challenge HP\Challenge-HP\.venv\Lib\site-packages\scrapy\core\spidermw.py:433: ScrapyDeprecationWarning: mercadolivre_spider.MercadoLivreSpider defines the deprecated start_requests() method. start_requests() has been deprecated in favor of a new method, start(), to support asynchronous code execution. start_requests() will stop being called in a future version of Scrapy. If you use Scrapy 2.13 or higher only, replace start_requests() with start(); note that start() is a coroutine (async def). If you need to maintain compatibility with lower Scrapy versions, when overriding start_requests() in a spider class, override start() as well; you can use super() to reuse the inherited start() implementation without copy-pasting. See the release notes of Scrapy 2.13 for details: https://docs.scrapy.org/en/2.13/news.html
  warn(

2025-09-26 02:16:52,053 - INFO - Crawled 0 pages (at 0 pages/min), scraped 0 items (at 0 items/min)
2025-09-26 02:16:52,054 - INFO - Telnet console listening on 127.0.0.1:6023
2025-09-26 02:16:52,054 - INFO - Attempting to scrape URL: https://lista.mercadolivre.com.br/cartucho-hp-664?sb=all_mercadolibre#D[A:cartucho%20hp%20664]
2025-09-26 02:16:52,054 - INFO - Aguardando 7.0s antes da primeira requisição...
2025-09-26 02:17:00,000 - DEBUG - Crawled (200) <GET https://lista.mercadolivre.com.br/cartucho-hp-664?sb=all_mercadolibre#D%5BA:cartucho%20hp%20664%5D> (referer: None)
2025-09-26 02:17:00,117 - INFO - Processing URL: https://lista.mercadolivre.com.br/cartucho-hp-664?sb=all_mercadolibre (Page 1)
2025-09-26 02:17:00,120 - INFO - HTML da primeira página de resultados (https://lista.mercadolivre.com.br/cartucho-hp-664?sb=all_mercadolibre) salvo em scraped_page_content_debug.html para depuração.
2025-09-26 02:17:00,163 - INFO - Encontrados 50 produtos com seletor: .ui-search-layout__item .andes-card.poly-card
2025-09-26 02:17:00,164 - INFO - Usando seletor bem-sucedido: .ui-search-layout__item .andes-card.poly-card
2025-09-26 02:17:00,165 - INFO - Processando 50 containers de produto encontrados em https://lista.mercadolivre.com.br/cartucho-hp-664?sb=all_mercadolibre
2025-09-26 02:17:00,165 - INFO - --- Pulando container 1 (item patrocinado 1/2) ---
2025-09-26 02:17:00,165 - INFO - --- Pulando container 2 (item patrocinado 2/2) ---
2025-09-26 02:17:00,166 - INFO - --- Processando container de produto 3/50 (total coletado: 0, pulados: 2) ---
2025-09-26 02:17:00,168 - INFO -   [TÍTULO] Encontrado: 'Cartucho De Tinta Hp 667 Cor Preto Do 2 Ml'
2025-09-26 02:17:00,168 - INFO -   [LINK] Encontrado: 'https://www.mercadolivre.com.br/cartucho-de-tinta-hp-667-cor-preto-do-2-ml/p/MLB37141763#polycard_client=search-nordic&search_layout=grid&position=3&type=product&tracking_id=9df28f06-5110-4de7-ab73-c3751f741d70&wid=MLB4164477091&sid=search'
2025-09-26 02:17:00,169 - INFO -   [ID PRODUTO] Encontrado: 'MLB37141763'
2025-09-26 02:17:00,171 - INFO -   [PREÇO] Encontrado (poly-card fallback): 'R$ 57,07'
2025-09-26 02:17:00,172 - INFO -   [PREÇO ANTERIOR] Encontrado (poly-card fallback): 'R$ 71'
2025-09-26 02:17:00,174 - INFO -   [MARCA] Não encontrada (general/poly).
2025-09-26 02:17:00,176 - INFO -   [IMAGEM] URL da imagem (poly-card fallback): https://http2.mlstatic.com/D_Q_NP_2X_886903-MLA87439311815_072025-E.webp
2025-09-26 02:17:00,177 - INFO -   [VENDEDOR] Não encontrado para o container 3.
2025-09-26 02:17:00,179 - INFO -   [MÉDIA AVALIAÇÕES] Encontrada (poly-card fallback): '4.8'
2025-09-26 02:17:00,180 - INFO -   [TOTAL AVALIAÇÕES] Encontrado (poly-card fallback): '7371'
2025-09-26 02:17:00,181 - INFO -   [ENTREGA] Texto encontrado (poly-card fallback): 'Frete grátis'
2025-09-26 02:17:00,182 - INFO -   [ENTREGA FULL] Indicador FULL encontrado (poly-card fallback SVG).
2025-09-26 02:17:00,183 - INFO - Produto processado: Cartucho De Tinta Hp 667 Cor Preto Do 2 Ml
2025-09-26 02:17:00,183 - INFO - --- Processando container de produto 4/50 (total coletado: 1, pulados: 2) ---
2025-09-26 02:17:00,184 - INFO -   [TÍTULO] Encontrado: 'Cartucho de tinta preta HP Advantage 664 de 2 ml'
2025-09-26 02:17:00,185 - INFO -   [LINK] Encontrado: 'https://www.mercadolivre.com.br/cartucho-de-tinta-preta-hp-advantage-664-de-2-ml/p/MLB36751629#polycard_client=search-nordic&search_layout=grid&position=4&type=product&tracking_id=9df28f06-5110-4de7-ab73-c3751f741d70&wid=MLB3866554217&sid=search'
2025-09-26 02:17:00,185 - INFO -   [ID PRODUTO] Encontrado: 'MLB36751629'
2025-09-26 02:17:00,186 - INFO -   [PREÇO] Encontrado (poly-card fallback): 'R$ 62'
2025-09-26 02:17:00,187 - INFO -   [MARCA] Não encontrada (general/poly).
2025-09-26 02:17:00,188 - INFO -   [IMAGEM] URL da imagem (poly-card fallback): https://http2.mlstatic.com/D_Q_NP_2X_901486-MLA82666700555_022025-E.webp
2025-09-26 02:17:00,189 - INFO -   [VENDEDOR] Não encontrado para o container 4.
2025-09-26 02:17:00,190 - INFO -   [MÉDIA AVALIAÇÕES] Encontrada (poly-card fallback): '4.7'
2025-09-26 02:17:00,190 - INFO -   [TOTAL AVALIAÇÕES] Encontrado (poly-card fallback): '4900'
2025-09-26 02:17:00,191 - INFO -   [ENTREGA] Texto encontrado (poly-card fallback): 'Frete grátis'
2025-09-26 02:17:00,192 - INFO -   [ENTREGA FULL] Indicador FULL encontrado (poly-card fallback SVG).
2025-09-26 02:17:00,192 - INFO - Produto processado: Cartucho de tinta preta HP Advantage 664 de 2 ml
2025-09-26 02:17:00,193 - INFO - --- Processando container de produto 5/50 (total coletado: 2, pulados: 2) ---
2025-09-26 02:17:00,194 - INFO -   [TÍTULO] Encontrado: 'Kit 2 Cartuchos Hp 664xl (preto + Color) 2136 2676'
2025-09-26 02:17:00,195 - INFO -   [LINK] Encontrado: 'https://www.mercadolivre.com.br/kit-2-cartuchos-hp-664xl-preto-color-2136-2676/p/MLB48102366#polycard_client=search-nordic&search_layout=grid&position=5&type=product&tracking_id=9df28f06-5110-4de7-ab73-c3751f741d70&wid=MLB5719977782&sid=search'
2025-09-26 02:17:00,195 - INFO -   [ID PRODUTO] Encontrado: 'MLB48102366'
2025-09-26 02:17:00,197 - INFO -   [PREÇO] Encontrado (poly-card fallback): 'R$ 295,67'
2025-09-26 02:17:00,198 - INFO -   [PREÇO ANTERIOR] Encontrado (poly-card fallback): 'R$ 314'
2025-09-26 02:17:00,198 - INFO -   [MARCA] Não encontrada (general/poly).
2025-09-26 02:17:00,199 - INFO -   [IMAGEM] URL da imagem (poly-card fallback): https://http2.mlstatic.com/D_Q_NP_2X_921961-MLA83444909992_042025-E.webp
2025-09-26 02:17:00,200 - INFO -   [VENDEDOR] Encontrado (poly-card fallback): 'Park Ecom'
2025-09-26 02:17:00,200 - INFO -   [MÉDIA AVALIAÇÕES] Encontrada (poly-card fallback): '4.6'
2025-09-26 02:17:00,201 - INFO -   [TOTAL AVALIAÇÕES] Encontrado (poly-card fallback): '111'
2025-09-26 02:17:00,201 - INFO -   [ENTREGA] Texto encontrado (general alt): 'Chegará grátis hoje'
2025-09-26 02:17:00,202 - INFO -   [ENTREGA FULL] Indicador FULL encontrado (poly-card fallback SVG).
2025-09-26 02:17:00,202 - INFO - Produto processado: Kit 2 Cartuchos Hp 664xl (preto + Color) 2136 2676
2025-09-26 02:17:00,203 - DEBUG - Scraped from <200 https://lista.mercadolivre.com.br/cartucho-hp-664?sb=all_mercadolibre>
{'TITULO PRODUTO': 'Cartucho De Tinta Hp 667 Cor Preto Do 2 Ml', 'LINK': 'https://www.mercadolivre.com.br/cartucho-de-tinta-hp-667-cor-preto-do-2-ml/p/MLB37141763#polycard_client=search-nordic&search_layout=grid&position=3&type=product&tracking_id=9df28f06-5110-4de7-ab73-c3751f741d70&wid=MLB4164477091&sid=search', 'ID_PRODUTO': 'MLB37141763', 'PREÇO': 'R$ 57,07', 'PREÇO ANTERIOR': 'R$ 71', 'MARCA': 'N/A', 'IMAGEM': 'https://http2.mlstatic.com/D_Q_NP_2X_886903-MLA87439311815_072025-E.webp', 'VENDEDOR': 'N/A', 'MÉDIA AVALIAÇÕES': '4.8', 'TOTAL AVALIAÇÕES': '7371', 'ENTREGA': 'Frete grátis', 'ENTREGA FULL': 'Sim'}
2025-09-26 02:17:00,203 - INFO - --- Processando container de produto 6/50 (total coletado: 3, pulados: 2) ---
2025-09-26 02:17:00,204 - INFO -   [TÍTULO] Encontrado: 'Cartucho HP 664 Colorido(F6V28AB) Para Ink Advantage 1115, 2134, 2136, 2676, 3636, 3776, 3786, 3788,3790, 3836, 4536, 4676,5076, 5276'
2025-09-26 02:17:00,204 - INFO -   [LINK] Encontrado: 'https://www.mercadolivre.com.br/cartucho-hp-664-coloridof6v28ab-para-ink-advantage-1115-2134-2136-2676-3636-3776-3786-37883790-3836-4536-46765076-5276/p/MLB36752265#polycard_client=search-nordic&search_layout=grid&position=6&type=product&tracking_id=9df28f06-5110-4de7-ab73-c3751f741d70&wid=MLB5739828170&sid=search'
2025-09-26 02:17:00,205 - INFO -   [ID PRODUTO] Encontrado: 'MLB36752265'
2025-09-26 02:17:00,206 - INFO -   [PREÇO] Encontrado (poly-card fallback): 'R$ 61,96'
2025-09-26 02:17:00,207 - INFO -   [PREÇO ANTERIOR] Encontrado (poly-card fallback): 'R$ 77'
2025-09-26 02:17:00,207 - INFO -   [MARCA] Não encontrada (general/poly).
2025-09-26 02:17:00,208 - INFO -   [IMAGEM] URL da imagem (poly-card fallback): https://http2.mlstatic.com/D_Q_NP_2X_639008-MLA91921137841_092025-E.webp
2025-09-26 02:17:00,209 - INFO -   [VENDEDOR] Encontrado (poly-card fallback): 'Mercado Livre'
2025-09-26 02:17:00,210 - INFO -   [MÉDIA AVALIAÇÕES] Encontrada (poly-card fallback): '4.7'
2025-09-26 02:17:00,210 - INFO -   [TOTAL AVALIAÇÕES] Encontrado (poly-card fallback): '4900'
2025-09-26 02:17:00,212 - INFO -   [ENTREGA] Texto encontrado (poly-card fallback): 'Frete grátis'
2025-09-26 02:17:00,212 - INFO -   [ENTREGA FULL] Indicador FULL encontrado (poly-card fallback SVG).
2025-09-26 02:17:00,212 - INFO - Produto processado: Cartucho HP 664 Colorido(F6V28AB) Para Ink Advantage 1115, 2134, 2136, 2676, 3636, 3776, 3786, 3788,3790, 3836, 4536, 4676,5076, 5276
2025-09-26 02:17:00,213 - INFO - --- Processando container de produto 7/50 (total coletado: 4, pulados: 2) ---
2025-09-26 02:17:00,214 - INFO -   [TÍTULO] Encontrado: 'Cartucho Tinta Original Hp 664 Preto F6v29ab 2136 2676 3776'
2025-09-26 02:17:00,214 - INFO -   [LINK] Encontrado: 'https://www.mercadolivre.com.br/cartucho-tinta-original-hp-664-preto-f6v29ab-2136-2676-3776/up/MLBU753315902#polycard_client=search-nordic&search_layout=grid&position=7&type=product&tracking_id=9df28f06-5110-4de7-ab73-c3751f741d70&wid=MLB2671518847&sid=search'
2025-09-26 02:17:00,214 - WARNING -   [ID PRODUTO] Não encontrado no link: https://www.mercadolivre.com.br/cartucho-tinta-original-hp-664-preto-f6v29ab-2136-2676-3776/up/MLBU753315902#polycard_client=search-nordic&search_layout=grid&position=7&type=product&tracking_id=9df28f06-5110-4de7-ab73-c3751f741d70&wid=MLB2671518847&sid=search
2025-09-26 02:17:00,215 - INFO -   [PREÇO] Encontrado (poly-card fallback): 'R$ 64,90'
2025-09-26 02:17:00,216 - INFO -   [MARCA] Não encontrada (general/poly).
2025-09-26 02:17:00,217 - INFO -   [IMAGEM] URL da imagem (poly-card fallback): https://http2.mlstatic.com/D_Q_NP_2X_604903-MLA50235451064_062022-E.webp
2025-09-26 02:17:00,217 - INFO -   [VENDEDOR] Não encontrado para o container 7.
2025-09-26 02:17:00,218 - INFO -   [MÉDIA AVALIAÇÕES] Encontrada (poly-card fallback): '4.7'
2025-09-26 02:17:00,218 - INFO -   [TOTAL AVALIAÇÕES] Encontrado (poly-card fallback): '309'
2025-09-26 02:17:00,219 - INFO -   [ENTREGA] Texto encontrado (poly-card fallback): 'Frete grátis'
2025-09-26 02:17:00,219 - INFO -   [ENTREGA FULL] Indicador FULL encontrado (poly-card fallback SVG).
2025-09-26 02:17:00,220 - INFO - Produto processado: Cartucho Tinta Original Hp 664 Preto F6v29ab 2136 2676 3776
2025-09-26 02:17:00,220 - DEBUG - Scraped from <200 https://lista.mercadolivre.com.br/cartucho-hp-664?sb=all_mercadolibre>
{'TITULO PRODUTO': 'Cartucho de tinta preta HP Advantage 664 de 2 ml', 'LINK': 'https://www.mercadolivre.com.br/cartucho-de-tinta-preta-hp-advantage-664-de-2-ml/p/MLB36751629#polycard_client=search-nordic&search_layout=grid&position=4&type=product&tracking_id=9df28f06-5110-4de7-ab73-c3751f741d70&wid=MLB3866554217&sid=search', 'ID_PRODUTO': 'MLB36751629', 'PREÇO': 'R$ 62', 'PREÇO ANTERIOR': 'N/A', 'MARCA': 'N/A', 'IMAGEM': 'https://http2.mlstatic.com/D_Q_NP_2X_901486-MLA82666700555_022025-E.webp', 'VENDEDOR': 'N/A', 'MÉDIA AVALIAÇÕES': '4.7', 'TOTAL AVALIAÇÕES': '4900', 'ENTREGA': 'Frete grátis', 'ENTREGA FULL': 'Sim'}
2025-09-26 02:17:00,221 - DEBUG - Scraped from <200 https://lista.mercadolivre.com.br/cartucho-hp-664?sb=all_mercadolibre>
{'TITULO PRODUTO': 'Kit 2 Cartuchos Hp 664xl (preto + Color) 2136 2676', 'LINK': 'https://www.mercadolivre.com.br/kit-2-cartuchos-hp-664xl-preto-color-2136-2676/p/MLB48102366#polycard_client=search-nordic&search_layout=grid&position=5&type=product&tracking_id=9df28f06-5110-4de7-ab73-c3751f741d70&wid=MLB5719977782&sid=search', 'ID_PRODUTO': 'MLB48102366', 'PREÇO': 'R$ 295,67', 'PREÇO ANTERIOR': 'R$ 314', 'MARCA': 'N/A', 'IMAGEM': 'https://http2.mlstatic.com/D_Q_NP_2X_921961-MLA83444909992_042025-E.webp', 'VENDEDOR': 'Park Ecom', 'MÉDIA AVALIAÇÕES': '4.6', 'TOTAL AVALIAÇÕES': '111', 'ENTREGA': 'Chegará grátis hoje', 'ENTREGA FULL': 'Sim'}
2025-09-26 02:17:00,221 - INFO - --- Processando container de produto 8/50 (total coletado: 5, pulados: 2) ---
2025-09-26 02:17:00,222 - INFO -   [TÍTULO] Encontrado: 'Kit 2 Cartuchos Hp 664 Hp 2136 3636 3836 4536 4676'
2025-09-26 02:17:00,223 - INFO -   [LINK] Encontrado: 'https://www.mercadolivre.com.br/kit-2-cartuchos-hp-664-hp-2136-3636-3836-4536-4676/p/MLB39092873#polycard_client=search-nordic&search_layout=grid&position=8&type=product&tracking_id=9df28f06-5110-4de7-ab73-c3751f741d70&wid=MLB5012110756&sid=search'
2025-09-26 02:17:00,224 - INFO -   [ID PRODUTO] Encontrado: 'MLB39092873'
2025-09-26 02:17:00,226 - INFO -   [PREÇO] Encontrado (poly-card fallback): 'R$ 164,99'
2025-09-26 02:17:00,227 - INFO -   [MARCA] Não encontrada (general/poly).
2025-09-26 02:17:00,228 - INFO -   [IMAGEM] URL da imagem (poly-card fallback): https://http2.mlstatic.com/D_Q_NP_2X_625071-MLA92010295485_092025-E.webp
2025-09-26 02:17:00,229 - INFO -   [VENDEDOR] Não encontrado para o container 8.
2025-09-26 02:17:00,230 - INFO -   [MÉDIA AVALIAÇÕES] Encontrada (poly-card fallback): '4.8'
2025-09-26 02:17:00,231 - INFO -   [TOTAL AVALIAÇÕES] Encontrado (poly-card fallback): '107'
2025-09-26 02:17:00,232 - INFO -   [ENTREGA] Texto encontrado (general alt): 'Chegará grátis hoje'
2025-09-26 02:17:00,232 - INFO -   [ENTREGA FULL] Indicador FULL encontrado (poly-card fallback SVG).
2025-09-26 02:17:00,232 - INFO - Produto processado: Kit 2 Cartuchos Hp 664 Hp 2136 3636 3836 4536 4676
2025-09-26 02:17:00,233 - DEBUG - Scraped from <200 https://lista.mercadolivre.com.br/cartucho-hp-664?sb=all_mercadolibre>
{'TITULO PRODUTO': 'Cartucho HP 664 Colorido(F6V28AB) Para Ink Advantage 1115, 2134, 2136, 2676, 3636, 3776, 3786, 3788,3790, 3836, 4536, 4676,5076, 5276', 'LINK': 'https://www.mercadolivre.com.br/cartucho-hp-664-coloridof6v28ab-para-ink-advantage-1115-2134-2136-2676-3636-3776-3786-37883790-3836-4536-46765076-5276/p/MLB36752265#polycard_client=search-nordic&search_layout=grid&position=6&type=product&tracking_id=9df28f06-5110-4de7-ab73-c3751f741d70&wid=MLB5739828170&sid=search', 'ID_PRODUTO': 'MLB36752265', 'PREÇO': 'R$ 61,96', 'PREÇO ANTERIOR': 'R$ 77', 'MARCA': 'N/A', 'IMAGEM': 'https://http2.mlstatic.com/D_Q_NP_2X_639008-MLA91921137841_092025-E.webp', 'VENDEDOR': 'Mercado Livre', 'MÉDIA AVALIAÇÕES': '4.7', 'TOTAL AVALIAÇÕES': '4900', 'ENTREGA': 'Frete grátis', 'ENTREGA FULL': 'Sim'}
2025-09-26 02:17:00,233 - DEBUG - Scraped from <200 https://lista.mercadolivre.com.br/cartucho-hp-664?sb=all_mercadolibre>
{'TITULO PRODUTO': 'Cartucho Tinta Original Hp 664 Preto F6v29ab 2136 2676 3776', 'LINK': 'https://www.mercadolivre.com.br/cartucho-tinta-original-hp-664-preto-f6v29ab-2136-2676-3776/up/MLBU753315902#polycard_client=search-nordic&search_layout=grid&position=7&type=product&tracking_id=9df28f06-5110-4de7-ab73-c3751f741d70&wid=MLB2671518847&sid=search', 'ID_PRODUTO': 'N/A', 'PREÇO': 'R$ 64,90', 'PREÇO ANTERIOR': 'N/A', 'MARCA': 'N/A', 'IMAGEM': 'https://http2.mlstatic.com/D_Q_NP_2X_604903-MLA50235451064_062022-E.webp', 'VENDEDOR': 'N/A', 'MÉDIA AVALIAÇÕES': '4.7', 'TOTAL AVALIAÇÕES': '309', 'ENTREGA': 'Frete grátis', 'ENTREGA FULL': 'Sim'}
2025-09-26 02:17:00,234 - INFO - --- Processando container de produto 9/50 (total coletado: 6, pulados: 2) ---
2025-09-26 02:17:00,234 - INFO -   [TÍTULO] Encontrado: 'Kit Cartucho Hp 664 Preto E Hp 664 Colorido'
2025-09-26 02:17:00,234 - INFO -   [LINK] Encontrado: 'https://www.mercadolivre.com.br/kit-cartucho-hp-664-preto-e-hp-664-colorido/p/MLB36751072#polycard_client=search-nordic&search_layout=grid&position=9&type=product&tracking_id=9df28f06-5110-4de7-ab73-c3751f741d70&wid=MLB3789824595&sid=search'
2025-09-26 02:17:00,234 - INFO -   [ID PRODUTO] Encontrado: 'MLB36751072'
2025-09-26 02:17:00,237 - INFO -   [PREÇO] Encontrado (poly-card fallback): 'R$ 135'
2025-09-26 02:17:00,237 - INFO -   [PREÇO ANTERIOR] Encontrado (poly-card fallback): 'R$ 153'
2025-09-26 02:17:00,238 - INFO -   [MARCA] Não encontrada (general/poly).
2025-09-26 02:17:00,238 - INFO -   [IMAGEM] URL da imagem (poly-card fallback): https://http2.mlstatic.com/D_Q_NP_2X_950197-MLU76394007878_052024-E.webp
2025-09-26 02:17:00,239 - INFO -   [VENDEDOR] Não encontrado para o container 9.
2025-09-26 02:17:00,240 - INFO -   [MÉDIA AVALIAÇÕES] Encontrada (poly-card fallback): '4.7'
2025-09-26 02:17:00,241 - INFO -   [TOTAL AVALIAÇÕES] Encontrado (poly-card fallback): '4900'
2025-09-26 02:17:00,243 - INFO -   [ENTREGA] Texto encontrado (general alt): 'Chegará grátis hoje'
2025-09-26 02:17:00,243 - INFO -   [ENTREGA FULL] Indicador FULL encontrado (poly-card fallback SVG).
2025-09-26 02:17:00,244 - INFO - Produto processado: Kit Cartucho Hp 664 Preto E Hp 664 Colorido
2025-09-26 02:17:00,244 - INFO - --- Processando container de produto 10/50 (total coletado: 7, pulados: 2) ---
2025-09-26 02:17:00,247 - INFO -   [TÍTULO] Encontrado: '2 Cartuchos 664 Preto Black Impressora Hp Deskjet'
2025-09-26 02:17:00,247 - INFO -   [LINK] Encontrado: 'https://www.mercadolivre.com.br/2-cartuchos-664-preto-black-impressora-hp-deskjet/p/MLB36779932#polycard_client=search-nordic&search_layout=grid&position=10&type=product&tracking_id=9df28f06-5110-4de7-ab73-c3751f741d70&wid=MLB4160125791&sid=search'
2025-09-26 02:17:00,248 - INFO -   [ID PRODUTO] Encontrado: 'MLB36779932'
2025-09-26 02:17:00,249 - INFO -   [PREÇO] Encontrado (poly-card fallback): 'R$ 128,92'
2025-09-26 02:17:00,249 - INFO -   [PREÇO ANTERIOR] Encontrado (poly-card fallback): 'R$ 152'
2025-09-26 02:17:00,250 - INFO -   [MARCA] Não encontrada (general/poly).
2025-09-26 02:17:00,250 - INFO -   [IMAGEM] URL da imagem (poly-card fallback): https://http2.mlstatic.com/D_Q_NP_2X_776710-MLU76109215014_052024-E.webp
2025-09-26 02:17:00,251 - INFO -   [VENDEDOR] Não encontrado para o container 10.
2025-09-26 02:17:00,251 - INFO -   [MÉDIA AVALIAÇÕES] Encontrada (poly-card fallback): '4.7'
2025-09-26 02:17:00,252 - INFO -   [TOTAL AVALIAÇÕES] Encontrado (poly-card fallback): '4900'
2025-09-26 02:17:00,252 - INFO -   [ENTREGA] Texto encontrado (poly-card fallback): 'Frete grátis'
2025-09-26 02:17:00,252 - INFO - Produto processado: 2 Cartuchos 664 Preto Black Impressora Hp Deskjet
2025-09-26 02:17:00,253 - DEBUG - Scraped from <200 https://lista.mercadolivre.com.br/cartucho-hp-664?sb=all_mercadolibre>
{'TITULO PRODUTO': 'Kit 2 Cartuchos Hp 664 Hp 2136 3636 3836 4536 4676', 'LINK': 'https://www.mercadolivre.com.br/kit-2-cartuchos-hp-664-hp-2136-3636-3836-4536-4676/p/MLB39092873#polycard_client=search-nordic&search_layout=grid&position=8&type=product&tracking_id=9df28f06-5110-4de7-ab73-c3751f741d70&wid=MLB5012110756&sid=search', 'ID_PRODUTO': 'MLB39092873', 'PREÇO': 'R$ 164,99', 'PREÇO ANTERIOR': 'N/A', 'MARCA': 'N/A', 'IMAGEM': 'https://http2.mlstatic.com/D_Q_NP_2X_625071-MLA92010295485_092025-E.webp', 'VENDEDOR': 'N/A', 'MÉDIA AVALIAÇÕES': '4.8', 'TOTAL AVALIAÇÕES': '107', 'ENTREGA': 'Chegará grátis hoje', 'ENTREGA FULL': 'Sim'}
2025-09-26 02:17:00,253 - INFO - --- Processando container de produto 11/50 (total coletado: 8, pulados: 2) ---
2025-09-26 02:17:00,254 - INFO -   [TÍTULO] Encontrado: 'Tinta Hp 664 F6v29ab Deskjetink Advantage Preto'
2025-09-26 02:17:00,254 - INFO -   [LINK] Encontrado: 'https://www.mercadolivre.com.br/tinta-hp-664-f6v29ab-deskjetink-advantage-preto/p/MLB44795245#polycard_client=search-nordic&search_layout=grid&position=11&type=product&tracking_id=9df28f06-5110-4de7-ab73-c3751f741d70&wid=MLB4198173329&sid=search'
2025-09-26 02:17:00,255 - INFO -   [ID PRODUTO] Encontrado: 'MLB44795245'
2025-09-26 02:17:00,257 - INFO -   [PREÇO] Encontrado (poly-card fallback): 'R$ 65,73'
2025-09-26 02:17:00,259 - INFO -   [PREÇO ANTERIOR] Encontrado (poly-card fallback): 'R$ 78'
2025-09-26 02:17:00,260 - INFO -   [MARCA] Não encontrada (general/poly).
2025-09-26 02:17:00,261 - INFO -   [IMAGEM] URL da imagem (poly-card fallback): https://http2.mlstatic.com/D_Q_NP_2X_782586-MLA91569797218_092025-E.webp
2025-09-26 02:17:00,263 - INFO -   [VENDEDOR] Encontrado (poly-card fallback): 'Eshop'
2025-09-26 02:17:00,263 - INFO -   [MÉDIA AVALIAÇÕES] Encontrada (poly-card fallback): '4.9'
2025-09-26 02:17:00,264 - INFO -   [TOTAL AVALIAÇÕES] Encontrado (poly-card fallback): '22'
2025-09-26 02:17:00,264 - INFO -   [ENTREGA] Texto encontrado (poly-card fallback): 'Frete grátis'
2025-09-26 02:17:00,265 - INFO -   [ENTREGA FULL] Indicador FULL encontrado (poly-card fallback SVG).
2025-09-26 02:17:00,265 - INFO - Produto processado: Tinta Hp 664 F6v29ab Deskjetink Advantage Preto
2025-09-26 02:17:00,266 - DEBUG - Scraped from <200 https://lista.mercadolivre.com.br/cartucho-hp-664?sb=all_mercadolibre>
{'TITULO PRODUTO': 'Kit Cartucho Hp 664 Preto E Hp 664 Colorido', 'LINK': 'https://www.mercadolivre.com.br/kit-cartucho-hp-664-preto-e-hp-664-colorido/p/MLB36751072#polycard_client=search-nordic&search_layout=grid&position=9&type=product&tracking_id=9df28f06-5110-4de7-ab73-c3751f741d70&wid=MLB3789824595&sid=search', 'ID_PRODUTO': 'MLB36751072', 'PREÇO': 'R$ 135', 'PREÇO ANTERIOR': 'R$ 153', 'MARCA': 'N/A', 'IMAGEM': 'https://http2.mlstatic.com/D_Q_NP_2X_950197-MLU76394007878_052024-E.webp', 'VENDEDOR': 'N/A', 'MÉDIA AVALIAÇÕES': '4.7', 'TOTAL AVALIAÇÕES': '4900', 'ENTREGA': 'Chegará grátis hoje', 'ENTREGA FULL': 'Sim'}
2025-09-26 02:17:00,266 - DEBUG - Scraped from <200 https://lista.mercadolivre.com.br/cartucho-hp-664?sb=all_mercadolibre>
{'TITULO PRODUTO': '2 Cartuchos 664 Preto Black Impressora Hp Deskjet', 'LINK': 'https://www.mercadolivre.com.br/2-cartuchos-664-preto-black-impressora-hp-deskjet/p/MLB36779932#polycard_client=search-nordic&search_layout=grid&position=10&type=product&tracking_id=9df28f06-5110-4de7-ab73-c3751f741d70&wid=MLB4160125791&sid=search', 'ID_PRODUTO': 'MLB36779932', 'PREÇO': 'R$ 128,92', 'PREÇO ANTERIOR': 'R$ 152', 'MARCA': 'N/A', 'IMAGEM': 'https://http2.mlstatic.com/D_Q_NP_2X_776710-MLU76109215014_052024-E.webp', 'VENDEDOR': 'N/A', 'MÉDIA AVALIAÇÕES': '4.7', 'TOTAL AVALIAÇÕES': '4900', 'ENTREGA': 'Frete grátis', 'ENTREGA FULL': 'Não'}
2025-09-26 02:17:00,266 - INFO - --- Processando container de produto 12/50 (total coletado: 9, pulados: 2) ---
2025-09-26 02:17:00,267 - INFO -   [TÍTULO] Encontrado: 'Cartucho Jato De Tinta Ink Advantage 664xl Black'
2025-09-26 02:17:00,267 - INFO -   [LINK] Encontrado: 'https://www.mercadolivre.com.br/cartucho-jato-de-tinta-ink-advantage-664xl-black/p/MLB36877280#polycard_client=search-nordic&search_layout=grid&position=12&type=product&tracking_id=9df28f06-5110-4de7-ab73-c3751f741d70&wid=MLB4735381088&sid=search'
2025-09-26 02:17:00,268 - INFO -   [ID PRODUTO] Encontrado: 'MLB36877280'
2025-09-26 02:17:00,269 - INFO -   [PREÇO] Encontrado (poly-card fallback): 'R$ 187,20'
2025-09-26 02:17:00,269 - INFO -   [MARCA] Não encontrada (general/poly).
2025-09-26 02:17:00,270 - INFO -   [IMAGEM] URL da imagem (poly-card fallback): https://http2.mlstatic.com/D_Q_NP_2X_752084-MLU78080346737_072024-E.webp
2025-09-26 02:17:00,270 - INFO -   [VENDEDOR] Não encontrado para o container 12.
2025-09-26 02:17:00,271 - INFO -   [MÉDIA AVALIAÇÕES] Encontrada (poly-card fallback): '4.5'
2025-09-26 02:17:00,271 - INFO -   [TOTAL AVALIAÇÕES] Encontrado (poly-card fallback): '374'
2025-09-26 02:17:00,272 - INFO -   [ENTREGA] Texto encontrado (general alt): 'Chegará grátis hoje'
2025-09-26 02:17:00,273 - INFO -   [ENTREGA FULL] Indicador FULL encontrado (poly-card fallback SVG).
2025-09-26 02:17:00,274 - INFO - Produto processado: Cartucho Jato De Tinta Ink Advantage 664xl Black
2025-09-26 02:17:00,275 - INFO - Limite de 10 itens atingido durante o processamento da página. Parando.
2025-09-26 02:17:00,276 - DEBUG - Scraped from <200 https://lista.mercadolivre.com.br/cartucho-hp-664?sb=all_mercadolibre>
{'TITULO PRODUTO': 'Tinta Hp 664 F6v29ab Deskjetink Advantage Preto', 'LINK': 'https://www.mercadolivre.com.br/tinta-hp-664-f6v29ab-deskjetink-advantage-preto/p/MLB44795245#polycard_client=search-nordic&search_layout=grid&position=11&type=product&tracking_id=9df28f06-5110-4de7-ab73-c3751f741d70&wid=MLB4198173329&sid=search', 'ID_PRODUTO': 'MLB44795245', 'PREÇO': 'R$ 65,73', 'PREÇO ANTERIOR': 'R$ 78', 'MARCA': 'N/A', 'IMAGEM': 'https://http2.mlstatic.com/D_Q_NP_2X_782586-MLA91569797218_092025-E.webp', 'VENDEDOR': 'Eshop', 'MÉDIA AVALIAÇÕES': '4.9', 'TOTAL AVALIAÇÕES': '22', 'ENTREGA': 'Frete grátis', 'ENTREGA FULL': 'Sim'}
2025-09-26 02:17:00,279 - DEBUG - Scraped from <200 https://lista.mercadolivre.com.br/cartucho-hp-664?sb=all_mercadolibre>
{'TITULO PRODUTO': 'Cartucho Jato De Tinta Ink Advantage 664xl Black', 'LINK': 'https://www.mercadolivre.com.br/cartucho-jato-de-tinta-ink-advantage-664xl-black/p/MLB36877280#polycard_client=search-nordic&search_layout=grid&position=12&type=product&tracking_id=9df28f06-5110-4de7-ab73-c3751f741d70&wid=MLB4735381088&sid=search', 'ID_PRODUTO': 'MLB36877280', 'PREÇO': 'R$ 187,20', 'PREÇO ANTERIOR': 'N/A', 'MARCA': 'N/A', 'IMAGEM': 'https://http2.mlstatic.com/D_Q_NP_2X_752084-MLU78080346737_072024-E.webp', 'VENDEDOR': 'N/A', 'MÉDIA AVALIAÇÕES': '4.5', 'TOTAL AVALIAÇÕES': '374', 'ENTREGA': 'Chegará grátis hoje', 'ENTREGA FULL': 'Sim'}
2025-09-26 02:17:00,280 - INFO - Closing spider (finished)
2025-09-26 02:17:00,281 - INFO - Dumping Scrapy stats:
{'downloader/request_bytes': 800,
 'downloader/request_count': 1,
 'downloader/request_method_count/GET': 1,
 'downloader/response_bytes': 171223,
 'downloader/response_count': 1,
 'downloader/response_status_count/200': 1,
 'elapsed_time_seconds': 8.228471,
 'finish_reason': 'finished',
 'finish_time': datetime.datetime(2025, 9, 26, 5, 17, 0, 280410, tzinfo=datetime.timezone.utc),
 'httpcompression/response_bytes': 1456684,
 'httpcompression/response_count': 1,
 'item_scraped_count': 10,
 'items_per_minute': 75.0,
 'log_count/INFO': 154,
 'log_count/WARNING': 2,
 'response_received_count': 1,
 'responses_per_minute': 7.5,
 'scheduler/dequeued': 1,
 'scheduler/dequeued/memory': 1,
 'scheduler/enqueued': 1,
 'scheduler/enqueued/memory': 1,
 'start_time': datetime.datetime(2025, 9, 26, 5, 16, 52, 51939, tzinfo=datetime.timezone.utc)}
2025-09-26 02:17:00,281 - INFO - Spider closed (finished)
2025-09-26 02:17:41,374 - INFO - [31m[1mWARNING: This is a development server. Do not use it in a production deployment. Use a production WSGI server instead.[0m
 * Running on all addresses (0.0.0.0)
 * Running on http://127.0.0.1:5000
 * Running on http://192.168.100.14:5000
2025-09-26 02:17:41,375 - INFO - [33mPress CTRL+C to quit[0m
2025-09-26 02:17:41,382 - INFO -  * Restarting with watchdog (windowsapi)
2025-09-26 02:17:42,550 - WARNING -  * Debugger is active!
2025-09-26 02:17:42,556 - INFO -  * Debugger PIN: 702-902-971
2025-09-26 02:17:43,323 - INFO - 127.0.0.1 - - [26/Sep/2025 02:17:43] "GET /jobs HTTP/1.1" 200 -
2025-09-26 02:17:43,423 - INFO - 127.0.0.1 - - [26/Sep/2025 02:17:43] "GET /static/style.css HTTP/1.1" 200 -
2025-09-26 02:17:43,577 - INFO - 127.0.0.1 - - [26/Sep/2025 02:17:43] "[33mGET /favicon.ico HTTP/1.1[0m" 404 -
2025-09-26 02:17:45,032 - INFO - 127.0.0.1 - - [26/Sep/2025 02:17:45] "GET /datasets HTTP/1.1" 200 -
2025-09-26 02:17:45,198 - INFO - 127.0.0.1 - - [26/Sep/2025 02:17:45] "[36mGET /static/style.css HTTP/1.1[0m" 304 -
2025-09-26 02:17:55,442 - INFO - 127.0.0.1 - - [26/Sep/2025 02:17:55] "GET /api/datasets/dataset_0f89b46d_20250926_011417.json/download HTTP/1.1" 200 -
2025-09-26 02:18:15,868 - INFO - 127.0.0.1 - - [26/Sep/2025 02:18:15] "GET /datasets HTTP/1.1" 200 -
2025-09-26 02:18:16,169 - INFO - 127.0.0.1 - - [26/Sep/2025 02:18:16] "[36mGET /static/style.css HTTP/1.1[0m" 304 -
2025-09-26 02:18:41,641 - INFO - 127.0.0.1 - - [26/Sep/2025 02:18:41] "GET /datasets HTTP/1.1" 200 -
2025-09-26 02:18:41,656 - INFO - 127.0.0.1 - - [26/Sep/2025 02:18:41] "[36mGET /static/style.css HTTP/1.1[0m" 304 -
2025-09-26 02:18:42,300 - INFO - 127.0.0.1 - - [26/Sep/2025 02:18:42] "GET /scraping HTTP/1.1" 200 -
2025-09-26 02:18:42,605 - INFO - 127.0.0.1 - - [26/Sep/2025 02:18:42] "[36mGET /static/style.css HTTP/1.1[0m" 304 -
2025-09-26 02:18:52,565 - INFO - Job 77d7131c: Iniciando coleta de produtos
2025-09-26 02:18:52,565 - INFO - 127.0.0.1 - - [26/Sep/2025 02:18:52] "[32mPOST /web/scraping/start HTTP/1.1[0m" 302 -
2025-09-26 02:18:52,565 - INFO - Iniciando scraping para: cartucho hp 664
2025-09-26 02:18:52,567 - INFO - Parâmetros: max_items=50, images=True, sort=relevance
2025-09-26 02:18:52,571 - INFO - 127.0.0.1 - - [26/Sep/2025 02:18:52] "GET /jobs HTTP/1.1" 200 -
2025-09-26 02:18:52,799 - INFO - 127.0.0.1 - - [26/Sep/2025 02:18:52] "[36mGET /static/style.css HTTP/1.1[0m" 304 -
2025-09-26 02:18:53,691 - INFO - Spider iniciado com configurações otimizadas:
2025-09-26 02:18:53,691 - INFO -    CONCURRENT_REQUESTS: 1
2025-09-26 02:18:53,692 - INFO -    CONCURRENT_REQUESTS_PER_DOMAIN: 1
2025-09-26 02:18:53,692 - INFO -    DOWNLOAD_TIMEOUT: 30s
2025-09-26 02:18:53,692 - INFO -    HTTPCACHE_ENABLED: False
2025-09-26 02:18:53,694 - INFO - Scrapy 2.13.0 started (bot: scrapybot)
2025-09-26 02:18:53,823 - INFO - Versions:
{'lxml': '5.4.0',
 'libxml2': '2.11.9',
 'cssselect': '1.3.0',
 'parsel': '1.10.0',
 'w3lib': '2.3.1',
 'Twisted': '24.11.0',
 'Python': '3.12.10 (tags/v3.12.10:0cc8128, Apr  8 2025, 12:21:36) [MSC v.1943 '
           '64 bit (AMD64)]',
 'pyOpenSSL': '25.1.0 (OpenSSL 3.5.0 8 Apr 2025)',
 'cryptography': '45.0.2',
 'Platform': 'Windows-11-10.0.26100-SP0'}
2025-09-26 02:18:53,850 - INFO - Spider initialized for query='cartucho hp 664', sort_by='relevance', condition='all', max_items=50. Start URL: https://lista.mercadolivre.com.br/cartucho-hp-664?sb=all_mercadolibre#D[A:cartucho%20hp%20664]
2025-09-26 02:18:53,851 - INFO - Enabled addons:
[]
2025-09-26 02:18:53,856 - DEBUG - Using reactor: twisted.internet.asyncioreactor.AsyncioSelectorReactor
2025-09-26 02:18:53,856 - DEBUG - Using asyncio event loop: asyncio.windows_events._WindowsSelectorEventLoop
2025-09-26 02:18:53,858 - INFO - Telnet Password: 511d645f1005f5b1
2025-09-26 02:18:53,871 - INFO - Enabled extensions:
['scrapy.extensions.corestats.CoreStats',
 'scrapy.extensions.telnet.TelnetConsole',
 'scrapy.extensions.logstats.LogStats',
 'scrapy.extensions.throttle.AutoThrottle']
2025-09-26 02:18:53,872 - INFO - Overridden settings:
{'AUTOTHROTTLE_ENABLED': True,
 'AUTOTHROTTLE_MAX_DELAY': 30,
 'AUTOTHROTTLE_START_DELAY': 2.9932477121596657,
 'CONCURRENT_REQUESTS': 1,
 'CONCURRENT_REQUESTS_PER_DOMAIN': 1,
 'DOWNLOAD_DELAY': 6.586616546264327,
 'DOWNLOAD_TIMEOUT': 30,
 'DOWNLOAD_WARNSIZE': 0,
 'LOG_LEVEL': 'INFO',
 'RETRY_HTTP_CODES': [429, 500, 502, 503, 504, 408, 403],
 'RETRY_TIMES': 5,
 'USER_AGENT': 'Mozilla/5.0 (Linux; Android 13; SM-G998B) AppleWebKit/537.36 '
               '(KHTML, like Gecko) Chrome/121.0.0.0 Mobile Safari/537.36'}
2025-09-26 02:18:53,964 - INFO - Enabled downloader middlewares:
['scrapy.downloadermiddlewares.offsite.OffsiteMiddleware',
 'scrapy.downloadermiddlewares.retry.RetryMiddleware',
 'scrapy.downloadermiddlewares.httpproxy.HttpProxyMiddleware',
 'scrapy.downloadermiddlewares.httpauth.HttpAuthMiddleware',
 'scrapy.downloadermiddlewares.downloadtimeout.DownloadTimeoutMiddleware',
 'scrapy.downloadermiddlewares.defaultheaders.DefaultHeadersMiddleware',
 'scrapy.downloadermiddlewares.redirect.MetaRefreshMiddleware',
 'scrapy.downloadermiddlewares.httpcompression.HttpCompressionMiddleware',
 'scrapy.downloadermiddlewares.redirect.RedirectMiddleware',
 'scrapy.downloadermiddlewares.cookies.CookiesMiddleware',
 'scrapy.downloadermiddlewares.stats.DownloaderStats']
2025-09-26 02:18:53,967 - INFO - Enabled spider middlewares:
['scrapy.spidermiddlewares.start.StartSpiderMiddleware',
 'scrapy.spidermiddlewares.httperror.HttpErrorMiddleware',
 'scrapy.spidermiddlewares.referer.RefererMiddleware',
 'scrapy.spidermiddlewares.urllength.UrlLengthMiddleware',
 'scrapy.spidermiddlewares.depth.DepthMiddleware']
2025-09-26 02:18:53,968 - INFO - Enabled item pipelines:
[]
2025-09-26 02:18:53,968 - INFO - Spider opened
2025-09-26 02:18:53,974 - WARNING - C:\Challenge HP\Challenge-HP\.venv\Lib\site-packages\scrapy\core\spidermw.py:433: ScrapyDeprecationWarning: mercadolivre_spider.MercadoLivreSpider defines the deprecated start_requests() method. start_requests() has been deprecated in favor of a new method, start(), to support asynchronous code execution. start_requests() will stop being called in a future version of Scrapy. If you use Scrapy 2.13 or higher only, replace start_requests() with start(); note that start() is a coroutine (async def). If you need to maintain compatibility with lower Scrapy versions, when overriding start_requests() in a spider class, override start() as well; you can use super() to reuse the inherited start() implementation without copy-pasting. See the release notes of Scrapy 2.13 for details: https://docs.scrapy.org/en/2.13/news.html
  warn(

2025-09-26 02:18:53,975 - INFO - Crawled 0 pages (at 0 pages/min), scraped 0 items (at 0 items/min)
2025-09-26 02:18:53,976 - INFO - Telnet console listening on 127.0.0.1:6023
2025-09-26 02:18:53,976 - INFO - Attempting to scrape URL: https://lista.mercadolivre.com.br/cartucho-hp-664?sb=all_mercadolibre#D[A:cartucho%20hp%20664]
2025-09-26 02:18:53,976 - INFO - Aguardando 6.1s antes da primeira requisição...
2025-09-26 02:18:56,828 - INFO - 127.0.0.1 - - [26/Sep/2025 02:18:56] "GET /api/jobs/77d7131c/status HTTP/1.1" 200 -
2025-09-26 02:19:00,973 - DEBUG - Crawled (200) <GET https://lista.mercadolivre.com.br/cartucho-hp-664?sb=all_mercadolibre#D%5BA:cartucho%20hp%20664%5D> (referer: None)
2025-09-26 02:19:01,106 - INFO - Processing URL: https://lista.mercadolivre.com.br/cartucho-hp-664?sb=all_mercadolibre (Page 1)
2025-09-26 02:19:01,109 - INFO - HTML da primeira página de resultados (https://lista.mercadolivre.com.br/cartucho-hp-664?sb=all_mercadolibre) salvo em scraped_page_content_debug.html para depuração.
2025-09-26 02:19:01,160 - INFO - Encontrados 50 produtos com seletor: .ui-search-layout__item .andes-card.poly-card
2025-09-26 02:19:01,162 - INFO - Usando seletor bem-sucedido: .ui-search-layout__item .andes-card.poly-card
2025-09-26 02:19:01,162 - INFO - Processando 50 containers de produto encontrados em https://lista.mercadolivre.com.br/cartucho-hp-664?sb=all_mercadolibre
2025-09-26 02:19:01,163 - INFO - --- Pulando container 1 (item patrocinado 1/2) ---
2025-09-26 02:19:01,163 - INFO - --- Pulando container 2 (item patrocinado 2/2) ---
2025-09-26 02:19:01,163 - INFO - --- Processando container de produto 3/50 (total coletado: 0, pulados: 2) ---
2025-09-26 02:19:01,165 - INFO -   [TÍTULO] Encontrado: 'Cartucho De Tinta Hp 667 Cor Preto Do 2 Ml'
2025-09-26 02:19:01,166 - INFO -   [LINK] Encontrado: 'https://www.mercadolivre.com.br/cartucho-de-tinta-hp-667-cor-preto-do-2-ml/p/MLB37141763#polycard_client=search-nordic&search_layout=grid&position=3&type=product&tracking_id=7859cd4b-e8b4-4c79-8395-193f79fe8c46&wid=MLB4164477091&sid=search'
2025-09-26 02:19:01,167 - INFO -   [ID PRODUTO] Encontrado: 'MLB37141763'
2025-09-26 02:19:01,168 - INFO -   [PREÇO] Encontrado (poly-card fallback): 'R$ 57,07'
2025-09-26 02:19:01,169 - INFO -   [PREÇO ANTERIOR] Encontrado (poly-card fallback): 'R$ 71'
2025-09-26 02:19:01,170 - INFO -   [MARCA] Não encontrada (general/poly).
2025-09-26 02:19:01,171 - INFO -   [IMAGEM] URL da imagem (poly-card fallback): https://http2.mlstatic.com/D_Q_NP_2X_886903-MLA87439311815_072025-E.webp
2025-09-26 02:19:01,172 - INFO -   [VENDEDOR] Não encontrado para o container 3.
2025-09-26 02:19:01,173 - INFO -   [MÉDIA AVALIAÇÕES] Encontrada (poly-card fallback): '4.8'
2025-09-26 02:19:01,174 - INFO -   [TOTAL AVALIAÇÕES] Encontrado (poly-card fallback): '7371'
2025-09-26 02:19:01,174 - INFO -   [ENTREGA] Texto encontrado (poly-card fallback): 'Frete grátis'
2025-09-26 02:19:01,175 - INFO -   [ENTREGA FULL] Indicador FULL encontrado (poly-card fallback SVG).
2025-09-26 02:19:01,176 - INFO - Produto processado: Cartucho De Tinta Hp 667 Cor Preto Do 2 Ml
2025-09-26 02:19:01,177 - INFO - --- Processando container de produto 4/50 (total coletado: 1, pulados: 2) ---
2025-09-26 02:19:01,179 - INFO -   [TÍTULO] Encontrado: 'Cartucho de tinta preta HP Advantage 664 de 2 ml'
2025-09-26 02:19:01,179 - INFO -   [LINK] Encontrado: 'https://www.mercadolivre.com.br/cartucho-de-tinta-preta-hp-advantage-664-de-2-ml/p/MLB36751629#polycard_client=search-nordic&search_layout=grid&position=4&type=product&tracking_id=7859cd4b-e8b4-4c79-8395-193f79fe8c46&wid=MLB3866554217&sid=search'
2025-09-26 02:19:01,179 - INFO -   [ID PRODUTO] Encontrado: 'MLB36751629'
2025-09-26 02:19:01,180 - INFO -   [PREÇO] Encontrado (poly-card fallback): 'R$ 62'
2025-09-26 02:19:01,181 - INFO -   [MARCA] Não encontrada (general/poly).
2025-09-26 02:19:01,183 - INFO -   [IMAGEM] URL da imagem (poly-card fallback): https://http2.mlstatic.com/D_Q_NP_2X_901486-MLA82666700555_022025-E.webp
2025-09-26 02:19:01,184 - INFO -   [VENDEDOR] Não encontrado para o container 4.
2025-09-26 02:19:01,186 - INFO -   [MÉDIA AVALIAÇÕES] Encontrada (poly-card fallback): '4.7'
2025-09-26 02:19:01,186 - INFO -   [TOTAL AVALIAÇÕES] Encontrado (poly-card fallback): '4900'
2025-09-26 02:19:01,187 - INFO -   [ENTREGA] Texto encontrado (poly-card fallback): 'Frete grátis'
2025-09-26 02:19:01,188 - INFO -   [ENTREGA FULL] Indicador FULL encontrado (poly-card fallback SVG).
2025-09-26 02:19:01,188 - INFO - Produto processado: Cartucho de tinta preta HP Advantage 664 de 2 ml
2025-09-26 02:19:01,189 - DEBUG - Scraped from <200 https://lista.mercadolivre.com.br/cartucho-hp-664?sb=all_mercadolibre>
{'TITULO PRODUTO': 'Cartucho De Tinta Hp 667 Cor Preto Do 2 Ml', 'LINK': 'https://www.mercadolivre.com.br/cartucho-de-tinta-hp-667-cor-preto-do-2-ml/p/MLB37141763#polycard_client=search-nordic&search_layout=grid&position=3&type=product&tracking_id=7859cd4b-e8b4-4c79-8395-193f79fe8c46&wid=MLB4164477091&sid=search', 'ID_PRODUTO': 'MLB37141763', 'PREÇO': 'R$ 57,07', 'PREÇO ANTERIOR': 'R$ 71', 'MARCA': 'N/A', 'IMAGEM': 'https://http2.mlstatic.com/D_Q_NP_2X_886903-MLA87439311815_072025-E.webp', 'VENDEDOR': 'N/A', 'MÉDIA AVALIAÇÕES': '4.8', 'TOTAL AVALIAÇÕES': '7371', 'ENTREGA': 'Frete grátis', 'ENTREGA FULL': 'Sim'}
2025-09-26 02:19:01,189 - INFO - --- Processando container de produto 5/50 (total coletado: 2, pulados: 2) ---
2025-09-26 02:19:01,191 - INFO -   [TÍTULO] Encontrado: 'Kit 2 Cartuchos Hp 664xl (preto + Color) 2136 2676'
2025-09-26 02:19:01,191 - INFO -   [LINK] Encontrado: 'https://www.mercadolivre.com.br/kit-2-cartuchos-hp-664xl-preto-color-2136-2676/p/MLB48102366#polycard_client=search-nordic&search_layout=grid&position=5&type=product&tracking_id=7859cd4b-e8b4-4c79-8395-193f79fe8c46&wid=MLB5719977782&sid=search'
2025-09-26 02:19:01,191 - INFO -   [ID PRODUTO] Encontrado: 'MLB48102366'
2025-09-26 02:19:01,192 - INFO -   [PREÇO] Encontrado (poly-card fallback): 'R$ 295,67'
2025-09-26 02:19:01,193 - INFO -   [PREÇO ANTERIOR] Encontrado (poly-card fallback): 'R$ 314'
2025-09-26 02:19:01,194 - INFO -   [MARCA] Não encontrada (general/poly).
2025-09-26 02:19:01,196 - INFO -   [IMAGEM] URL da imagem (poly-card fallback): https://http2.mlstatic.com/D_Q_NP_2X_921961-MLA83444909992_042025-E.webp
2025-09-26 02:19:01,198 - INFO -   [VENDEDOR] Encontrado (poly-card fallback): 'Park Ecom'
2025-09-26 02:19:01,199 - INFO -   [MÉDIA AVALIAÇÕES] Encontrada (poly-card fallback): '4.6'
2025-09-26 02:19:01,200 - INFO -   [TOTAL AVALIAÇÕES] Encontrado (poly-card fallback): '111'
2025-09-26 02:19:01,200 - INFO -   [ENTREGA] Texto encontrado (general alt): 'Chegará grátis hoje'
2025-09-26 02:19:01,202 - INFO -   [ENTREGA FULL] Indicador FULL encontrado (poly-card fallback SVG).
2025-09-26 02:19:01,202 - INFO - Produto processado: Kit 2 Cartuchos Hp 664xl (preto + Color) 2136 2676
2025-09-26 02:19:01,203 - DEBUG - Scraped from <200 https://lista.mercadolivre.com.br/cartucho-hp-664?sb=all_mercadolibre>
{'TITULO PRODUTO': 'Cartucho de tinta preta HP Advantage 664 de 2 ml', 'LINK': 'https://www.mercadolivre.com.br/cartucho-de-tinta-preta-hp-advantage-664-de-2-ml/p/MLB36751629#polycard_client=search-nordic&search_layout=grid&position=4&type=product&tracking_id=7859cd4b-e8b4-4c79-8395-193f79fe8c46&wid=MLB3866554217&sid=search', 'ID_PRODUTO': 'MLB36751629', 'PREÇO': 'R$ 62', 'PREÇO ANTERIOR': 'N/A', 'MARCA': 'N/A', 'IMAGEM': 'https://http2.mlstatic.com/D_Q_NP_2X_901486-MLA82666700555_022025-E.webp', 'VENDEDOR': 'N/A', 'MÉDIA AVALIAÇÕES': '4.7', 'TOTAL AVALIAÇÕES': '4900', 'ENTREGA': 'Frete grátis', 'ENTREGA FULL': 'Sim'}
2025-09-26 02:19:01,203 - INFO - --- Processando container de produto 6/50 (total coletado: 3, pulados: 2) ---
2025-09-26 02:19:01,205 - INFO -   [TÍTULO] Encontrado: 'Cartucho HP 664 Colorido(F6V28AB) Para Ink Advantage 1115, 2134, 2136, 2676, 3636, 3776, 3786, 3788,3790, 3836, 4536, 4676,5076, 5276'
2025-09-26 02:19:01,205 - INFO -   [LINK] Encontrado: 'https://www.mercadolivre.com.br/cartucho-hp-664-coloridof6v28ab-para-ink-advantage-1115-2134-2136-2676-3636-3776-3786-37883790-3836-4536-46765076-5276/p/MLB36752265#polycard_client=search-nordic&search_layout=grid&position=6&type=product&tracking_id=7859cd4b-e8b4-4c79-8395-193f79fe8c46&wid=MLB5739828170&sid=search'
2025-09-26 02:19:01,206 - INFO -   [ID PRODUTO] Encontrado: 'MLB36752265'
2025-09-26 02:19:01,207 - INFO -   [PREÇO] Encontrado (poly-card fallback): 'R$ 61,96'
2025-09-26 02:19:01,208 - INFO -   [PREÇO ANTERIOR] Encontrado (poly-card fallback): 'R$ 77'
2025-09-26 02:19:01,209 - INFO -   [MARCA] Não encontrada (general/poly).
2025-09-26 02:19:01,209 - INFO -   [IMAGEM] URL da imagem (poly-card fallback): https://http2.mlstatic.com/D_Q_NP_2X_639008-MLA91921137841_092025-E.webp
2025-09-26 02:19:01,210 - INFO -   [VENDEDOR] Encontrado (poly-card fallback): 'Mercado Livre'
2025-09-26 02:19:01,211 - INFO -   [MÉDIA AVALIAÇÕES] Encontrada (poly-card fallback): '4.7'
2025-09-26 02:19:01,211 - INFO -   [TOTAL AVALIAÇÕES] Encontrado (poly-card fallback): '4900'
2025-09-26 02:19:01,212 - INFO -   [ENTREGA] Texto encontrado (poly-card fallback): 'Frete grátis'
2025-09-26 02:19:01,213 - INFO -   [ENTREGA FULL] Indicador FULL encontrado (poly-card fallback SVG).
2025-09-26 02:19:01,213 - INFO - Produto processado: Cartucho HP 664 Colorido(F6V28AB) Para Ink Advantage 1115, 2134, 2136, 2676, 3636, 3776, 3786, 3788,3790, 3836, 4536, 4676,5076, 5276
2025-09-26 02:19:01,214 - DEBUG - Scraped from <200 https://lista.mercadolivre.com.br/cartucho-hp-664?sb=all_mercadolibre>
{'TITULO PRODUTO': 'Kit 2 Cartuchos Hp 664xl (preto + Color) 2136 2676', 'LINK': 'https://www.mercadolivre.com.br/kit-2-cartuchos-hp-664xl-preto-color-2136-2676/p/MLB48102366#polycard_client=search-nordic&search_layout=grid&position=5&type=product&tracking_id=7859cd4b-e8b4-4c79-8395-193f79fe8c46&wid=MLB5719977782&sid=search', 'ID_PRODUTO': 'MLB48102366', 'PREÇO': 'R$ 295,67', 'PREÇO ANTERIOR': 'R$ 314', 'MARCA': 'N/A', 'IMAGEM': 'https://http2.mlstatic.com/D_Q_NP_2X_921961-MLA83444909992_042025-E.webp', 'VENDEDOR': 'Park Ecom', 'MÉDIA AVALIAÇÕES': '4.6', 'TOTAL AVALIAÇÕES': '111', 'ENTREGA': 'Chegará grátis hoje', 'ENTREGA FULL': 'Sim'}
2025-09-26 02:19:01,215 - INFO - --- Processando container de produto 7/50 (total coletado: 4, pulados: 2) ---
2025-09-26 02:19:01,216 - INFO -   [TÍTULO] Encontrado: 'Cartucho Tinta Original Hp 664 Preto F6v29ab 2136 2676 3776'
2025-09-26 02:19:01,216 - INFO -   [LINK] Encontrado: 'https://www.mercadolivre.com.br/cartucho-tinta-original-hp-664-preto-f6v29ab-2136-2676-3776/up/MLBU753315902#polycard_client=search-nordic&search_layout=grid&position=7&type=product&tracking_id=7859cd4b-e8b4-4c79-8395-193f79fe8c46&wid=MLB2671518847&sid=search'
2025-09-26 02:19:01,217 - WARNING -   [ID PRODUTO] Não encontrado no link: https://www.mercadolivre.com.br/cartucho-tinta-original-hp-664-preto-f6v29ab-2136-2676-3776/up/MLBU753315902#polycard_client=search-nordic&search_layout=grid&position=7&type=product&tracking_id=7859cd4b-e8b4-4c79-8395-193f79fe8c46&wid=MLB2671518847&sid=search
2025-09-26 02:19:01,219 - INFO -   [PREÇO] Encontrado (poly-card fallback): 'R$ 64,90'
2025-09-26 02:19:01,221 - INFO -   [MARCA] Não encontrada (general/poly).
2025-09-26 02:19:01,222 - INFO -   [IMAGEM] URL da imagem (poly-card fallback): https://http2.mlstatic.com/D_Q_NP_2X_604903-MLA50235451064_062022-E.webp
2025-09-26 02:19:01,223 - INFO -   [VENDEDOR] Não encontrado para o container 7.
2025-09-26 02:19:01,224 - INFO -   [MÉDIA AVALIAÇÕES] Encontrada (poly-card fallback): '4.7'
2025-09-26 02:19:01,224 - INFO -   [TOTAL AVALIAÇÕES] Encontrado (poly-card fallback): '309'
2025-09-26 02:19:01,225 - INFO -   [ENTREGA] Texto encontrado (poly-card fallback): 'Frete grátis'
2025-09-26 02:19:01,225 - INFO -   [ENTREGA FULL] Indicador FULL encontrado (poly-card fallback SVG).
2025-09-26 02:19:01,225 - INFO - Produto processado: Cartucho Tinta Original Hp 664 Preto F6v29ab 2136 2676 3776
2025-09-26 02:19:01,226 - DEBUG - Scraped from <200 https://lista.mercadolivre.com.br/cartucho-hp-664?sb=all_mercadolibre>
{'TITULO PRODUTO': 'Cartucho HP 664 Colorido(F6V28AB) Para Ink Advantage 1115, 2134, 2136, 2676, 3636, 3776, 3786, 3788,3790, 3836, 4536, 4676,5076, 5276', 'LINK': 'https://www.mercadolivre.com.br/cartucho-hp-664-coloridof6v28ab-para-ink-advantage-1115-2134-2136-2676-3636-3776-3786-37883790-3836-4536-46765076-5276/p/MLB36752265#polycard_client=search-nordic&search_layout=grid&position=6&type=product&tracking_id=7859cd4b-e8b4-4c79-8395-193f79fe8c46&wid=MLB5739828170&sid=search', 'ID_PRODUTO': 'MLB36752265', 'PREÇO': 'R$ 61,96', 'PREÇO ANTERIOR': 'R$ 77', 'MARCA': 'N/A', 'IMAGEM': 'https://http2.mlstatic.com/D_Q_NP_2X_639008-MLA91921137841_092025-E.webp', 'VENDEDOR': 'Mercado Livre', 'MÉDIA AVALIAÇÕES': '4.7', 'TOTAL AVALIAÇÕES': '4900', 'ENTREGA': 'Frete grátis', 'ENTREGA FULL': 'Sim'}
2025-09-26 02:19:01,227 - INFO - --- Processando container de produto 8/50 (total coletado: 5, pulados: 2) ---
2025-09-26 02:19:01,229 - INFO -   [TÍTULO] Encontrado: 'Kit 2 Cartuchos Hp 664 Hp 2136 3636 3836 4536 4676'
2025-09-26 02:19:01,230 - INFO -   [LINK] Encontrado: 'https://www.mercadolivre.com.br/kit-2-cartuchos-hp-664-hp-2136-3636-3836-4536-4676/p/MLB39092873#polycard_client=search-nordic&search_layout=grid&position=8&type=product&tracking_id=7859cd4b-e8b4-4c79-8395-193f79fe8c46&wid=MLB5012110756&sid=search'
2025-09-26 02:19:01,230 - INFO -   [ID PRODUTO] Encontrado: 'MLB39092873'
2025-09-26 02:19:01,231 - INFO -   [PREÇO] Encontrado (poly-card fallback): 'R$ 164,99'
2025-09-26 02:19:01,232 - INFO -   [MARCA] Não encontrada (general/poly).
2025-09-26 02:19:01,234 - INFO -   [IMAGEM] URL da imagem (poly-card fallback): https://http2.mlstatic.com/D_Q_NP_2X_625071-MLA92010295485_092025-E.webp
2025-09-26 02:19:01,236 - INFO -   [VENDEDOR] Não encontrado para o container 8.
2025-09-26 02:19:01,237 - INFO -   [MÉDIA AVALIAÇÕES] Encontrada (poly-card fallback): '4.8'
2025-09-26 02:19:01,237 - INFO -   [TOTAL AVALIAÇÕES] Encontrado (poly-card fallback): '107'
2025-09-26 02:19:01,238 - INFO -   [ENTREGA] Texto encontrado (general alt): 'Chegará grátis hoje'
2025-09-26 02:19:01,239 - INFO -   [ENTREGA FULL] Indicador FULL encontrado (poly-card fallback SVG).
2025-09-26 02:19:01,239 - INFO - Produto processado: Kit 2 Cartuchos Hp 664 Hp 2136 3636 3836 4536 4676
2025-09-26 02:19:01,240 - DEBUG - Scraped from <200 https://lista.mercadolivre.com.br/cartucho-hp-664?sb=all_mercadolibre>
{'TITULO PRODUTO': 'Cartucho Tinta Original Hp 664 Preto F6v29ab 2136 2676 3776', 'LINK': 'https://www.mercadolivre.com.br/cartucho-tinta-original-hp-664-preto-f6v29ab-2136-2676-3776/up/MLBU753315902#polycard_client=search-nordic&search_layout=grid&position=7&type=product&tracking_id=7859cd4b-e8b4-4c79-8395-193f79fe8c46&wid=MLB2671518847&sid=search', 'ID_PRODUTO': 'N/A', 'PREÇO': 'R$ 64,90', 'PREÇO ANTERIOR': 'N/A', 'MARCA': 'N/A', 'IMAGEM': 'https://http2.mlstatic.com/D_Q_NP_2X_604903-MLA50235451064_062022-E.webp', 'VENDEDOR': 'N/A', 'MÉDIA AVALIAÇÕES': '4.7', 'TOTAL AVALIAÇÕES': '309', 'ENTREGA': 'Frete grátis', 'ENTREGA FULL': 'Sim'}
2025-09-26 02:19:01,240 - INFO - --- Processando container de produto 9/50 (total coletado: 6, pulados: 2) ---
2025-09-26 02:19:01,241 - INFO -   [TÍTULO] Encontrado: 'Kit Cartucho Hp 664 Preto E Hp 664 Colorido'
2025-09-26 02:19:01,241 - INFO -   [LINK] Encontrado: 'https://www.mercadolivre.com.br/kit-cartucho-hp-664-preto-e-hp-664-colorido/p/MLB36751072#polycard_client=search-nordic&search_layout=grid&position=9&type=product&tracking_id=7859cd4b-e8b4-4c79-8395-193f79fe8c46&wid=MLB3789824595&sid=search'
2025-09-26 02:19:01,242 - INFO -   [ID PRODUTO] Encontrado: 'MLB36751072'
2025-09-26 02:19:01,243 - INFO -   [PREÇO] Encontrado (poly-card fallback): 'R$ 135'
2025-09-26 02:19:01,245 - INFO -   [PREÇO ANTERIOR] Encontrado (poly-card fallback): 'R$ 153'
2025-09-26 02:19:01,246 - INFO -   [MARCA] Não encontrada (general/poly).
2025-09-26 02:19:01,248 - INFO -   [IMAGEM] URL da imagem (poly-card fallback): https://http2.mlstatic.com/D_Q_NP_2X_950197-MLU76394007878_052024-E.webp
2025-09-26 02:19:01,248 - INFO -   [VENDEDOR] Não encontrado para o container 9.
2025-09-26 02:19:01,250 - INFO -   [MÉDIA AVALIAÇÕES] Encontrada (poly-card fallback): '4.7'
2025-09-26 02:19:01,251 - INFO -   [TOTAL AVALIAÇÕES] Encontrado (poly-card fallback): '4900'
2025-09-26 02:19:01,252 - INFO -   [ENTREGA] Texto encontrado (general alt): 'Chegará grátis hoje'
2025-09-26 02:19:01,253 - INFO -   [ENTREGA FULL] Indicador FULL encontrado (poly-card fallback SVG).
2025-09-26 02:19:01,254 - INFO - Produto processado: Kit Cartucho Hp 664 Preto E Hp 664 Colorido
2025-09-26 02:19:01,254 - DEBUG - Scraped from <200 https://lista.mercadolivre.com.br/cartucho-hp-664?sb=all_mercadolibre>
{'TITULO PRODUTO': 'Kit 2 Cartuchos Hp 664 Hp 2136 3636 3836 4536 4676', 'LINK': 'https://www.mercadolivre.com.br/kit-2-cartuchos-hp-664-hp-2136-3636-3836-4536-4676/p/MLB39092873#polycard_client=search-nordic&search_layout=grid&position=8&type=product&tracking_id=7859cd4b-e8b4-4c79-8395-193f79fe8c46&wid=MLB5012110756&sid=search', 'ID_PRODUTO': 'MLB39092873', 'PREÇO': 'R$ 164,99', 'PREÇO ANTERIOR': 'N/A', 'MARCA': 'N/A', 'IMAGEM': 'https://http2.mlstatic.com/D_Q_NP_2X_625071-MLA92010295485_092025-E.webp', 'VENDEDOR': 'N/A', 'MÉDIA AVALIAÇÕES': '4.8', 'TOTAL AVALIAÇÕES': '107', 'ENTREGA': 'Chegará grátis hoje', 'ENTREGA FULL': 'Sim'}
2025-09-26 02:19:01,255 - INFO - --- Processando container de produto 10/50 (total coletado: 7, pulados: 2) ---
2025-09-26 02:19:01,256 - INFO -   [TÍTULO] Encontrado: '2 Cartuchos 664 Preto Black Impressora Hp Deskjet'
2025-09-26 02:19:01,256 - INFO -   [LINK] Encontrado: 'https://www.mercadolivre.com.br/2-cartuchos-664-preto-black-impressora-hp-deskjet/p/MLB36779932#polycard_client=search-nordic&search_layout=grid&position=10&type=product&tracking_id=7859cd4b-e8b4-4c79-8395-193f79fe8c46&wid=MLB4160125791&sid=search'
2025-09-26 02:19:01,256 - INFO -   [ID PRODUTO] Encontrado: 'MLB36779932'
2025-09-26 02:19:01,258 - INFO -   [PREÇO] Encontrado (poly-card fallback): 'R$ 128,92'
2025-09-26 02:19:01,258 - INFO -   [PREÇO ANTERIOR] Encontrado (poly-card fallback): 'R$ 152'
2025-09-26 02:19:01,259 - INFO -   [MARCA] Não encontrada (general/poly).
2025-09-26 02:19:01,260 - INFO -   [IMAGEM] URL da imagem (poly-card fallback): https://http2.mlstatic.com/D_Q_NP_2X_776710-MLU76109215014_052024-E.webp
2025-09-26 02:19:01,261 - INFO -   [VENDEDOR] Não encontrado para o container 10.
2025-09-26 02:19:01,263 - INFO -   [MÉDIA AVALIAÇÕES] Encontrada (poly-card fallback): '4.7'
2025-09-26 02:19:01,263 - INFO -   [TOTAL AVALIAÇÕES] Encontrado (poly-card fallback): '4900'
2025-09-26 02:19:01,264 - INFO -   [ENTREGA] Texto encontrado (poly-card fallback): 'Frete grátis'
2025-09-26 02:19:01,265 - INFO - Produto processado: 2 Cartuchos 664 Preto Black Impressora Hp Deskjet
2025-09-26 02:19:01,265 - DEBUG - Scraped from <200 https://lista.mercadolivre.com.br/cartucho-hp-664?sb=all_mercadolibre>
{'TITULO PRODUTO': 'Kit Cartucho Hp 664 Preto E Hp 664 Colorido', 'LINK': 'https://www.mercadolivre.com.br/kit-cartucho-hp-664-preto-e-hp-664-colorido/p/MLB36751072#polycard_client=search-nordic&search_layout=grid&position=9&type=product&tracking_id=7859cd4b-e8b4-4c79-8395-193f79fe8c46&wid=MLB3789824595&sid=search', 'ID_PRODUTO': 'MLB36751072', 'PREÇO': 'R$ 135', 'PREÇO ANTERIOR': 'R$ 153', 'MARCA': 'N/A', 'IMAGEM': 'https://http2.mlstatic.com/D_Q_NP_2X_950197-MLU76394007878_052024-E.webp', 'VENDEDOR': 'N/A', 'MÉDIA AVALIAÇÕES': '4.7', 'TOTAL AVALIAÇÕES': '4900', 'ENTREGA': 'Chegará grátis hoje', 'ENTREGA FULL': 'Sim'}
2025-09-26 02:19:01,266 - INFO - --- Processando container de produto 11/50 (total coletado: 8, pulados: 2) ---
2025-09-26 02:19:01,267 - INFO -   [TÍTULO] Encontrado: 'Tinta Hp 664 F6v29ab Deskjetink Advantage Preto'
2025-09-26 02:19:01,268 - INFO -   [LINK] Encontrado: 'https://www.mercadolivre.com.br/tinta-hp-664-f6v29ab-deskjetink-advantage-preto/p/MLB44795245#polycard_client=search-nordic&search_layout=grid&position=11&type=product&tracking_id=7859cd4b-e8b4-4c79-8395-193f79fe8c46&wid=MLB4198173329&sid=search'
2025-09-26 02:19:01,269 - INFO -   [ID PRODUTO] Encontrado: 'MLB44795245'
2025-09-26 02:19:01,271 - INFO -   [PREÇO] Encontrado (poly-card fallback): 'R$ 65,73'
2025-09-26 02:19:01,272 - INFO -   [PREÇO ANTERIOR] Encontrado (poly-card fallback): 'R$ 78'
2025-09-26 02:19:01,273 - INFO -   [MARCA] Não encontrada (general/poly).
2025-09-26 02:19:01,273 - INFO -   [IMAGEM] URL da imagem (poly-card fallback): https://http2.mlstatic.com/D_Q_NP_2X_782586-MLA91569797218_092025-E.webp
2025-09-26 02:19:01,274 - INFO -   [VENDEDOR] Encontrado (poly-card fallback): 'Eshop'
2025-09-26 02:19:01,275 - INFO -   [MÉDIA AVALIAÇÕES] Encontrada (poly-card fallback): '4.9'
2025-09-26 02:19:01,275 - INFO -   [TOTAL AVALIAÇÕES] Encontrado (poly-card fallback): '22'
2025-09-26 02:19:01,276 - INFO -   [ENTREGA] Texto encontrado (poly-card fallback): 'Frete grátis'
2025-09-26 02:19:01,276 - INFO -   [ENTREGA FULL] Indicador FULL encontrado (poly-card fallback SVG).
2025-09-26 02:19:01,277 - INFO - Produto processado: Tinta Hp 664 F6v29ab Deskjetink Advantage Preto
2025-09-26 02:19:01,277 - DEBUG - Scraped from <200 https://lista.mercadolivre.com.br/cartucho-hp-664?sb=all_mercadolibre>
{'TITULO PRODUTO': '2 Cartuchos 664 Preto Black Impressora Hp Deskjet', 'LINK': 'https://www.mercadolivre.com.br/2-cartuchos-664-preto-black-impressora-hp-deskjet/p/MLB36779932#polycard_client=search-nordic&search_layout=grid&position=10&type=product&tracking_id=7859cd4b-e8b4-4c79-8395-193f79fe8c46&wid=MLB4160125791&sid=search', 'ID_PRODUTO': 'MLB36779932', 'PREÇO': 'R$ 128,92', 'PREÇO ANTERIOR': 'R$ 152', 'MARCA': 'N/A', 'IMAGEM': 'https://http2.mlstatic.com/D_Q_NP_2X_776710-MLU76109215014_052024-E.webp', 'VENDEDOR': 'N/A', 'MÉDIA AVALIAÇÕES': '4.7', 'TOTAL AVALIAÇÕES': '4900', 'ENTREGA': 'Frete grátis', 'ENTREGA FULL': 'Não'}
2025-09-26 02:19:01,278 - INFO - --- Processando container de produto 12/50 (total coletado: 9, pulados: 2) ---
2025-09-26 02:19:01,280 - INFO -   [TÍTULO] Encontrado: 'Cartucho Jato De Tinta Ink Advantage 664xl Black'
2025-09-26 02:19:01,280 - INFO -   [LINK] Encontrado: 'https://www.mercadolivre.com.br/cartucho-jato-de-tinta-ink-advantage-664xl-black/p/MLB36877280#polycard_client=search-nordic&search_layout=grid&position=12&type=product&tracking_id=7859cd4b-e8b4-4c79-8395-193f79fe8c46&wid=MLB4735381088&sid=search'
2025-09-26 02:19:01,280 - INFO -   [ID PRODUTO] Encontrado: 'MLB36877280'
2025-09-26 02:19:01,282 - INFO -   [PREÇO] Encontrado (poly-card fallback): 'R$ 187,20'
2025-09-26 02:19:01,284 - INFO -   [MARCA] Não encontrada (general/poly).
2025-09-26 02:19:01,285 - INFO -   [IMAGEM] URL da imagem (poly-card fallback): https://http2.mlstatic.com/D_Q_NP_2X_752084-MLU78080346737_072024-E.webp
2025-09-26 02:19:01,286 - INFO -   [VENDEDOR] Não encontrado para o container 12.
2025-09-26 02:19:01,287 - INFO -   [MÉDIA AVALIAÇÕES] Encontrada (poly-card fallback): '4.5'
2025-09-26 02:19:01,287 - INFO -   [TOTAL AVALIAÇÕES] Encontrado (poly-card fallback): '374'
2025-09-26 02:19:01,288 - INFO -   [ENTREGA] Texto encontrado (general alt): 'Chegará grátis hoje'
2025-09-26 02:19:01,289 - INFO -   [ENTREGA FULL] Indicador FULL encontrado (poly-card fallback SVG).
2025-09-26 02:19:01,289 - INFO - Produto processado: Cartucho Jato De Tinta Ink Advantage 664xl Black
2025-09-26 02:19:01,289 - DEBUG - Scraped from <200 https://lista.mercadolivre.com.br/cartucho-hp-664?sb=all_mercadolibre>
{'TITULO PRODUTO': 'Tinta Hp 664 F6v29ab Deskjetink Advantage Preto', 'LINK': 'https://www.mercadolivre.com.br/tinta-hp-664-f6v29ab-deskjetink-advantage-preto/p/MLB44795245#polycard_client=search-nordic&search_layout=grid&position=11&type=product&tracking_id=7859cd4b-e8b4-4c79-8395-193f79fe8c46&wid=MLB4198173329&sid=search', 'ID_PRODUTO': 'MLB44795245', 'PREÇO': 'R$ 65,73', 'PREÇO ANTERIOR': 'R$ 78', 'MARCA': 'N/A', 'IMAGEM': 'https://http2.mlstatic.com/D_Q_NP_2X_782586-MLA91569797218_092025-E.webp', 'VENDEDOR': 'Eshop', 'MÉDIA AVALIAÇÕES': '4.9', 'TOTAL AVALIAÇÕES': '22', 'ENTREGA': 'Frete grátis', 'ENTREGA FULL': 'Sim'}
2025-09-26 02:19:01,290 - INFO - --- Processando container de produto 13/50 (total coletado: 10, pulados: 2) ---
2025-09-26 02:19:01,292 - INFO -   [TÍTULO] Encontrado: 'Cartucho De Tinta Hp 662 Preto Advantage'
2025-09-26 02:19:01,292 - INFO -   [LINK] Encontrado: 'https://www.mercadolivre.com.br/cartucho-de-tinta-hp-662-preto-advantage/p/MLB36772792#polycard_client=search-nordic&search_layout=grid&position=13&type=product&tracking_id=7859cd4b-e8b4-4c79-8395-193f79fe8c46&wid=MLB3888681729&sid=search'
2025-09-26 02:19:01,293 - INFO -   [ID PRODUTO] Encontrado: 'MLB36772792'
2025-09-26 02:19:01,295 - INFO -   [PREÇO] Encontrado (poly-card fallback): 'R$ 64,68'
2025-09-26 02:19:01,297 - INFO -   [PREÇO ANTERIOR] Encontrado (poly-card fallback): 'R$ 71'
2025-09-26 02:19:01,298 - INFO -   [MARCA] Não encontrada (general/poly).
2025-09-26 02:19:01,300 - INFO -   [IMAGEM] URL da imagem (poly-card fallback): https://http2.mlstatic.com/D_Q_NP_2X_851261-MLA84846526119_052025-E.webp
2025-09-26 02:19:01,301 - INFO -   [VENDEDOR] Encontrado (poly-card fallback): 'HP'
2025-09-26 02:19:01,302 - INFO -   [MÉDIA AVALIAÇÕES] Encontrada (poly-card fallback): '4.7'
2025-09-26 02:19:01,303 - INFO -   [TOTAL AVALIAÇÕES] Encontrado (poly-card fallback): '1751'
2025-09-26 02:19:01,304 - INFO -   [ENTREGA] Texto encontrado (poly-card fallback): 'Frete grátis'
2025-09-26 02:19:01,304 - INFO -   [ENTREGA FULL] Indicador FULL encontrado (poly-card fallback SVG).
2025-09-26 02:19:01,305 - INFO - Produto processado: Cartucho De Tinta Hp 662 Preto Advantage
2025-09-26 02:19:01,305 - DEBUG - Scraped from <200 https://lista.mercadolivre.com.br/cartucho-hp-664?sb=all_mercadolibre>
{'TITULO PRODUTO': 'Cartucho Jato De Tinta Ink Advantage 664xl Black', 'LINK': 'https://www.mercadolivre.com.br/cartucho-jato-de-tinta-ink-advantage-664xl-black/p/MLB36877280#polycard_client=search-nordic&search_layout=grid&position=12&type=product&tracking_id=7859cd4b-e8b4-4c79-8395-193f79fe8c46&wid=MLB4735381088&sid=search', 'ID_PRODUTO': 'MLB36877280', 'PREÇO': 'R$ 187,20', 'PREÇO ANTERIOR': 'N/A', 'MARCA': 'N/A', 'IMAGEM': 'https://http2.mlstatic.com/D_Q_NP_2X_752084-MLU78080346737_072024-E.webp', 'VENDEDOR': 'N/A', 'MÉDIA AVALIAÇÕES': '4.5', 'TOTAL AVALIAÇÕES': '374', 'ENTREGA': 'Chegará grátis hoje', 'ENTREGA FULL': 'Sim'}
2025-09-26 02:19:01,306 - INFO - --- Processando container de produto 14/50 (total coletado: 11, pulados: 2) ---
2025-09-26 02:19:01,306 - INFO -   [TÍTULO] Encontrado: 'Kit Cartucho De Tinta Hp 662 Preto E 622 Colorido'
2025-09-26 02:19:01,308 - INFO -   [LINK] Encontrado: 'https://www.mercadolivre.com.br/kit-cartucho-de-tinta-hp-662-preto-e-622-colorido/p/MLB44336841#polycard_client=search-nordic&search_layout=grid&position=14&type=product&tracking_id=7859cd4b-e8b4-4c79-8395-193f79fe8c46&wid=MLB5244722402&sid=search'
2025-09-26 02:19:01,308 - INFO -   [ID PRODUTO] Encontrado: 'MLB44336841'
2025-09-26 02:19:01,309 - INFO -   [PREÇO] Encontrado (poly-card fallback): 'R$ 183'
2025-09-26 02:19:01,310 - INFO -   [MARCA] Não encontrada (general/poly).
2025-09-26 02:19:01,311 - INFO -   [IMAGEM] URL da imagem (poly-card fallback): https://http2.mlstatic.com/D_Q_NP_2X_937976-MLA81088944033_122024-E.webp
2025-09-26 02:19:01,312 - INFO -   [VENDEDOR] Não encontrado para o container 14.
2025-09-26 02:19:01,313 - INFO -   [MÉDIA AVALIAÇÕES] Encontrada (poly-card fallback): '4.6'
2025-09-26 02:19:01,314 - INFO -   [TOTAL AVALIAÇÕES] Encontrado (poly-card fallback): '53'
2025-09-26 02:19:01,315 - INFO -   [ENTREGA] Texto encontrado (general alt): 'Chegará grátis hoje'
2025-09-26 02:19:01,316 - INFO -   [ENTREGA FULL] Indicador FULL encontrado (poly-card fallback SVG).
2025-09-26 02:19:01,317 - INFO - Produto processado: Kit Cartucho De Tinta Hp 662 Preto E 622 Colorido
2025-09-26 02:19:01,317 - DEBUG - Scraped from <200 https://lista.mercadolivre.com.br/cartucho-hp-664?sb=all_mercadolibre>
{'TITULO PRODUTO': 'Cartucho De Tinta Hp 662 Preto Advantage', 'LINK': 'https://www.mercadolivre.com.br/cartucho-de-tinta-hp-662-preto-advantage/p/MLB36772792#polycard_client=search-nordic&search_layout=grid&position=13&type=product&tracking_id=7859cd4b-e8b4-4c79-8395-193f79fe8c46&wid=MLB3888681729&sid=search', 'ID_PRODUTO': 'MLB36772792', 'PREÇO': 'R$ 64,68', 'PREÇO ANTERIOR': 'R$ 71', 'MARCA': 'N/A', 'IMAGEM': 'https://http2.mlstatic.com/D_Q_NP_2X_851261-MLA84846526119_052025-E.webp', 'VENDEDOR': 'HP', 'MÉDIA AVALIAÇÕES': '4.7', 'TOTAL AVALIAÇÕES': '1751', 'ENTREGA': 'Frete grátis', 'ENTREGA FULL': 'Sim'}
2025-09-26 02:19:01,318 - INFO - --- Processando container de produto 15/50 (total coletado: 12, pulados: 2) ---
2025-09-26 02:19:01,319 - INFO -   [TÍTULO] Encontrado: 'Cartucho De Tinta Hp 664 Preto'
2025-09-26 02:19:01,320 - INFO -   [LINK] Encontrado: 'https://www.mercadolivre.com.br/cartucho-de-tinta-hp-664-preto/p/MLB36768292#polycard_client=search-nordic&search_layout=grid&position=15&type=product&tracking_id=7859cd4b-e8b4-4c79-8395-193f79fe8c46&wid=MLB4678660474&sid=search'
2025-09-26 02:19:01,320 - INFO -   [ID PRODUTO] Encontrado: 'MLB36768292'
2025-09-26 02:19:01,321 - INFO -   [PREÇO] Encontrado (poly-card fallback): 'R$ 143,90'
2025-09-26 02:19:01,323 - INFO -   [MARCA] Não encontrada (general/poly).
2025-09-26 02:19:01,323 - INFO -   [IMAGEM] URL da imagem (poly-card fallback): https://http2.mlstatic.com/D_Q_NP_2X_907517-MLA84489489161_052025-E.webp
2025-09-26 02:19:01,324 - INFO -   [VENDEDOR] Não encontrado para o container 15.
2025-09-26 02:19:01,325 - INFO -   [MÉDIA AVALIAÇÕES] Encontrada (poly-card fallback): '4.7'
2025-09-26 02:19:01,325 - INFO -   [TOTAL AVALIAÇÕES] Encontrado (poly-card fallback): '4900'
2025-09-26 02:19:01,326 - INFO -   [ENTREGA] Texto encontrado (poly-card fallback): 'Frete grátis'
2025-09-26 02:19:01,327 - INFO - Produto processado: Cartucho De Tinta Hp 664 Preto
2025-09-26 02:19:01,328 - INFO - --- Processando container de produto 16/50 (total coletado: 13, pulados: 2) ---
2025-09-26 02:19:01,329 - INFO -   [TÍTULO] Encontrado: 'Cartucho de tinta HP 664xl Tricolor 8ml'
2025-09-26 02:19:01,330 - INFO -   [LINK] Encontrado: 'https://www.mercadolivre.com.br/cartucho-de-tinta-hp-664xl-tricolor-8ml/p/MLB36751101#polycard_client=search-nordic&search_layout=grid&position=16&type=product&tracking_id=7859cd4b-e8b4-4c79-8395-193f79fe8c46&wid=MLB5742610720&sid=search'
2025-09-26 02:19:01,330 - INFO -   [ID PRODUTO] Encontrado: 'MLB36751101'
2025-09-26 02:19:01,331 - INFO -   [PREÇO] Encontrado (poly-card fallback): 'R$ 114'
2025-09-26 02:19:01,332 - INFO -   [MARCA] Não encontrada (general/poly).
2025-09-26 02:19:01,334 - INFO -   [IMAGEM] URL da imagem (poly-card fallback): https://http2.mlstatic.com/D_Q_NP_2X_910341-MLU76266342803_052024-E.webp
2025-09-26 02:19:01,335 - INFO -   [VENDEDOR] Encontrado (poly-card fallback): 'VIPH'
2025-09-26 02:19:01,336 - INFO -   [MÉDIA AVALIAÇÕES] Encontrada (poly-card fallback): '4.5'
2025-09-26 02:19:01,336 - INFO -   [TOTAL AVALIAÇÕES] Encontrado (poly-card fallback): '374'
2025-09-26 02:19:01,337 - INFO -   [ENTREGA] Texto encontrado (poly-card fallback): 'Frete grátis'
2025-09-26 02:19:01,338 - INFO - Produto processado: Cartucho de tinta HP 664xl Tricolor 8ml
2025-09-26 02:19:01,338 - DEBUG - Scraped from <200 https://lista.mercadolivre.com.br/cartucho-hp-664?sb=all_mercadolibre>
{'TITULO PRODUTO': 'Kit Cartucho De Tinta Hp 662 Preto E 622 Colorido', 'LINK': 'https://www.mercadolivre.com.br/kit-cartucho-de-tinta-hp-662-preto-e-622-colorido/p/MLB44336841#polycard_client=search-nordic&search_layout=grid&position=14&type=product&tracking_id=7859cd4b-e8b4-4c79-8395-193f79fe8c46&wid=MLB5244722402&sid=search', 'ID_PRODUTO': 'MLB44336841', 'PREÇO': 'R$ 183', 'PREÇO ANTERIOR': 'N/A', 'MARCA': 'N/A', 'IMAGEM': 'https://http2.mlstatic.com/D_Q_NP_2X_937976-MLA81088944033_122024-E.webp', 'VENDEDOR': 'N/A', 'MÉDIA AVALIAÇÕES': '4.6', 'TOTAL AVALIAÇÕES': '53', 'ENTREGA': 'Chegará grátis hoje', 'ENTREGA FULL': 'Sim'}
2025-09-26 02:19:01,339 - INFO - --- Processando container de produto 17/50 (total coletado: 14, pulados: 2) ---
2025-09-26 02:19:01,339 - INFO -   [TÍTULO] Encontrado: 'Kit 2 Cartuchos Hp 664: 1un Preto + 1un Color'
2025-09-26 02:19:01,340 - INFO -   [LINK] Encontrado: 'https://www.mercadolivre.com.br/kit-2-cartuchos-hp-664-1un-preto-1un-color/p/MLB39028313#polycard_client=search-nordic&search_layout=grid&position=17&type=product&tracking_id=7859cd4b-e8b4-4c79-8395-193f79fe8c46&wid=MLB5729014430&sid=search'
2025-09-26 02:19:01,340 - INFO -   [ID PRODUTO] Encontrado: 'MLB39028313'
2025-09-26 02:19:01,341 - INFO -   [PREÇO] Encontrado (poly-card fallback): 'R$ 134,90'
2025-09-26 02:19:01,342 - INFO -   [MARCA] Não encontrada (general/poly).
2025-09-26 02:19:01,343 - INFO -   [IMAGEM] URL da imagem (poly-card fallback): https://http2.mlstatic.com/D_Q_NP_2X_822808-MLU78194489785_082024-E.webp
2025-09-26 02:19:01,343 - INFO -   [VENDEDOR] Não encontrado para o container 17.
2025-09-26 02:19:01,344 - INFO -   [MÉDIA AVALIAÇÕES] Encontrada (poly-card fallback): '4.7'
2025-09-26 02:19:01,345 - INFO -   [TOTAL AVALIAÇÕES] Encontrado (poly-card fallback): '4900'
2025-09-26 02:19:01,346 - INFO -   [ENTREGA] Texto encontrado (poly-card fallback): 'Frete grátis'
2025-09-26 02:19:01,347 - INFO - Produto processado: Kit 2 Cartuchos Hp 664: 1un Preto + 1un Color
2025-09-26 02:19:01,347 - INFO - --- Processando container de produto 18/50 (total coletado: 15, pulados: 2) ---
2025-09-26 02:19:01,348 - INFO -   [TÍTULO] Encontrado: 'Cartucho De Tinta Hp 664xl Preto F6v31ab'
2025-09-26 02:19:01,349 - INFO -   [LINK] Encontrado: 'https://www.mercadolivre.com.br/cartucho-de-tinta-hp-664xl-preto-f6v31ab/p/MLB43544566#polycard_client=search-nordic&search_layout=grid&position=18&type=product&tracking_id=7859cd4b-e8b4-4c79-8395-193f79fe8c46&wid=MLB5742714752&sid=search'
2025-09-26 02:19:01,350 - INFO -   [ID PRODUTO] Encontrado: 'MLB43544566'
2025-09-26 02:19:01,351 - INFO -   [PREÇO] Encontrado (poly-card fallback): 'R$ 135'
2025-09-26 02:19:01,352 - INFO -   [MARCA] Não encontrada (general/poly).
2025-09-26 02:19:01,354 - INFO -   [IMAGEM] URL da imagem (poly-card fallback): https://http2.mlstatic.com/D_Q_NP_2X_734097-MLA80620713520_112024-E.webp
2025-09-26 02:19:01,354 - INFO -   [VENDEDOR] Encontrado (poly-card fallback): 'VIPH'
2025-09-26 02:19:01,355 - INFO -   [MÉDIA AVALIAÇÕES] Encontrada (poly-card fallback): '4.8'
2025-09-26 02:19:01,356 - INFO -   [TOTAL AVALIAÇÕES] Encontrado (poly-card fallback): '23'
2025-09-26 02:19:01,357 - INFO -   [ENTREGA] Texto encontrado (poly-card fallback): 'Frete grátis'
2025-09-26 02:19:01,357 - INFO - Produto processado: Cartucho De Tinta Hp 664xl Preto F6v31ab
2025-09-26 02:19:01,358 - DEBUG - Scraped from <200 https://lista.mercadolivre.com.br/cartucho-hp-664?sb=all_mercadolibre>
{'TITULO PRODUTO': 'Cartucho De Tinta Hp 664 Preto', 'LINK': 'https://www.mercadolivre.com.br/cartucho-de-tinta-hp-664-preto/p/MLB36768292#polycard_client=search-nordic&search_layout=grid&position=15&type=product&tracking_id=7859cd4b-e8b4-4c79-8395-193f79fe8c46&wid=MLB4678660474&sid=search', 'ID_PRODUTO': 'MLB36768292', 'PREÇO': 'R$ 143,90', 'PREÇO ANTERIOR': 'N/A', 'MARCA': 'N/A', 'IMAGEM': 'https://http2.mlstatic.com/D_Q_NP_2X_907517-MLA84489489161_052025-E.webp', 'VENDEDOR': 'N/A', 'MÉDIA AVALIAÇÕES': '4.7', 'TOTAL AVALIAÇÕES': '4900', 'ENTREGA': 'Frete grátis', 'ENTREGA FULL': 'Não'}
2025-09-26 02:19:01,358 - DEBUG - Scraped from <200 https://lista.mercadolivre.com.br/cartucho-hp-664?sb=all_mercadolibre>
{'TITULO PRODUTO': 'Cartucho de tinta HP 664xl Tricolor 8ml', 'LINK': 'https://www.mercadolivre.com.br/cartucho-de-tinta-hp-664xl-tricolor-8ml/p/MLB36751101#polycard_client=search-nordic&search_layout=grid&position=16&type=product&tracking_id=7859cd4b-e8b4-4c79-8395-193f79fe8c46&wid=MLB5742610720&sid=search', 'ID_PRODUTO': 'MLB36751101', 'PREÇO': 'R$ 114', 'PREÇO ANTERIOR': 'N/A', 'MARCA': 'N/A', 'IMAGEM': 'https://http2.mlstatic.com/D_Q_NP_2X_910341-MLU76266342803_052024-E.webp', 'VENDEDOR': 'VIPH', 'MÉDIA AVALIAÇÕES': '4.5', 'TOTAL AVALIAÇÕES': '374', 'ENTREGA': 'Frete grátis', 'ENTREGA FULL': 'Não'}
2025-09-26 02:19:01,359 - INFO - --- Processando container de produto 19/50 (total coletado: 16, pulados: 2) ---
2025-09-26 02:19:01,361 - INFO -   [TÍTULO] Encontrado: 'Cartucho De Tinta Hp 664 Cor Preto/tricolor Do 4 Ml'
2025-09-26 02:19:01,362 - INFO -   [LINK] Encontrado: 'https://www.mercadolivre.com.br/cartucho-de-tinta-hp-664-cor-pretotricolor-do-4-ml/p/MLB36804595#polycard_client=search-nordic&search_layout=grid&position=19&type=product&tracking_id=7859cd4b-e8b4-4c79-8395-193f79fe8c46&wid=MLB5107301780&sid=search'
2025-09-26 02:19:01,362 - INFO -   [ID PRODUTO] Encontrado: 'MLB36804595'
2025-09-26 02:19:01,365 - INFO -   [PREÇO] Encontrado (poly-card fallback): 'R$ 169,09'
2025-09-26 02:19:01,367 - INFO -   [MARCA] Não encontrada (general/poly).
2025-09-26 02:19:01,370 - INFO -   [IMAGEM] URL da imagem (poly-card fallback): https://http2.mlstatic.com/D_Q_NP_2X_614171-MLA77195834220_072024-E.webp
2025-09-26 02:19:01,372 - INFO -   [VENDEDOR] Não encontrado para o container 19.
2025-09-26 02:19:01,373 - INFO -   [MÉDIA AVALIAÇÕES] Encontrada (poly-card fallback): '4.7'
2025-09-26 02:19:01,373 - INFO -   [TOTAL AVALIAÇÕES] Encontrado (poly-card fallback): '4900'
2025-09-26 02:19:01,374 - INFO -   [ENTREGA] Texto encontrado (poly-card fallback): 'Frete grátis'
2025-09-26 02:19:01,375 - INFO - Produto processado: Cartucho De Tinta Hp 664 Cor Preto/tricolor Do 4 Ml
2025-09-26 02:19:01,377 - DEBUG - Scraped from <200 https://lista.mercadolivre.com.br/cartucho-hp-664?sb=all_mercadolibre>
{'TITULO PRODUTO': 'Kit 2 Cartuchos Hp 664: 1un Preto + 1un Color', 'LINK': 'https://www.mercadolivre.com.br/kit-2-cartuchos-hp-664-1un-preto-1un-color/p/MLB39028313#polycard_client=search-nordic&search_layout=grid&position=17&type=product&tracking_id=7859cd4b-e8b4-4c79-8395-193f79fe8c46&wid=MLB5729014430&sid=search', 'ID_PRODUTO': 'MLB39028313', 'PREÇO': 'R$ 134,90', 'PREÇO ANTERIOR': 'N/A', 'MARCA': 'N/A', 'IMAGEM': 'https://http2.mlstatic.com/D_Q_NP_2X_822808-MLU78194489785_082024-E.webp', 'VENDEDOR': 'N/A', 'MÉDIA AVALIAÇÕES': '4.7', 'TOTAL AVALIAÇÕES': '4900', 'ENTREGA': 'Frete grátis', 'ENTREGA FULL': 'Não'}
2025-09-26 02:19:01,378 - DEBUG - Scraped from <200 https://lista.mercadolivre.com.br/cartucho-hp-664?sb=all_mercadolibre>
{'TITULO PRODUTO': 'Cartucho De Tinta Hp 664xl Preto F6v31ab', 'LINK': 'https://www.mercadolivre.com.br/cartucho-de-tinta-hp-664xl-preto-f6v31ab/p/MLB43544566#polycard_client=search-nordic&search_layout=grid&position=18&type=product&tracking_id=7859cd4b-e8b4-4c79-8395-193f79fe8c46&wid=MLB5742714752&sid=search', 'ID_PRODUTO': 'MLB43544566', 'PREÇO': 'R$ 135', 'PREÇO ANTERIOR': 'N/A', 'MARCA': 'N/A', 'IMAGEM': 'https://http2.mlstatic.com/D_Q_NP_2X_734097-MLA80620713520_112024-E.webp', 'VENDEDOR': 'VIPH', 'MÉDIA AVALIAÇÕES': '4.8', 'TOTAL AVALIAÇÕES': '23', 'ENTREGA': 'Frete grátis', 'ENTREGA FULL': 'Não'}
2025-09-26 02:19:01,378 - INFO - --- Processando container de produto 20/50 (total coletado: 17, pulados: 2) ---
2025-09-26 02:19:01,380 - INFO -   [TÍTULO] Encontrado: 'Kit 02 Cartucho 664xl Preto 664 Xl Original Hp E Lacrado'
2025-09-26 02:19:01,380 - INFO -   [LINK] Encontrado: 'https://www.mercadolivre.com.br/kit-cartucho-de-tinta-664xl-bk-e-color-novo-original/p/MLB2039342702#polycard_client=search-nordic&search_layout=grid&position=20&type=product&tracking_id=7859cd4b-e8b4-4c79-8395-193f79fe8c46&wid=MLB3208174446&sid=search'
2025-09-26 02:19:01,381 - INFO -   [ID PRODUTO] Encontrado: 'MLB2039342702'
2025-09-26 02:19:01,383 - INFO -   [PREÇO] Encontrado (poly-card fallback): 'R$ 193,03'
2025-09-26 02:19:01,385 - INFO -   [PREÇO ANTERIOR] Encontrado (poly-card fallback): 'R$ 215'
2025-09-26 02:19:01,386 - INFO -   [MARCA] Não encontrada (general/poly).
2025-09-26 02:19:01,388 - INFO -   [IMAGEM] URL da imagem (poly-card fallback): https://http2.mlstatic.com/D_Q_NP_2X_723436-MLB84792116624_052025-E.webp
2025-09-26 02:19:01,392 - INFO -   [VENDEDOR] Encontrado (poly-card fallback): 'Park Ecom'
2025-09-26 02:19:01,395 - INFO -   [MÉDIA AVALIAÇÕES] Encontrada (poly-card fallback): '4.3'
2025-09-26 02:19:01,396 - INFO -   [TOTAL AVALIAÇÕES] Encontrado (poly-card fallback): '167'
2025-09-26 02:19:01,399 - INFO -   [ENTREGA] Texto encontrado (poly-card fallback): 'Frete grátis'
2025-09-26 02:19:01,400 - INFO - Produto processado: Kit 02 Cartucho 664xl Preto 664 Xl Original Hp E Lacrado
2025-09-26 02:19:01,402 - DEBUG - Scraped from <200 https://lista.mercadolivre.com.br/cartucho-hp-664?sb=all_mercadolibre>
{'TITULO PRODUTO': 'Cartucho De Tinta Hp 664 Cor Preto/tricolor Do 4 Ml', 'LINK': 'https://www.mercadolivre.com.br/cartucho-de-tinta-hp-664-cor-pretotricolor-do-4-ml/p/MLB36804595#polycard_client=search-nordic&search_layout=grid&position=19&type=product&tracking_id=7859cd4b-e8b4-4c79-8395-193f79fe8c46&wid=MLB5107301780&sid=search', 'ID_PRODUTO': 'MLB36804595', 'PREÇO': 'R$ 169,09', 'PREÇO ANTERIOR': 'N/A', 'MARCA': 'N/A', 'IMAGEM': 'https://http2.mlstatic.com/D_Q_NP_2X_614171-MLA77195834220_072024-E.webp', 'VENDEDOR': 'N/A', 'MÉDIA AVALIAÇÕES': '4.7', 'TOTAL AVALIAÇÕES': '4900', 'ENTREGA': 'Frete grátis', 'ENTREGA FULL': 'Não'}
2025-09-26 02:19:01,403 - INFO - --- Processando container de produto 21/50 (total coletado: 18, pulados: 2) ---
2025-09-26 02:19:01,405 - INFO -   [TÍTULO] Encontrado: 'Cartucho Hp 664 Preto Original F6v29ab - 2136 2676 3776 5076'
2025-09-26 02:19:01,407 - INFO -   [LINK] Encontrado: 'https://www.mercadolivre.com.br/cartucho-hp-664-preto-original-f6v29ab--2136-2676-3776-5076/up/MLBU748382500#polycard_client=search-nordic&search_layout=grid&position=21&type=product&tracking_id=7859cd4b-e8b4-4c79-8395-193f79fe8c46&wid=MLB2045952880&sid=search'
2025-09-26 02:19:01,408 - WARNING -   [ID PRODUTO] Não encontrado no link: https://www.mercadolivre.com.br/cartucho-hp-664-preto-original-f6v29ab--2136-2676-3776-5076/up/MLBU748382500#polycard_client=search-nordic&search_layout=grid&position=21&type=product&tracking_id=7859cd4b-e8b4-4c79-8395-193f79fe8c46&wid=MLB2045952880&sid=search
2025-09-26 02:19:01,414 - INFO -   [PREÇO] Encontrado (poly-card fallback): 'R$ 64,90'
2025-09-26 02:19:01,416 - INFO -   [MARCA] Não encontrada (general/poly).
2025-09-26 02:19:01,417 - INFO -   [IMAGEM] URL da imagem (poly-card fallback): https://http2.mlstatic.com/D_Q_NP_2X_857944-MLA52551191811_112022-E.webp
2025-09-26 02:19:01,419 - INFO -   [VENDEDOR] Não encontrado para o container 21.
2025-09-26 02:19:01,422 - INFO -   [MÉDIA AVALIAÇÕES] Encontrada (poly-card fallback): '4.7'
2025-09-26 02:19:01,422 - INFO -   [TOTAL AVALIAÇÕES] Encontrado (poly-card fallback): '41'
2025-09-26 02:19:01,424 - INFO -   [ENTREGA] Texto encontrado (poly-card fallback): 'Frete grátis'
2025-09-26 02:19:01,427 - INFO -   [ENTREGA FULL] Indicador FULL encontrado (poly-card fallback SVG).
2025-09-26 02:19:01,428 - INFO - Produto processado: Cartucho Hp 664 Preto Original F6v29ab - 2136 2676 3776 5076
2025-09-26 02:19:01,430 - DEBUG - Scraped from <200 https://lista.mercadolivre.com.br/cartucho-hp-664?sb=all_mercadolibre>
{'TITULO PRODUTO': 'Kit 02 Cartucho 664xl Preto 664 Xl Original Hp E Lacrado', 'LINK': 'https://www.mercadolivre.com.br/kit-cartucho-de-tinta-664xl-bk-e-color-novo-original/p/MLB2039342702#polycard_client=search-nordic&search_layout=grid&position=20&type=product&tracking_id=7859cd4b-e8b4-4c79-8395-193f79fe8c46&wid=MLB3208174446&sid=search', 'ID_PRODUTO': 'MLB2039342702', 'PREÇO': 'R$ 193,03', 'PREÇO ANTERIOR': 'R$ 215', 'MARCA': 'N/A', 'IMAGEM': 'https://http2.mlstatic.com/D_Q_NP_2X_723436-MLB84792116624_052025-E.webp', 'VENDEDOR': 'Park Ecom', 'MÉDIA AVALIAÇÕES': '4.3', 'TOTAL AVALIAÇÕES': '167', 'ENTREGA': 'Frete grátis', 'ENTREGA FULL': 'Não'}
2025-09-26 02:19:01,432 - INFO - --- Processando container de produto 22/50 (total coletado: 19, pulados: 2) ---
2025-09-26 02:19:01,435 - INFO -   [TÍTULO] Encontrado: 'Cartucho Hp 664xl Preto 664xl Original Hp Deskjet 1115, 2136'
2025-09-26 02:19:01,436 - INFO -   [LINK] Encontrado: 'https://www.mercadolivre.com.br/cartucho-hp-664xl-preto-664xl-original-hp-deskjet-1115-2136/p/MLB22288344#polycard_client=search-nordic&search_layout=grid&position=22&type=product&tracking_id=7859cd4b-e8b4-4c79-8395-193f79fe8c46&wid=MLB4115042835&sid=search'
2025-09-26 02:19:01,436 - INFO -   [ID PRODUTO] Encontrado: 'MLB22288344'
2025-09-26 02:19:01,438 - INFO -   [PREÇO] Encontrado (poly-card fallback): 'R$ 125'
2025-09-26 02:19:01,440 - INFO -   [PREÇO ANTERIOR] Encontrado (poly-card fallback): 'R$ 198'
2025-09-26 02:19:01,441 - INFO -   [MARCA] Não encontrada (general/poly).
2025-09-26 02:19:01,446 - INFO -   [IMAGEM] URL da imagem (poly-card fallback): https://http2.mlstatic.com/D_Q_NP_2X_674268-MLA78394161904_082024-E.webp
2025-09-26 02:19:01,447 - INFO -   [VENDEDOR] Não encontrado para o container 22.
2025-09-26 02:19:01,449 - INFO -   [MÉDIA AVALIAÇÕES] Encontrada (poly-card fallback): '4.1'
2025-09-26 02:19:01,450 - INFO -   [TOTAL AVALIAÇÕES] Encontrado (poly-card fallback): '20'
2025-09-26 02:19:01,452 - INFO -   [ENTREGA] Texto encontrado (poly-card fallback): 'Frete grátis'
2025-09-26 02:19:01,453 - INFO - Produto processado: Cartucho Hp 664xl Preto 664xl Original Hp Deskjet 1115, 2136
2025-09-26 02:19:01,454 - DEBUG - Scraped from <200 https://lista.mercadolivre.com.br/cartucho-hp-664?sb=all_mercadolibre>
{'TITULO PRODUTO': 'Cartucho Hp 664 Preto Original F6v29ab - 2136 2676 3776 5076', 'LINK': 'https://www.mercadolivre.com.br/cartucho-hp-664-preto-original-f6v29ab--2136-2676-3776-5076/up/MLBU748382500#polycard_client=search-nordic&search_layout=grid&position=21&type=product&tracking_id=7859cd4b-e8b4-4c79-8395-193f79fe8c46&wid=MLB2045952880&sid=search', 'ID_PRODUTO': 'N/A', 'PREÇO': 'R$ 64,90', 'PREÇO ANTERIOR': 'N/A', 'MARCA': 'N/A', 'IMAGEM': 'https://http2.mlstatic.com/D_Q_NP_2X_857944-MLA52551191811_112022-E.webp', 'VENDEDOR': 'N/A', 'MÉDIA AVALIAÇÕES': '4.7', 'TOTAL AVALIAÇÕES': '41', 'ENTREGA': 'Frete grátis', 'ENTREGA FULL': 'Sim'}
2025-09-26 02:19:01,454 - INFO - --- Processando container de produto 23/50 (total coletado: 20, pulados: 2) ---
2025-09-26 02:19:01,456 - INFO -   [TÍTULO] Encontrado: 'Cartucho de tinta preto e tricolor HP 664 de 2 ml 2 unidades'
2025-09-26 02:19:01,457 - INFO -   [LINK] Encontrado: 'https://www.mercadolivre.com.br/cartucho-de-tinta-preto-e-tricolor-hp-664-de-2-ml-2-unidades/p/MLB36769417#polycard_client=search-nordic&search_layout=grid&position=23&type=product&tracking_id=7859cd4b-e8b4-4c79-8395-193f79fe8c46&wid=MLB4215398017&sid=search'
2025-09-26 02:19:01,458 - INFO -   [ID PRODUTO] Encontrado: 'MLB36769417'
2025-09-26 02:19:01,459 - INFO -   [PREÇO] Encontrado (poly-card fallback): 'R$ 139,90'
2025-09-26 02:19:01,462 - INFO -   [MARCA] Não encontrada (general/poly).
2025-09-26 02:19:01,464 - INFO -   [IMAGEM] URL da imagem (poly-card fallback): https://http2.mlstatic.com/D_Q_NP_2X_837185-MLA91970216365_092025-E.webp
2025-09-26 02:19:01,465 - INFO -   [VENDEDOR] Não encontrado para o container 23.
2025-09-26 02:19:01,467 - INFO -   [MÉDIA AVALIAÇÕES] Encontrada (poly-card fallback): '4.7'
2025-09-26 02:19:01,467 - INFO -   [TOTAL AVALIAÇÕES] Encontrado (poly-card fallback): '4900'
2025-09-26 02:19:01,469 - INFO -   [ENTREGA] Texto encontrado (poly-card fallback): 'Frete grátis'
2025-09-26 02:19:01,470 - INFO - Produto processado: Cartucho de tinta preto e tricolor HP 664 de 2 ml 2 unidades
2025-09-26 02:19:01,471 - DEBUG - Scraped from <200 https://lista.mercadolivre.com.br/cartucho-hp-664?sb=all_mercadolibre>
{'TITULO PRODUTO': 'Cartucho Hp 664xl Preto 664xl Original Hp Deskjet 1115, 2136', 'LINK': 'https://www.mercadolivre.com.br/cartucho-hp-664xl-preto-664xl-original-hp-deskjet-1115-2136/p/MLB22288344#polycard_client=search-nordic&search_layout=grid&position=22&type=product&tracking_id=7859cd4b-e8b4-4c79-8395-193f79fe8c46&wid=MLB4115042835&sid=search', 'ID_PRODUTO': 'MLB22288344', 'PREÇO': 'R$ 125', 'PREÇO ANTERIOR': 'R$ 198', 'MARCA': 'N/A', 'IMAGEM': 'https://http2.mlstatic.com/D_Q_NP_2X_674268-MLA78394161904_082024-E.webp', 'VENDEDOR': 'N/A', 'MÉDIA AVALIAÇÕES': '4.1', 'TOTAL AVALIAÇÕES': '20', 'ENTREGA': 'Frete grátis', 'ENTREGA FULL': 'Não'}
2025-09-26 02:19:01,472 - INFO - --- Processando container de produto 24/50 (total coletado: 21, pulados: 2) ---
2025-09-26 02:19:01,474 - INFO -   [TÍTULO] Encontrado: '3 Cartuchos Hp 664xl Preto 2 Color Genuíno'
2025-09-26 02:19:01,475 - INFO -   [LINK] Encontrado: 'https://www.mercadolivre.com.br/3-cartuchos-hp-664xl-preto-2-color-genuino/p/MLB39028582#polycard_client=search-nordic&search_layout=grid&position=24&type=product&tracking_id=7859cd4b-e8b4-4c79-8395-193f79fe8c46&wid=MLB4973488738&sid=search'
2025-09-26 02:19:01,475 - INFO -   [ID PRODUTO] Encontrado: 'MLB39028582'
2025-09-26 02:19:01,478 - INFO -   [PREÇO] Encontrado (poly-card fallback): 'R$ 619,50'
2025-09-26 02:19:01,479 - INFO -   [MARCA] Não encontrada (general/poly).
2025-09-26 02:19:01,481 - INFO -   [IMAGEM] URL da imagem (poly-card fallback): https://http2.mlstatic.com/D_Q_NP_2X_633784-MLA91969127157_092025-E.webp
2025-09-26 02:19:01,483 - INFO -   [VENDEDOR] Encontrado (poly-card fallback): 'Park Ecom'
2025-09-26 02:19:01,486 - INFO -   [MÉDIA AVALIAÇÕES] Encontrada (poly-card fallback): '4.6'
2025-09-26 02:19:01,486 - INFO -   [TOTAL AVALIAÇÕES] Encontrado (poly-card fallback): '111'
2025-09-26 02:19:01,488 - INFO -   [ENTREGA] Texto encontrado (poly-card fallback): 'Frete grátis'
2025-09-26 02:19:01,489 - INFO - Produto processado: 3 Cartuchos Hp 664xl Preto 2 Color Genuíno
2025-09-26 02:19:01,489 - DEBUG - Scraped from <200 https://lista.mercadolivre.com.br/cartucho-hp-664?sb=all_mercadolibre>
{'TITULO PRODUTO': 'Cartucho de tinta preto e tricolor HP 664 de 2 ml 2 unidades', 'LINK': 'https://www.mercadolivre.com.br/cartucho-de-tinta-preto-e-tricolor-hp-664-de-2-ml-2-unidades/p/MLB36769417#polycard_client=search-nordic&search_layout=grid&position=23&type=product&tracking_id=7859cd4b-e8b4-4c79-8395-193f79fe8c46&wid=MLB4215398017&sid=search', 'ID_PRODUTO': 'MLB36769417', 'PREÇO': 'R$ 139,90', 'PREÇO ANTERIOR': 'N/A', 'MARCA': 'N/A', 'IMAGEM': 'https://http2.mlstatic.com/D_Q_NP_2X_837185-MLA91970216365_092025-E.webp', 'VENDEDOR': 'N/A', 'MÉDIA AVALIAÇÕES': '4.7', 'TOTAL AVALIAÇÕES': '4900', 'ENTREGA': 'Frete grátis', 'ENTREGA FULL': 'Não'}
2025-09-26 02:19:01,490 - INFO - --- Processando container de produto 25/50 (total coletado: 22, pulados: 2) ---
2025-09-26 02:19:01,492 - INFO -   [TÍTULO] Encontrado: 'HP Advantage 664'
2025-09-26 02:19:01,492 - INFO -   [LINK] Encontrado: 'https://www.mercadolivre.com.br/hp-advantage-664/p/MLB55040393#polycard_client=search-nordic&search_layout=grid&position=25&type=product&tracking_id=7859cd4b-e8b4-4c79-8395-193f79fe8c46&wid=MLB4215260757&sid=search'
2025-09-26 02:19:01,493 - INFO -   [ID PRODUTO] Encontrado: 'MLB55040393'
2025-09-26 02:19:01,496 - INFO -   [PREÇO] Encontrado (poly-card fallback): 'R$ 149,99'
2025-09-26 02:19:01,498 - INFO -   [MARCA] Não encontrada (general/poly).
2025-09-26 02:19:01,499 - INFO -   [IMAGEM] URL da imagem (poly-card fallback): https://http2.mlstatic.com/D_Q_NP_2X_734183-MLA91948823357_092025-E.webp
2025-09-26 02:19:01,500 - INFO -   [VENDEDOR] Não encontrado para o container 25.
2025-09-26 02:19:01,502 - INFO -   [MÉDIA AVALIAÇÕES] Encontrada (poly-card fallback): '4.7'
2025-09-26 02:19:01,502 - INFO -   [TOTAL AVALIAÇÕES] Encontrado (poly-card fallback): '4900'
2025-09-26 02:19:01,503 - INFO -   [ENTREGA] Texto encontrado (poly-card fallback): 'Frete grátis'
2025-09-26 02:19:01,504 - INFO - Produto processado: HP Advantage 664
2025-09-26 02:19:01,505 - DEBUG - Scraped from <200 https://lista.mercadolivre.com.br/cartucho-hp-664?sb=all_mercadolibre>
{'TITULO PRODUTO': '3 Cartuchos Hp 664xl Preto 2 Color Genuíno', 'LINK': 'https://www.mercadolivre.com.br/3-cartuchos-hp-664xl-preto-2-color-genuino/p/MLB39028582#polycard_client=search-nordic&search_layout=grid&position=24&type=product&tracking_id=7859cd4b-e8b4-4c79-8395-193f79fe8c46&wid=MLB4973488738&sid=search', 'ID_PRODUTO': 'MLB39028582', 'PREÇO': 'R$ 619,50', 'PREÇO ANTERIOR': 'N/A', 'MARCA': 'N/A', 'IMAGEM': 'https://http2.mlstatic.com/D_Q_NP_2X_633784-MLA91969127157_092025-E.webp', 'VENDEDOR': 'Park Ecom', 'MÉDIA AVALIAÇÕES': '4.6', 'TOTAL AVALIAÇÕES': '111', 'ENTREGA': 'Frete grátis', 'ENTREGA FULL': 'Não'}
2025-09-26 02:19:01,506 - INFO - --- Processando container de produto 26/50 (total coletado: 23, pulados: 2) ---
2025-09-26 02:19:01,507 - INFO -   [TÍTULO] Encontrado: '3 Cartuchos Hp 664xl Preto 1 Color Genuíno'
2025-09-26 02:19:01,508 - INFO -   [LINK] Encontrado: 'https://www.mercadolivre.com.br/3-cartuchos-hp-664xl-preto-1-color-genuino/p/MLB47914809#polycard_client=search-nordic&search_layout=grid&position=26&type=product&tracking_id=7859cd4b-e8b4-4c79-8395-193f79fe8c46&wid=MLB5350029660&sid=search'
2025-09-26 02:19:01,508 - INFO -   [ID PRODUTO] Encontrado: 'MLB47914809'
2025-09-26 02:19:01,511 - INFO -   [PREÇO] Encontrado (poly-card fallback): 'R$ 495,50'
2025-09-26 02:19:01,513 - INFO -   [MARCA] Não encontrada (general/poly).
2025-09-26 02:19:01,515 - INFO -   [IMAGEM] URL da imagem (poly-card fallback): https://http2.mlstatic.com/D_Q_NP_2X_803101-MLA91574735354_092025-E.webp
2025-09-26 02:19:01,516 - INFO -   [VENDEDOR] Encontrado (poly-card fallback): 'Park Ecom'
2025-09-26 02:19:01,518 - INFO -   [MÉDIA AVALIAÇÕES] Encontrada (poly-card fallback): '4.6'
2025-09-26 02:19:01,518 - INFO -   [TOTAL AVALIAÇÕES] Encontrado (poly-card fallback): '111'
2025-09-26 02:19:01,520 - INFO -   [ENTREGA] Texto encontrado (poly-card fallback): 'Frete grátis'
2025-09-26 02:19:01,521 - INFO - Produto processado: 3 Cartuchos Hp 664xl Preto 1 Color Genuíno
2025-09-26 02:19:01,522 - DEBUG - Scraped from <200 https://lista.mercadolivre.com.br/cartucho-hp-664?sb=all_mercadolibre>
{'TITULO PRODUTO': 'HP Advantage 664', 'LINK': 'https://www.mercadolivre.com.br/hp-advantage-664/p/MLB55040393#polycard_client=search-nordic&search_layout=grid&position=25&type=product&tracking_id=7859cd4b-e8b4-4c79-8395-193f79fe8c46&wid=MLB4215260757&sid=search', 'ID_PRODUTO': 'MLB55040393', 'PREÇO': 'R$ 149,99', 'PREÇO ANTERIOR': 'N/A', 'MARCA': 'N/A', 'IMAGEM': 'https://http2.mlstatic.com/D_Q_NP_2X_734183-MLA91948823357_092025-E.webp', 'VENDEDOR': 'N/A', 'MÉDIA AVALIAÇÕES': '4.7', 'TOTAL AVALIAÇÕES': '4900', 'ENTREGA': 'Frete grátis', 'ENTREGA FULL': 'Não'}
2025-09-26 02:19:01,522 - INFO - --- Processando container de produto 27/50 (total coletado: 24, pulados: 2) ---
2025-09-26 02:19:01,524 - INFO -   [TÍTULO] Encontrado: 'Cartucho 667 Hp Preto Original  1275 2374  2376 2775  6476'
2025-09-26 02:19:01,524 - INFO -   [LINK] Encontrado: 'https://www.mercadolivre.com.br/cartucho-667-hp-preto-original--1275-2374--2376-2775--6476/up/MLBU1444272577#polycard_client=search-nordic&search_layout=grid&position=27&type=product&tracking_id=7859cd4b-e8b4-4c79-8395-193f79fe8c46&wid=MLB3389954163&sid=search'
2025-09-26 02:19:01,525 - WARNING -   [ID PRODUTO] Não encontrado no link: https://www.mercadolivre.com.br/cartucho-667-hp-preto-original--1275-2374--2376-2775--6476/up/MLBU1444272577#polycard_client=search-nordic&search_layout=grid&position=27&type=product&tracking_id=7859cd4b-e8b4-4c79-8395-193f79fe8c46&wid=MLB3389954163&sid=search
2025-09-26 02:19:01,526 - INFO -   [PREÇO] Encontrado (poly-card fallback): 'R$ 64,90'
2025-09-26 02:19:01,528 - INFO -   [MARCA] Não encontrada (general/poly).
2025-09-26 02:19:01,530 - INFO -   [IMAGEM] URL da imagem (poly-card fallback): https://http2.mlstatic.com/D_Q_NP_2X_792919-MLB54907678425_042023-E.webp
2025-09-26 02:19:01,531 - INFO -   [VENDEDOR] Não encontrado para o container 27.
2025-09-26 02:19:01,532 - INFO -   [MÉDIA AVALIAÇÕES] Encontrada (poly-card fallback): '4.8'
2025-09-26 02:19:01,533 - INFO -   [TOTAL AVALIAÇÕES] Encontrado (poly-card fallback): '35'
2025-09-26 02:19:01,534 - INFO -   [ENTREGA] Texto encontrado (poly-card fallback): 'Frete grátis'
2025-09-26 02:19:01,535 - INFO -   [ENTREGA FULL] Indicador FULL encontrado (poly-card fallback SVG).
2025-09-26 02:19:01,536 - INFO - Produto processado: Cartucho 667 Hp Preto Original  1275 2374  2376 2775  6476
2025-09-26 02:19:01,537 - DEBUG - Scraped from <200 https://lista.mercadolivre.com.br/cartucho-hp-664?sb=all_mercadolibre>
{'TITULO PRODUTO': '3 Cartuchos Hp 664xl Preto 1 Color Genuíno', 'LINK': 'https://www.mercadolivre.com.br/3-cartuchos-hp-664xl-preto-1-color-genuino/p/MLB47914809#polycard_client=search-nordic&search_layout=grid&position=26&type=product&tracking_id=7859cd4b-e8b4-4c79-8395-193f79fe8c46&wid=MLB5350029660&sid=search', 'ID_PRODUTO': 'MLB47914809', 'PREÇO': 'R$ 495,50', 'PREÇO ANTERIOR': 'N/A', 'MARCA': 'N/A', 'IMAGEM': 'https://http2.mlstatic.com/D_Q_NP_2X_803101-MLA91574735354_092025-E.webp', 'VENDEDOR': 'Park Ecom', 'MÉDIA AVALIAÇÕES': '4.6', 'TOTAL AVALIAÇÕES': '111', 'ENTREGA': 'Frete grátis', 'ENTREGA FULL': 'Não'}
2025-09-26 02:19:01,537 - INFO - --- Processando container de produto 28/50 (total coletado: 25, pulados: 2) ---
2025-09-26 02:19:01,539 - INFO -   [TÍTULO] Encontrado: 'Kit 2 Cartuchos Hp 664 Preto'
2025-09-26 02:19:01,539 - INFO -   [LINK] Encontrado: 'https://www.mercadolivre.com.br/kit-2-cartuchos-hp-664-preto/p/MLB39126028#polycard_client=search-nordic&search_layout=grid&position=28&type=product&tracking_id=7859cd4b-e8b4-4c79-8395-193f79fe8c46&wid=MLB3867544877&sid=search'
2025-09-26 02:19:01,540 - INFO -   [ID PRODUTO] Encontrado: 'MLB39126028'
2025-09-26 02:19:01,541 - INFO -   [PREÇO] Encontrado (poly-card fallback): 'R$ 159,90'
2025-09-26 02:19:01,542 - INFO -   [MARCA] Não encontrada (general/poly).
2025-09-26 02:19:01,544 - INFO -   [IMAGEM] URL da imagem (poly-card fallback): https://http2.mlstatic.com/D_Q_NP_2X_670277-MLU78231740769_082024-E.webp
2025-09-26 02:19:01,546 - INFO -   [VENDEDOR] Encontrado (poly-card fallback): 'Mm Santos'
2025-09-26 02:19:01,548 - INFO -   [MÉDIA AVALIAÇÕES] Encontrada (poly-card fallback): '4.9'
2025-09-26 02:19:01,548 - INFO -   [TOTAL AVALIAÇÕES] Encontrado (poly-card fallback): '87'
2025-09-26 02:19:01,549 - INFO -   [ENTREGA] Texto encontrado (general alt): 'Chegará grátis amanhã sábado'
2025-09-26 02:19:01,550 - INFO - Produto processado: Kit 2 Cartuchos Hp 664 Preto
2025-09-26 02:19:01,551 - DEBUG - Scraped from <200 https://lista.mercadolivre.com.br/cartucho-hp-664?sb=all_mercadolibre>
{'TITULO PRODUTO': 'Cartucho 667 Hp Preto Original  1275 2374  2376 2775  6476', 'LINK': 'https://www.mercadolivre.com.br/cartucho-667-hp-preto-original--1275-2374--2376-2775--6476/up/MLBU1444272577#polycard_client=search-nordic&search_layout=grid&position=27&type=product&tracking_id=7859cd4b-e8b4-4c79-8395-193f79fe8c46&wid=MLB3389954163&sid=search', 'ID_PRODUTO': 'N/A', 'PREÇO': 'R$ 64,90', 'PREÇO ANTERIOR': 'N/A', 'MARCA': 'N/A', 'IMAGEM': 'https://http2.mlstatic.com/D_Q_NP_2X_792919-MLB54907678425_042023-E.webp', 'VENDEDOR': 'N/A', 'MÉDIA AVALIAÇÕES': '4.8', 'TOTAL AVALIAÇÕES': '35', 'ENTREGA': 'Frete grátis', 'ENTREGA FULL': 'Sim'}
2025-09-26 02:19:01,553 - INFO - --- Processando container de produto 29/50 (total coletado: 26, pulados: 2) ---
2025-09-26 02:19:01,555 - INFO -   [TÍTULO] Encontrado: 'Cartucho Tinta Original Hp 664 Preto F6v29ab 2136 2676 3776'
2025-09-26 02:19:01,555 - INFO -   [LINK] Encontrado: 'https://www.mercadolivre.com.br/cartucho-tinta-original-hp-664-preto-f6v29ab-2136-2676-3776/up/MLBU760727256#polycard_client=search-nordic&search_layout=grid&position=29&type=product&tracking_id=7859cd4b-e8b4-4c79-8395-193f79fe8c46&wid=MLB3295841919&sid=search'
2025-09-26 02:19:01,556 - WARNING -   [ID PRODUTO] Não encontrado no link: https://www.mercadolivre.com.br/cartucho-tinta-original-hp-664-preto-f6v29ab-2136-2676-3776/up/MLBU760727256#polycard_client=search-nordic&search_layout=grid&position=29&type=product&tracking_id=7859cd4b-e8b4-4c79-8395-193f79fe8c46&wid=MLB3295841919&sid=search
2025-09-26 02:19:01,558 - INFO -   [PREÇO] Encontrado (poly-card fallback): 'R$ 64,90'
2025-09-26 02:19:01,560 - INFO -   [MARCA] Não encontrada (general/poly).
2025-09-26 02:19:01,562 - INFO -   [IMAGEM] URL da imagem (poly-card fallback): https://http2.mlstatic.com/D_Q_NP_2X_729044-MLB89012497235_072025-E.webp
2025-09-26 02:19:01,564 - INFO -   [VENDEDOR] Encontrado (poly-card fallback): 'Park Ecom'
2025-09-26 02:19:01,565 - INFO -   [MÉDIA AVALIAÇÕES] Encontrada (poly-card fallback): '4.7'
2025-09-26 02:19:01,566 - INFO -   [TOTAL AVALIAÇÕES] Encontrado (poly-card fallback): '118'
2025-09-26 02:19:01,567 - INFO -   [ENTREGA] Texto encontrado (poly-card fallback): 'Frete grátis'
2025-09-26 02:19:01,569 - INFO -   [ENTREGA FULL] Indicador FULL encontrado (poly-card fallback SVG).
2025-09-26 02:19:01,569 - INFO - Produto processado: Cartucho Tinta Original Hp 664 Preto F6v29ab 2136 2676 3776
2025-09-26 02:19:01,570 - DEBUG - Scraped from <200 https://lista.mercadolivre.com.br/cartucho-hp-664?sb=all_mercadolibre>
{'TITULO PRODUTO': 'Kit 2 Cartuchos Hp 664 Preto', 'LINK': 'https://www.mercadolivre.com.br/kit-2-cartuchos-hp-664-preto/p/MLB39126028#polycard_client=search-nordic&search_layout=grid&position=28&type=product&tracking_id=7859cd4b-e8b4-4c79-8395-193f79fe8c46&wid=MLB3867544877&sid=search', 'ID_PRODUTO': 'MLB39126028', 'PREÇO': 'R$ 159,90', 'PREÇO ANTERIOR': 'N/A', 'MARCA': 'N/A', 'IMAGEM': 'https://http2.mlstatic.com/D_Q_NP_2X_670277-MLU78231740769_082024-E.webp', 'VENDEDOR': 'Mm Santos', 'MÉDIA AVALIAÇÕES': '4.9', 'TOTAL AVALIAÇÕES': '87', 'ENTREGA': 'Chegará grátis amanhã sábado', 'ENTREGA FULL': 'Não'}
2025-09-26 02:19:01,571 - INFO - --- Processando container de produto 30/50 (total coletado: 27, pulados: 2) ---
2025-09-26 02:19:01,572 - INFO -   [TÍTULO] Encontrado: 'Kit 2 Cartuchos Hp 664 Preto E Hp 664 Colorido Hp 2676 ,3636'
2025-09-26 02:19:01,572 - INFO -   [LINK] Encontrado: 'https://www.mercadolivre.com.br/kit-2-cartuchos-hp-664-preto-e-hp-664-colorido-hp-2676-3636/up/MLBU1737532805#polycard_client=search-nordic&search_layout=grid&position=30&type=product&tracking_id=7859cd4b-e8b4-4c79-8395-193f79fe8c46&wid=MLB2751400102&sid=search'
2025-09-26 02:19:01,573 - WARNING -   [ID PRODUTO] Não encontrado no link: https://www.mercadolivre.com.br/kit-2-cartuchos-hp-664-preto-e-hp-664-colorido-hp-2676-3636/up/MLBU1737532805#polycard_client=search-nordic&search_layout=grid&position=30&type=product&tracking_id=7859cd4b-e8b4-4c79-8395-193f79fe8c46&wid=MLB2751400102&sid=search
2025-09-26 02:19:01,575 - INFO -   [PREÇO] Encontrado (poly-card fallback): 'R$ 176,86'
2025-09-26 02:19:01,577 - INFO -   [PREÇO ANTERIOR] Encontrado (poly-card fallback): 'R$ 198'
2025-09-26 02:19:01,579 - INFO -   [MARCA] Não encontrada (general/poly).
2025-09-26 02:19:01,581 - INFO -   [IMAGEM] URL da imagem (poly-card fallback): https://http2.mlstatic.com/D_Q_NP_2X_965315-MLB74475004245_022024-E.webp
2025-09-26 02:19:01,583 - INFO -   [VENDEDOR] Não encontrado para o container 30.
2025-09-26 02:19:01,584 - INFO -   [MÉDIA AVALIAÇÕES] Encontrada (poly-card fallback): '4.8'
2025-09-26 02:19:01,585 - INFO -   [TOTAL AVALIAÇÕES] Encontrado (poly-card fallback): '143'
2025-09-26 02:19:01,587 - INFO -   [ENTREGA] Texto encontrado (general alt): 'Chegará grátis hoje'
2025-09-26 02:19:01,588 - INFO -   [ENTREGA FULL] Indicador FULL encontrado (poly-card fallback SVG).
2025-09-26 02:19:01,588 - INFO - Produto processado: Kit 2 Cartuchos Hp 664 Preto E Hp 664 Colorido Hp 2676 ,3636
2025-09-26 02:19:01,589 - DEBUG - Scraped from <200 https://lista.mercadolivre.com.br/cartucho-hp-664?sb=all_mercadolibre>
{'TITULO PRODUTO': 'Cartucho Tinta Original Hp 664 Preto F6v29ab 2136 2676 3776', 'LINK': 'https://www.mercadolivre.com.br/cartucho-tinta-original-hp-664-preto-f6v29ab-2136-2676-3776/up/MLBU760727256#polycard_client=search-nordic&search_layout=grid&position=29&type=product&tracking_id=7859cd4b-e8b4-4c79-8395-193f79fe8c46&wid=MLB3295841919&sid=search', 'ID_PRODUTO': 'N/A', 'PREÇO': 'R$ 64,90', 'PREÇO ANTERIOR': 'N/A', 'MARCA': 'N/A', 'IMAGEM': 'https://http2.mlstatic.com/D_Q_NP_2X_729044-MLB89012497235_072025-E.webp', 'VENDEDOR': 'Park Ecom', 'MÉDIA AVALIAÇÕES': '4.7', 'TOTAL AVALIAÇÕES': '118', 'ENTREGA': 'Frete grátis', 'ENTREGA FULL': 'Sim'}
2025-09-26 02:19:01,589 - INFO - --- Processando container de produto 31/50 (total coletado: 28, pulados: 2) ---
2025-09-26 02:19:01,591 - INFO -   [TÍTULO] Encontrado: 'Kit De Cartuchos 664 Hp -  2 Pretos E 1 Color Original'
2025-09-26 02:19:01,592 - INFO -   [LINK] Encontrado: 'https://www.mercadolivre.com.br/hp-kit-cartuchos-hp-664-2-cartucho-hp-664-colorido-1/p/MLB2039724604#polycard_client=search-nordic&search_layout=grid&position=31&type=product&tracking_id=7859cd4b-e8b4-4c79-8395-193f79fe8c46&wid=MLB4459867280&sid=search'
2025-09-26 02:19:01,592 - INFO -   [ID PRODUTO] Encontrado: 'MLB2039724604'
2025-09-26 02:19:01,594 - INFO -   [PREÇO] Encontrado (poly-card fallback): 'R$ 219,90'
2025-09-26 02:19:01,597 - INFO -   [MARCA] Não encontrada (general/poly).
2025-09-26 02:19:01,599 - INFO -   [IMAGEM] URL da imagem (poly-card fallback): https://http2.mlstatic.com/D_Q_NP_2X_737052-MLB84219679118_052025-E.webp
2025-09-26 02:19:01,600 - INFO -   [VENDEDOR] Não encontrado para o container 31.
2025-09-26 02:19:01,603 - INFO -   [MÉDIA AVALIAÇÕES] Encontrada (poly-card fallback): '4.8'
2025-09-26 02:19:01,603 - INFO -   [TOTAL AVALIAÇÕES] Encontrado (poly-card fallback): '81'
2025-09-26 02:19:01,604 - INFO -   [ENTREGA] Texto encontrado (poly-card fallback): 'Frete grátis'
2025-09-26 02:19:01,605 - INFO - Produto processado: Kit De Cartuchos 664 Hp -  2 Pretos E 1 Color Original
2025-09-26 02:19:01,606 - DEBUG - Scraped from <200 https://lista.mercadolivre.com.br/cartucho-hp-664?sb=all_mercadolibre>
{'TITULO PRODUTO': 'Kit 2 Cartuchos Hp 664 Preto E Hp 664 Colorido Hp 2676 ,3636', 'LINK': 'https://www.mercadolivre.com.br/kit-2-cartuchos-hp-664-preto-e-hp-664-colorido-hp-2676-3636/up/MLBU1737532805#polycard_client=search-nordic&search_layout=grid&position=30&type=product&tracking_id=7859cd4b-e8b4-4c79-8395-193f79fe8c46&wid=MLB2751400102&sid=search', 'ID_PRODUTO': 'N/A', 'PREÇO': 'R$ 176,86', 'PREÇO ANTERIOR': 'R$ 198', 'MARCA': 'N/A', 'IMAGEM': 'https://http2.mlstatic.com/D_Q_NP_2X_965315-MLB74475004245_022024-E.webp', 'VENDEDOR': 'N/A', 'MÉDIA AVALIAÇÕES': '4.8', 'TOTAL AVALIAÇÕES': '143', 'ENTREGA': 'Chegará grátis hoje', 'ENTREGA FULL': 'Sim'}
2025-09-26 02:19:01,606 - INFO - --- Processando container de produto 32/50 (total coletado: 29, pulados: 2) ---
2025-09-26 02:19:01,608 - INFO -   [TÍTULO] Encontrado: 'Cartucho Hp 664 Preto Original F6v29ab - 2136 2676 3776 3636'
2025-09-26 02:19:01,608 - INFO -   [LINK] Encontrado: 'https://www.mercadolivre.com.br/cartucho-hp-664-preto-original-f6v29ab--2136-2676-3776-3636/up/MLBU737400604#polycard_client=search-nordic&search_layout=grid&position=32&type=product&tracking_id=7859cd4b-e8b4-4c79-8395-193f79fe8c46&wid=MLB1854949182&sid=search'
2025-09-26 02:19:01,609 - WARNING -   [ID PRODUTO] Não encontrado no link: https://www.mercadolivre.com.br/cartucho-hp-664-preto-original-f6v29ab--2136-2676-3776-3636/up/MLBU737400604#polycard_client=search-nordic&search_layout=grid&position=32&type=product&tracking_id=7859cd4b-e8b4-4c79-8395-193f79fe8c46&wid=MLB1854949182&sid=search
2025-09-26 02:19:01,611 - INFO -   [PREÇO] Encontrado (poly-card fallback): 'R$ 66,44'
2025-09-26 02:19:01,613 - INFO -   [PREÇO ANTERIOR] Encontrado (poly-card fallback): 'R$ 75'
2025-09-26 02:19:01,614 - INFO -   [MARCA] Não encontrada (general/poly).
2025-09-26 02:19:01,616 - INFO -   [IMAGEM] URL da imagem (poly-card fallback): https://http2.mlstatic.com/D_Q_NP_2X_824754-MLB72034845425_092023-E.webp
2025-09-26 02:19:01,617 - INFO -   [VENDEDOR] Não encontrado para o container 32.
2025-09-26 02:19:01,619 - INFO -   [MÉDIA AVALIAÇÕES] Encontrada (poly-card fallback): '4.8'
2025-09-26 02:19:01,619 - INFO -   [TOTAL AVALIAÇÕES] Encontrado (poly-card fallback): '496'
2025-09-26 02:19:01,620 - INFO -   [ENTREGA] Texto encontrado (poly-card fallback): 'Frete grátis'
2025-09-26 02:19:01,621 - INFO - Produto processado: Cartucho Hp 664 Preto Original F6v29ab - 2136 2676 3776 3636
2025-09-26 02:19:01,622 - DEBUG - Scraped from <200 https://lista.mercadolivre.com.br/cartucho-hp-664?sb=all_mercadolibre>
{'TITULO PRODUTO': 'Kit De Cartuchos 664 Hp -  2 Pretos E 1 Color Original', 'LINK': 'https://www.mercadolivre.com.br/hp-kit-cartuchos-hp-664-2-cartucho-hp-664-colorido-1/p/MLB2039724604#polycard_client=search-nordic&search_layout=grid&position=31&type=product&tracking_id=7859cd4b-e8b4-4c79-8395-193f79fe8c46&wid=MLB4459867280&sid=search', 'ID_PRODUTO': 'MLB2039724604', 'PREÇO': 'R$ 219,90', 'PREÇO ANTERIOR': 'N/A', 'MARCA': 'N/A', 'IMAGEM': 'https://http2.mlstatic.com/D_Q_NP_2X_737052-MLB84219679118_052025-E.webp', 'VENDEDOR': 'N/A', 'MÉDIA AVALIAÇÕES': '4.8', 'TOTAL AVALIAÇÕES': '81', 'ENTREGA': 'Frete grátis', 'ENTREGA FULL': 'Não'}
2025-09-26 02:19:01,623 - INFO - --- Processando container de produto 33/50 (total coletado: 30, pulados: 2) ---
2025-09-26 02:19:01,624 - INFO -   [TÍTULO] Encontrado: 'Cartucho De Tinta Hp Colorido 664'
2025-09-26 02:19:01,625 - INFO -   [LINK] Encontrado: 'https://produto.mercadolivre.com.br/MLB-2643073496-cartucho-de-tinta-hp-colorido-664-_JM?searchVariation=174515319470#polycard_client=search-nordic&searchVariation=174515319470&search_layout=grid&position=33&type=item&tracking_id=7859cd4b-e8b4-4c79-8395-193f79fe8c46'
2025-09-26 02:19:01,625 - WARNING -   [ID PRODUTO] Não encontrado no link: https://produto.mercadolivre.com.br/MLB-2643073496-cartucho-de-tinta-hp-colorido-664-_JM?searchVariation=174515319470#polycard_client=search-nordic&searchVariation=174515319470&search_layout=grid&position=33&type=item&tracking_id=7859cd4b-e8b4-4c79-8395-193f79fe8c46
2025-09-26 02:19:01,628 - INFO -   [PREÇO] Encontrado (poly-card fallback): 'R$ 76,90'
2025-09-26 02:19:01,630 - INFO -   [MARCA] Não encontrada (general/poly).
2025-09-26 02:19:01,631 - INFO -   [IMAGEM] URL da imagem (poly-card fallback): https://http2.mlstatic.com/D_Q_NP_2X_753400-MLB89644051660_082025-E-cartucho-de-tinta-hp-colorido-664.webp
2025-09-26 02:19:01,632 - INFO -   [VENDEDOR] Encontrado (poly-card fallback): 'Mm Santos'
2025-09-26 02:19:01,633 - INFO -   [MÉDIA AVALIAÇÕES] Encontrada (poly-card fallback): '5.0'
2025-09-26 02:19:01,634 - INFO -   [TOTAL AVALIAÇÕES] Encontrado (poly-card fallback): '1'
2025-09-26 02:19:01,635 - INFO -   [ENTREGA] Texto encontrado (poly-card fallback): 'Frete grátis'
2025-09-26 02:19:01,636 - INFO - Produto processado: Cartucho De Tinta Hp Colorido 664
2025-09-26 02:19:01,636 - DEBUG - Scraped from <200 https://lista.mercadolivre.com.br/cartucho-hp-664?sb=all_mercadolibre>
{'TITULO PRODUTO': 'Cartucho Hp 664 Preto Original F6v29ab - 2136 2676 3776 3636', 'LINK': 'https://www.mercadolivre.com.br/cartucho-hp-664-preto-original-f6v29ab--2136-2676-3776-3636/up/MLBU737400604#polycard_client=search-nordic&search_layout=grid&position=32&type=product&tracking_id=7859cd4b-e8b4-4c79-8395-193f79fe8c46&wid=MLB1854949182&sid=search', 'ID_PRODUTO': 'N/A', 'PREÇO': 'R$ 66,44', 'PREÇO ANTERIOR': 'R$ 75', 'MARCA': 'N/A', 'IMAGEM': 'https://http2.mlstatic.com/D_Q_NP_2X_824754-MLB72034845425_092023-E.webp', 'VENDEDOR': 'N/A', 'MÉDIA AVALIAÇÕES': '4.8', 'TOTAL AVALIAÇÕES': '496', 'ENTREGA': 'Frete grátis', 'ENTREGA FULL': 'Não'}
2025-09-26 02:19:01,637 - INFO - --- Processando container de produto 34/50 (total coletado: 31, pulados: 2) ---
2025-09-26 02:19:01,638 - INFO -   [TÍTULO] Encontrado: 'Cartucho De Tinta Hp 664 Negro y 664 Tricolor 2 Unidades'
2025-09-26 02:19:01,638 - INFO -   [LINK] Encontrado: 'https://www.mercadolivre.com.br/cartucho-de-tinta-hp-664-negro-y-664-tricolor-2-unidades/p/MLB36783881#polycard_client=search-nordic&search_layout=grid&position=34&type=product&tracking_id=7859cd4b-e8b4-4c79-8395-193f79fe8c46&wid=MLB3688322801&sid=search'
2025-09-26 02:19:01,638 - INFO -   [ID PRODUTO] Encontrado: 'MLB36783881'
2025-09-26 02:19:01,640 - INFO -   [PREÇO] Encontrado (poly-card fallback): 'R$ 143,90'
2025-09-26 02:19:01,642 - INFO -   [MARCA] Não encontrada (general/poly).
2025-09-26 02:19:01,643 - INFO -   [IMAGEM] URL da imagem (poly-card fallback): https://http2.mlstatic.com/D_Q_NP_2X_908936-MLU77298479529_062024-E.webp
2025-09-26 02:19:01,645 - INFO -   [VENDEDOR] Não encontrado para o container 34.
2025-09-26 02:19:01,646 - INFO -   [MÉDIA AVALIAÇÕES] Encontrada (poly-card fallback): '4.7'
2025-09-26 02:19:01,647 - INFO -   [TOTAL AVALIAÇÕES] Encontrado (poly-card fallback): '537'
2025-09-26 02:19:01,648 - INFO -   [ENTREGA] Texto encontrado (general alt): 'Chegará grátis hoje'
2025-09-26 02:19:01,649 - INFO -   [ENTREGA FULL] Indicador FULL encontrado (poly-card fallback SVG).
2025-09-26 02:19:01,649 - INFO - Produto processado: Cartucho De Tinta Hp 664 Negro y 664 Tricolor 2 Unidades
2025-09-26 02:19:01,650 - DEBUG - Scraped from <200 https://lista.mercadolivre.com.br/cartucho-hp-664?sb=all_mercadolibre>
{'TITULO PRODUTO': 'Cartucho De Tinta Hp Colorido 664', 'LINK': 'https://produto.mercadolivre.com.br/MLB-2643073496-cartucho-de-tinta-hp-colorido-664-_JM?searchVariation=174515319470#polycard_client=search-nordic&searchVariation=174515319470&search_layout=grid&position=33&type=item&tracking_id=7859cd4b-e8b4-4c79-8395-193f79fe8c46', 'ID_PRODUTO': 'N/A', 'PREÇO': 'R$ 76,90', 'PREÇO ANTERIOR': 'N/A', 'MARCA': 'N/A', 'IMAGEM': 'https://http2.mlstatic.com/D_Q_NP_2X_753400-MLB89644051660_082025-E-cartucho-de-tinta-hp-colorido-664.webp', 'VENDEDOR': 'Mm Santos', 'MÉDIA AVALIAÇÕES': '5.0', 'TOTAL AVALIAÇÕES': '1', 'ENTREGA': 'Frete grátis', 'ENTREGA FULL': 'Não'}
2025-09-26 02:19:01,650 - INFO - --- Processando container de produto 35/50 (total coletado: 32, pulados: 2) ---
2025-09-26 02:19:01,652 - INFO -   [TÍTULO] Encontrado: 'Kit Cartucho Hp 664 Preto + Hp 664 Colorido Original Nf'
2025-09-26 02:19:01,653 - INFO -   [LINK] Encontrado: 'https://www.mercadolivre.com.br/kit-cartucho-hp-664-preto--hp-664-colorido-original-nf/up/MLBU1455884048#polycard_client=search-nordic&search_layout=grid&position=35&type=product&tracking_id=7859cd4b-e8b4-4c79-8395-193f79fe8c46&wid=MLB3670283480&sid=search'
2025-09-26 02:19:01,653 - WARNING -   [ID PRODUTO] Não encontrado no link: https://www.mercadolivre.com.br/kit-cartucho-hp-664-preto--hp-664-colorido-original-nf/up/MLBU1455884048#polycard_client=search-nordic&search_layout=grid&position=35&type=product&tracking_id=7859cd4b-e8b4-4c79-8395-193f79fe8c46&wid=MLB3670283480&sid=search
2025-09-26 02:19:01,654 - INFO -   [PREÇO] Encontrado (poly-card fallback): 'R$ 140,99'
2025-09-26 02:19:01,655 - INFO -   [PREÇO ANTERIOR] Encontrado (poly-card fallback): 'R$ 154'
2025-09-26 02:19:01,655 - INFO -   [MARCA] Não encontrada (general/poly).
2025-09-26 02:19:01,656 - INFO -   [IMAGEM] URL da imagem (poly-card fallback): https://http2.mlstatic.com/D_Q_NP_2X_617521-MLB76079957563_042024-E.webp
2025-09-26 02:19:01,657 - INFO -   [VENDEDOR] Não encontrado para o container 35.
2025-09-26 02:19:01,658 - INFO -   [MÉDIA AVALIAÇÕES] Encontrada (poly-card fallback): '4.7'
2025-09-26 02:19:01,658 - INFO -   [TOTAL AVALIAÇÕES] Encontrado (poly-card fallback): '505'
2025-09-26 02:19:01,659 - INFO -   [ENTREGA] Texto encontrado (general alt): 'Chegará grátis hoje'
2025-09-26 02:19:01,659 - INFO -   [ENTREGA FULL] Indicador FULL encontrado (poly-card fallback SVG).
2025-09-26 02:19:01,660 - INFO - Produto processado: Kit Cartucho Hp 664 Preto + Hp 664 Colorido Original Nf
2025-09-26 02:19:01,661 - DEBUG - Scraped from <200 https://lista.mercadolivre.com.br/cartucho-hp-664?sb=all_mercadolibre>
{'TITULO PRODUTO': 'Cartucho De Tinta Hp 664 Negro y 664 Tricolor 2 Unidades', 'LINK': 'https://www.mercadolivre.com.br/cartucho-de-tinta-hp-664-negro-y-664-tricolor-2-unidades/p/MLB36783881#polycard_client=search-nordic&search_layout=grid&position=34&type=product&tracking_id=7859cd4b-e8b4-4c79-8395-193f79fe8c46&wid=MLB3688322801&sid=search', 'ID_PRODUTO': 'MLB36783881', 'PREÇO': 'R$ 143,90', 'PREÇO ANTERIOR': 'N/A', 'MARCA': 'N/A', 'IMAGEM': 'https://http2.mlstatic.com/D_Q_NP_2X_908936-MLU77298479529_062024-E.webp', 'VENDEDOR': 'N/A', 'MÉDIA AVALIAÇÕES': '4.7', 'TOTAL AVALIAÇÕES': '537', 'ENTREGA': 'Chegará grátis hoje', 'ENTREGA FULL': 'Sim'}
2025-09-26 02:19:01,661 - INFO - --- Processando container de produto 36/50 (total coletado: 33, pulados: 2) ---
2025-09-26 02:19:01,664 - INFO -   [TÍTULO] Encontrado: 'Cartucho De Tinta Hp 664 Colorido Advantage Original'
2025-09-26 02:19:01,664 - INFO -   [LINK] Encontrado: 'https://www.mercadolivre.com.br/cartucho-de-tinta-hp-664-colorido-advantage-original/up/MLBU750309843#polycard_client=search-nordic&search_layout=grid&position=36&type=product&tracking_id=7859cd4b-e8b4-4c79-8395-193f79fe8c46&wid=MLB2671474178&sid=search'
2025-09-26 02:19:01,665 - WARNING -   [ID PRODUTO] Não encontrado no link: https://www.mercadolivre.com.br/cartucho-de-tinta-hp-664-colorido-advantage-original/up/MLBU750309843#polycard_client=search-nordic&search_layout=grid&position=36&type=product&tracking_id=7859cd4b-e8b4-4c79-8395-193f79fe8c46&wid=MLB2671474178&sid=search
2025-09-26 02:19:01,667 - INFO -   [PREÇO] Encontrado (poly-card fallback): 'R$ 72,90'
2025-09-26 02:19:01,668 - INFO -   [MARCA] Não encontrada (general/poly).
2025-09-26 02:19:01,669 - INFO -   [IMAGEM] URL da imagem (poly-card fallback): https://http2.mlstatic.com/D_Q_NP_2X_755253-MLA48974139015_012022-E.webp
2025-09-26 02:19:01,669 - INFO -   [VENDEDOR] Não encontrado para o container 36.
2025-09-26 02:19:01,670 - INFO -   [MÉDIA AVALIAÇÕES] Encontrada (poly-card fallback): '4.6'
2025-09-26 02:19:01,671 - INFO -   [TOTAL AVALIAÇÕES] Encontrado (poly-card fallback): '36'
2025-09-26 02:19:01,671 - INFO -   [ENTREGA] Texto encontrado (poly-card fallback): 'Frete grátis'
2025-09-26 02:19:01,672 - INFO -   [ENTREGA FULL] Indicador FULL encontrado (poly-card fallback SVG).
2025-09-26 02:19:01,672 - INFO - Produto processado: Cartucho De Tinta Hp 664 Colorido Advantage Original
2025-09-26 02:19:01,673 - DEBUG - Scraped from <200 https://lista.mercadolivre.com.br/cartucho-hp-664?sb=all_mercadolibre>
{'TITULO PRODUTO': 'Kit Cartucho Hp 664 Preto + Hp 664 Colorido Original Nf', 'LINK': 'https://www.mercadolivre.com.br/kit-cartucho-hp-664-preto--hp-664-colorido-original-nf/up/MLBU1455884048#polycard_client=search-nordic&search_layout=grid&position=35&type=product&tracking_id=7859cd4b-e8b4-4c79-8395-193f79fe8c46&wid=MLB3670283480&sid=search', 'ID_PRODUTO': 'N/A', 'PREÇO': 'R$ 140,99', 'PREÇO ANTERIOR': 'R$ 154', 'MARCA': 'N/A', 'IMAGEM': 'https://http2.mlstatic.com/D_Q_NP_2X_617521-MLB76079957563_042024-E.webp', 'VENDEDOR': 'N/A', 'MÉDIA AVALIAÇÕES': '4.7', 'TOTAL AVALIAÇÕES': '505', 'ENTREGA': 'Chegará grátis hoje', 'ENTREGA FULL': 'Sim'}
2025-09-26 02:19:01,673 - INFO - --- Processando container de produto 37/50 (total coletado: 34, pulados: 2) ---
2025-09-26 02:19:01,674 - INFO -   [TÍTULO] Encontrado: 'Cartucho De Tinta Hp 664 Xl Fvc631 Ab Original Preto-black'
2025-09-26 02:19:01,675 - INFO -   [LINK] Encontrado: 'https://www.mercadolivre.com.br/cartucho-de-tinta-hp-664-xl-fvc631-ab-original-pretoblack/up/MLBU1439011953#polycard_client=search-nordic&search_layout=grid&position=37&type=product&tracking_id=7859cd4b-e8b4-4c79-8395-193f79fe8c46&wid=MLB3329791893&sid=search'
2025-09-26 02:19:01,675 - WARNING -   [ID PRODUTO] Não encontrado no link: https://www.mercadolivre.com.br/cartucho-de-tinta-hp-664-xl-fvc631-ab-original-pretoblack/up/MLBU1439011953#polycard_client=search-nordic&search_layout=grid&position=37&type=product&tracking_id=7859cd4b-e8b4-4c79-8395-193f79fe8c46&wid=MLB3329791893&sid=search
2025-09-26 02:19:01,676 - INFO -   [PREÇO] Encontrado (poly-card fallback): 'R$ 195,20'
2025-09-26 02:19:01,677 - INFO -   [MARCA] Não encontrada (general/poly).
2025-09-26 02:19:01,680 - INFO -   [IMAGEM] URL da imagem (poly-card fallback): https://http2.mlstatic.com/D_Q_NP_2X_683767-MLA69624040428_052023-E.webp
2025-09-26 02:19:01,681 - INFO -   [VENDEDOR] Não encontrado para o container 37.
2025-09-26 02:19:01,682 - INFO -   [MÉDIA AVALIAÇÕES] Encontrada (poly-card fallback): '5.0'
2025-09-26 02:19:01,683 - INFO -   [TOTAL AVALIAÇÕES] Encontrado (poly-card fallback): '1'
2025-09-26 02:19:01,684 - INFO -   [ENTREGA] Texto encontrado (general alt): 'Chegará grátis hoje'
2025-09-26 02:19:01,685 - INFO -   [ENTREGA FULL] Indicador FULL encontrado (poly-card fallback SVG).
2025-09-26 02:19:01,686 - INFO - Produto processado: Cartucho De Tinta Hp 664 Xl Fvc631 Ab Original Preto-black
2025-09-26 02:19:01,686 - DEBUG - Scraped from <200 https://lista.mercadolivre.com.br/cartucho-hp-664?sb=all_mercadolibre>
{'TITULO PRODUTO': 'Cartucho De Tinta Hp 664 Colorido Advantage Original', 'LINK': 'https://www.mercadolivre.com.br/cartucho-de-tinta-hp-664-colorido-advantage-original/up/MLBU750309843#polycard_client=search-nordic&search_layout=grid&position=36&type=product&tracking_id=7859cd4b-e8b4-4c79-8395-193f79fe8c46&wid=MLB2671474178&sid=search', 'ID_PRODUTO': 'N/A', 'PREÇO': 'R$ 72,90', 'PREÇO ANTERIOR': 'N/A', 'MARCA': 'N/A', 'IMAGEM': 'https://http2.mlstatic.com/D_Q_NP_2X_755253-MLA48974139015_012022-E.webp', 'VENDEDOR': 'N/A', 'MÉDIA AVALIAÇÕES': '4.6', 'TOTAL AVALIAÇÕES': '36', 'ENTREGA': 'Frete grátis', 'ENTREGA FULL': 'Sim'}
2025-09-26 02:19:01,687 - INFO - --- Processando container de produto 38/50 (total coletado: 35, pulados: 2) ---
2025-09-26 02:19:01,688 - INFO -   [TÍTULO] Encontrado: 'Kit 2 Cartuchos Hp 664xl (preto + Color) 2136 2676'
2025-09-26 02:19:01,688 - INFO -   [LINK] Encontrado: 'https://www.mercadolivre.com.br/kit-2-cartuchos-hp-664xl-preto-color-2136-2676/p/MLB48686774#polycard_client=search-nordic&search_layout=grid&position=38&type=product&tracking_id=7859cd4b-e8b4-4c79-8395-193f79fe8c46&wid=MLB5518037936&sid=search'
2025-09-26 02:19:01,689 - INFO -   [ID PRODUTO] Encontrado: 'MLB48686774'
2025-09-26 02:19:01,690 - INFO -   [PREÇO] Encontrado (poly-card fallback): 'R$ 277,41'
2025-09-26 02:19:01,691 - INFO -   [MARCA] Não encontrada (general/poly).
2025-09-26 02:19:01,692 - INFO -   [IMAGEM] URL da imagem (poly-card fallback): https://http2.mlstatic.com/D_Q_NP_2X_721259-MLA83860146955_042025-E.webp
2025-09-26 02:19:01,692 - INFO -   [VENDEDOR] Não encontrado para o container 38.
2025-09-26 02:19:01,693 - INFO -   [MÉDIA AVALIAÇÕES] Encontrada (poly-card fallback): '4.5'
2025-09-26 02:19:01,694 - INFO -   [TOTAL AVALIAÇÕES] Encontrado (poly-card fallback): '2'
2025-09-26 02:19:01,696 - INFO -   [ENTREGA] Texto encontrado (poly-card fallback): 'Frete grátis'
2025-09-26 02:19:01,697 - INFO - Produto processado: Kit 2 Cartuchos Hp 664xl (preto + Color) 2136 2676
2025-09-26 02:19:01,698 - DEBUG - Scraped from <200 https://lista.mercadolivre.com.br/cartucho-hp-664?sb=all_mercadolibre>
{'TITULO PRODUTO': 'Cartucho De Tinta Hp 664 Xl Fvc631 Ab Original Preto-black', 'LINK': 'https://www.mercadolivre.com.br/cartucho-de-tinta-hp-664-xl-fvc631-ab-original-pretoblack/up/MLBU1439011953#polycard_client=search-nordic&search_layout=grid&position=37&type=product&tracking_id=7859cd4b-e8b4-4c79-8395-193f79fe8c46&wid=MLB3329791893&sid=search', 'ID_PRODUTO': 'N/A', 'PREÇO': 'R$ 195,20', 'PREÇO ANTERIOR': 'N/A', 'MARCA': 'N/A', 'IMAGEM': 'https://http2.mlstatic.com/D_Q_NP_2X_683767-MLA69624040428_052023-E.webp', 'VENDEDOR': 'N/A', 'MÉDIA AVALIAÇÕES': '5.0', 'TOTAL AVALIAÇÕES': '1', 'ENTREGA': 'Chegará grátis hoje', 'ENTREGA FULL': 'Sim'}
2025-09-26 02:19:01,699 - INFO - --- Processando container de produto 39/50 (total coletado: 36, pulados: 2) ---
2025-09-26 02:19:01,700 - INFO -   [TÍTULO] Encontrado: 'Kit Cartucho Hp 664xl Preto + 664xl Colorido 664'
2025-09-26 02:19:01,701 - INFO -   [LINK] Encontrado: 'https://www.mercadolivre.com.br/kit-cartucho-hp-664xl-preto-664xl-colorido-664/p/MLB39970611#polycard_client=search-nordic&search_layout=grid&position=39&type=product&tracking_id=7859cd4b-e8b4-4c79-8395-193f79fe8c46&wid=MLB5029758340&sid=search'
2025-09-26 02:19:01,702 - INFO -   [ID PRODUTO] Encontrado: 'MLB39970611'
2025-09-26 02:19:01,703 - INFO -   [PREÇO] Encontrado (poly-card fallback): 'R$ 409,99'
2025-09-26 02:19:01,704 - INFO -   [MARCA] Não encontrada (general/poly).
2025-09-26 02:19:01,705 - INFO -   [IMAGEM] URL da imagem (poly-card fallback): https://http2.mlstatic.com/D_Q_NP_2X_663271-MLU78534125992_082024-E.webp
2025-09-26 02:19:01,706 - INFO -   [VENDEDOR] Não encontrado para o container 39.
2025-09-26 02:19:01,707 - INFO -   [ENTREGA] Texto encontrado (general alt): 'Chegará grátis amanhã sábado'
2025-09-26 02:19:01,708 - INFO - Produto processado: Kit Cartucho Hp 664xl Preto + 664xl Colorido 664
2025-09-26 02:19:01,708 - INFO - --- Processando container de produto 40/50 (total coletado: 37, pulados: 2) ---
2025-09-26 02:19:01,709 - INFO -   [TÍTULO] Encontrado: 'Cartucho Hp 664xl 664 Xl Preto Hp E'
2025-09-26 02:19:01,709 - INFO -   [LINK] Encontrado: 'https://www.mercadolivre.com.br/cartucho-hp-664xl-664-xl-preto-hp-e/p/MLB52063715#polycard_client=search-nordic&search_layout=grid&position=40&type=product&tracking_id=7859cd4b-e8b4-4c79-8395-193f79fe8c46&wid=MLB5477851512&sid=search'
2025-09-26 02:19:01,710 - INFO -   [ID PRODUTO] Encontrado: 'MLB52063715'
2025-09-26 02:19:01,713 - INFO -   [PREÇO] Encontrado (poly-card fallback): 'R$ 128,04'
2025-09-26 02:19:01,714 - INFO -   [MARCA] Não encontrada (general/poly).
2025-09-26 02:19:01,716 - INFO -   [IMAGEM] URL da imagem (poly-card fallback): https://http2.mlstatic.com/D_Q_NP_2X_721363-MLA91971172981_092025-E.webp
2025-09-26 02:19:01,716 - INFO -   [VENDEDOR] Encontrado (poly-card fallback): 'Park Ecom'
2025-09-26 02:19:01,718 - INFO -   [MÉDIA AVALIAÇÕES] Encontrada (poly-card fallback): '4.3'
2025-09-26 02:19:01,719 - INFO -   [TOTAL AVALIAÇÕES] Encontrado (poly-card fallback): '52'
2025-09-26 02:19:01,720 - INFO -   [ENTREGA] Texto encontrado (poly-card fallback): 'Frete grátis'
2025-09-26 02:19:01,721 - INFO - Produto processado: Cartucho Hp 664xl 664 Xl Preto Hp E
2025-09-26 02:19:01,722 - DEBUG - Scraped from <200 https://lista.mercadolivre.com.br/cartucho-hp-664?sb=all_mercadolibre>
{'TITULO PRODUTO': 'Kit 2 Cartuchos Hp 664xl (preto + Color) 2136 2676', 'LINK': 'https://www.mercadolivre.com.br/kit-2-cartuchos-hp-664xl-preto-color-2136-2676/p/MLB48686774#polycard_client=search-nordic&search_layout=grid&position=38&type=product&tracking_id=7859cd4b-e8b4-4c79-8395-193f79fe8c46&wid=MLB5518037936&sid=search', 'ID_PRODUTO': 'MLB48686774', 'PREÇO': 'R$ 277,41', 'PREÇO ANTERIOR': 'N/A', 'MARCA': 'N/A', 'IMAGEM': 'https://http2.mlstatic.com/D_Q_NP_2X_721259-MLA83860146955_042025-E.webp', 'VENDEDOR': 'N/A', 'MÉDIA AVALIAÇÕES': '4.5', 'TOTAL AVALIAÇÕES': '2', 'ENTREGA': 'Frete grátis', 'ENTREGA FULL': 'Não'}
2025-09-26 02:19:01,722 - INFO - --- Processando container de produto 41/50 (total coletado: 38, pulados: 2) ---
2025-09-26 02:19:01,723 - INFO -   [TÍTULO] Encontrado: 'Kit Cartucho Hp 664 Preto F6v29ab + Resma A4 Chamex'
2025-09-26 02:19:01,724 - INFO -   [LINK] Encontrado: 'https://www.mercadolivre.com.br/kit-cartucho-hp-664-preto-f6v29ab-resma-a4-chamex/p/MLB53274520#polycard_client=search-nordic&search_layout=grid&position=41&type=product&tracking_id=7859cd4b-e8b4-4c79-8395-193f79fe8c46&wid=MLB4145096065&sid=search'
2025-09-26 02:19:01,724 - INFO -   [ID PRODUTO] Encontrado: 'MLB53274520'
2025-09-26 02:19:01,725 - INFO -   [PREÇO] Encontrado (poly-card fallback): 'R$ 112,90'
2025-09-26 02:19:01,727 - INFO -   [MARCA] Não encontrada (general/poly).
2025-09-26 02:19:01,729 - INFO -   [IMAGEM] URL da imagem (poly-card fallback): https://http2.mlstatic.com/D_Q_NP_2X_707547-MLA91972195223_092025-E.webp
2025-09-26 02:19:01,730 - INFO -   [VENDEDOR] Encontrado (poly-card fallback): 'Mm Santos'
2025-09-26 02:19:01,732 - INFO -   [ENTREGA] Texto encontrado (general alt): 'Chegará grátis amanhã sábado'
2025-09-26 02:19:01,737 - INFO - Produto processado: Kit Cartucho Hp 664 Preto F6v29ab + Resma A4 Chamex
2025-09-26 02:19:01,738 - DEBUG - Scraped from <200 https://lista.mercadolivre.com.br/cartucho-hp-664?sb=all_mercadolibre>
{'TITULO PRODUTO': 'Kit Cartucho Hp 664xl Preto + 664xl Colorido 664', 'LINK': 'https://www.mercadolivre.com.br/kit-cartucho-hp-664xl-preto-664xl-colorido-664/p/MLB39970611#polycard_client=search-nordic&search_layout=grid&position=39&type=product&tracking_id=7859cd4b-e8b4-4c79-8395-193f79fe8c46&wid=MLB5029758340&sid=search', 'ID_PRODUTO': 'MLB39970611', 'PREÇO': 'R$ 409,99', 'PREÇO ANTERIOR': 'N/A', 'MARCA': 'N/A', 'IMAGEM': 'https://http2.mlstatic.com/D_Q_NP_2X_663271-MLU78534125992_082024-E.webp', 'VENDEDOR': 'N/A', 'MÉDIA AVALIAÇÕES': 'N/A', 'TOTAL AVALIAÇÕES': 'N/A', 'ENTREGA': 'Chegará grátis amanhã sábado', 'ENTREGA FULL': 'Não'}
2025-09-26 02:19:01,739 - DEBUG - Scraped from <200 https://lista.mercadolivre.com.br/cartucho-hp-664?sb=all_mercadolibre>
{'TITULO PRODUTO': 'Cartucho Hp 664xl 664 Xl Preto Hp E', 'LINK': 'https://www.mercadolivre.com.br/cartucho-hp-664xl-664-xl-preto-hp-e/p/MLB52063715#polycard_client=search-nordic&search_layout=grid&position=40&type=product&tracking_id=7859cd4b-e8b4-4c79-8395-193f79fe8c46&wid=MLB5477851512&sid=search', 'ID_PRODUTO': 'MLB52063715', 'PREÇO': 'R$ 128,04', 'PREÇO ANTERIOR': 'N/A', 'MARCA': 'N/A', 'IMAGEM': 'https://http2.mlstatic.com/D_Q_NP_2X_721363-MLA91971172981_092025-E.webp', 'VENDEDOR': 'Park Ecom', 'MÉDIA AVALIAÇÕES': '4.3', 'TOTAL AVALIAÇÕES': '52', 'ENTREGA': 'Frete grátis', 'ENTREGA FULL': 'Não'}
2025-09-26 02:19:01,740 - INFO - --- Processando container de produto 42/50 (total coletado: 39, pulados: 2) ---
2025-09-26 02:19:01,742 - INFO -   [TÍTULO] Encontrado: 'Kit 03 Cartucho Tinta Original Hp 664- 2 Preto / 1 Colorido'
2025-09-26 02:19:01,743 - INFO -   [LINK] Encontrado: 'https://produto.mercadolivre.com.br/MLB-4443620156-kit-03-cartucho-tinta-original-hp-664-2-preto-1-colorido-_JM#polycard_client=search-nordic&search_layout=grid&position=42&type=item&tracking_id=7859cd4b-e8b4-4c79-8395-193f79fe8c46&wid=MLB4443620156&sid=search'
2025-09-26 02:19:01,744 - WARNING -   [ID PRODUTO] Não encontrado no link: https://produto.mercadolivre.com.br/MLB-4443620156-kit-03-cartucho-tinta-original-hp-664-2-preto-1-colorido-_JM#polycard_client=search-nordic&search_layout=grid&position=42&type=item&tracking_id=7859cd4b-e8b4-4c79-8395-193f79fe8c46&wid=MLB4443620156&sid=search
2025-09-26 02:19:01,750 - INFO -   [PREÇO] Encontrado (poly-card fallback): 'R$ 267,86'
2025-09-26 02:19:01,753 - INFO -   [MARCA] Não encontrada (general/poly).
2025-09-26 02:19:01,754 - INFO -   [IMAGEM] URL da imagem (poly-card fallback): https://http2.mlstatic.com/D_Q_NP_2X_669107-MLB46080503135_052021-E-kit-03-cartucho-tinta-original-hp-664-2-preto-1-colorido.webp
2025-09-26 02:19:01,755 - INFO -   [VENDEDOR] Encontrado (poly-card fallback): 'Tec Print'
2025-09-26 02:19:01,757 - INFO -   [MÉDIA AVALIAÇÕES] Encontrada (poly-card fallback): '4.8'
2025-09-26 02:19:01,758 - INFO -   [TOTAL AVALIAÇÕES] Encontrado (poly-card fallback): '4'
2025-09-26 02:19:01,759 - INFO -   [ENTREGA] Texto encontrado (general alt): 'Chegará grátis amanhã sábado'
2025-09-26 02:19:01,761 - INFO - Produto processado: Kit 03 Cartucho Tinta Original Hp 664- 2 Preto / 1 Colorido
2025-09-26 02:19:01,763 - DEBUG - Scraped from <200 https://lista.mercadolivre.com.br/cartucho-hp-664?sb=all_mercadolibre>
{'TITULO PRODUTO': 'Kit Cartucho Hp 664 Preto F6v29ab + Resma A4 Chamex', 'LINK': 'https://www.mercadolivre.com.br/kit-cartucho-hp-664-preto-f6v29ab-resma-a4-chamex/p/MLB53274520#polycard_client=search-nordic&search_layout=grid&position=41&type=product&tracking_id=7859cd4b-e8b4-4c79-8395-193f79fe8c46&wid=MLB4145096065&sid=search', 'ID_PRODUTO': 'MLB53274520', 'PREÇO': 'R$ 112,90', 'PREÇO ANTERIOR': 'N/A', 'MARCA': 'N/A', 'IMAGEM': 'https://http2.mlstatic.com/D_Q_NP_2X_707547-MLA91972195223_092025-E.webp', 'VENDEDOR': 'Mm Santos', 'MÉDIA AVALIAÇÕES': 'N/A', 'TOTAL AVALIAÇÕES': 'N/A', 'ENTREGA': 'Chegará grátis amanhã sábado', 'ENTREGA FULL': 'Não'}
2025-09-26 02:19:01,766 - INFO - --- Processando container de produto 43/50 (total coletado: 40, pulados: 2) ---
2025-09-26 02:19:01,768 - INFO -   [TÍTULO] Encontrado: 'Kit Cartucho Hp 667 Preto E 667 Colorido 2376 2776'
2025-09-26 02:19:01,769 - INFO -   [LINK] Encontrado: 'https://www.mercadolivre.com.br/kit-cartucho-hp-667-preto-e-667-colorido-2376-2776/p/MLB39019456#polycard_client=search-nordic&search_layout=grid&position=43&type=product&tracking_id=7859cd4b-e8b4-4c79-8395-193f79fe8c46&wid=MLB5081972264&sid=search'
2025-09-26 02:19:01,769 - INFO -   [ID PRODUTO] Encontrado: 'MLB39019456'
2025-09-26 02:19:01,771 - INFO -   [PREÇO] Encontrado (poly-card fallback): 'R$ 143,90'
2025-09-26 02:19:01,772 - INFO -   [MARCA] Não encontrada (general/poly).
2025-09-26 02:19:01,774 - INFO -   [IMAGEM] URL da imagem (poly-card fallback): https://http2.mlstatic.com/D_Q_NP_2X_807591-MLU78192290417_082024-E.webp
2025-09-26 02:19:01,774 - INFO -   [VENDEDOR] Não encontrado para o container 43.
2025-09-26 02:19:01,776 - INFO -   [MÉDIA AVALIAÇÕES] Encontrada (poly-card fallback): '4.8'
2025-09-26 02:19:01,777 - INFO -   [TOTAL AVALIAÇÕES] Encontrado (poly-card fallback): '316'
2025-09-26 02:19:01,782 - INFO -   [ENTREGA] Texto encontrado (poly-card fallback): 'Frete grátis'
2025-09-26 02:19:01,784 - INFO - Produto processado: Kit Cartucho Hp 667 Preto E 667 Colorido 2376 2776
2025-09-26 02:19:01,785 - DEBUG - Scraped from <200 https://lista.mercadolivre.com.br/cartucho-hp-664?sb=all_mercadolibre>
{'TITULO PRODUTO': 'Kit 03 Cartucho Tinta Original Hp 664- 2 Preto / 1 Colorido', 'LINK': 'https://produto.mercadolivre.com.br/MLB-4443620156-kit-03-cartucho-tinta-original-hp-664-2-preto-1-colorido-_JM#polycard_client=search-nordic&search_layout=grid&position=42&type=item&tracking_id=7859cd4b-e8b4-4c79-8395-193f79fe8c46&wid=MLB4443620156&sid=search', 'ID_PRODUTO': 'N/A', 'PREÇO': 'R$ 267,86', 'PREÇO ANTERIOR': 'N/A', 'MARCA': 'N/A', 'IMAGEM': 'https://http2.mlstatic.com/D_Q_NP_2X_669107-MLB46080503135_052021-E-kit-03-cartucho-tinta-original-hp-664-2-preto-1-colorido.webp', 'VENDEDOR': 'Tec Print', 'MÉDIA AVALIAÇÕES': '4.8', 'TOTAL AVALIAÇÕES': '4', 'ENTREGA': 'Chegará grátis amanhã sábado', 'ENTREGA FULL': 'Não'}
2025-09-26 02:19:01,786 - INFO - --- Processando container de produto 44/50 (total coletado: 41, pulados: 2) ---
2025-09-26 02:19:01,788 - INFO -   [TÍTULO] Encontrado: 'Cartucho De Tinta Hp 664 Colorido Advantage Original'
2025-09-26 02:19:01,788 - INFO -   [LINK] Encontrado: 'https://produto.mercadolivre.com.br/MLB-3947525791-cartucho-de-tinta-hp-664-colorido-advantage-original-_JM#polycard_client=search-nordic&search_layout=grid&position=44&type=item&tracking_id=7859cd4b-e8b4-4c79-8395-193f79fe8c46&wid=MLB3947525791&sid=search'
2025-09-26 02:19:01,789 - WARNING -   [ID PRODUTO] Não encontrado no link: https://produto.mercadolivre.com.br/MLB-3947525791-cartucho-de-tinta-hp-664-colorido-advantage-original-_JM#polycard_client=search-nordic&search_layout=grid&position=44&type=item&tracking_id=7859cd4b-e8b4-4c79-8395-193f79fe8c46&wid=MLB3947525791&sid=search
2025-09-26 02:19:01,790 - INFO -   [PREÇO] Encontrado (poly-card fallback): 'R$ 71,64'
2025-09-26 02:19:01,791 - INFO -   [PREÇO ANTERIOR] Encontrado (poly-card fallback): 'R$ 77'
2025-09-26 02:19:01,792 - INFO -   [MARCA] Não encontrada (general/poly).
2025-09-26 02:19:01,793 - INFO -   [IMAGEM] URL da imagem (poly-card fallback): https://http2.mlstatic.com/D_Q_NP_2X_809185-MLB90623320283_082025-E-cartucho-de-tinta-hp-664-colorido-advantage-original.webp
2025-09-26 02:19:01,795 - INFO -   [VENDEDOR] Encontrado (poly-card fallback): 'Eshop'
2025-09-26 02:19:01,799 - INFO -   [MÉDIA AVALIAÇÕES] Encontrada (poly-card fallback): '4.8'
2025-09-26 02:19:01,800 - INFO -   [TOTAL AVALIAÇÕES] Encontrado (poly-card fallback): '16'
2025-09-26 02:19:01,802 - INFO -   [ENTREGA] Texto encontrado (poly-card fallback): 'Frete grátis'
2025-09-26 02:19:01,803 - INFO -   [ENTREGA FULL] Indicador FULL encontrado (poly-card fallback SVG).
2025-09-26 02:19:01,803 - INFO - Produto processado: Cartucho De Tinta Hp 664 Colorido Advantage Original
2025-09-26 02:19:01,804 - DEBUG - Scraped from <200 https://lista.mercadolivre.com.br/cartucho-hp-664?sb=all_mercadolibre>
{'TITULO PRODUTO': 'Kit Cartucho Hp 667 Preto E 667 Colorido 2376 2776', 'LINK': 'https://www.mercadolivre.com.br/kit-cartucho-hp-667-preto-e-667-colorido-2376-2776/p/MLB39019456#polycard_client=search-nordic&search_layout=grid&position=43&type=product&tracking_id=7859cd4b-e8b4-4c79-8395-193f79fe8c46&wid=MLB5081972264&sid=search', 'ID_PRODUTO': 'MLB39019456', 'PREÇO': 'R$ 143,90', 'PREÇO ANTERIOR': 'N/A', 'MARCA': 'N/A', 'IMAGEM': 'https://http2.mlstatic.com/D_Q_NP_2X_807591-MLU78192290417_082024-E.webp', 'VENDEDOR': 'N/A', 'MÉDIA AVALIAÇÕES': '4.8', 'TOTAL AVALIAÇÕES': '316', 'ENTREGA': 'Frete grátis', 'ENTREGA FULL': 'Não'}
2025-09-26 02:19:01,805 - INFO - --- Processando container de produto 45/50 (total coletado: 42, pulados: 2) ---
2025-09-26 02:19:01,806 - INFO -   [TÍTULO] Encontrado: 'Kit Cartucho Tinta Original Hp 664 Preto + 664 Colorido 2676'
2025-09-26 02:19:01,807 - INFO -   [LINK] Encontrado: 'https://produto.mercadolivre.com.br/MLB-4316322696-kit-cartucho-tinta-original-hp-664-preto-664-colorido-2676-_JM#polycard_client=search-nordic&search_layout=grid&position=45&type=item&tracking_id=7859cd4b-e8b4-4c79-8395-193f79fe8c46&wid=MLB4316322696&sid=search'
2025-09-26 02:19:01,807 - WARNING -   [ID PRODUTO] Não encontrado no link: https://produto.mercadolivre.com.br/MLB-4316322696-kit-cartucho-tinta-original-hp-664-preto-664-colorido-2676-_JM#polycard_client=search-nordic&search_layout=grid&position=45&type=item&tracking_id=7859cd4b-e8b4-4c79-8395-193f79fe8c46&wid=MLB4316322696&sid=search
2025-09-26 02:19:01,808 - INFO -   [PREÇO] Encontrado (poly-card fallback): 'R$ 187,84'
2025-09-26 02:19:01,809 - INFO -   [MARCA] Não encontrada (general/poly).
2025-09-26 02:19:01,811 - INFO -   [IMAGEM] URL da imagem (poly-card fallback): https://http2.mlstatic.com/D_Q_NP_2X_880960-MLB44203366366_112020-E-kit-cartucho-tinta-original-hp-664-preto-664-colorido-2676.webp
2025-09-26 02:19:01,813 - INFO -   [VENDEDOR] Encontrado (poly-card fallback): 'Tec Print'
2025-09-26 02:19:01,815 - INFO -   [MÉDIA AVALIAÇÕES] Encontrada (poly-card fallback): '4.5'
2025-09-26 02:19:01,815 - INFO -   [TOTAL AVALIAÇÕES] Encontrado (poly-card fallback): '57'
2025-09-26 02:19:01,816 - INFO -   [ENTREGA] Texto encontrado (general alt): 'Chegará grátis amanhã sábado'
2025-09-26 02:19:01,817 - INFO - Produto processado: Kit Cartucho Tinta Original Hp 664 Preto + 664 Colorido 2676
2025-09-26 02:19:01,817 - DEBUG - Scraped from <200 https://lista.mercadolivre.com.br/cartucho-hp-664?sb=all_mercadolibre>
{'TITULO PRODUTO': 'Cartucho De Tinta Hp 664 Colorido Advantage Original', 'LINK': 'https://produto.mercadolivre.com.br/MLB-3947525791-cartucho-de-tinta-hp-664-colorido-advantage-original-_JM#polycard_client=search-nordic&search_layout=grid&position=44&type=item&tracking_id=7859cd4b-e8b4-4c79-8395-193f79fe8c46&wid=MLB3947525791&sid=search', 'ID_PRODUTO': 'N/A', 'PREÇO': 'R$ 71,64', 'PREÇO ANTERIOR': 'R$ 77', 'MARCA': 'N/A', 'IMAGEM': 'https://http2.mlstatic.com/D_Q_NP_2X_809185-MLB90623320283_082025-E-cartucho-de-tinta-hp-664-colorido-advantage-original.webp', 'VENDEDOR': 'Eshop', 'MÉDIA AVALIAÇÕES': '4.8', 'TOTAL AVALIAÇÕES': '16', 'ENTREGA': 'Frete grátis', 'ENTREGA FULL': 'Sim'}
2025-09-26 02:19:01,818 - INFO - --- Processando container de produto 46/50 (total coletado: 43, pulados: 2) ---
2025-09-26 02:19:01,820 - INFO -   [TÍTULO] Encontrado: 'Kit Cartucho Hp 667 Preto + 667 Colorido Original 2376 2776'
2025-09-26 02:19:01,821 - INFO -   [LINK] Encontrado: 'https://www.mercadolivre.com.br/kit-cartucho-hp-667-preto--667-colorido-original-2376-2776/up/MLBU1722511938#polycard_client=search-nordic&search_layout=grid&position=46&type=product&tracking_id=7859cd4b-e8b4-4c79-8395-193f79fe8c46&wid=MLB2220488064&sid=search'
2025-09-26 02:19:01,822 - WARNING -   [ID PRODUTO] Não encontrado no link: https://www.mercadolivre.com.br/kit-cartucho-hp-667-preto--667-colorido-original-2376-2776/up/MLBU1722511938#polycard_client=search-nordic&search_layout=grid&position=46&type=product&tracking_id=7859cd4b-e8b4-4c79-8395-193f79fe8c46&wid=MLB2220488064&sid=search
2025-09-26 02:19:01,825 - INFO -   [PREÇO] Encontrado (poly-card fallback): 'R$ 181,89'
2025-09-26 02:19:01,827 - INFO -   [MARCA] Não encontrada (general/poly).
2025-09-26 02:19:01,829 - INFO -   [IMAGEM] URL da imagem (poly-card fallback): https://http2.mlstatic.com/D_Q_NP_2X_644469-MLB79691582465_102024-E.webp
2025-09-26 02:19:01,831 - INFO -   [VENDEDOR] Não encontrado para o container 46.
2025-09-26 02:19:01,832 - INFO -   [MÉDIA AVALIAÇÕES] Encontrada (poly-card fallback): '4.9'
2025-09-26 02:19:01,832 - INFO -   [TOTAL AVALIAÇÕES] Encontrado (poly-card fallback): '99'
2025-09-26 02:19:01,834 - INFO -   [ENTREGA] Texto encontrado (general alt): 'Chegará grátis hoje'
2025-09-26 02:19:01,835 - INFO -   [ENTREGA FULL] Indicador FULL encontrado (poly-card fallback SVG).
2025-09-26 02:19:01,835 - INFO - Produto processado: Kit Cartucho Hp 667 Preto + 667 Colorido Original 2376 2776
2025-09-26 02:19:01,836 - DEBUG - Scraped from <200 https://lista.mercadolivre.com.br/cartucho-hp-664?sb=all_mercadolibre>
{'TITULO PRODUTO': 'Kit Cartucho Tinta Original Hp 664 Preto + 664 Colorido 2676', 'LINK': 'https://produto.mercadolivre.com.br/MLB-4316322696-kit-cartucho-tinta-original-hp-664-preto-664-colorido-2676-_JM#polycard_client=search-nordic&search_layout=grid&position=45&type=item&tracking_id=7859cd4b-e8b4-4c79-8395-193f79fe8c46&wid=MLB4316322696&sid=search', 'ID_PRODUTO': 'N/A', 'PREÇO': 'R$ 187,84', 'PREÇO ANTERIOR': 'N/A', 'MARCA': 'N/A', 'IMAGEM': 'https://http2.mlstatic.com/D_Q_NP_2X_880960-MLB44203366366_112020-E-kit-cartucho-tinta-original-hp-664-preto-664-colorido-2676.webp', 'VENDEDOR': 'Tec Print', 'MÉDIA AVALIAÇÕES': '4.5', 'TOTAL AVALIAÇÕES': '57', 'ENTREGA': 'Chegará grátis amanhã sábado', 'ENTREGA FULL': 'Não'}
2025-09-26 02:19:01,838 - INFO - --- Processando container de produto 47/50 (total coletado: 44, pulados: 2) ---
2025-09-26 02:19:01,838 - INFO -   [TÍTULO] Encontrado: 'Kit 3 Cartuchos Hp 664 Preto + Colorido 2136 2676 3636 3776'
2025-09-26 02:19:01,839 - INFO -   [LINK] Encontrado: 'https://www.mercadolivre.com.br/kit-3-cartuchos-hp-664-preto--colorido-2136-2676-3636-3776/up/MLBU1459241799#polycard_client=search-nordic&search_layout=grid&position=47&type=product&tracking_id=7859cd4b-e8b4-4c79-8395-193f79fe8c46&wid=MLB3831864908&sid=search'
2025-09-26 02:19:01,839 - WARNING -   [ID PRODUTO] Não encontrado no link: https://www.mercadolivre.com.br/kit-3-cartuchos-hp-664-preto--colorido-2136-2676-3636-3776/up/MLBU1459241799#polycard_client=search-nordic&search_layout=grid&position=47&type=product&tracking_id=7859cd4b-e8b4-4c79-8395-193f79fe8c46&wid=MLB3831864908&sid=search
2025-09-26 02:19:01,840 - INFO -   [PREÇO] Encontrado (poly-card fallback): 'R$ 249,99'
2025-09-26 02:19:01,841 - INFO -   [MARCA] Não encontrada (general/poly).
2025-09-26 02:19:01,843 - INFO -   [IMAGEM] URL da imagem (poly-card fallback): https://http2.mlstatic.com/D_Q_NP_2X_904999-MLB75003489247_032024-E.webp
2025-09-26 02:19:01,844 - INFO -   [VENDEDOR] Não encontrado para o container 47.
2025-09-26 02:19:01,846 - INFO -   [MÉDIA AVALIAÇÕES] Encontrada (poly-card fallback): '4.7'
2025-09-26 02:19:01,847 - INFO -   [TOTAL AVALIAÇÕES] Encontrado (poly-card fallback): '32'
2025-09-26 02:19:01,848 - INFO -   [ENTREGA] Texto encontrado (general alt): 'Chegará grátis hoje'
2025-09-26 02:19:01,849 - INFO -   [ENTREGA FULL] Indicador FULL encontrado (poly-card fallback SVG).
2025-09-26 02:19:01,850 - INFO - Produto processado: Kit 3 Cartuchos Hp 664 Preto + Colorido 2136 2676 3636 3776
2025-09-26 02:19:01,851 - DEBUG - Scraped from <200 https://lista.mercadolivre.com.br/cartucho-hp-664?sb=all_mercadolibre>
{'TITULO PRODUTO': 'Kit Cartucho Hp 667 Preto + 667 Colorido Original 2376 2776', 'LINK': 'https://www.mercadolivre.com.br/kit-cartucho-hp-667-preto--667-colorido-original-2376-2776/up/MLBU1722511938#polycard_client=search-nordic&search_layout=grid&position=46&type=product&tracking_id=7859cd4b-e8b4-4c79-8395-193f79fe8c46&wid=MLB2220488064&sid=search', 'ID_PRODUTO': 'N/A', 'PREÇO': 'R$ 181,89', 'PREÇO ANTERIOR': 'N/A', 'MARCA': 'N/A', 'IMAGEM': 'https://http2.mlstatic.com/D_Q_NP_2X_644469-MLB79691582465_102024-E.webp', 'VENDEDOR': 'N/A', 'MÉDIA AVALIAÇÕES': '4.9', 'TOTAL AVALIAÇÕES': '99', 'ENTREGA': 'Chegará grátis hoje', 'ENTREGA FULL': 'Sim'}
2025-09-26 02:19:01,852 - INFO - --- Processando container de produto 48/50 (total coletado: 45, pulados: 2) ---
2025-09-26 02:19:01,853 - INFO -   [TÍTULO] Encontrado: 'Kit 3 Cartucho Hp 664 F6v29ab Preto Ink Advantage 2136 2676'
2025-09-26 02:19:01,853 - INFO -   [LINK] Encontrado: 'https://www.mercadolivre.com.br/kit-3-cartucho-hp-664-f6v29ab-preto-ink-advantage-2136-2676/p/MLB48782792#polycard_client=search-nordic&search_layout=grid&position=48&type=product&tracking_id=7859cd4b-e8b4-4c79-8395-193f79fe8c46&wid=MLB4037643971&sid=search'
2025-09-26 02:19:01,853 - INFO -   [ID PRODUTO] Encontrado: 'MLB48782792'
2025-09-26 02:19:01,855 - INFO -   [PREÇO] Encontrado (poly-card fallback): 'R$ 240,09'
2025-09-26 02:19:01,855 - INFO -   [MARCA] Não encontrada (general/poly).
2025-09-26 02:19:01,856 - INFO -   [IMAGEM] URL da imagem (poly-card fallback): https://http2.mlstatic.com/D_Q_NP_2X_671305-MLA91572201758_092025-E.webp
2025-09-26 02:19:01,857 - INFO -   [VENDEDOR] Não encontrado para o container 48.
2025-09-26 02:19:01,859 - INFO -   [ENTREGA] Texto encontrado (poly-card fallback): 'Frete grátis'
2025-09-26 02:19:01,859 - INFO - Produto processado: Kit 3 Cartucho Hp 664 F6v29ab Preto Ink Advantage 2136 2676
2025-09-26 02:19:01,861 - INFO - --- Processando container de produto 49/50 (total coletado: 46, pulados: 2) ---
2025-09-26 02:19:01,863 - INFO -   [TÍTULO] Encontrado: 'Kit Cartucho Hp 664 Preto + Hp 664 Colorido Original Nf'
2025-09-26 02:19:01,864 - INFO -   [LINK] Encontrado: 'https://www.mercadolivre.com.br/kit-cartucho-hp-664-preto--hp-664-colorido-original-nf/up/MLBU778583684#polycard_client=search-nordic&search_layout=grid&position=49&type=product&tracking_id=7859cd4b-e8b4-4c79-8395-193f79fe8c46&wid=MLB4293924976&sid=search'
2025-09-26 02:19:01,864 - WARNING -   [ID PRODUTO] Não encontrado no link: https://www.mercadolivre.com.br/kit-cartucho-hp-664-preto--hp-664-colorido-original-nf/up/MLBU778583684#polycard_client=search-nordic&search_layout=grid&position=49&type=product&tracking_id=7859cd4b-e8b4-4c79-8395-193f79fe8c46&wid=MLB4293924976&sid=search
2025-09-26 02:19:01,866 - INFO -   [PREÇO] Encontrado (poly-card fallback): 'R$ 177,95'
2025-09-26 02:19:01,868 - INFO -   [MARCA] Não encontrada (general/poly).
2025-09-26 02:19:01,870 - INFO -   [IMAGEM] URL da imagem (poly-card fallback): https://http2.mlstatic.com/D_Q_NP_2X_737794-MLA76242898365_052024-E.webp
2025-09-26 02:19:01,871 - INFO -   [VENDEDOR] Não encontrado para o container 49.
2025-09-26 02:19:01,872 - INFO -   [MÉDIA AVALIAÇÕES] Encontrada (poly-card fallback): '5.0'
2025-09-26 02:19:01,872 - INFO -   [TOTAL AVALIAÇÕES] Encontrado (poly-card fallback): '12'
2025-09-26 02:19:01,873 - INFO -   [ENTREGA] Texto encontrado (general alt): 'Chegará grátis hoje'
2025-09-26 02:19:01,874 - INFO -   [ENTREGA FULL] Indicador FULL encontrado (poly-card fallback SVG).
2025-09-26 02:19:01,875 - INFO - Produto processado: Kit Cartucho Hp 664 Preto + Hp 664 Colorido Original Nf
2025-09-26 02:19:01,875 - DEBUG - Scraped from <200 https://lista.mercadolivre.com.br/cartucho-hp-664?sb=all_mercadolibre>
{'TITULO PRODUTO': 'Kit 3 Cartuchos Hp 664 Preto + Colorido 2136 2676 3636 3776', 'LINK': 'https://www.mercadolivre.com.br/kit-3-cartuchos-hp-664-preto--colorido-2136-2676-3636-3776/up/MLBU1459241799#polycard_client=search-nordic&search_layout=grid&position=47&type=product&tracking_id=7859cd4b-e8b4-4c79-8395-193f79fe8c46&wid=MLB3831864908&sid=search', 'ID_PRODUTO': 'N/A', 'PREÇO': 'R$ 249,99', 'PREÇO ANTERIOR': 'N/A', 'MARCA': 'N/A', 'IMAGEM': 'https://http2.mlstatic.com/D_Q_NP_2X_904999-MLB75003489247_032024-E.webp', 'VENDEDOR': 'N/A', 'MÉDIA AVALIAÇÕES': '4.7', 'TOTAL AVALIAÇÕES': '32', 'ENTREGA': 'Chegará grátis hoje', 'ENTREGA FULL': 'Sim'}
2025-09-26 02:19:01,876 - INFO - --- Processando container de produto 50/50 (total coletado: 47, pulados: 2) ---
2025-09-26 02:19:01,879 - INFO -   [TÍTULO] Encontrado: 'Cartucho De Tinta 664 Hp Deskjet Preto Black Original + Nfe'
2025-09-26 02:19:01,880 - INFO -   [LINK] Encontrado: 'https://www.mercadolivre.com.br/cartucho-de-tinta-664-hp-deskjet-preto-black-original--nfe/up/MLBU1407101171#polycard_client=search-nordic&search_layout=grid&position=50&type=product&tracking_id=7859cd4b-e8b4-4c79-8395-193f79fe8c46&wid=MLB1839240545&sid=search'
2025-09-26 02:19:01,880 - WARNING -   [ID PRODUTO] Não encontrado no link: https://www.mercadolivre.com.br/cartucho-de-tinta-664-hp-deskjet-preto-black-original--nfe/up/MLBU1407101171#polycard_client=search-nordic&search_layout=grid&position=50&type=product&tracking_id=7859cd4b-e8b4-4c79-8395-193f79fe8c46&wid=MLB1839240545&sid=search
2025-09-26 02:19:01,882 - INFO -   [PREÇO] Encontrado (poly-card fallback): 'R$ 68'
2025-09-26 02:19:01,884 - INFO -   [MARCA] Não encontrada (general/poly).
2025-09-26 02:19:01,886 - INFO -   [IMAGEM] URL da imagem (poly-card fallback): https://http2.mlstatic.com/D_Q_NP_2X_962474-MLA54990694498_052023-E.webp
2025-09-26 02:19:01,886 - INFO -   [VENDEDOR] Não encontrado para o container 50.
2025-09-26 02:19:01,888 - INFO -   [MÉDIA AVALIAÇÕES] Encontrada (poly-card fallback): '5.0'
2025-09-26 02:19:01,888 - INFO -   [TOTAL AVALIAÇÕES] Encontrado (poly-card fallback): '4'
2025-09-26 02:19:01,889 - INFO -   [ENTREGA] Texto encontrado (poly-card fallback): 'Frete grátis'
2025-09-26 02:19:01,890 - INFO - Produto processado: Cartucho De Tinta 664 Hp Deskjet Preto Black Original + Nfe
2025-09-26 02:19:01,891 - DEBUG - Scraped from <200 https://lista.mercadolivre.com.br/cartucho-hp-664?sb=all_mercadolibre>
{'TITULO PRODUTO': 'Kit 3 Cartucho Hp 664 F6v29ab Preto Ink Advantage 2136 2676', 'LINK': 'https://www.mercadolivre.com.br/kit-3-cartucho-hp-664-f6v29ab-preto-ink-advantage-2136-2676/p/MLB48782792#polycard_client=search-nordic&search_layout=grid&position=48&type=product&tracking_id=7859cd4b-e8b4-4c79-8395-193f79fe8c46&wid=MLB4037643971&sid=search', 'ID_PRODUTO': 'MLB48782792', 'PREÇO': 'R$ 240,09', 'PREÇO ANTERIOR': 'N/A', 'MARCA': 'N/A', 'IMAGEM': 'https://http2.mlstatic.com/D_Q_NP_2X_671305-MLA91572201758_092025-E.webp', 'VENDEDOR': 'N/A', 'MÉDIA AVALIAÇÕES': 'N/A', 'TOTAL AVALIAÇÕES': 'N/A', 'ENTREGA': 'Frete grátis', 'ENTREGA FULL': 'Não'}
2025-09-26 02:19:01,891 - DEBUG - Scraped from <200 https://lista.mercadolivre.com.br/cartucho-hp-664?sb=all_mercadolibre>
{'TITULO PRODUTO': 'Kit Cartucho Hp 664 Preto + Hp 664 Colorido Original Nf', 'LINK': 'https://www.mercadolivre.com.br/kit-cartucho-hp-664-preto--hp-664-colorido-original-nf/up/MLBU778583684#polycard_client=search-nordic&search_layout=grid&position=49&type=product&tracking_id=7859cd4b-e8b4-4c79-8395-193f79fe8c46&wid=MLB4293924976&sid=search', 'ID_PRODUTO': 'N/A', 'PREÇO': 'R$ 177,95', 'PREÇO ANTERIOR': 'N/A', 'MARCA': 'N/A', 'IMAGEM': 'https://http2.mlstatic.com/D_Q_NP_2X_737794-MLA76242898365_052024-E.webp', 'VENDEDOR': 'N/A', 'MÉDIA AVALIAÇÕES': '5.0', 'TOTAL AVALIAÇÕES': '12', 'ENTREGA': 'Chegará grátis hoje', 'ENTREGA FULL': 'Sim'}
2025-09-26 02:19:01,892 - INFO - Total de 48 itens processados e yieldados nesta página (https://lista.mercadolivre.com.br/cartucho-hp-664?sb=all_mercadolibre).
2025-09-26 02:19:01,893 - DEBUG - Scraped from <200 https://lista.mercadolivre.com.br/cartucho-hp-664?sb=all_mercadolibre>
{'TITULO PRODUTO': 'Cartucho De Tinta 664 Hp Deskjet Preto Black Original + Nfe', 'LINK': 'https://www.mercadolivre.com.br/cartucho-de-tinta-664-hp-deskjet-preto-black-original--nfe/up/MLBU1407101171#polycard_client=search-nordic&search_layout=grid&position=50&type=product&tracking_id=7859cd4b-e8b4-4c79-8395-193f79fe8c46&wid=MLB1839240545&sid=search', 'ID_PRODUTO': 'N/A', 'PREÇO': 'R$ 68', 'PREÇO ANTERIOR': 'N/A', 'MARCA': 'N/A', 'IMAGEM': 'https://http2.mlstatic.com/D_Q_NP_2X_962474-MLA54990694498_052023-E.webp', 'VENDEDOR': 'N/A', 'MÉDIA AVALIAÇÕES': '5.0', 'TOTAL AVALIAÇÕES': '4', 'ENTREGA': 'Frete grátis', 'ENTREGA FULL': 'Não'}
2025-09-26 02:19:01,895 - INFO - Closing spider (finished)
2025-09-26 02:19:01,897 - INFO - Dumping Scrapy stats:
{'downloader/request_bytes': 694,
 'downloader/request_count': 1,
 'downloader/request_method_count/GET': 1,
 'downloader/response_bytes': 171152,
 'downloader/response_count': 1,
 'downloader/response_status_count/200': 1,
 'elapsed_time_seconds': 7.921703,
 'finish_reason': 'finished',
 'finish_time': datetime.datetime(2025, 9, 26, 5, 19, 1, 896287, tzinfo=datetime.timezone.utc),
 'httpcompression/response_bytes': 1457260,
 'httpcompression/response_count': 1,
 'item_scraped_count': 48,
 'items_per_minute': 411.42857142857144,
 'log_count/INFO': 609,
 'log_count/WARNING': 18,
 'response_received_count': 1,
 'responses_per_minute': 8.571428571428571,
 'scheduler/dequeued': 1,
 'scheduler/dequeued/memory': 1,
 'scheduler/enqueued': 1,
 'scheduler/enqueued/memory': 1,
 'start_time': datetime.datetime(2025, 9, 26, 5, 18, 53, 974584, tzinfo=datetime.timezone.utc)}
2025-09-26 02:19:01,898 - INFO - Spider closed (finished)
2025-09-26 02:19:02,146 - INFO - Coletados 48 produtos
2025-09-26 02:19:02,147 - INFO - Job 77d7131c: Coletando reviews
2025-09-26 02:19:02,148 - INFO - Coletando reviews para 48 produtos
2025-09-26 02:19:02,148 - INFO - Job 77d7131c: Gerando datasets
2025-09-26 02:19:02,148 - INFO - Gerando dataset CSV: datasets_gerados\dataset_77d7131c_20250926_021902.csv
2025-09-26 02:19:02,229 - INFO - Dataset gerado com sucesso: datasets_gerados\dataset_77d7131c_20250926_021902.csv
2025-09-26 02:19:02,230 - INFO - Total de produtos: 48
2025-09-26 02:19:02,231 - INFO - Gerando dataset JSON: datasets_gerados\dataset_77d7131c_20250926_021902.json
2025-09-26 02:19:02,235 - INFO - Dataset JSON gerado com sucesso: datasets_gerados\dataset_77d7131c_20250926_021902.json
2025-09-26 02:19:02,236 - INFO - Job 77d7131c: Concluído com sucesso
2025-09-26 02:19:02,858 - INFO - 127.0.0.1 - - [26/Sep/2025 02:19:02] "GET /jobs HTTP/1.1" 200 -
2025-09-26 02:19:03,162 - INFO - 127.0.0.1 - - [26/Sep/2025 02:19:03] "[36mGET /static/style.css HTTP/1.1[0m" 304 -
2025-09-26 02:19:06,743 - INFO - 127.0.0.1 - - [26/Sep/2025 02:19:06] "GET /api/datasets/dataset_77d7131c_20250926_021902.json/download HTTP/1.1" 200 -
2025-09-26 02:19:07,340 - INFO - 127.0.0.1 - - [26/Sep/2025 02:19:07] "GET /api/datasets/dataset_77d7131c_20250926_021902.csv/download HTTP/1.1" 200 -
2025-09-26 02:19:56,460 - INFO - 127.0.0.1 - - [26/Sep/2025 02:19:56] "GET /datasets HTTP/1.1" 200 -
2025-09-26 02:19:56,776 - INFO - 127.0.0.1 - - [26/Sep/2025 02:19:56] "[36mGET /static/style.css HTTP/1.1[0m" 304 -
2025-09-26 02:20:00,401 - INFO - 127.0.0.1 - - [26/Sep/2025 02:20:00] "[36mGET /api/datasets/dataset_77d7131c_20250926_021902.json/download HTTP/1.1[0m" 304 -
2025-09-26 02:20:26,855 - INFO - 127.0.0.1 - - [26/Sep/2025 02:20:26] "GET /datasets HTTP/1.1" 200 -
2025-09-26 02:20:26,878 - INFO - 127.0.0.1 - - [26/Sep/2025 02:20:26] "[36mGET /static/style.css HTTP/1.1[0m" 304 -
2025-09-26 02:20:58,159 - INFO - 127.0.0.1 - - [26/Sep/2025 02:20:58] "GET /datasets HTTP/1.1" 200 -
2025-09-26 02:20:58,180 - INFO - 127.0.0.1 - - [26/Sep/2025 02:20:58] "[36mGET /static/style.css HTTP/1.1[0m" 304 -
2025-09-26 02:21:28,853 - INFO - 127.0.0.1 - - [26/Sep/2025 02:21:28] "GET /datasets HTTP/1.1" 200 -
2025-09-26 02:21:29,166 - INFO - 127.0.0.1 - - [26/Sep/2025 02:21:29] "[36mGET /static/style.css HTTP/1.1[0m" 304 -
2025-09-26 02:21:53,297 - INFO - 127.0.0.1 - - [26/Sep/2025 02:21:53] "GET / HTTP/1.1" 200 -
2025-09-26 02:21:53,403 - INFO - 127.0.0.1 - - [26/Sep/2025 02:21:53] "[36mGET /static/style.css HTTP/1.1[0m" 304 -
2025-09-26 02:21:53,557 - INFO - 127.0.0.1 - - [26/Sep/2025 02:21:53] "GET /api/jobs HTTP/1.1" 200 -
2025-09-26 02:21:53,745 - INFO - 127.0.0.1 - - [26/Sep/2025 02:21:53] "GET /api/datasets HTTP/1.1" 200 -
2025-09-26 02:21:57,562 - INFO - 127.0.0.1 - - [26/Sep/2025 02:21:57] "GET /scraping HTTP/1.1" 200 -
2025-09-26 02:21:57,877 - INFO - 127.0.0.1 - - [26/Sep/2025 02:21:57] "[36mGET /static/style.css HTTP/1.1[0m" 304 -
2025-09-26 02:22:15,334 - INFO - Job 74c77276: Iniciando coleta de produtos
2025-09-26 02:22:15,335 - INFO - 127.0.0.1 - - [26/Sep/2025 02:22:15] "[32mPOST /web/scraping/start HTTP/1.1[0m" 302 -
2025-09-26 02:22:15,335 - INFO - Iniciando scraping para: cartucho hp 664
2025-09-26 02:22:15,336 - INFO - Parâmetros: max_items=200, images=False, sort=relevance
2025-09-26 02:22:15,340 - INFO - 127.0.0.1 - - [26/Sep/2025 02:22:15] "GET /jobs HTTP/1.1" 200 -
2025-09-26 02:22:15,584 - INFO - 127.0.0.1 - - [26/Sep/2025 02:22:15] "[36mGET /static/style.css HTTP/1.1[0m" 304 -
2025-09-26 02:22:16,425 - INFO - Spider iniciado com configurações otimizadas:
2025-09-26 02:22:16,425 - INFO -    CONCURRENT_REQUESTS: 1
2025-09-26 02:22:16,426 - INFO -    CONCURRENT_REQUESTS_PER_DOMAIN: 1
2025-09-26 02:22:16,426 - INFO -    DOWNLOAD_TIMEOUT: 30s
2025-09-26 02:22:16,426 - INFO -    HTTPCACHE_ENABLED: False
2025-09-26 02:22:16,429 - INFO - Scrapy 2.13.0 started (bot: scrapybot)
2025-09-26 02:22:16,676 - INFO - Versions:
{'lxml': '5.4.0',
 'libxml2': '2.11.9',
 'cssselect': '1.3.0',
 'parsel': '1.10.0',
 'w3lib': '2.3.1',
 'Twisted': '24.11.0',
 'Python': '3.12.10 (tags/v3.12.10:0cc8128, Apr  8 2025, 12:21:36) [MSC v.1943 '
           '64 bit (AMD64)]',
 'pyOpenSSL': '25.1.0 (OpenSSL 3.5.0 8 Apr 2025)',
 'cryptography': '45.0.2',
 'Platform': 'Windows-11-10.0.26100-SP0'}
2025-09-26 02:22:16,702 - INFO - Spider initialized for query='cartucho hp 664', sort_by='relevance', condition='all', max_items=200. Start URL: https://lista.mercadolivre.com.br/cartucho-hp-664?sb=all_mercadolibre#D[A:cartucho%20hp%20664]
2025-09-26 02:22:16,703 - INFO - Enabled addons:
[]
2025-09-26 02:22:16,706 - DEBUG - Using reactor: twisted.internet.asyncioreactor.AsyncioSelectorReactor
2025-09-26 02:22:16,707 - DEBUG - Using asyncio event loop: asyncio.windows_events._WindowsSelectorEventLoop
2025-09-26 02:22:16,711 - INFO - Telnet Password: 677fd0770a3743c0
2025-09-26 02:22:16,728 - INFO - Enabled extensions:
['scrapy.extensions.corestats.CoreStats',
 'scrapy.extensions.telnet.TelnetConsole',
 'scrapy.extensions.logstats.LogStats',
 'scrapy.extensions.throttle.AutoThrottle']
2025-09-26 02:22:16,730 - INFO - Overridden settings:
{'AUTOTHROTTLE_ENABLED': True,
 'AUTOTHROTTLE_MAX_DELAY': 30,
 'AUTOTHROTTLE_START_DELAY': 3.9484269434319748,
 'CONCURRENT_REQUESTS': 1,
 'CONCURRENT_REQUESTS_PER_DOMAIN': 1,
 'DOWNLOAD_DELAY': 5.379941796115464,
 'DOWNLOAD_TIMEOUT': 30,
 'DOWNLOAD_WARNSIZE': 0,
 'LOG_LEVEL': 'INFO',
 'RETRY_HTTP_CODES': [429, 500, 502, 503, 504, 408, 403],
 'RETRY_TIMES': 5,
 'USER_AGENT': 'Mozilla/5.0 (iPhone; CPU iPhone OS 17_0 like Mac OS X) '
               'AppleWebKit/605.1.15 (KHTML, like Gecko) Version/17.0 '
               'Mobile/15E148 Safari/604.1'}
2025-09-26 02:22:16,830 - INFO - Enabled downloader middlewares:
['scrapy.downloadermiddlewares.offsite.OffsiteMiddleware',
 'scrapy.downloadermiddlewares.retry.RetryMiddleware',
 'scrapy.downloadermiddlewares.httpproxy.HttpProxyMiddleware',
 'scrapy.downloadermiddlewares.httpauth.HttpAuthMiddleware',
 'scrapy.downloadermiddlewares.downloadtimeout.DownloadTimeoutMiddleware',
 'scrapy.downloadermiddlewares.defaultheaders.DefaultHeadersMiddleware',
 'scrapy.downloadermiddlewares.redirect.MetaRefreshMiddleware',
 'scrapy.downloadermiddlewares.httpcompression.HttpCompressionMiddleware',
 'scrapy.downloadermiddlewares.redirect.RedirectMiddleware',
 'scrapy.downloadermiddlewares.cookies.CookiesMiddleware',
 'scrapy.downloadermiddlewares.stats.DownloaderStats']
2025-09-26 02:22:16,833 - INFO - Enabled spider middlewares:
['scrapy.spidermiddlewares.start.StartSpiderMiddleware',
 'scrapy.spidermiddlewares.httperror.HttpErrorMiddleware',
 'scrapy.spidermiddlewares.referer.RefererMiddleware',
 'scrapy.spidermiddlewares.urllength.UrlLengthMiddleware',
 'scrapy.spidermiddlewares.depth.DepthMiddleware']
2025-09-26 02:22:16,834 - INFO - Enabled item pipelines:
[]
2025-09-26 02:22:16,835 - INFO - Spider opened
2025-09-26 02:22:16,844 - WARNING - C:\Challenge HP\Challenge-HP\.venv\Lib\site-packages\scrapy\core\spidermw.py:433: ScrapyDeprecationWarning: mercadolivre_spider.MercadoLivreSpider defines the deprecated start_requests() method. start_requests() has been deprecated in favor of a new method, start(), to support asynchronous code execution. start_requests() will stop being called in a future version of Scrapy. If you use Scrapy 2.13 or higher only, replace start_requests() with start(); note that start() is a coroutine (async def). If you need to maintain compatibility with lower Scrapy versions, when overriding start_requests() in a spider class, override start() as well; you can use super() to reuse the inherited start() implementation without copy-pasting. See the release notes of Scrapy 2.13 for details: https://docs.scrapy.org/en/2.13/news.html
  warn(

2025-09-26 02:22:16,845 - INFO - Crawled 0 pages (at 0 pages/min), scraped 0 items (at 0 items/min)
2025-09-26 02:22:16,847 - INFO - Telnet console listening on 127.0.0.1:6023
2025-09-26 02:22:16,848 - INFO - Attempting to scrape URL: https://lista.mercadolivre.com.br/cartucho-hp-664?sb=all_mercadolibre#D[A:cartucho%20hp%20664]
2025-09-26 02:22:16,849 - INFO - Aguardando 3.7s antes da primeira requisição...
2025-09-26 02:22:21,499 - DEBUG - Crawled (200) <GET https://lista.mercadolivre.com.br/cartucho-hp-664?sb=all_mercadolibre#D%5BA:cartucho%20hp%20664%5D> (referer: None)
2025-09-26 02:22:21,614 - INFO - Processing URL: https://lista.mercadolivre.com.br/cartucho-hp-664?sb=all_mercadolibre (Page 1)
2025-09-26 02:22:21,617 - INFO - HTML da primeira página de resultados (https://lista.mercadolivre.com.br/cartucho-hp-664?sb=all_mercadolibre) salvo em scraped_page_content_debug.html para depuração.
2025-09-26 02:22:21,654 - INFO - Encontrados 50 produtos com seletor: .ui-search-layout__item .andes-card.poly-card
2025-09-26 02:22:21,655 - INFO - Usando seletor bem-sucedido: .ui-search-layout__item .andes-card.poly-card
2025-09-26 02:22:21,656 - INFO - Processando 50 containers de produto encontrados em https://lista.mercadolivre.com.br/cartucho-hp-664?sb=all_mercadolibre
2025-09-26 02:22:21,656 - INFO - --- Pulando container 1 (item patrocinado 1/2) ---
2025-09-26 02:22:21,657 - INFO - --- Pulando container 2 (item patrocinado 2/2) ---
2025-09-26 02:22:21,657 - INFO - --- Processando container de produto 3/50 (total coletado: 0, pulados: 2) ---
2025-09-26 02:22:21,659 - INFO -   [TÍTULO] Encontrado: 'Cartucho De Tinta Hp 667 Cor Preto Do 2 Ml'
2025-09-26 02:22:21,660 - INFO -   [LINK] Encontrado: 'https://www.mercadolivre.com.br/cartucho-de-tinta-hp-667-cor-preto-do-2-ml/p/MLB37141763#polycard_client=search-nordic&search_layout=grid&position=3&type=product&tracking_id=778a6e42-c0ed-4d55-9458-f1771f8966aa&wid=MLB4164477091&sid=search'
2025-09-26 02:22:21,661 - INFO -   [ID PRODUTO] Encontrado: 'MLB37141763'
2025-09-26 02:22:21,663 - INFO -   [PREÇO] Encontrado (poly-card fallback): 'R$ 57,07'
2025-09-26 02:22:21,665 - INFO -   [PREÇO ANTERIOR] Encontrado (poly-card fallback): 'R$ 71'
2025-09-26 02:22:21,666 - INFO -   [MARCA] Não encontrada (general/poly).
2025-09-26 02:22:21,667 - INFO -   [IMAGEM] Extração de imagens desabilitada pelo usuário.
2025-09-26 02:22:21,668 - INFO -   [VENDEDOR] Não encontrado para o container 3.
2025-09-26 02:22:21,668 - INFO -   [MÉDIA AVALIAÇÕES] Encontrada (poly-card fallback): '4.8'
2025-09-26 02:22:21,669 - INFO -   [TOTAL AVALIAÇÕES] Encontrado (poly-card fallback): '7371'
2025-09-26 02:22:21,670 - INFO -   [ENTREGA] Texto encontrado (poly-card fallback): 'Frete grátis'
2025-09-26 02:22:21,670 - INFO -   [ENTREGA FULL] Indicador FULL encontrado (poly-card fallback SVG).
2025-09-26 02:22:21,671 - INFO - Produto processado: Cartucho De Tinta Hp 667 Cor Preto Do 2 Ml
2025-09-26 02:22:21,671 - INFO - --- Processando container de produto 4/50 (total coletado: 1, pulados: 2) ---
2025-09-26 02:22:21,672 - INFO -   [TÍTULO] Encontrado: 'Cartucho de tinta preta HP Advantage 664 de 2 ml'
2025-09-26 02:22:21,672 - INFO -   [LINK] Encontrado: 'https://www.mercadolivre.com.br/cartucho-de-tinta-preta-hp-advantage-664-de-2-ml/p/MLB36751629#polycard_client=search-nordic&search_layout=grid&position=4&type=product&tracking_id=778a6e42-c0ed-4d55-9458-f1771f8966aa&wid=MLB3866554217&sid=search'
2025-09-26 02:22:21,674 - INFO -   [ID PRODUTO] Encontrado: 'MLB36751629'
2025-09-26 02:22:21,675 - INFO -   [PREÇO] Encontrado (poly-card fallback): 'R$ 62'
2025-09-26 02:22:21,675 - INFO -   [MARCA] Não encontrada (general/poly).
2025-09-26 02:22:21,676 - INFO -   [IMAGEM] Extração de imagens desabilitada pelo usuário.
2025-09-26 02:22:21,676 - INFO -   [VENDEDOR] Não encontrado para o container 4.
2025-09-26 02:22:21,677 - INFO -   [MÉDIA AVALIAÇÕES] Encontrada (poly-card fallback): '4.7'
2025-09-26 02:22:21,678 - INFO -   [TOTAL AVALIAÇÕES] Encontrado (poly-card fallback): '4900'
2025-09-26 02:22:21,679 - INFO -   [ENTREGA] Texto encontrado (poly-card fallback): 'Frete grátis'
2025-09-26 02:22:21,680 - INFO -   [ENTREGA FULL] Indicador FULL encontrado (poly-card fallback SVG).
2025-09-26 02:22:21,681 - INFO - Produto processado: Cartucho de tinta preta HP Advantage 664 de 2 ml
2025-09-26 02:22:21,681 - INFO - --- Processando container de produto 5/50 (total coletado: 2, pulados: 2) ---
2025-09-26 02:22:21,683 - INFO -   [TÍTULO] Encontrado: 'Kit 2 Cartuchos Hp 664xl (preto + Color) 2136 2676'
2025-09-26 02:22:21,683 - INFO -   [LINK] Encontrado: 'https://www.mercadolivre.com.br/kit-2-cartuchos-hp-664xl-preto-color-2136-2676/p/MLB48102366#polycard_client=search-nordic&search_layout=grid&position=5&type=product&tracking_id=778a6e42-c0ed-4d55-9458-f1771f8966aa&wid=MLB5719977782&sid=search'
2025-09-26 02:22:21,683 - INFO -   [ID PRODUTO] Encontrado: 'MLB48102366'
2025-09-26 02:22:21,685 - INFO -   [PREÇO] Encontrado (poly-card fallback): 'R$ 295,67'
2025-09-26 02:22:21,686 - INFO -   [PREÇO ANTERIOR] Encontrado (poly-card fallback): 'R$ 314'
2025-09-26 02:22:21,686 - INFO -   [MARCA] Não encontrada (general/poly).
2025-09-26 02:22:21,686 - INFO -   [IMAGEM] Extração de imagens desabilitada pelo usuário.
2025-09-26 02:22:21,687 - INFO -   [VENDEDOR] Encontrado (poly-card fallback): 'Park Ecom'
2025-09-26 02:22:21,688 - INFO -   [MÉDIA AVALIAÇÕES] Encontrada (poly-card fallback): '4.6'
2025-09-26 02:22:21,688 - INFO -   [TOTAL AVALIAÇÕES] Encontrado (poly-card fallback): '111'
2025-09-26 02:22:21,690 - INFO -   [ENTREGA] Texto encontrado (general alt): 'Chegará grátis hoje'
2025-09-26 02:22:21,690 - INFO -   [ENTREGA FULL] Indicador FULL encontrado (poly-card fallback SVG).
2025-09-26 02:22:21,691 - INFO - Produto processado: Kit 2 Cartuchos Hp 664xl (preto + Color) 2136 2676
2025-09-26 02:22:21,692 - DEBUG - Scraped from <200 https://lista.mercadolivre.com.br/cartucho-hp-664?sb=all_mercadolibre>
{'TITULO PRODUTO': 'Cartucho De Tinta Hp 667 Cor Preto Do 2 Ml', 'LINK': 'https://www.mercadolivre.com.br/cartucho-de-tinta-hp-667-cor-preto-do-2-ml/p/MLB37141763#polycard_client=search-nordic&search_layout=grid&position=3&type=product&tracking_id=778a6e42-c0ed-4d55-9458-f1771f8966aa&wid=MLB4164477091&sid=search', 'ID_PRODUTO': 'MLB37141763', 'PREÇO': 'R$ 57,07', 'PREÇO ANTERIOR': 'R$ 71', 'MARCA': 'N/A', 'IMAGEM': 'N/A (imagens desabilitadas)', 'VENDEDOR': 'N/A', 'MÉDIA AVALIAÇÕES': '4.8', 'TOTAL AVALIAÇÕES': '7371', 'ENTREGA': 'Frete grátis', 'ENTREGA FULL': 'Sim'}
2025-09-26 02:22:21,692 - INFO - --- Processando container de produto 6/50 (total coletado: 3, pulados: 2) ---
2025-09-26 02:22:21,693 - INFO -   [TÍTULO] Encontrado: 'Cartucho HP 664 Colorido(F6V28AB) Para Ink Advantage 1115, 2134, 2136, 2676, 3636, 3776, 3786, 3788,3790, 3836, 4536, 4676,5076, 5276'
2025-09-26 02:22:21,693 - INFO -   [LINK] Encontrado: 'https://www.mercadolivre.com.br/cartucho-hp-664-coloridof6v28ab-para-ink-advantage-1115-2134-2136-2676-3636-3776-3786-37883790-3836-4536-46765076-5276/p/MLB36752265#polycard_client=search-nordic&search_layout=grid&position=6&type=product&tracking_id=778a6e42-c0ed-4d55-9458-f1771f8966aa&wid=MLB5739828170&sid=search'
2025-09-26 02:22:21,695 - INFO -   [ID PRODUTO] Encontrado: 'MLB36752265'
2025-09-26 02:22:21,697 - INFO -   [PREÇO] Encontrado (poly-card fallback): 'R$ 61,96'
2025-09-26 02:22:21,698 - INFO -   [PREÇO ANTERIOR] Encontrado (poly-card fallback): 'R$ 77'
2025-09-26 02:22:21,699 - INFO -   [MARCA] Não encontrada (general/poly).
2025-09-26 02:22:21,699 - INFO -   [IMAGEM] Extração de imagens desabilitada pelo usuário.
2025-09-26 02:22:21,700 - INFO -   [VENDEDOR] Encontrado (poly-card fallback): 'Mercado Livre'
2025-09-26 02:22:21,700 - INFO -   [MÉDIA AVALIAÇÕES] Encontrada (poly-card fallback): '4.7'
2025-09-26 02:22:21,701 - INFO -   [TOTAL AVALIAÇÕES] Encontrado (poly-card fallback): '4900'
2025-09-26 02:22:21,702 - INFO -   [ENTREGA] Texto encontrado (poly-card fallback): 'Frete grátis'
2025-09-26 02:22:21,702 - INFO -   [ENTREGA FULL] Indicador FULL encontrado (poly-card fallback SVG).
2025-09-26 02:22:21,703 - INFO - Produto processado: Cartucho HP 664 Colorido(F6V28AB) Para Ink Advantage 1115, 2134, 2136, 2676, 3636, 3776, 3786, 3788,3790, 3836, 4536, 4676,5076, 5276
2025-09-26 02:22:21,704 - DEBUG - Scraped from <200 https://lista.mercadolivre.com.br/cartucho-hp-664?sb=all_mercadolibre>
{'TITULO PRODUTO': 'Cartucho de tinta preta HP Advantage 664 de 2 ml', 'LINK': 'https://www.mercadolivre.com.br/cartucho-de-tinta-preta-hp-advantage-664-de-2-ml/p/MLB36751629#polycard_client=search-nordic&search_layout=grid&position=4&type=product&tracking_id=778a6e42-c0ed-4d55-9458-f1771f8966aa&wid=MLB3866554217&sid=search', 'ID_PRODUTO': 'MLB36751629', 'PREÇO': 'R$ 62', 'PREÇO ANTERIOR': 'N/A', 'MARCA': 'N/A', 'IMAGEM': 'N/A (imagens desabilitadas)', 'VENDEDOR': 'N/A', 'MÉDIA AVALIAÇÕES': '4.7', 'TOTAL AVALIAÇÕES': '4900', 'ENTREGA': 'Frete grátis', 'ENTREGA FULL': 'Sim'}
2025-09-26 02:22:21,704 - DEBUG - Scraped from <200 https://lista.mercadolivre.com.br/cartucho-hp-664?sb=all_mercadolibre>
{'TITULO PRODUTO': 'Kit 2 Cartuchos Hp 664xl (preto + Color) 2136 2676', 'LINK': 'https://www.mercadolivre.com.br/kit-2-cartuchos-hp-664xl-preto-color-2136-2676/p/MLB48102366#polycard_client=search-nordic&search_layout=grid&position=5&type=product&tracking_id=778a6e42-c0ed-4d55-9458-f1771f8966aa&wid=MLB5719977782&sid=search', 'ID_PRODUTO': 'MLB48102366', 'PREÇO': 'R$ 295,67', 'PREÇO ANTERIOR': 'R$ 314', 'MARCA': 'N/A', 'IMAGEM': 'N/A (imagens desabilitadas)', 'VENDEDOR': 'Park Ecom', 'MÉDIA AVALIAÇÕES': '4.6', 'TOTAL AVALIAÇÕES': '111', 'ENTREGA': 'Chegará grátis hoje', 'ENTREGA FULL': 'Sim'}
2025-09-26 02:22:21,705 - INFO - --- Processando container de produto 7/50 (total coletado: 4, pulados: 2) ---
2025-09-26 02:22:21,706 - INFO -   [TÍTULO] Encontrado: 'Cartucho Tinta Original Hp 664 Preto F6v29ab 2136 2676 3776'
2025-09-26 02:22:21,706 - INFO -   [LINK] Encontrado: 'https://www.mercadolivre.com.br/cartucho-tinta-original-hp-664-preto-f6v29ab-2136-2676-3776/up/MLBU753315902#polycard_client=search-nordic&search_layout=grid&position=7&type=product&tracking_id=778a6e42-c0ed-4d55-9458-f1771f8966aa&wid=MLB2671518847&sid=search'
2025-09-26 02:22:21,707 - WARNING -   [ID PRODUTO] Não encontrado no link: https://www.mercadolivre.com.br/cartucho-tinta-original-hp-664-preto-f6v29ab-2136-2676-3776/up/MLBU753315902#polycard_client=search-nordic&search_layout=grid&position=7&type=product&tracking_id=778a6e42-c0ed-4d55-9458-f1771f8966aa&wid=MLB2671518847&sid=search
2025-09-26 02:22:21,708 - INFO -   [PREÇO] Encontrado (poly-card fallback): 'R$ 64,90'
2025-09-26 02:22:21,709 - INFO -   [MARCA] Não encontrada (general/poly).
2025-09-26 02:22:21,709 - INFO -   [IMAGEM] Extração de imagens desabilitada pelo usuário.
2025-09-26 02:22:21,710 - INFO -   [VENDEDOR] Não encontrado para o container 7.
2025-09-26 02:22:21,711 - INFO -   [MÉDIA AVALIAÇÕES] Encontrada (poly-card fallback): '4.7'
2025-09-26 02:22:21,712 - INFO -   [TOTAL AVALIAÇÕES] Encontrado (poly-card fallback): '309'
2025-09-26 02:22:21,713 - INFO -   [ENTREGA] Texto encontrado (poly-card fallback): 'Frete grátis'
2025-09-26 02:22:21,715 - INFO -   [ENTREGA FULL] Indicador FULL encontrado (poly-card fallback SVG).
2025-09-26 02:22:21,715 - INFO - Produto processado: Cartucho Tinta Original Hp 664 Preto F6v29ab 2136 2676 3776
2025-09-26 02:22:21,716 - DEBUG - Scraped from <200 https://lista.mercadolivre.com.br/cartucho-hp-664?sb=all_mercadolibre>
{'TITULO PRODUTO': 'Cartucho HP 664 Colorido(F6V28AB) Para Ink Advantage 1115, 2134, 2136, 2676, 3636, 3776, 3786, 3788,3790, 3836, 4536, 4676,5076, 5276', 'LINK': 'https://www.mercadolivre.com.br/cartucho-hp-664-coloridof6v28ab-para-ink-advantage-1115-2134-2136-2676-3636-3776-3786-37883790-3836-4536-46765076-5276/p/MLB36752265#polycard_client=search-nordic&search_layout=grid&position=6&type=product&tracking_id=778a6e42-c0ed-4d55-9458-f1771f8966aa&wid=MLB5739828170&sid=search', 'ID_PRODUTO': 'MLB36752265', 'PREÇO': 'R$ 61,96', 'PREÇO ANTERIOR': 'R$ 77', 'MARCA': 'N/A', 'IMAGEM': 'N/A (imagens desabilitadas)', 'VENDEDOR': 'Mercado Livre', 'MÉDIA AVALIAÇÕES': '4.7', 'TOTAL AVALIAÇÕES': '4900', 'ENTREGA': 'Frete grátis', 'ENTREGA FULL': 'Sim'}
2025-09-26 02:22:21,717 - INFO - --- Processando container de produto 8/50 (total coletado: 5, pulados: 2) ---
2025-09-26 02:22:21,717 - INFO -   [TÍTULO] Encontrado: 'Kit 2 Cartuchos Hp 664 Hp 2136 3636 3836 4536 4676'
2025-09-26 02:22:21,718 - INFO -   [LINK] Encontrado: 'https://www.mercadolivre.com.br/kit-2-cartuchos-hp-664-hp-2136-3636-3836-4536-4676/p/MLB39092873#polycard_client=search-nordic&search_layout=grid&position=8&type=product&tracking_id=778a6e42-c0ed-4d55-9458-f1771f8966aa&wid=MLB5012110756&sid=search'
2025-09-26 02:22:21,718 - INFO -   [ID PRODUTO] Encontrado: 'MLB39092873'
2025-09-26 02:22:21,719 - INFO -   [PREÇO] Encontrado (poly-card fallback): 'R$ 164,99'
2025-09-26 02:22:21,720 - INFO -   [MARCA] Não encontrada (general/poly).
2025-09-26 02:22:21,720 - INFO -   [IMAGEM] Extração de imagens desabilitada pelo usuário.
2025-09-26 02:22:21,721 - INFO -   [VENDEDOR] Não encontrado para o container 8.
2025-09-26 02:22:21,721 - INFO -   [MÉDIA AVALIAÇÕES] Encontrada (poly-card fallback): '4.8'
2025-09-26 02:22:21,722 - INFO -   [TOTAL AVALIAÇÕES] Encontrado (poly-card fallback): '107'
2025-09-26 02:22:21,722 - INFO -   [ENTREGA] Texto encontrado (general alt): 'Chegará grátis hoje'
2025-09-26 02:22:21,723 - INFO -   [ENTREGA FULL] Indicador FULL encontrado (poly-card fallback SVG).
2025-09-26 02:22:21,724 - INFO - Produto processado: Kit 2 Cartuchos Hp 664 Hp 2136 3636 3836 4536 4676
2025-09-26 02:22:21,724 - INFO - --- Processando container de produto 9/50 (total coletado: 6, pulados: 2) ---
2025-09-26 02:22:21,725 - INFO -   [TÍTULO] Encontrado: 'Kit Cartucho Hp 664 Preto E Hp 664 Colorido'
2025-09-26 02:22:21,726 - INFO -   [LINK] Encontrado: 'https://www.mercadolivre.com.br/kit-cartucho-hp-664-preto-e-hp-664-colorido/p/MLB36751072#polycard_client=search-nordic&search_layout=grid&position=9&type=product&tracking_id=778a6e42-c0ed-4d55-9458-f1771f8966aa&wid=MLB3789824595&sid=search'
2025-09-26 02:22:21,726 - INFO -   [ID PRODUTO] Encontrado: 'MLB36751072'
2025-09-26 02:22:21,728 - INFO -   [PREÇO] Encontrado (poly-card fallback): 'R$ 135'
2025-09-26 02:22:21,729 - INFO -   [PREÇO ANTERIOR] Encontrado (poly-card fallback): 'R$ 153'
2025-09-26 02:22:21,730 - INFO -   [MARCA] Não encontrada (general/poly).
2025-09-26 02:22:21,731 - INFO -   [IMAGEM] Extração de imagens desabilitada pelo usuário.
2025-09-26 02:22:21,732 - INFO -   [VENDEDOR] Não encontrado para o container 9.
2025-09-26 02:22:21,733 - INFO -   [MÉDIA AVALIAÇÕES] Encontrada (poly-card fallback): '4.7'
2025-09-26 02:22:21,734 - INFO -   [TOTAL AVALIAÇÕES] Encontrado (poly-card fallback): '4900'
2025-09-26 02:22:21,734 - INFO -   [ENTREGA] Texto encontrado (general alt): 'Chegará grátis hoje'
2025-09-26 02:22:21,735 - INFO -   [ENTREGA FULL] Indicador FULL encontrado (poly-card fallback SVG).
2025-09-26 02:22:21,735 - INFO - Produto processado: Kit Cartucho Hp 664 Preto E Hp 664 Colorido
2025-09-26 02:22:21,736 - DEBUG - Scraped from <200 https://lista.mercadolivre.com.br/cartucho-hp-664?sb=all_mercadolibre>
{'TITULO PRODUTO': 'Cartucho Tinta Original Hp 664 Preto F6v29ab 2136 2676 3776', 'LINK': 'https://www.mercadolivre.com.br/cartucho-tinta-original-hp-664-preto-f6v29ab-2136-2676-3776/up/MLBU753315902#polycard_client=search-nordic&search_layout=grid&position=7&type=product&tracking_id=778a6e42-c0ed-4d55-9458-f1771f8966aa&wid=MLB2671518847&sid=search', 'ID_PRODUTO': 'N/A', 'PREÇO': 'R$ 64,90', 'PREÇO ANTERIOR': 'N/A', 'MARCA': 'N/A', 'IMAGEM': 'N/A (imagens desabilitadas)', 'VENDEDOR': 'N/A', 'MÉDIA AVALIAÇÕES': '4.7', 'TOTAL AVALIAÇÕES': '309', 'ENTREGA': 'Frete grátis', 'ENTREGA FULL': 'Sim'}
2025-09-26 02:22:21,736 - INFO - --- Processando container de produto 10/50 (total coletado: 7, pulados: 2) ---
2025-09-26 02:22:21,737 - INFO -   [TÍTULO] Encontrado: '2 Cartuchos 664 Preto Black Impressora Hp Deskjet'
2025-09-26 02:22:21,737 - INFO -   [LINK] Encontrado: 'https://www.mercadolivre.com.br/2-cartuchos-664-preto-black-impressora-hp-deskjet/p/MLB36779932#polycard_client=search-nordic&search_layout=grid&position=10&type=product&tracking_id=778a6e42-c0ed-4d55-9458-f1771f8966aa&wid=MLB4160125791&sid=search'
2025-09-26 02:22:21,737 - INFO -   [ID PRODUTO] Encontrado: 'MLB36779932'
2025-09-26 02:22:21,739 - INFO -   [PREÇO] Encontrado (poly-card fallback): 'R$ 128,92'
2025-09-26 02:22:21,739 - INFO -   [PREÇO ANTERIOR] Encontrado (poly-card fallback): 'R$ 152'
2025-09-26 02:22:21,740 - INFO -   [MARCA] Não encontrada (general/poly).
2025-09-26 02:22:21,740 - INFO -   [IMAGEM] Extração de imagens desabilitada pelo usuário.
2025-09-26 02:22:21,741 - INFO -   [VENDEDOR] Não encontrado para o container 10.
2025-09-26 02:22:21,742 - INFO -   [MÉDIA AVALIAÇÕES] Encontrada (poly-card fallback): '4.7'
2025-09-26 02:22:21,743 - INFO -   [TOTAL AVALIAÇÕES] Encontrado (poly-card fallback): '4900'
2025-09-26 02:22:21,744 - INFO -   [ENTREGA] Texto encontrado (poly-card fallback): 'Frete grátis'
2025-09-26 02:22:21,745 - INFO - Produto processado: 2 Cartuchos 664 Preto Black Impressora Hp Deskjet
2025-09-26 02:22:21,746 - DEBUG - Scraped from <200 https://lista.mercadolivre.com.br/cartucho-hp-664?sb=all_mercadolibre>
{'TITULO PRODUTO': 'Kit 2 Cartuchos Hp 664 Hp 2136 3636 3836 4536 4676', 'LINK': 'https://www.mercadolivre.com.br/kit-2-cartuchos-hp-664-hp-2136-3636-3836-4536-4676/p/MLB39092873#polycard_client=search-nordic&search_layout=grid&position=8&type=product&tracking_id=778a6e42-c0ed-4d55-9458-f1771f8966aa&wid=MLB5012110756&sid=search', 'ID_PRODUTO': 'MLB39092873', 'PREÇO': 'R$ 164,99', 'PREÇO ANTERIOR': 'N/A', 'MARCA': 'N/A', 'IMAGEM': 'N/A (imagens desabilitadas)', 'VENDEDOR': 'N/A', 'MÉDIA AVALIAÇÕES': '4.8', 'TOTAL AVALIAÇÕES': '107', 'ENTREGA': 'Chegará grátis hoje', 'ENTREGA FULL': 'Sim'}
2025-09-26 02:22:21,747 - DEBUG - Scraped from <200 https://lista.mercadolivre.com.br/cartucho-hp-664?sb=all_mercadolibre>
{'TITULO PRODUTO': 'Kit Cartucho Hp 664 Preto E Hp 664 Colorido', 'LINK': 'https://www.mercadolivre.com.br/kit-cartucho-hp-664-preto-e-hp-664-colorido/p/MLB36751072#polycard_client=search-nordic&search_layout=grid&position=9&type=product&tracking_id=778a6e42-c0ed-4d55-9458-f1771f8966aa&wid=MLB3789824595&sid=search', 'ID_PRODUTO': 'MLB36751072', 'PREÇO': 'R$ 135', 'PREÇO ANTERIOR': 'R$ 153', 'MARCA': 'N/A', 'IMAGEM': 'N/A (imagens desabilitadas)', 'VENDEDOR': 'N/A', 'MÉDIA AVALIAÇÕES': '4.7', 'TOTAL AVALIAÇÕES': '4900', 'ENTREGA': 'Chegará grátis hoje', 'ENTREGA FULL': 'Sim'}
2025-09-26 02:22:21,747 - INFO - --- Processando container de produto 11/50 (total coletado: 8, pulados: 2) ---
2025-09-26 02:22:21,748 - INFO -   [TÍTULO] Encontrado: 'Tinta Hp 664 F6v29ab Deskjetink Advantage Preto'
2025-09-26 02:22:21,749 - INFO -   [LINK] Encontrado: 'https://www.mercadolivre.com.br/tinta-hp-664-f6v29ab-deskjetink-advantage-preto/p/MLB44795245#polycard_client=search-nordic&search_layout=grid&position=11&type=product&tracking_id=778a6e42-c0ed-4d55-9458-f1771f8966aa&wid=MLB4198173329&sid=search'
2025-09-26 02:22:21,749 - INFO -   [ID PRODUTO] Encontrado: 'MLB44795245'
2025-09-26 02:22:21,750 - INFO -   [PREÇO] Encontrado (poly-card fallback): 'R$ 65,73'
2025-09-26 02:22:21,751 - INFO -   [PREÇO ANTERIOR] Encontrado (poly-card fallback): 'R$ 78'
2025-09-26 02:22:21,751 - INFO -   [MARCA] Não encontrada (general/poly).
2025-09-26 02:22:21,752 - INFO -   [IMAGEM] Extração de imagens desabilitada pelo usuário.
2025-09-26 02:22:21,752 - INFO -   [VENDEDOR] Encontrado (poly-card fallback): 'Eshop'
2025-09-26 02:22:21,753 - INFO -   [MÉDIA AVALIAÇÕES] Encontrada (poly-card fallback): '4.9'
2025-09-26 02:22:21,753 - INFO -   [TOTAL AVALIAÇÕES] Encontrado (poly-card fallback): '22'
2025-09-26 02:22:21,754 - INFO -   [ENTREGA] Texto encontrado (poly-card fallback): 'Frete grátis'
2025-09-26 02:22:21,755 - INFO -   [ENTREGA FULL] Indicador FULL encontrado (poly-card fallback SVG).
2025-09-26 02:22:21,755 - INFO - Produto processado: Tinta Hp 664 F6v29ab Deskjetink Advantage Preto
2025-09-26 02:22:21,755 - INFO - --- Processando container de produto 12/50 (total coletado: 9, pulados: 2) ---
2025-09-26 02:22:21,756 - INFO -   [TÍTULO] Encontrado: 'Cartucho De Tinta Hp 664 Preto'
2025-09-26 02:22:21,757 - INFO -   [LINK] Encontrado: 'https://www.mercadolivre.com.br/cartucho-de-tinta-hp-664-preto/p/MLB36768292#polycard_client=search-nordic&search_layout=grid&position=12&type=product&tracking_id=778a6e42-c0ed-4d55-9458-f1771f8966aa&wid=MLB4678660474&sid=search'
2025-09-26 02:22:21,757 - INFO -   [ID PRODUTO] Encontrado: 'MLB36768292'
2025-09-26 02:22:21,759 - INFO -   [PREÇO] Encontrado (poly-card fallback): 'R$ 143,90'
2025-09-26 02:22:21,760 - INFO -   [MARCA] Não encontrada (general/poly).
2025-09-26 02:22:21,760 - INFO -   [IMAGEM] Extração de imagens desabilitada pelo usuário.
2025-09-26 02:22:21,761 - INFO -   [VENDEDOR] Não encontrado para o container 12.
2025-09-26 02:22:21,763 - INFO -   [MÉDIA AVALIAÇÕES] Encontrada (poly-card fallback): '4.7'
2025-09-26 02:22:21,763 - INFO -   [TOTAL AVALIAÇÕES] Encontrado (poly-card fallback): '4900'
2025-09-26 02:22:21,765 - INFO -   [ENTREGA] Texto encontrado (poly-card fallback): 'Frete grátis'
2025-09-26 02:22:21,765 - INFO - Produto processado: Cartucho De Tinta Hp 664 Preto
2025-09-26 02:22:21,766 - DEBUG - Scraped from <200 https://lista.mercadolivre.com.br/cartucho-hp-664?sb=all_mercadolibre>
{'TITULO PRODUTO': '2 Cartuchos 664 Preto Black Impressora Hp Deskjet', 'LINK': 'https://www.mercadolivre.com.br/2-cartuchos-664-preto-black-impressora-hp-deskjet/p/MLB36779932#polycard_client=search-nordic&search_layout=grid&position=10&type=product&tracking_id=778a6e42-c0ed-4d55-9458-f1771f8966aa&wid=MLB4160125791&sid=search', 'ID_PRODUTO': 'MLB36779932', 'PREÇO': 'R$ 128,92', 'PREÇO ANTERIOR': 'R$ 152', 'MARCA': 'N/A', 'IMAGEM': 'N/A (imagens desabilitadas)', 'VENDEDOR': 'N/A', 'MÉDIA AVALIAÇÕES': '4.7', 'TOTAL AVALIAÇÕES': '4900', 'ENTREGA': 'Frete grátis', 'ENTREGA FULL': 'Não'}
2025-09-26 02:22:21,766 - INFO - --- Processando container de produto 13/50 (total coletado: 10, pulados: 2) ---
2025-09-26 02:22:21,767 - INFO -   [TÍTULO] Encontrado: 'Cartucho De Tinta Hp 662 Preto Advantage'
2025-09-26 02:22:21,768 - INFO -   [LINK] Encontrado: 'https://www.mercadolivre.com.br/cartucho-de-tinta-hp-662-preto-advantage/p/MLB36772792#polycard_client=search-nordic&search_layout=grid&position=13&type=product&tracking_id=778a6e42-c0ed-4d55-9458-f1771f8966aa&wid=MLB3888681729&sid=search'
2025-09-26 02:22:21,768 - INFO -   [ID PRODUTO] Encontrado: 'MLB36772792'
2025-09-26 02:22:21,770 - INFO -   [PREÇO] Encontrado (poly-card fallback): 'R$ 64,68'
2025-09-26 02:22:21,770 - INFO -   [PREÇO ANTERIOR] Encontrado (poly-card fallback): 'R$ 71'
2025-09-26 02:22:21,771 - INFO -   [MARCA] Não encontrada (general/poly).
2025-09-26 02:22:21,771 - INFO -   [IMAGEM] Extração de imagens desabilitada pelo usuário.
2025-09-26 02:22:21,772 - INFO -   [VENDEDOR] Encontrado (poly-card fallback): 'HP'
2025-09-26 02:22:21,774 - INFO -   [MÉDIA AVALIAÇÕES] Encontrada (poly-card fallback): '4.7'
2025-09-26 02:22:21,774 - INFO -   [TOTAL AVALIAÇÕES] Encontrado (poly-card fallback): '1751'
2025-09-26 02:22:21,775 - INFO -   [ENTREGA] Texto encontrado (poly-card fallback): 'Frete grátis'
2025-09-26 02:22:21,776 - INFO -   [ENTREGA FULL] Indicador FULL encontrado (poly-card fallback SVG).
2025-09-26 02:22:21,776 - INFO - Produto processado: Cartucho De Tinta Hp 662 Preto Advantage
2025-09-26 02:22:21,777 - DEBUG - Scraped from <200 https://lista.mercadolivre.com.br/cartucho-hp-664?sb=all_mercadolibre>
{'TITULO PRODUTO': 'Tinta Hp 664 F6v29ab Deskjetink Advantage Preto', 'LINK': 'https://www.mercadolivre.com.br/tinta-hp-664-f6v29ab-deskjetink-advantage-preto/p/MLB44795245#polycard_client=search-nordic&search_layout=grid&position=11&type=product&tracking_id=778a6e42-c0ed-4d55-9458-f1771f8966aa&wid=MLB4198173329&sid=search', 'ID_PRODUTO': 'MLB44795245', 'PREÇO': 'R$ 65,73', 'PREÇO ANTERIOR': 'R$ 78', 'MARCA': 'N/A', 'IMAGEM': 'N/A (imagens desabilitadas)', 'VENDEDOR': 'Eshop', 'MÉDIA AVALIAÇÕES': '4.9', 'TOTAL AVALIAÇÕES': '22', 'ENTREGA': 'Frete grátis', 'ENTREGA FULL': 'Sim'}
2025-09-26 02:22:21,777 - DEBUG - Scraped from <200 https://lista.mercadolivre.com.br/cartucho-hp-664?sb=all_mercadolibre>
{'TITULO PRODUTO': 'Cartucho De Tinta Hp 664 Preto', 'LINK': 'https://www.mercadolivre.com.br/cartucho-de-tinta-hp-664-preto/p/MLB36768292#polycard_client=search-nordic&search_layout=grid&position=12&type=product&tracking_id=778a6e42-c0ed-4d55-9458-f1771f8966aa&wid=MLB4678660474&sid=search', 'ID_PRODUTO': 'MLB36768292', 'PREÇO': 'R$ 143,90', 'PREÇO ANTERIOR': 'N/A', 'MARCA': 'N/A', 'IMAGEM': 'N/A (imagens desabilitadas)', 'VENDEDOR': 'N/A', 'MÉDIA AVALIAÇÕES': '4.7', 'TOTAL AVALIAÇÕES': '4900', 'ENTREGA': 'Frete grátis', 'ENTREGA FULL': 'Não'}
2025-09-26 02:22:21,778 - INFO - --- Processando container de produto 14/50 (total coletado: 11, pulados: 2) ---
2025-09-26 02:22:21,780 - INFO -   [TÍTULO] Encontrado: 'Kit Cartucho De Tinta Hp 662 Preto E 622 Colorido'
2025-09-26 02:22:21,780 - INFO -   [LINK] Encontrado: 'https://www.mercadolivre.com.br/kit-cartucho-de-tinta-hp-662-preto-e-622-colorido/p/MLB44336841#polycard_client=search-nordic&search_layout=grid&position=14&type=product&tracking_id=778a6e42-c0ed-4d55-9458-f1771f8966aa&wid=MLB5244722402&sid=search'
2025-09-26 02:22:21,781 - INFO -   [ID PRODUTO] Encontrado: 'MLB44336841'
2025-09-26 02:22:21,782 - INFO -   [PREÇO] Encontrado (poly-card fallback): 'R$ 183'
2025-09-26 02:22:21,783 - INFO -   [MARCA] Não encontrada (general/poly).
2025-09-26 02:22:21,783 - INFO -   [IMAGEM] Extração de imagens desabilitada pelo usuário.
2025-09-26 02:22:21,783 - INFO -   [VENDEDOR] Não encontrado para o container 14.
2025-09-26 02:22:21,784 - INFO -   [MÉDIA AVALIAÇÕES] Encontrada (poly-card fallback): '4.6'
2025-09-26 02:22:21,784 - INFO -   [TOTAL AVALIAÇÕES] Encontrado (poly-card fallback): '53'
2025-09-26 02:22:21,785 - INFO -   [ENTREGA] Texto encontrado (general alt): 'Chegará grátis hoje'
2025-09-26 02:22:21,786 - INFO -   [ENTREGA FULL] Indicador FULL encontrado (poly-card fallback SVG).
2025-09-26 02:22:21,786 - INFO - Produto processado: Kit Cartucho De Tinta Hp 662 Preto E 622 Colorido
2025-09-26 02:22:21,786 - INFO - --- Processando container de produto 15/50 (total coletado: 12, pulados: 2) ---
2025-09-26 02:22:21,787 - INFO -   [TÍTULO] Encontrado: 'Cartucho de tinta HP 664xl Tricolor 8ml'
2025-09-26 02:22:21,788 - INFO -   [LINK] Encontrado: 'https://www.mercadolivre.com.br/cartucho-de-tinta-hp-664xl-tricolor-8ml/p/MLB36751101#polycard_client=search-nordic&search_layout=grid&position=15&type=product&tracking_id=778a6e42-c0ed-4d55-9458-f1771f8966aa&wid=MLB5742610720&sid=search'
2025-09-26 02:22:21,788 - INFO -   [ID PRODUTO] Encontrado: 'MLB36751101'
2025-09-26 02:22:21,789 - INFO -   [PREÇO] Encontrado (poly-card fallback): 'R$ 114'
2025-09-26 02:22:21,790 - INFO -   [MARCA] Não encontrada (general/poly).
2025-09-26 02:22:21,791 - INFO -   [IMAGEM] Extração de imagens desabilitada pelo usuário.
2025-09-26 02:22:21,792 - INFO -   [VENDEDOR] Encontrado (poly-card fallback): 'VIPH'
2025-09-26 02:22:21,793 - INFO -   [MÉDIA AVALIAÇÕES] Encontrada (poly-card fallback): '4.5'
2025-09-26 02:22:21,794 - INFO -   [TOTAL AVALIAÇÕES] Encontrado (poly-card fallback): '374'
2025-09-26 02:22:21,795 - INFO -   [ENTREGA] Texto encontrado (poly-card fallback): 'Frete grátis'
2025-09-26 02:22:21,796 - INFO - Produto processado: Cartucho de tinta HP 664xl Tricolor 8ml
2025-09-26 02:22:21,797 - DEBUG - Scraped from <200 https://lista.mercadolivre.com.br/cartucho-hp-664?sb=all_mercadolibre>
{'TITULO PRODUTO': 'Cartucho De Tinta Hp 662 Preto Advantage', 'LINK': 'https://www.mercadolivre.com.br/cartucho-de-tinta-hp-662-preto-advantage/p/MLB36772792#polycard_client=search-nordic&search_layout=grid&position=13&type=product&tracking_id=778a6e42-c0ed-4d55-9458-f1771f8966aa&wid=MLB3888681729&sid=search', 'ID_PRODUTO': 'MLB36772792', 'PREÇO': 'R$ 64,68', 'PREÇO ANTERIOR': 'R$ 71', 'MARCA': 'N/A', 'IMAGEM': 'N/A (imagens desabilitadas)', 'VENDEDOR': 'HP', 'MÉDIA AVALIAÇÕES': '4.7', 'TOTAL AVALIAÇÕES': '1751', 'ENTREGA': 'Frete grátis', 'ENTREGA FULL': 'Sim'}
2025-09-26 02:22:21,797 - INFO - --- Processando container de produto 16/50 (total coletado: 13, pulados: 2) ---
2025-09-26 02:22:21,798 - INFO -   [TÍTULO] Encontrado: 'Kit 2 Cartuchos Hp 664: 1un Preto + 1un Color'
2025-09-26 02:22:21,799 - INFO -   [LINK] Encontrado: 'https://www.mercadolivre.com.br/kit-2-cartuchos-hp-664-1un-preto-1un-color/p/MLB39028313#polycard_client=search-nordic&search_layout=grid&position=16&type=product&tracking_id=778a6e42-c0ed-4d55-9458-f1771f8966aa&wid=MLB5729014430&sid=search'
2025-09-26 02:22:21,799 - INFO -   [ID PRODUTO] Encontrado: 'MLB39028313'
2025-09-26 02:22:21,800 - INFO -   [PREÇO] Encontrado (poly-card fallback): 'R$ 134,90'
2025-09-26 02:22:21,801 - INFO -   [MARCA] Não encontrada (general/poly).
2025-09-26 02:22:21,801 - INFO -   [IMAGEM] Extração de imagens desabilitada pelo usuário.
2025-09-26 02:22:21,801 - INFO -   [VENDEDOR] Não encontrado para o container 16.
2025-09-26 02:22:21,802 - INFO -   [MÉDIA AVALIAÇÕES] Encontrada (poly-card fallback): '4.7'
2025-09-26 02:22:21,802 - INFO -   [TOTAL AVALIAÇÕES] Encontrado (poly-card fallback): '4900'
2025-09-26 02:22:21,803 - INFO -   [ENTREGA] Texto encontrado (poly-card fallback): 'Frete grátis'
2025-09-26 02:22:21,803 - INFO - Produto processado: Kit 2 Cartuchos Hp 664: 1un Preto + 1un Color
2025-09-26 02:22:21,804 - INFO - --- Processando container de produto 17/50 (total coletado: 14, pulados: 2) ---
2025-09-26 02:22:21,804 - INFO -   [TÍTULO] Encontrado: 'Cartucho De Tinta Hp 664 Cor Preto/tricolor Do 4 Ml'
2025-09-26 02:22:21,805 - INFO -   [LINK] Encontrado: 'https://www.mercadolivre.com.br/cartucho-de-tinta-hp-664-cor-pretotricolor-do-4-ml/p/MLB36804595#polycard_client=search-nordic&search_layout=grid&position=17&type=product&tracking_id=778a6e42-c0ed-4d55-9458-f1771f8966aa&wid=MLB5107301780&sid=search'
2025-09-26 02:22:21,805 - INFO -   [ID PRODUTO] Encontrado: 'MLB36804595'
2025-09-26 02:22:21,806 - INFO -   [PREÇO] Encontrado (poly-card fallback): 'R$ 169,09'
2025-09-26 02:22:21,807 - INFO -   [MARCA] Não encontrada (general/poly).
2025-09-26 02:22:21,807 - INFO -   [IMAGEM] Extração de imagens desabilitada pelo usuário.
2025-09-26 02:22:21,808 - INFO -   [VENDEDOR] Não encontrado para o container 17.
2025-09-26 02:22:21,809 - INFO -   [MÉDIA AVALIAÇÕES] Encontrada (poly-card fallback): '4.7'
2025-09-26 02:22:21,810 - INFO -   [TOTAL AVALIAÇÕES] Encontrado (poly-card fallback): '4900'
2025-09-26 02:22:21,811 - INFO -   [ENTREGA] Texto encontrado (poly-card fallback): 'Frete grátis'
2025-09-26 02:22:21,812 - INFO - Produto processado: Cartucho De Tinta Hp 664 Cor Preto/tricolor Do 4 Ml
2025-09-26 02:22:21,813 - DEBUG - Scraped from <200 https://lista.mercadolivre.com.br/cartucho-hp-664?sb=all_mercadolibre>
{'TITULO PRODUTO': 'Kit Cartucho De Tinta Hp 662 Preto E 622 Colorido', 'LINK': 'https://www.mercadolivre.com.br/kit-cartucho-de-tinta-hp-662-preto-e-622-colorido/p/MLB44336841#polycard_client=search-nordic&search_layout=grid&position=14&type=product&tracking_id=778a6e42-c0ed-4d55-9458-f1771f8966aa&wid=MLB5244722402&sid=search', 'ID_PRODUTO': 'MLB44336841', 'PREÇO': 'R$ 183', 'PREÇO ANTERIOR': 'N/A', 'MARCA': 'N/A', 'IMAGEM': 'N/A (imagens desabilitadas)', 'VENDEDOR': 'N/A', 'MÉDIA AVALIAÇÕES': '4.6', 'TOTAL AVALIAÇÕES': '53', 'ENTREGA': 'Chegará grátis hoje', 'ENTREGA FULL': 'Sim'}
2025-09-26 02:22:21,813 - DEBUG - Scraped from <200 https://lista.mercadolivre.com.br/cartucho-hp-664?sb=all_mercadolibre>
{'TITULO PRODUTO': 'Cartucho de tinta HP 664xl Tricolor 8ml', 'LINK': 'https://www.mercadolivre.com.br/cartucho-de-tinta-hp-664xl-tricolor-8ml/p/MLB36751101#polycard_client=search-nordic&search_layout=grid&position=15&type=product&tracking_id=778a6e42-c0ed-4d55-9458-f1771f8966aa&wid=MLB5742610720&sid=search', 'ID_PRODUTO': 'MLB36751101', 'PREÇO': 'R$ 114', 'PREÇO ANTERIOR': 'N/A', 'MARCA': 'N/A', 'IMAGEM': 'N/A (imagens desabilitadas)', 'VENDEDOR': 'VIPH', 'MÉDIA AVALIAÇÕES': '4.5', 'TOTAL AVALIAÇÕES': '374', 'ENTREGA': 'Frete grátis', 'ENTREGA FULL': 'Não'}
2025-09-26 02:22:21,814 - INFO - --- Processando container de produto 18/50 (total coletado: 15, pulados: 2) ---
2025-09-26 02:22:21,815 - INFO -   [TÍTULO] Encontrado: 'Cartucho De Tinta Hp 664xl Preto F6v31ab'
2025-09-26 02:22:21,815 - INFO -   [LINK] Encontrado: 'https://www.mercadolivre.com.br/cartucho-de-tinta-hp-664xl-preto-f6v31ab/p/MLB43544566#polycard_client=search-nordic&search_layout=grid&position=18&type=product&tracking_id=778a6e42-c0ed-4d55-9458-f1771f8966aa&wid=MLB5742714752&sid=search'
2025-09-26 02:22:21,815 - INFO -   [ID PRODUTO] Encontrado: 'MLB43544566'
2025-09-26 02:22:21,817 - INFO -   [PREÇO] Encontrado (poly-card fallback): 'R$ 135'
2025-09-26 02:22:21,817 - INFO -   [MARCA] Não encontrada (general/poly).
2025-09-26 02:22:21,818 - INFO -   [IMAGEM] Extração de imagens desabilitada pelo usuário.
2025-09-26 02:22:21,819 - INFO -   [VENDEDOR] Encontrado (poly-card fallback): 'VIPH'
2025-09-26 02:22:21,820 - INFO -   [MÉDIA AVALIAÇÕES] Encontrada (poly-card fallback): '4.8'
2025-09-26 02:22:21,820 - INFO -   [TOTAL AVALIAÇÕES] Encontrado (poly-card fallback): '23'
2025-09-26 02:22:21,821 - INFO -   [ENTREGA] Texto encontrado (poly-card fallback): 'Frete grátis'
2025-09-26 02:22:21,821 - INFO - Produto processado: Cartucho De Tinta Hp 664xl Preto F6v31ab
2025-09-26 02:22:21,821 - INFO - --- Processando container de produto 19/50 (total coletado: 16, pulados: 2) ---
2025-09-26 02:22:21,822 - INFO -   [TÍTULO] Encontrado: 'Kit 02 Cartucho 664xl Preto 664 Xl Original Hp E Lacrado'
2025-09-26 02:22:21,823 - INFO -   [LINK] Encontrado: 'https://www.mercadolivre.com.br/kit-cartucho-de-tinta-664xl-bk-e-color-novo-original/p/MLB2039342702#polycard_client=search-nordic&search_layout=grid&position=19&type=product&tracking_id=778a6e42-c0ed-4d55-9458-f1771f8966aa&wid=MLB3208174446&sid=search'
2025-09-26 02:22:21,823 - INFO -   [ID PRODUTO] Encontrado: 'MLB2039342702'
2025-09-26 02:22:21,825 - INFO -   [PREÇO] Encontrado (poly-card fallback): 'R$ 193,03'
2025-09-26 02:22:21,825 - INFO -   [PREÇO ANTERIOR] Encontrado (poly-card fallback): 'R$ 215'
2025-09-26 02:22:21,826 - INFO -   [MARCA] Não encontrada (general/poly).
2025-09-26 02:22:21,826 - INFO -   [IMAGEM] Extração de imagens desabilitada pelo usuário.
2025-09-26 02:22:21,827 - INFO -   [VENDEDOR] Encontrado (poly-card fallback): 'Park Ecom'
2025-09-26 02:22:21,829 - INFO -   [MÉDIA AVALIAÇÕES] Encontrada (poly-card fallback): '4.3'
2025-09-26 02:22:21,829 - INFO -   [TOTAL AVALIAÇÕES] Encontrado (poly-card fallback): '167'
2025-09-26 02:22:21,831 - INFO -   [ENTREGA] Texto encontrado (poly-card fallback): 'Frete grátis'
2025-09-26 02:22:21,832 - INFO - Produto processado: Kit 02 Cartucho 664xl Preto 664 Xl Original Hp E Lacrado
2025-09-26 02:22:21,832 - DEBUG - Scraped from <200 https://lista.mercadolivre.com.br/cartucho-hp-664?sb=all_mercadolibre>
{'TITULO PRODUTO': 'Kit 2 Cartuchos Hp 664: 1un Preto + 1un Color', 'LINK': 'https://www.mercadolivre.com.br/kit-2-cartuchos-hp-664-1un-preto-1un-color/p/MLB39028313#polycard_client=search-nordic&search_layout=grid&position=16&type=product&tracking_id=778a6e42-c0ed-4d55-9458-f1771f8966aa&wid=MLB5729014430&sid=search', 'ID_PRODUTO': 'MLB39028313', 'PREÇO': 'R$ 134,90', 'PREÇO ANTERIOR': 'N/A', 'MARCA': 'N/A', 'IMAGEM': 'N/A (imagens desabilitadas)', 'VENDEDOR': 'N/A', 'MÉDIA AVALIAÇÕES': '4.7', 'TOTAL AVALIAÇÕES': '4900', 'ENTREGA': 'Frete grátis', 'ENTREGA FULL': 'Não'}
2025-09-26 02:22:21,833 - DEBUG - Scraped from <200 https://lista.mercadolivre.com.br/cartucho-hp-664?sb=all_mercadolibre>
{'TITULO PRODUTO': 'Cartucho De Tinta Hp 664 Cor Preto/tricolor Do 4 Ml', 'LINK': 'https://www.mercadolivre.com.br/cartucho-de-tinta-hp-664-cor-pretotricolor-do-4-ml/p/MLB36804595#polycard_client=search-nordic&search_layout=grid&position=17&type=product&tracking_id=778a6e42-c0ed-4d55-9458-f1771f8966aa&wid=MLB5107301780&sid=search', 'ID_PRODUTO': 'MLB36804595', 'PREÇO': 'R$ 169,09', 'PREÇO ANTERIOR': 'N/A', 'MARCA': 'N/A', 'IMAGEM': 'N/A (imagens desabilitadas)', 'VENDEDOR': 'N/A', 'MÉDIA AVALIAÇÕES': '4.7', 'TOTAL AVALIAÇÕES': '4900', 'ENTREGA': 'Frete grátis', 'ENTREGA FULL': 'Não'}
2025-09-26 02:22:21,833 - INFO - --- Processando container de produto 20/50 (total coletado: 17, pulados: 2) ---
2025-09-26 02:22:21,834 - INFO -   [TÍTULO] Encontrado: 'Cartucho Hp 664 Preto Original F6v29ab - 2136 2676 3776 5076'
2025-09-26 02:22:21,835 - INFO -   [LINK] Encontrado: 'https://www.mercadolivre.com.br/cartucho-hp-664-preto-original-f6v29ab--2136-2676-3776-5076/up/MLBU748382500#polycard_client=search-nordic&search_layout=grid&position=20&type=product&tracking_id=778a6e42-c0ed-4d55-9458-f1771f8966aa&wid=MLB2045952880&sid=search'
2025-09-26 02:22:21,835 - WARNING -   [ID PRODUTO] Não encontrado no link: https://www.mercadolivre.com.br/cartucho-hp-664-preto-original-f6v29ab--2136-2676-3776-5076/up/MLBU748382500#polycard_client=search-nordic&search_layout=grid&position=20&type=product&tracking_id=778a6e42-c0ed-4d55-9458-f1771f8966aa&wid=MLB2045952880&sid=search
2025-09-26 02:22:21,837 - INFO -   [PREÇO] Encontrado (poly-card fallback): 'R$ 64,90'
2025-09-26 02:22:21,837 - INFO -   [MARCA] Não encontrada (general/poly).
2025-09-26 02:22:21,838 - INFO -   [IMAGEM] Extração de imagens desabilitada pelo usuário.
2025-09-26 02:22:21,838 - INFO -   [VENDEDOR] Não encontrado para o container 20.
2025-09-26 02:22:21,839 - INFO -   [MÉDIA AVALIAÇÕES] Encontrada (poly-card fallback): '4.7'
2025-09-26 02:22:21,839 - INFO -   [TOTAL AVALIAÇÕES] Encontrado (poly-card fallback): '41'
2025-09-26 02:22:21,840 - INFO -   [ENTREGA] Texto encontrado (poly-card fallback): 'Frete grátis'
2025-09-26 02:22:21,841 - INFO -   [ENTREGA FULL] Indicador FULL encontrado (poly-card fallback SVG).
2025-09-26 02:22:21,841 - INFO - Produto processado: Cartucho Hp 664 Preto Original F6v29ab - 2136 2676 3776 5076
2025-09-26 02:22:21,842 - INFO - --- Processando container de produto 21/50 (total coletado: 18, pulados: 2) ---
2025-09-26 02:22:21,843 - INFO -   [TÍTULO] Encontrado: 'Cartucho Hp 664xl Preto 664xl Original Hp Deskjet 1115, 2136'
2025-09-26 02:22:21,843 - INFO -   [LINK] Encontrado: 'https://www.mercadolivre.com.br/cartucho-hp-664xl-preto-664xl-original-hp-deskjet-1115-2136/p/MLB22288344#polycard_client=search-nordic&search_layout=grid&position=21&type=product&tracking_id=778a6e42-c0ed-4d55-9458-f1771f8966aa&wid=MLB4115042835&sid=search'
2025-09-26 02:22:21,843 - INFO -   [ID PRODUTO] Encontrado: 'MLB22288344'
2025-09-26 02:22:21,845 - INFO -   [PREÇO] Encontrado (poly-card fallback): 'R$ 125'
2025-09-26 02:22:21,846 - INFO -   [PREÇO ANTERIOR] Encontrado (poly-card fallback): 'R$ 198'
2025-09-26 02:22:21,847 - INFO -   [MARCA] Não encontrada (general/poly).
2025-09-26 02:22:21,848 - INFO -   [IMAGEM] Extração de imagens desabilitada pelo usuário.
2025-09-26 02:22:21,848 - INFO -   [VENDEDOR] Não encontrado para o container 21.
2025-09-26 02:22:21,849 - INFO -   [MÉDIA AVALIAÇÕES] Encontrada (poly-card fallback): '4.1'
2025-09-26 02:22:21,849 - INFO -   [TOTAL AVALIAÇÕES] Encontrado (poly-card fallback): '20'
2025-09-26 02:22:21,850 - INFO -   [ENTREGA] Texto encontrado (poly-card fallback): 'Frete grátis'
2025-09-26 02:22:21,851 - INFO - Produto processado: Cartucho Hp 664xl Preto 664xl Original Hp Deskjet 1115, 2136
2025-09-26 02:22:21,851 - DEBUG - Scraped from <200 https://lista.mercadolivre.com.br/cartucho-hp-664?sb=all_mercadolibre>
{'TITULO PRODUTO': 'Cartucho De Tinta Hp 664xl Preto F6v31ab', 'LINK': 'https://www.mercadolivre.com.br/cartucho-de-tinta-hp-664xl-preto-f6v31ab/p/MLB43544566#polycard_client=search-nordic&search_layout=grid&position=18&type=product&tracking_id=778a6e42-c0ed-4d55-9458-f1771f8966aa&wid=MLB5742714752&sid=search', 'ID_PRODUTO': 'MLB43544566', 'PREÇO': 'R$ 135', 'PREÇO ANTERIOR': 'N/A', 'MARCA': 'N/A', 'IMAGEM': 'N/A (imagens desabilitadas)', 'VENDEDOR': 'VIPH', 'MÉDIA AVALIAÇÕES': '4.8', 'TOTAL AVALIAÇÕES': '23', 'ENTREGA': 'Frete grátis', 'ENTREGA FULL': 'Não'}
2025-09-26 02:22:21,851 - DEBUG - Scraped from <200 https://lista.mercadolivre.com.br/cartucho-hp-664?sb=all_mercadolibre>
{'TITULO PRODUTO': 'Kit 02 Cartucho 664xl Preto 664 Xl Original Hp E Lacrado', 'LINK': 'https://www.mercadolivre.com.br/kit-cartucho-de-tinta-664xl-bk-e-color-novo-original/p/MLB2039342702#polycard_client=search-nordic&search_layout=grid&position=19&type=product&tracking_id=778a6e42-c0ed-4d55-9458-f1771f8966aa&wid=MLB3208174446&sid=search', 'ID_PRODUTO': 'MLB2039342702', 'PREÇO': 'R$ 193,03', 'PREÇO ANTERIOR': 'R$ 215', 'MARCA': 'N/A', 'IMAGEM': 'N/A (imagens desabilitadas)', 'VENDEDOR': 'Park Ecom', 'MÉDIA AVALIAÇÕES': '4.3', 'TOTAL AVALIAÇÕES': '167', 'ENTREGA': 'Frete grátis', 'ENTREGA FULL': 'Não'}
2025-09-26 02:22:21,852 - INFO - --- Processando container de produto 22/50 (total coletado: 19, pulados: 2) ---
2025-09-26 02:22:21,853 - INFO -   [TÍTULO] Encontrado: 'Cartucho de tinta preto e tricolor HP 664 de 2 ml 2 unidades'
2025-09-26 02:22:21,853 - INFO -   [LINK] Encontrado: 'https://www.mercadolivre.com.br/cartucho-de-tinta-preto-e-tricolor-hp-664-de-2-ml-2-unidades/p/MLB36769417#polycard_client=search-nordic&search_layout=grid&position=22&type=product&tracking_id=778a6e42-c0ed-4d55-9458-f1771f8966aa&wid=MLB4215398017&sid=search'
2025-09-26 02:22:21,853 - INFO -   [ID PRODUTO] Encontrado: 'MLB36769417'
2025-09-26 02:22:21,854 - INFO -   [PREÇO] Encontrado (poly-card fallback): 'R$ 139,90'
2025-09-26 02:22:21,855 - INFO -   [MARCA] Não encontrada (general/poly).
2025-09-26 02:22:21,855 - INFO -   [IMAGEM] Extração de imagens desabilitada pelo usuário.
2025-09-26 02:22:21,856 - INFO -   [VENDEDOR] Não encontrado para o container 22.
2025-09-26 02:22:21,857 - INFO -   [MÉDIA AVALIAÇÕES] Encontrada (poly-card fallback): '4.7'
2025-09-26 02:22:21,857 - INFO -   [TOTAL AVALIAÇÕES] Encontrado (poly-card fallback): '4900'
2025-09-26 02:22:21,858 - INFO -   [ENTREGA] Texto encontrado (poly-card fallback): 'Frete grátis'
2025-09-26 02:22:21,859 - INFO - Produto processado: Cartucho de tinta preto e tricolor HP 664 de 2 ml 2 unidades
2025-09-26 02:22:21,859 - INFO - --- Processando container de produto 23/50 (total coletado: 20, pulados: 2) ---
2025-09-26 02:22:21,860 - INFO -   [TÍTULO] Encontrado: '3 Cartuchos Hp 664xl Preto 2 Color Genuíno'
2025-09-26 02:22:21,861 - INFO -   [LINK] Encontrado: 'https://www.mercadolivre.com.br/3-cartuchos-hp-664xl-preto-2-color-genuino/p/MLB39028582#polycard_client=search-nordic&search_layout=grid&position=23&type=product&tracking_id=778a6e42-c0ed-4d55-9458-f1771f8966aa&wid=MLB4973488738&sid=search'
2025-09-26 02:22:21,861 - INFO -   [ID PRODUTO] Encontrado: 'MLB39028582'
2025-09-26 02:22:21,863 - INFO -   [PREÇO] Encontrado (poly-card fallback): 'R$ 619,50'
2025-09-26 02:22:21,864 - INFO -   [MARCA] Não encontrada (general/poly).
2025-09-26 02:22:21,864 - INFO -   [IMAGEM] Extração de imagens desabilitada pelo usuário.
2025-09-26 02:22:21,865 - INFO -   [VENDEDOR] Encontrado (poly-card fallback): 'Park Ecom'
2025-09-26 02:22:21,865 - INFO -   [MÉDIA AVALIAÇÕES] Encontrada (poly-card fallback): '4.6'
2025-09-26 02:22:21,866 - INFO -   [TOTAL AVALIAÇÕES] Encontrado (poly-card fallback): '111'
2025-09-26 02:22:21,867 - INFO -   [ENTREGA] Texto encontrado (poly-card fallback): 'Frete grátis'
2025-09-26 02:22:21,867 - INFO - Produto processado: 3 Cartuchos Hp 664xl Preto 2 Color Genuíno
2025-09-26 02:22:21,868 - DEBUG - Scraped from <200 https://lista.mercadolivre.com.br/cartucho-hp-664?sb=all_mercadolibre>
{'TITULO PRODUTO': 'Cartucho Hp 664 Preto Original F6v29ab - 2136 2676 3776 5076', 'LINK': 'https://www.mercadolivre.com.br/cartucho-hp-664-preto-original-f6v29ab--2136-2676-3776-5076/up/MLBU748382500#polycard_client=search-nordic&search_layout=grid&position=20&type=product&tracking_id=778a6e42-c0ed-4d55-9458-f1771f8966aa&wid=MLB2045952880&sid=search', 'ID_PRODUTO': 'N/A', 'PREÇO': 'R$ 64,90', 'PREÇO ANTERIOR': 'N/A', 'MARCA': 'N/A', 'IMAGEM': 'N/A (imagens desabilitadas)', 'VENDEDOR': 'N/A', 'MÉDIA AVALIAÇÕES': '4.7', 'TOTAL AVALIAÇÕES': '41', 'ENTREGA': 'Frete grátis', 'ENTREGA FULL': 'Sim'}
2025-09-26 02:22:21,868 - DEBUG - Scraped from <200 https://lista.mercadolivre.com.br/cartucho-hp-664?sb=all_mercadolibre>
{'TITULO PRODUTO': 'Cartucho Hp 664xl Preto 664xl Original Hp Deskjet 1115, 2136', 'LINK': 'https://www.mercadolivre.com.br/cartucho-hp-664xl-preto-664xl-original-hp-deskjet-1115-2136/p/MLB22288344#polycard_client=search-nordic&search_layout=grid&position=21&type=product&tracking_id=778a6e42-c0ed-4d55-9458-f1771f8966aa&wid=MLB4115042835&sid=search', 'ID_PRODUTO': 'MLB22288344', 'PREÇO': 'R$ 125', 'PREÇO ANTERIOR': 'R$ 198', 'MARCA': 'N/A', 'IMAGEM': 'N/A (imagens desabilitadas)', 'VENDEDOR': 'N/A', 'MÉDIA AVALIAÇÕES': '4.1', 'TOTAL AVALIAÇÕES': '20', 'ENTREGA': 'Frete grátis', 'ENTREGA FULL': 'Não'}
2025-09-26 02:22:21,868 - INFO - --- Processando container de produto 24/50 (total coletado: 21, pulados: 2) ---
2025-09-26 02:22:21,869 - INFO -   [TÍTULO] Encontrado: 'HP Advantage 664'
2025-09-26 02:22:21,869 - INFO -   [LINK] Encontrado: 'https://www.mercadolivre.com.br/hp-advantage-664/p/MLB55040393#polycard_client=search-nordic&search_layout=grid&position=24&type=product&tracking_id=778a6e42-c0ed-4d55-9458-f1771f8966aa&wid=MLB4215260757&sid=search'
2025-09-26 02:22:21,870 - INFO -   [ID PRODUTO] Encontrado: 'MLB55040393'
2025-09-26 02:22:21,871 - INFO -   [PREÇO] Encontrado (poly-card fallback): 'R$ 149,99'
2025-09-26 02:22:21,871 - INFO -   [MARCA] Não encontrada (general/poly).
2025-09-26 02:22:21,872 - INFO -   [IMAGEM] Extração de imagens desabilitada pelo usuário.
2025-09-26 02:22:21,872 - INFO -   [VENDEDOR] Não encontrado para o container 24.
2025-09-26 02:22:21,873 - INFO -   [MÉDIA AVALIAÇÕES] Encontrada (poly-card fallback): '4.7'
2025-09-26 02:22:21,874 - INFO -   [TOTAL AVALIAÇÕES] Encontrado (poly-card fallback): '4900'
2025-09-26 02:22:21,875 - INFO -   [ENTREGA] Texto encontrado (poly-card fallback): 'Frete grátis'
2025-09-26 02:22:21,875 - INFO - Produto processado: HP Advantage 664
2025-09-26 02:22:21,876 - INFO - --- Processando container de produto 25/50 (total coletado: 22, pulados: 2) ---
2025-09-26 02:22:21,877 - INFO -   [TÍTULO] Encontrado: '3 Cartuchos Hp 664xl Preto 1 Color Genuíno'
2025-09-26 02:22:21,879 - INFO -   [LINK] Encontrado: 'https://www.mercadolivre.com.br/3-cartuchos-hp-664xl-preto-1-color-genuino/p/MLB47914809#polycard_client=search-nordic&search_layout=grid&position=25&type=product&tracking_id=778a6e42-c0ed-4d55-9458-f1771f8966aa&wid=MLB5350029660&sid=search'
2025-09-26 02:22:21,880 - INFO -   [ID PRODUTO] Encontrado: 'MLB47914809'
2025-09-26 02:22:21,881 - INFO -   [PREÇO] Encontrado (poly-card fallback): 'R$ 495,50'
2025-09-26 02:22:21,882 - INFO -   [MARCA] Não encontrada (general/poly).
2025-09-26 02:22:21,883 - INFO -   [IMAGEM] Extração de imagens desabilitada pelo usuário.
2025-09-26 02:22:21,883 - INFO -   [VENDEDOR] Encontrado (poly-card fallback): 'Park Ecom'
2025-09-26 02:22:21,884 - INFO -   [MÉDIA AVALIAÇÕES] Encontrada (poly-card fallback): '4.6'
2025-09-26 02:22:21,884 - INFO -   [TOTAL AVALIAÇÕES] Encontrado (poly-card fallback): '111'
2025-09-26 02:22:21,885 - INFO -   [ENTREGA] Texto encontrado (poly-card fallback): 'Frete grátis'
2025-09-26 02:22:21,886 - INFO - Produto processado: 3 Cartuchos Hp 664xl Preto 1 Color Genuíno
2025-09-26 02:22:21,886 - DEBUG - Scraped from <200 https://lista.mercadolivre.com.br/cartucho-hp-664?sb=all_mercadolibre>
{'TITULO PRODUTO': 'Cartucho de tinta preto e tricolor HP 664 de 2 ml 2 unidades', 'LINK': 'https://www.mercadolivre.com.br/cartucho-de-tinta-preto-e-tricolor-hp-664-de-2-ml-2-unidades/p/MLB36769417#polycard_client=search-nordic&search_layout=grid&position=22&type=product&tracking_id=778a6e42-c0ed-4d55-9458-f1771f8966aa&wid=MLB4215398017&sid=search', 'ID_PRODUTO': 'MLB36769417', 'PREÇO': 'R$ 139,90', 'PREÇO ANTERIOR': 'N/A', 'MARCA': 'N/A', 'IMAGEM': 'N/A (imagens desabilitadas)', 'VENDEDOR': 'N/A', 'MÉDIA AVALIAÇÕES': '4.7', 'TOTAL AVALIAÇÕES': '4900', 'ENTREGA': 'Frete grátis', 'ENTREGA FULL': 'Não'}
2025-09-26 02:22:21,887 - DEBUG - Scraped from <200 https://lista.mercadolivre.com.br/cartucho-hp-664?sb=all_mercadolibre>
{'TITULO PRODUTO': '3 Cartuchos Hp 664xl Preto 2 Color Genuíno', 'LINK': 'https://www.mercadolivre.com.br/3-cartuchos-hp-664xl-preto-2-color-genuino/p/MLB39028582#polycard_client=search-nordic&search_layout=grid&position=23&type=product&tracking_id=778a6e42-c0ed-4d55-9458-f1771f8966aa&wid=MLB4973488738&sid=search', 'ID_PRODUTO': 'MLB39028582', 'PREÇO': 'R$ 619,50', 'PREÇO ANTERIOR': 'N/A', 'MARCA': 'N/A', 'IMAGEM': 'N/A (imagens desabilitadas)', 'VENDEDOR': 'Park Ecom', 'MÉDIA AVALIAÇÕES': '4.6', 'TOTAL AVALIAÇÕES': '111', 'ENTREGA': 'Frete grátis', 'ENTREGA FULL': 'Não'}
2025-09-26 02:22:21,887 - INFO - --- Processando container de produto 26/50 (total coletado: 23, pulados: 2) ---
2025-09-26 02:22:21,888 - INFO -   [TÍTULO] Encontrado: 'Cartucho 667 Hp Preto Original  1275 2374  2376 2775  6476'
2025-09-26 02:22:21,888 - INFO -   [LINK] Encontrado: 'https://www.mercadolivre.com.br/cartucho-667-hp-preto-original--1275-2374--2376-2775--6476/up/MLBU1444272577#polycard_client=search-nordic&search_layout=grid&position=26&type=product&tracking_id=778a6e42-c0ed-4d55-9458-f1771f8966aa&wid=MLB3389954163&sid=search'
2025-09-26 02:22:21,889 - WARNING -   [ID PRODUTO] Não encontrado no link: https://www.mercadolivre.com.br/cartucho-667-hp-preto-original--1275-2374--2376-2775--6476/up/MLBU1444272577#polycard_client=search-nordic&search_layout=grid&position=26&type=product&tracking_id=778a6e42-c0ed-4d55-9458-f1771f8966aa&wid=MLB3389954163&sid=search
2025-09-26 02:22:21,889 - INFO -   [PREÇO] Encontrado (poly-card fallback): 'R$ 64,90'
2025-09-26 02:22:21,890 - INFO -   [MARCA] Não encontrada (general/poly).
2025-09-26 02:22:21,891 - INFO -   [IMAGEM] Extração de imagens desabilitada pelo usuário.
2025-09-26 02:22:21,891 - INFO -   [VENDEDOR] Não encontrado para o container 26.
2025-09-26 02:22:21,892 - INFO -   [MÉDIA AVALIAÇÕES] Encontrada (poly-card fallback): '4.8'
2025-09-26 02:22:21,892 - INFO -   [TOTAL AVALIAÇÕES] Encontrado (poly-card fallback): '35'
2025-09-26 02:22:21,894 - INFO -   [ENTREGA] Texto encontrado (poly-card fallback): 'Frete grátis'
2025-09-26 02:22:21,895 - INFO -   [ENTREGA FULL] Indicador FULL encontrado (poly-card fallback SVG).
2025-09-26 02:22:21,896 - INFO - Produto processado: Cartucho 667 Hp Preto Original  1275 2374  2376 2775  6476
2025-09-26 02:22:21,897 - INFO - --- Processando container de produto 27/50 (total coletado: 24, pulados: 2) ---
2025-09-26 02:22:21,899 - INFO -   [TÍTULO] Encontrado: 'Cartucho Tinta Original Hp 664 Preto F6v29ab 2136 2676 3776'
2025-09-26 02:22:21,899 - INFO -   [LINK] Encontrado: 'https://www.mercadolivre.com.br/cartucho-tinta-original-hp-664-preto-f6v29ab-2136-2676-3776/up/MLBU760727256#polycard_client=search-nordic&search_layout=grid&position=27&type=product&tracking_id=778a6e42-c0ed-4d55-9458-f1771f8966aa&wid=MLB3295841919&sid=search'
2025-09-26 02:22:21,900 - WARNING -   [ID PRODUTO] Não encontrado no link: https://www.mercadolivre.com.br/cartucho-tinta-original-hp-664-preto-f6v29ab-2136-2676-3776/up/MLBU760727256#polycard_client=search-nordic&search_layout=grid&position=27&type=product&tracking_id=778a6e42-c0ed-4d55-9458-f1771f8966aa&wid=MLB3295841919&sid=search
2025-09-26 02:22:21,901 - INFO -   [PREÇO] Encontrado (poly-card fallback): 'R$ 64,90'
2025-09-26 02:22:21,902 - INFO -   [MARCA] Não encontrada (general/poly).
2025-09-26 02:22:21,902 - INFO -   [IMAGEM] Extração de imagens desabilitada pelo usuário.
2025-09-26 02:22:21,903 - INFO -   [VENDEDOR] Encontrado (poly-card fallback): 'Park Ecom'
2025-09-26 02:22:21,903 - INFO -   [MÉDIA AVALIAÇÕES] Encontrada (poly-card fallback): '4.7'
2025-09-26 02:22:21,904 - INFO -   [TOTAL AVALIAÇÕES] Encontrado (poly-card fallback): '118'
2025-09-26 02:22:21,904 - INFO -   [ENTREGA] Texto encontrado (poly-card fallback): 'Frete grátis'
2025-09-26 02:22:21,905 - INFO -   [ENTREGA FULL] Indicador FULL encontrado (poly-card fallback SVG).
2025-09-26 02:22:21,905 - INFO - Produto processado: Cartucho Tinta Original Hp 664 Preto F6v29ab 2136 2676 3776
2025-09-26 02:22:21,906 - DEBUG - Scraped from <200 https://lista.mercadolivre.com.br/cartucho-hp-664?sb=all_mercadolibre>
{'TITULO PRODUTO': 'HP Advantage 664', 'LINK': 'https://www.mercadolivre.com.br/hp-advantage-664/p/MLB55040393#polycard_client=search-nordic&search_layout=grid&position=24&type=product&tracking_id=778a6e42-c0ed-4d55-9458-f1771f8966aa&wid=MLB4215260757&sid=search', 'ID_PRODUTO': 'MLB55040393', 'PREÇO': 'R$ 149,99', 'PREÇO ANTERIOR': 'N/A', 'MARCA': 'N/A', 'IMAGEM': 'N/A (imagens desabilitadas)', 'VENDEDOR': 'N/A', 'MÉDIA AVALIAÇÕES': '4.7', 'TOTAL AVALIAÇÕES': '4900', 'ENTREGA': 'Frete grátis', 'ENTREGA FULL': 'Não'}
2025-09-26 02:22:21,906 - DEBUG - Scraped from <200 https://lista.mercadolivre.com.br/cartucho-hp-664?sb=all_mercadolibre>
{'TITULO PRODUTO': '3 Cartuchos Hp 664xl Preto 1 Color Genuíno', 'LINK': 'https://www.mercadolivre.com.br/3-cartuchos-hp-664xl-preto-1-color-genuino/p/MLB47914809#polycard_client=search-nordic&search_layout=grid&position=25&type=product&tracking_id=778a6e42-c0ed-4d55-9458-f1771f8966aa&wid=MLB5350029660&sid=search', 'ID_PRODUTO': 'MLB47914809', 'PREÇO': 'R$ 495,50', 'PREÇO ANTERIOR': 'N/A', 'MARCA': 'N/A', 'IMAGEM': 'N/A (imagens desabilitadas)', 'VENDEDOR': 'Park Ecom', 'MÉDIA AVALIAÇÕES': '4.6', 'TOTAL AVALIAÇÕES': '111', 'ENTREGA': 'Frete grátis', 'ENTREGA FULL': 'Não'}
2025-09-26 02:22:21,907 - INFO - --- Processando container de produto 28/50 (total coletado: 25, pulados: 2) ---
2025-09-26 02:22:21,908 - INFO -   [TÍTULO] Encontrado: 'Kit 2 Cartuchos Hp 664 Preto E Hp 664 Colorido Hp 2676 ,3636'
2025-09-26 02:22:21,909 - INFO -   [LINK] Encontrado: 'https://www.mercadolivre.com.br/kit-2-cartuchos-hp-664-preto-e-hp-664-colorido-hp-2676-3636/up/MLBU1737532805#polycard_client=search-nordic&search_layout=grid&position=28&type=product&tracking_id=778a6e42-c0ed-4d55-9458-f1771f8966aa&wid=MLB2751400102&sid=search'
2025-09-26 02:22:21,909 - WARNING -   [ID PRODUTO] Não encontrado no link: https://www.mercadolivre.com.br/kit-2-cartuchos-hp-664-preto-e-hp-664-colorido-hp-2676-3636/up/MLBU1737532805#polycard_client=search-nordic&search_layout=grid&position=28&type=product&tracking_id=778a6e42-c0ed-4d55-9458-f1771f8966aa&wid=MLB2751400102&sid=search
2025-09-26 02:22:21,911 - INFO -   [PREÇO] Encontrado (poly-card fallback): 'R$ 176,86'
2025-09-26 02:22:21,912 - INFO -   [PREÇO ANTERIOR] Encontrado (poly-card fallback): 'R$ 198'
2025-09-26 02:22:21,913 - INFO -   [MARCA] Não encontrada (general/poly).
2025-09-26 02:22:21,914 - INFO -   [IMAGEM] Extração de imagens desabilitada pelo usuário.
2025-09-26 02:22:21,914 - INFO -   [VENDEDOR] Não encontrado para o container 28.
2025-09-26 02:22:21,915 - INFO -   [MÉDIA AVALIAÇÕES] Encontrada (poly-card fallback): '4.8'
2025-09-26 02:22:21,915 - INFO -   [TOTAL AVALIAÇÕES] Encontrado (poly-card fallback): '143'
2025-09-26 02:22:21,915 - INFO -   [ENTREGA] Texto encontrado (general alt): 'Chegará grátis hoje'
2025-09-26 02:22:21,916 - INFO -   [ENTREGA FULL] Indicador FULL encontrado (poly-card fallback SVG).
2025-09-26 02:22:21,916 - INFO - Produto processado: Kit 2 Cartuchos Hp 664 Preto E Hp 664 Colorido Hp 2676 ,3636
2025-09-26 02:22:21,916 - INFO - --- Processando container de produto 29/50 (total coletado: 26, pulados: 2) ---
2025-09-26 02:22:21,917 - INFO -   [TÍTULO] Encontrado: 'Kit De Cartuchos 664 Hp -  2 Pretos E 1 Color Original'
2025-09-26 02:22:21,917 - INFO -   [LINK] Encontrado: 'https://www.mercadolivre.com.br/hp-kit-cartuchos-hp-664-2-cartucho-hp-664-colorido-1/p/MLB2039724604#polycard_client=search-nordic&search_layout=grid&position=29&type=product&tracking_id=778a6e42-c0ed-4d55-9458-f1771f8966aa&wid=MLB4459867280&sid=search'
2025-09-26 02:22:21,918 - INFO -   [ID PRODUTO] Encontrado: 'MLB2039724604'
2025-09-26 02:22:21,920 - INFO -   [PREÇO] Encontrado (poly-card fallback): 'R$ 219,90'
2025-09-26 02:22:21,920 - INFO -   [MARCA] Não encontrada (general/poly).
2025-09-26 02:22:21,920 - INFO -   [IMAGEM] Extração de imagens desabilitada pelo usuário.
2025-09-26 02:22:21,921 - INFO -   [VENDEDOR] Não encontrado para o container 29.
2025-09-26 02:22:21,922 - INFO -   [MÉDIA AVALIAÇÕES] Encontrada (poly-card fallback): '4.8'
2025-09-26 02:22:21,922 - INFO -   [TOTAL AVALIAÇÕES] Encontrado (poly-card fallback): '81'
2025-09-26 02:22:21,923 - INFO -   [ENTREGA] Texto encontrado (poly-card fallback): 'Frete grátis'
2025-09-26 02:22:21,924 - INFO - Produto processado: Kit De Cartuchos 664 Hp -  2 Pretos E 1 Color Original
2025-09-26 02:22:21,925 - DEBUG - Scraped from <200 https://lista.mercadolivre.com.br/cartucho-hp-664?sb=all_mercadolibre>
{'TITULO PRODUTO': 'Cartucho 667 Hp Preto Original  1275 2374  2376 2775  6476', 'LINK': 'https://www.mercadolivre.com.br/cartucho-667-hp-preto-original--1275-2374--2376-2775--6476/up/MLBU1444272577#polycard_client=search-nordic&search_layout=grid&position=26&type=product&tracking_id=778a6e42-c0ed-4d55-9458-f1771f8966aa&wid=MLB3389954163&sid=search', 'ID_PRODUTO': 'N/A', 'PREÇO': 'R$ 64,90', 'PREÇO ANTERIOR': 'N/A', 'MARCA': 'N/A', 'IMAGEM': 'N/A (imagens desabilitadas)', 'VENDEDOR': 'N/A', 'MÉDIA AVALIAÇÕES': '4.8', 'TOTAL AVALIAÇÕES': '35', 'ENTREGA': 'Frete grátis', 'ENTREGA FULL': 'Sim'}
2025-09-26 02:22:21,925 - DEBUG - Scraped from <200 https://lista.mercadolivre.com.br/cartucho-hp-664?sb=all_mercadolibre>
{'TITULO PRODUTO': 'Cartucho Tinta Original Hp 664 Preto F6v29ab 2136 2676 3776', 'LINK': 'https://www.mercadolivre.com.br/cartucho-tinta-original-hp-664-preto-f6v29ab-2136-2676-3776/up/MLBU760727256#polycard_client=search-nordic&search_layout=grid&position=27&type=product&tracking_id=778a6e42-c0ed-4d55-9458-f1771f8966aa&wid=MLB3295841919&sid=search', 'ID_PRODUTO': 'N/A', 'PREÇO': 'R$ 64,90', 'PREÇO ANTERIOR': 'N/A', 'MARCA': 'N/A', 'IMAGEM': 'N/A (imagens desabilitadas)', 'VENDEDOR': 'Park Ecom', 'MÉDIA AVALIAÇÕES': '4.7', 'TOTAL AVALIAÇÕES': '118', 'ENTREGA': 'Frete grátis', 'ENTREGA FULL': 'Sim'}
2025-09-26 02:22:21,926 - INFO - --- Processando container de produto 30/50 (total coletado: 27, pulados: 2) ---
2025-09-26 02:22:21,927 - INFO -   [TÍTULO] Encontrado: 'Cartucho Hp 664 Preto Original F6v29ab - 2136 2676 3776 3636'
2025-09-26 02:22:21,929 - INFO -   [LINK] Encontrado: 'https://www.mercadolivre.com.br/cartucho-hp-664-preto-original-f6v29ab--2136-2676-3776-3636/up/MLBU737400604#polycard_client=search-nordic&search_layout=grid&position=30&type=product&tracking_id=778a6e42-c0ed-4d55-9458-f1771f8966aa&wid=MLB1854949182&sid=search'
2025-09-26 02:22:21,930 - WARNING -   [ID PRODUTO] Não encontrado no link: https://www.mercadolivre.com.br/cartucho-hp-664-preto-original-f6v29ab--2136-2676-3776-3636/up/MLBU737400604#polycard_client=search-nordic&search_layout=grid&position=30&type=product&tracking_id=778a6e42-c0ed-4d55-9458-f1771f8966aa&wid=MLB1854949182&sid=search
2025-09-26 02:22:21,931 - INFO -   [PREÇO] Encontrado (poly-card fallback): 'R$ 66,44'
2025-09-26 02:22:21,932 - INFO -   [PREÇO ANTERIOR] Encontrado (poly-card fallback): 'R$ 75'
2025-09-26 02:22:21,932 - INFO -   [MARCA] Não encontrada (general/poly).
2025-09-26 02:22:21,932 - INFO -   [IMAGEM] Extração de imagens desabilitada pelo usuário.
2025-09-26 02:22:21,933 - INFO -   [VENDEDOR] Não encontrado para o container 30.
2025-09-26 02:22:21,934 - INFO -   [MÉDIA AVALIAÇÕES] Encontrada (poly-card fallback): '4.8'
2025-09-26 02:22:21,934 - INFO -   [TOTAL AVALIAÇÕES] Encontrado (poly-card fallback): '496'
2025-09-26 02:22:21,934 - INFO -   [ENTREGA] Texto encontrado (poly-card fallback): 'Frete grátis'
2025-09-26 02:22:21,935 - INFO - Produto processado: Cartucho Hp 664 Preto Original F6v29ab - 2136 2676 3776 3636
2025-09-26 02:22:21,935 - INFO - --- Processando container de produto 31/50 (total coletado: 28, pulados: 2) ---
2025-09-26 02:22:21,936 - INFO -   [TÍTULO] Encontrado: 'Cartucho De Tinta Hp Colorido 664'
2025-09-26 02:22:21,936 - INFO -   [LINK] Encontrado: 'https://produto.mercadolivre.com.br/MLB-2643073496-cartucho-de-tinta-hp-colorido-664-_JM?searchVariation=174515319470#polycard_client=search-nordic&searchVariation=174515319470&search_layout=grid&position=31&type=item&tracking_id=778a6e42-c0ed-4d55-9458-f1771f8966aa'
2025-09-26 02:22:21,937 - WARNING -   [ID PRODUTO] Não encontrado no link: https://produto.mercadolivre.com.br/MLB-2643073496-cartucho-de-tinta-hp-colorido-664-_JM?searchVariation=174515319470#polycard_client=search-nordic&searchVariation=174515319470&search_layout=grid&position=31&type=item&tracking_id=778a6e42-c0ed-4d55-9458-f1771f8966aa
2025-09-26 02:22:21,939 - INFO -   [PREÇO] Encontrado (poly-card fallback): 'R$ 76,90'
2025-09-26 02:22:21,939 - INFO -   [MARCA] Não encontrada (general/poly).
2025-09-26 02:22:21,939 - INFO -   [IMAGEM] Extração de imagens desabilitada pelo usuário.
2025-09-26 02:22:21,940 - INFO -   [VENDEDOR] Encontrado (poly-card fallback): 'Mm Santos'
2025-09-26 02:22:21,941 - INFO -   [MÉDIA AVALIAÇÕES] Encontrada (poly-card fallback): '5.0'
2025-09-26 02:22:21,943 - INFO -   [TOTAL AVALIAÇÕES] Encontrado (poly-card fallback): '1'
2025-09-26 02:22:21,944 - INFO -   [ENTREGA] Texto encontrado (poly-card fallback): 'Frete grátis'
2025-09-26 02:22:21,945 - INFO - Produto processado: Cartucho De Tinta Hp Colorido 664
2025-09-26 02:22:21,946 - DEBUG - Scraped from <200 https://lista.mercadolivre.com.br/cartucho-hp-664?sb=all_mercadolibre>
{'TITULO PRODUTO': 'Kit 2 Cartuchos Hp 664 Preto E Hp 664 Colorido Hp 2676 ,3636', 'LINK': 'https://www.mercadolivre.com.br/kit-2-cartuchos-hp-664-preto-e-hp-664-colorido-hp-2676-3636/up/MLBU1737532805#polycard_client=search-nordic&search_layout=grid&position=28&type=product&tracking_id=778a6e42-c0ed-4d55-9458-f1771f8966aa&wid=MLB2751400102&sid=search', 'ID_PRODUTO': 'N/A', 'PREÇO': 'R$ 176,86', 'PREÇO ANTERIOR': 'R$ 198', 'MARCA': 'N/A', 'IMAGEM': 'N/A (imagens desabilitadas)', 'VENDEDOR': 'N/A', 'MÉDIA AVALIAÇÕES': '4.8', 'TOTAL AVALIAÇÕES': '143', 'ENTREGA': 'Chegará grátis hoje', 'ENTREGA FULL': 'Sim'}
2025-09-26 02:22:21,947 - DEBUG - Scraped from <200 https://lista.mercadolivre.com.br/cartucho-hp-664?sb=all_mercadolibre>
{'TITULO PRODUTO': 'Kit De Cartuchos 664 Hp -  2 Pretos E 1 Color Original', 'LINK': 'https://www.mercadolivre.com.br/hp-kit-cartuchos-hp-664-2-cartucho-hp-664-colorido-1/p/MLB2039724604#polycard_client=search-nordic&search_layout=grid&position=29&type=product&tracking_id=778a6e42-c0ed-4d55-9458-f1771f8966aa&wid=MLB4459867280&sid=search', 'ID_PRODUTO': 'MLB2039724604', 'PREÇO': 'R$ 219,90', 'PREÇO ANTERIOR': 'N/A', 'MARCA': 'N/A', 'IMAGEM': 'N/A (imagens desabilitadas)', 'VENDEDOR': 'N/A', 'MÉDIA AVALIAÇÕES': '4.8', 'TOTAL AVALIAÇÕES': '81', 'ENTREGA': 'Frete grátis', 'ENTREGA FULL': 'Não'}
2025-09-26 02:22:21,947 - INFO - --- Processando container de produto 32/50 (total coletado: 29, pulados: 2) ---
2025-09-26 02:22:21,948 - INFO -   [TÍTULO] Encontrado: 'Cartucho De Tinta Hp 664 Xl Fvc631 Ab Original Preto-black'
2025-09-26 02:22:21,948 - INFO -   [LINK] Encontrado: 'https://www.mercadolivre.com.br/cartucho-de-tinta-hp-664-xl-fvc631-ab-original-pretoblack/up/MLBU1439011953#polycard_client=search-nordic&search_layout=grid&position=32&type=product&tracking_id=778a6e42-c0ed-4d55-9458-f1771f8966aa&wid=MLB3329791893&sid=search'
2025-09-26 02:22:21,948 - WARNING -   [ID PRODUTO] Não encontrado no link: https://www.mercadolivre.com.br/cartucho-de-tinta-hp-664-xl-fvc631-ab-original-pretoblack/up/MLBU1439011953#polycard_client=search-nordic&search_layout=grid&position=32&type=product&tracking_id=778a6e42-c0ed-4d55-9458-f1771f8966aa&wid=MLB3329791893&sid=search
2025-09-26 02:22:21,950 - INFO -   [PREÇO] Encontrado (poly-card fallback): 'R$ 195,20'
2025-09-26 02:22:21,950 - INFO -   [MARCA] Não encontrada (general/poly).
2025-09-26 02:22:21,951 - INFO -   [IMAGEM] Extração de imagens desabilitada pelo usuário.
2025-09-26 02:22:21,951 - INFO -   [VENDEDOR] Não encontrado para o container 32.
2025-09-26 02:22:21,952 - INFO -   [MÉDIA AVALIAÇÕES] Encontrada (poly-card fallback): '5.0'
2025-09-26 02:22:21,952 - INFO -   [TOTAL AVALIAÇÕES] Encontrado (poly-card fallback): '1'
2025-09-26 02:22:21,953 - INFO -   [ENTREGA] Texto encontrado (general alt): 'Chegará grátis hoje'
2025-09-26 02:22:21,953 - INFO -   [ENTREGA FULL] Indicador FULL encontrado (poly-card fallback SVG).
2025-09-26 02:22:21,953 - INFO - Produto processado: Cartucho De Tinta Hp 664 Xl Fvc631 Ab Original Preto-black
2025-09-26 02:22:21,954 - INFO - --- Processando container de produto 33/50 (total coletado: 30, pulados: 2) ---
2025-09-26 02:22:21,955 - INFO -   [TÍTULO] Encontrado: 'Kit 2 Cartuchos Hp 664xl (preto + Color) 2136 2676'
2025-09-26 02:22:21,955 - INFO -   [LINK] Encontrado: 'https://www.mercadolivre.com.br/kit-2-cartuchos-hp-664xl-preto-color-2136-2676/p/MLB48686774#polycard_client=search-nordic&search_layout=grid&position=33&type=product&tracking_id=778a6e42-c0ed-4d55-9458-f1771f8966aa&wid=MLB5518037936&sid=search'
2025-09-26 02:22:21,955 - INFO -   [ID PRODUTO] Encontrado: 'MLB48686774'
2025-09-26 02:22:21,956 - INFO -   [PREÇO] Encontrado (poly-card fallback): 'R$ 277,41'
2025-09-26 02:22:21,957 - INFO -   [MARCA] Não encontrada (general/poly).
2025-09-26 02:22:21,957 - INFO -   [IMAGEM] Extração de imagens desabilitada pelo usuário.
2025-09-26 02:22:21,958 - INFO -   [VENDEDOR] Não encontrado para o container 33.
2025-09-26 02:22:21,959 - INFO -   [MÉDIA AVALIAÇÕES] Encontrada (poly-card fallback): '4.5'
2025-09-26 02:22:21,959 - INFO -   [TOTAL AVALIAÇÕES] Encontrado (poly-card fallback): '2'
2025-09-26 02:22:21,961 - INFO -   [ENTREGA] Texto encontrado (poly-card fallback): 'Frete grátis'
2025-09-26 02:22:21,962 - INFO - Produto processado: Kit 2 Cartuchos Hp 664xl (preto + Color) 2136 2676
2025-09-26 02:22:21,963 - DEBUG - Scraped from <200 https://lista.mercadolivre.com.br/cartucho-hp-664?sb=all_mercadolibre>
{'TITULO PRODUTO': 'Cartucho Hp 664 Preto Original F6v29ab - 2136 2676 3776 3636', 'LINK': 'https://www.mercadolivre.com.br/cartucho-hp-664-preto-original-f6v29ab--2136-2676-3776-3636/up/MLBU737400604#polycard_client=search-nordic&search_layout=grid&position=30&type=product&tracking_id=778a6e42-c0ed-4d55-9458-f1771f8966aa&wid=MLB1854949182&sid=search', 'ID_PRODUTO': 'N/A', 'PREÇO': 'R$ 66,44', 'PREÇO ANTERIOR': 'R$ 75', 'MARCA': 'N/A', 'IMAGEM': 'N/A (imagens desabilitadas)', 'VENDEDOR': 'N/A', 'MÉDIA AVALIAÇÕES': '4.8', 'TOTAL AVALIAÇÕES': '496', 'ENTREGA': 'Frete grátis', 'ENTREGA FULL': 'Não'}
2025-09-26 02:22:21,964 - DEBUG - Scraped from <200 https://lista.mercadolivre.com.br/cartucho-hp-664?sb=all_mercadolibre>
{'TITULO PRODUTO': 'Cartucho De Tinta Hp Colorido 664', 'LINK': 'https://produto.mercadolivre.com.br/MLB-2643073496-cartucho-de-tinta-hp-colorido-664-_JM?searchVariation=174515319470#polycard_client=search-nordic&searchVariation=174515319470&search_layout=grid&position=31&type=item&tracking_id=778a6e42-c0ed-4d55-9458-f1771f8966aa', 'ID_PRODUTO': 'N/A', 'PREÇO': 'R$ 76,90', 'PREÇO ANTERIOR': 'N/A', 'MARCA': 'N/A', 'IMAGEM': 'N/A (imagens desabilitadas)', 'VENDEDOR': 'Mm Santos', 'MÉDIA AVALIAÇÕES': '5.0', 'TOTAL AVALIAÇÕES': '1', 'ENTREGA': 'Frete grátis', 'ENTREGA FULL': 'Não'}
2025-09-26 02:22:21,964 - INFO - --- Processando container de produto 34/50 (total coletado: 31, pulados: 2) ---
2025-09-26 02:22:21,965 - INFO -   [TÍTULO] Encontrado: 'Cartucho De Tinta Hp 664 Negro y 664 Tricolor 2 Unidades'
2025-09-26 02:22:21,965 - INFO -   [LINK] Encontrado: 'https://www.mercadolivre.com.br/cartucho-de-tinta-hp-664-negro-y-664-tricolor-2-unidades/p/MLB36783881#polycard_client=search-nordic&search_layout=grid&position=34&type=product&tracking_id=778a6e42-c0ed-4d55-9458-f1771f8966aa&wid=MLB3688322801&sid=search'
2025-09-26 02:22:21,966 - INFO -   [ID PRODUTO] Encontrado: 'MLB36783881'
2025-09-26 02:22:21,966 - INFO -   [PREÇO] Encontrado (poly-card fallback): 'R$ 143,90'
2025-09-26 02:22:21,967 - INFO -   [MARCA] Não encontrada (general/poly).
2025-09-26 02:22:21,967 - INFO -   [IMAGEM] Extração de imagens desabilitada pelo usuário.
2025-09-26 02:22:21,968 - INFO -   [VENDEDOR] Não encontrado para o container 34.
2025-09-26 02:22:21,968 - INFO -   [MÉDIA AVALIAÇÕES] Encontrada (poly-card fallback): '4.7'
2025-09-26 02:22:21,969 - INFO -   [TOTAL AVALIAÇÕES] Encontrado (poly-card fallback): '537'
2025-09-26 02:22:21,969 - INFO -   [ENTREGA] Texto encontrado (general alt): 'Chegará grátis hoje'
2025-09-26 02:22:21,970 - INFO -   [ENTREGA FULL] Indicador FULL encontrado (poly-card fallback SVG).
2025-09-26 02:22:21,970 - INFO - Produto processado: Cartucho De Tinta Hp 664 Negro y 664 Tricolor 2 Unidades
2025-09-26 02:22:21,970 - INFO - --- Processando container de produto 35/50 (total coletado: 32, pulados: 2) ---
2025-09-26 02:22:21,972 - INFO -   [TÍTULO] Encontrado: 'Kit Cartucho Hp 664 Preto + Hp 664 Colorido Original Nf'
2025-09-26 02:22:21,972 - INFO -   [LINK] Encontrado: 'https://www.mercadolivre.com.br/kit-cartucho-hp-664-preto--hp-664-colorido-original-nf/up/MLBU1455884048#polycard_client=search-nordic&search_layout=grid&position=35&type=product&tracking_id=778a6e42-c0ed-4d55-9458-f1771f8966aa&wid=MLB3670283480&sid=search'
2025-09-26 02:22:21,972 - WARNING -   [ID PRODUTO] Não encontrado no link: https://www.mercadolivre.com.br/kit-cartucho-hp-664-preto--hp-664-colorido-original-nf/up/MLBU1455884048#polycard_client=search-nordic&search_layout=grid&position=35&type=product&tracking_id=778a6e42-c0ed-4d55-9458-f1771f8966aa&wid=MLB3670283480&sid=search
2025-09-26 02:22:21,974 - INFO -   [PREÇO] Encontrado (poly-card fallback): 'R$ 140,99'
2025-09-26 02:22:21,975 - INFO -   [PREÇO ANTERIOR] Encontrado (poly-card fallback): 'R$ 154'
2025-09-26 02:22:21,977 - INFO -   [MARCA] Não encontrada (general/poly).
2025-09-26 02:22:21,980 - INFO -   [IMAGEM] Extração de imagens desabilitada pelo usuário.
2025-09-26 02:22:21,981 - INFO -   [VENDEDOR] Não encontrado para o container 35.
2025-09-26 02:22:21,981 - INFO -   [MÉDIA AVALIAÇÕES] Encontrada (poly-card fallback): '4.7'
2025-09-26 02:22:21,982 - INFO -   [TOTAL AVALIAÇÕES] Encontrado (poly-card fallback): '505'
2025-09-26 02:22:21,982 - INFO -   [ENTREGA] Texto encontrado (general alt): 'Chegará grátis hoje'
2025-09-26 02:22:21,983 - INFO -   [ENTREGA FULL] Indicador FULL encontrado (poly-card fallback SVG).
2025-09-26 02:22:21,983 - INFO - Produto processado: Kit Cartucho Hp 664 Preto + Hp 664 Colorido Original Nf
2025-09-26 02:22:21,984 - DEBUG - Scraped from <200 https://lista.mercadolivre.com.br/cartucho-hp-664?sb=all_mercadolibre>
{'TITULO PRODUTO': 'Cartucho De Tinta Hp 664 Xl Fvc631 Ab Original Preto-black', 'LINK': 'https://www.mercadolivre.com.br/cartucho-de-tinta-hp-664-xl-fvc631-ab-original-pretoblack/up/MLBU1439011953#polycard_client=search-nordic&search_layout=grid&position=32&type=product&tracking_id=778a6e42-c0ed-4d55-9458-f1771f8966aa&wid=MLB3329791893&sid=search', 'ID_PRODUTO': 'N/A', 'PREÇO': 'R$ 195,20', 'PREÇO ANTERIOR': 'N/A', 'MARCA': 'N/A', 'IMAGEM': 'N/A (imagens desabilitadas)', 'VENDEDOR': 'N/A', 'MÉDIA AVALIAÇÕES': '5.0', 'TOTAL AVALIAÇÕES': '1', 'ENTREGA': 'Chegará grátis hoje', 'ENTREGA FULL': 'Sim'}
2025-09-26 02:22:21,984 - DEBUG - Scraped from <200 https://lista.mercadolivre.com.br/cartucho-hp-664?sb=all_mercadolibre>
{'TITULO PRODUTO': 'Kit 2 Cartuchos Hp 664xl (preto + Color) 2136 2676', 'LINK': 'https://www.mercadolivre.com.br/kit-2-cartuchos-hp-664xl-preto-color-2136-2676/p/MLB48686774#polycard_client=search-nordic&search_layout=grid&position=33&type=product&tracking_id=778a6e42-c0ed-4d55-9458-f1771f8966aa&wid=MLB5518037936&sid=search', 'ID_PRODUTO': 'MLB48686774', 'PREÇO': 'R$ 277,41', 'PREÇO ANTERIOR': 'N/A', 'MARCA': 'N/A', 'IMAGEM': 'N/A (imagens desabilitadas)', 'VENDEDOR': 'N/A', 'MÉDIA AVALIAÇÕES': '4.5', 'TOTAL AVALIAÇÕES': '2', 'ENTREGA': 'Frete grátis', 'ENTREGA FULL': 'Não'}
2025-09-26 02:22:21,984 - INFO - --- Processando container de produto 36/50 (total coletado: 33, pulados: 2) ---
2025-09-26 02:22:21,985 - INFO -   [TÍTULO] Encontrado: 'Cartucho De Tinta Hp 664 Colorido Advantage Original'
2025-09-26 02:22:21,985 - INFO -   [LINK] Encontrado: 'https://www.mercadolivre.com.br/cartucho-de-tinta-hp-664-colorido-advantage-original/up/MLBU750309843#polycard_client=search-nordic&search_layout=grid&position=36&type=product&tracking_id=778a6e42-c0ed-4d55-9458-f1771f8966aa&wid=MLB2671474178&sid=search'
2025-09-26 02:22:21,986 - WARNING -   [ID PRODUTO] Não encontrado no link: https://www.mercadolivre.com.br/cartucho-de-tinta-hp-664-colorido-advantage-original/up/MLBU750309843#polycard_client=search-nordic&search_layout=grid&position=36&type=product&tracking_id=778a6e42-c0ed-4d55-9458-f1771f8966aa&wid=MLB2671474178&sid=search
2025-09-26 02:22:21,986 - INFO -   [PREÇO] Encontrado (poly-card fallback): 'R$ 72,90'
2025-09-26 02:22:21,987 - INFO -   [MARCA] Não encontrada (general/poly).
2025-09-26 02:22:21,987 - INFO -   [IMAGEM] Extração de imagens desabilitada pelo usuário.
2025-09-26 02:22:21,988 - INFO -   [VENDEDOR] Não encontrado para o container 36.
2025-09-26 02:22:21,988 - INFO -   [MÉDIA AVALIAÇÕES] Encontrada (poly-card fallback): '4.6'
2025-09-26 02:22:21,989 - INFO -   [TOTAL AVALIAÇÕES] Encontrado (poly-card fallback): '36'
2025-09-26 02:22:21,989 - INFO -   [ENTREGA] Texto encontrado (poly-card fallback): 'Frete grátis'
2025-09-26 02:22:21,990 - INFO -   [ENTREGA FULL] Indicador FULL encontrado (poly-card fallback SVG).
2025-09-26 02:22:21,990 - INFO - Produto processado: Cartucho De Tinta Hp 664 Colorido Advantage Original
2025-09-26 02:22:21,990 - INFO - --- Processando container de produto 37/50 (total coletado: 34, pulados: 2) ---
2025-09-26 02:22:21,992 - INFO -   [TÍTULO] Encontrado: 'Cartucho Hp 664xl 664 Xl Preto Hp E'
2025-09-26 02:22:21,992 - INFO -   [LINK] Encontrado: 'https://www.mercadolivre.com.br/cartucho-hp-664xl-664-xl-preto-hp-e/p/MLB52063715#polycard_client=search-nordic&search_layout=grid&position=37&type=product&tracking_id=778a6e42-c0ed-4d55-9458-f1771f8966aa&wid=MLB5477851512&sid=search'
2025-09-26 02:22:21,993 - INFO -   [ID PRODUTO] Encontrado: 'MLB52063715'
2025-09-26 02:22:21,994 - INFO -   [PREÇO] Encontrado (poly-card fallback): 'R$ 128,04'
2025-09-26 02:22:21,996 - INFO -   [MARCA] Não encontrada (general/poly).
2025-09-26 02:22:21,997 - INFO -   [IMAGEM] Extração de imagens desabilitada pelo usuário.
2025-09-26 02:22:21,997 - INFO -   [VENDEDOR] Encontrado (poly-card fallback): 'Park Ecom'
2025-09-26 02:22:21,998 - INFO -   [MÉDIA AVALIAÇÕES] Encontrada (poly-card fallback): '4.3'
2025-09-26 02:22:21,999 - INFO -   [TOTAL AVALIAÇÕES] Encontrado (poly-card fallback): '52'
2025-09-26 02:22:21,999 - INFO -   [ENTREGA] Texto encontrado (poly-card fallback): 'Frete grátis'
2025-09-26 02:22:22,000 - INFO - Produto processado: Cartucho Hp 664xl 664 Xl Preto Hp E
2025-09-26 02:22:22,000 - DEBUG - Scraped from <200 https://lista.mercadolivre.com.br/cartucho-hp-664?sb=all_mercadolibre>
{'TITULO PRODUTO': 'Cartucho De Tinta Hp 664 Negro y 664 Tricolor 2 Unidades', 'LINK': 'https://www.mercadolivre.com.br/cartucho-de-tinta-hp-664-negro-y-664-tricolor-2-unidades/p/MLB36783881#polycard_client=search-nordic&search_layout=grid&position=34&type=product&tracking_id=778a6e42-c0ed-4d55-9458-f1771f8966aa&wid=MLB3688322801&sid=search', 'ID_PRODUTO': 'MLB36783881', 'PREÇO': 'R$ 143,90', 'PREÇO ANTERIOR': 'N/A', 'MARCA': 'N/A', 'IMAGEM': 'N/A (imagens desabilitadas)', 'VENDEDOR': 'N/A', 'MÉDIA AVALIAÇÕES': '4.7', 'TOTAL AVALIAÇÕES': '537', 'ENTREGA': 'Chegará grátis hoje', 'ENTREGA FULL': 'Sim'}
2025-09-26 02:22:22,000 - DEBUG - Scraped from <200 https://lista.mercadolivre.com.br/cartucho-hp-664?sb=all_mercadolibre>
{'TITULO PRODUTO': 'Kit Cartucho Hp 664 Preto + Hp 664 Colorido Original Nf', 'LINK': 'https://www.mercadolivre.com.br/kit-cartucho-hp-664-preto--hp-664-colorido-original-nf/up/MLBU1455884048#polycard_client=search-nordic&search_layout=grid&position=35&type=product&tracking_id=778a6e42-c0ed-4d55-9458-f1771f8966aa&wid=MLB3670283480&sid=search', 'ID_PRODUTO': 'N/A', 'PREÇO': 'R$ 140,99', 'PREÇO ANTERIOR': 'R$ 154', 'MARCA': 'N/A', 'IMAGEM': 'N/A (imagens desabilitadas)', 'VENDEDOR': 'N/A', 'MÉDIA AVALIAÇÕES': '4.7', 'TOTAL AVALIAÇÕES': '505', 'ENTREGA': 'Chegará grátis hoje', 'ENTREGA FULL': 'Sim'}
2025-09-26 02:22:22,001 - INFO - --- Processando container de produto 38/50 (total coletado: 35, pulados: 2) ---
2025-09-26 02:22:22,001 - INFO -   [TÍTULO] Encontrado: 'Kit Cartucho Hp 664 Preto F6v29ab + Resma A4 Chamex'
2025-09-26 02:22:22,002 - INFO -   [LINK] Encontrado: 'https://www.mercadolivre.com.br/kit-cartucho-hp-664-preto-f6v29ab-resma-a4-chamex/p/MLB53274520#polycard_client=search-nordic&search_layout=grid&position=38&type=product&tracking_id=778a6e42-c0ed-4d55-9458-f1771f8966aa&wid=MLB4145096065&sid=search'
2025-09-26 02:22:22,002 - INFO -   [ID PRODUTO] Encontrado: 'MLB53274520'
2025-09-26 02:22:22,003 - INFO -   [PREÇO] Encontrado (poly-card fallback): 'R$ 112,90'
2025-09-26 02:22:22,004 - INFO -   [MARCA] Não encontrada (general/poly).
2025-09-26 02:22:22,004 - INFO -   [IMAGEM] Extração de imagens desabilitada pelo usuário.
2025-09-26 02:22:22,004 - INFO -   [VENDEDOR] Encontrado (poly-card fallback): 'Mm Santos'
2025-09-26 02:22:22,005 - INFO -   [ENTREGA] Texto encontrado (general alt): 'Chegará grátis amanhã sábado'
2025-09-26 02:22:22,005 - INFO - Produto processado: Kit Cartucho Hp 664 Preto F6v29ab + Resma A4 Chamex
2025-09-26 02:22:22,005 - INFO - --- Processando container de produto 39/50 (total coletado: 36, pulados: 2) ---
2025-09-26 02:22:22,006 - INFO -   [TÍTULO] Encontrado: 'Kit 03 Cartucho Tinta Original Hp 664- 2 Preto / 1 Colorido'
2025-09-26 02:22:22,007 - INFO -   [LINK] Encontrado: 'https://produto.mercadolivre.com.br/MLB-4443620156-kit-03-cartucho-tinta-original-hp-664-2-preto-1-colorido-_JM#polycard_client=search-nordic&search_layout=grid&position=39&type=item&tracking_id=778a6e42-c0ed-4d55-9458-f1771f8966aa&wid=MLB4443620156&sid=search'
2025-09-26 02:22:22,007 - WARNING -   [ID PRODUTO] Não encontrado no link: https://produto.mercadolivre.com.br/MLB-4443620156-kit-03-cartucho-tinta-original-hp-664-2-preto-1-colorido-_JM#polycard_client=search-nordic&search_layout=grid&position=39&type=item&tracking_id=778a6e42-c0ed-4d55-9458-f1771f8966aa&wid=MLB4443620156&sid=search
2025-09-26 02:22:22,010 - INFO -   [PREÇO] Encontrado (poly-card fallback): 'R$ 267,86'
2025-09-26 02:22:22,011 - INFO -   [MARCA] Não encontrada (general/poly).
2025-09-26 02:22:22,011 - INFO -   [IMAGEM] Extração de imagens desabilitada pelo usuário.
2025-09-26 02:22:22,013 - INFO -   [VENDEDOR] Encontrado (poly-card fallback): 'Tec Print'
2025-09-26 02:22:22,014 - INFO -   [MÉDIA AVALIAÇÕES] Encontrada (poly-card fallback): '4.8'
2025-09-26 02:22:22,015 - INFO -   [TOTAL AVALIAÇÕES] Encontrado (poly-card fallback): '4'
2025-09-26 02:22:22,015 - INFO -   [ENTREGA] Texto encontrado (general alt): 'Chegará grátis amanhã sábado'
2025-09-26 02:22:22,016 - INFO - Produto processado: Kit 03 Cartucho Tinta Original Hp 664- 2 Preto / 1 Colorido
2025-09-26 02:22:22,016 - DEBUG - Scraped from <200 https://lista.mercadolivre.com.br/cartucho-hp-664?sb=all_mercadolibre>
{'TITULO PRODUTO': 'Cartucho De Tinta Hp 664 Colorido Advantage Original', 'LINK': 'https://www.mercadolivre.com.br/cartucho-de-tinta-hp-664-colorido-advantage-original/up/MLBU750309843#polycard_client=search-nordic&search_layout=grid&position=36&type=product&tracking_id=778a6e42-c0ed-4d55-9458-f1771f8966aa&wid=MLB2671474178&sid=search', 'ID_PRODUTO': 'N/A', 'PREÇO': 'R$ 72,90', 'PREÇO ANTERIOR': 'N/A', 'MARCA': 'N/A', 'IMAGEM': 'N/A (imagens desabilitadas)', 'VENDEDOR': 'N/A', 'MÉDIA AVALIAÇÕES': '4.6', 'TOTAL AVALIAÇÕES': '36', 'ENTREGA': 'Frete grátis', 'ENTREGA FULL': 'Sim'}
2025-09-26 02:22:22,017 - DEBUG - Scraped from <200 https://lista.mercadolivre.com.br/cartucho-hp-664?sb=all_mercadolibre>
{'TITULO PRODUTO': 'Cartucho Hp 664xl 664 Xl Preto Hp E', 'LINK': 'https://www.mercadolivre.com.br/cartucho-hp-664xl-664-xl-preto-hp-e/p/MLB52063715#polycard_client=search-nordic&search_layout=grid&position=37&type=product&tracking_id=778a6e42-c0ed-4d55-9458-f1771f8966aa&wid=MLB5477851512&sid=search', 'ID_PRODUTO': 'MLB52063715', 'PREÇO': 'R$ 128,04', 'PREÇO ANTERIOR': 'N/A', 'MARCA': 'N/A', 'IMAGEM': 'N/A (imagens desabilitadas)', 'VENDEDOR': 'Park Ecom', 'MÉDIA AVALIAÇÕES': '4.3', 'TOTAL AVALIAÇÕES': '52', 'ENTREGA': 'Frete grátis', 'ENTREGA FULL': 'Não'}
2025-09-26 02:22:22,017 - INFO - --- Processando container de produto 40/50 (total coletado: 37, pulados: 2) ---
2025-09-26 02:22:22,018 - INFO -   [TÍTULO] Encontrado: 'Kit Cartucho Hp 667 Preto E 667 Colorido 2376 2776'
2025-09-26 02:22:22,018 - INFO -   [LINK] Encontrado: 'https://www.mercadolivre.com.br/kit-cartucho-hp-667-preto-e-667-colorido-2376-2776/p/MLB39019456#polycard_client=search-nordic&search_layout=grid&position=40&type=product&tracking_id=778a6e42-c0ed-4d55-9458-f1771f8966aa&wid=MLB3859516431&sid=search'
2025-09-26 02:22:22,018 - INFO -   [ID PRODUTO] Encontrado: 'MLB39019456'
2025-09-26 02:22:22,020 - INFO -   [PREÇO] Encontrado (poly-card fallback): 'R$ 139,90'
2025-09-26 02:22:22,020 - INFO -   [MARCA] Não encontrada (general/poly).
2025-09-26 02:22:22,020 - INFO -   [IMAGEM] Extração de imagens desabilitada pelo usuário.
2025-09-26 02:22:22,021 - INFO -   [VENDEDOR] Não encontrado para o container 40.
2025-09-26 02:22:22,021 - INFO -   [MÉDIA AVALIAÇÕES] Encontrada (poly-card fallback): '4.8'
2025-09-26 02:22:22,021 - INFO -   [TOTAL AVALIAÇÕES] Encontrado (poly-card fallback): '316'
2025-09-26 02:22:22,022 - INFO -   [ENTREGA] Texto encontrado (poly-card fallback): 'Frete grátis'
2025-09-26 02:22:22,023 - INFO - Produto processado: Kit Cartucho Hp 667 Preto E 667 Colorido 2376 2776
2025-09-26 02:22:22,024 - INFO - --- Processando container de produto 41/50 (total coletado: 38, pulados: 2) ---
2025-09-26 02:22:22,025 - INFO -   [TÍTULO] Encontrado: 'Cartucho De Tinta Hp 664 Colorido Advantage Original'
2025-09-26 02:22:22,025 - INFO -   [LINK] Encontrado: 'https://produto.mercadolivre.com.br/MLB-3947525791-cartucho-de-tinta-hp-664-colorido-advantage-original-_JM#polycard_client=search-nordic&search_layout=grid&position=41&type=item&tracking_id=778a6e42-c0ed-4d55-9458-f1771f8966aa&wid=MLB3947525791&sid=search'
2025-09-26 02:22:22,026 - WARNING -   [ID PRODUTO] Não encontrado no link: https://produto.mercadolivre.com.br/MLB-3947525791-cartucho-de-tinta-hp-664-colorido-advantage-original-_JM#polycard_client=search-nordic&search_layout=grid&position=41&type=item&tracking_id=778a6e42-c0ed-4d55-9458-f1771f8966aa&wid=MLB3947525791&sid=search
2025-09-26 02:22:22,027 - INFO -   [PREÇO] Encontrado (poly-card fallback): 'R$ 71,64'
2025-09-26 02:22:22,028 - INFO -   [PREÇO ANTERIOR] Encontrado (poly-card fallback): 'R$ 77'
2025-09-26 02:22:22,031 - INFO -   [MARCA] Não encontrada (general/poly).
2025-09-26 02:22:22,031 - INFO -   [IMAGEM] Extração de imagens desabilitada pelo usuário.
2025-09-26 02:22:22,031 - INFO -   [VENDEDOR] Encontrado (poly-card fallback): 'Eshop'
2025-09-26 02:22:22,032 - INFO -   [MÉDIA AVALIAÇÕES] Encontrada (poly-card fallback): '4.8'
2025-09-26 02:22:22,032 - INFO -   [TOTAL AVALIAÇÕES] Encontrado (poly-card fallback): '16'
2025-09-26 02:22:22,033 - INFO -   [ENTREGA] Texto encontrado (poly-card fallback): 'Frete grátis'
2025-09-26 02:22:22,033 - INFO -   [ENTREGA FULL] Indicador FULL encontrado (poly-card fallback SVG).
2025-09-26 02:22:22,033 - INFO - Produto processado: Cartucho De Tinta Hp 664 Colorido Advantage Original
2025-09-26 02:22:22,034 - DEBUG - Scraped from <200 https://lista.mercadolivre.com.br/cartucho-hp-664?sb=all_mercadolibre>
{'TITULO PRODUTO': 'Kit Cartucho Hp 664 Preto F6v29ab + Resma A4 Chamex', 'LINK': 'https://www.mercadolivre.com.br/kit-cartucho-hp-664-preto-f6v29ab-resma-a4-chamex/p/MLB53274520#polycard_client=search-nordic&search_layout=grid&position=38&type=product&tracking_id=778a6e42-c0ed-4d55-9458-f1771f8966aa&wid=MLB4145096065&sid=search', 'ID_PRODUTO': 'MLB53274520', 'PREÇO': 'R$ 112,90', 'PREÇO ANTERIOR': 'N/A', 'MARCA': 'N/A', 'IMAGEM': 'N/A (imagens desabilitadas)', 'VENDEDOR': 'Mm Santos', 'MÉDIA AVALIAÇÕES': 'N/A', 'TOTAL AVALIAÇÕES': 'N/A', 'ENTREGA': 'Chegará grátis amanhã sábado', 'ENTREGA FULL': 'Não'}
2025-09-26 02:22:22,034 - DEBUG - Scraped from <200 https://lista.mercadolivre.com.br/cartucho-hp-664?sb=all_mercadolibre>
{'TITULO PRODUTO': 'Kit 03 Cartucho Tinta Original Hp 664- 2 Preto / 1 Colorido', 'LINK': 'https://produto.mercadolivre.com.br/MLB-4443620156-kit-03-cartucho-tinta-original-hp-664-2-preto-1-colorido-_JM#polycard_client=search-nordic&search_layout=grid&position=39&type=item&tracking_id=778a6e42-c0ed-4d55-9458-f1771f8966aa&wid=MLB4443620156&sid=search', 'ID_PRODUTO': 'N/A', 'PREÇO': 'R$ 267,86', 'PREÇO ANTERIOR': 'N/A', 'MARCA': 'N/A', 'IMAGEM': 'N/A (imagens desabilitadas)', 'VENDEDOR': 'Tec Print', 'MÉDIA AVALIAÇÕES': '4.8', 'TOTAL AVALIAÇÕES': '4', 'ENTREGA': 'Chegará grátis amanhã sábado', 'ENTREGA FULL': 'Não'}
2025-09-26 02:22:22,035 - INFO - --- Processando container de produto 42/50 (total coletado: 39, pulados: 2) ---
2025-09-26 02:22:22,035 - INFO -   [TÍTULO] Encontrado: 'Kit Cartucho Tinta Original Hp 664 Preto + 664 Colorido 2676'
2025-09-26 02:22:22,037 - INFO -   [LINK] Encontrado: 'https://produto.mercadolivre.com.br/MLB-4316322696-kit-cartucho-tinta-original-hp-664-preto-664-colorido-2676-_JM#polycard_client=search-nordic&search_layout=grid&position=42&type=item&tracking_id=778a6e42-c0ed-4d55-9458-f1771f8966aa&wid=MLB4316322696&sid=search'
2025-09-26 02:22:22,037 - WARNING -   [ID PRODUTO] Não encontrado no link: https://produto.mercadolivre.com.br/MLB-4316322696-kit-cartucho-tinta-original-hp-664-preto-664-colorido-2676-_JM#polycard_client=search-nordic&search_layout=grid&position=42&type=item&tracking_id=778a6e42-c0ed-4d55-9458-f1771f8966aa&wid=MLB4316322696&sid=search
2025-09-26 02:22:22,037 - INFO -   [PREÇO] Encontrado (poly-card fallback): 'R$ 187,84'
2025-09-26 02:22:22,039 - INFO -   [MARCA] Não encontrada (general/poly).
2025-09-26 02:22:22,039 - INFO -   [IMAGEM] Extração de imagens desabilitada pelo usuário.
2025-09-26 02:22:22,040 - INFO -   [VENDEDOR] Encontrado (poly-card fallback): 'Tec Print'
2025-09-26 02:22:22,041 - INFO -   [MÉDIA AVALIAÇÕES] Encontrada (poly-card fallback): '4.5'
2025-09-26 02:22:22,041 - INFO -   [TOTAL AVALIAÇÕES] Encontrado (poly-card fallback): '57'
2025-09-26 02:22:22,042 - INFO -   [ENTREGA] Texto encontrado (general alt): 'Chegará grátis amanhã sábado'
2025-09-26 02:22:22,043 - INFO - Produto processado: Kit Cartucho Tinta Original Hp 664 Preto + 664 Colorido 2676
2025-09-26 02:22:22,044 - INFO - --- Processando container de produto 43/50 (total coletado: 40, pulados: 2) ---
2025-09-26 02:22:22,046 - INFO -   [TÍTULO] Encontrado: 'Kit Cartucho Hp 667 Preto + 667 Colorido Original 2376 2776'
2025-09-26 02:22:22,046 - INFO -   [LINK] Encontrado: 'https://www.mercadolivre.com.br/kit-cartucho-hp-667-preto--667-colorido-original-2376-2776/up/MLBU1722511938#polycard_client=search-nordic&search_layout=grid&position=43&type=product&tracking_id=778a6e42-c0ed-4d55-9458-f1771f8966aa&wid=MLB2220488064&sid=search'
2025-09-26 02:22:22,047 - WARNING -   [ID PRODUTO] Não encontrado no link: https://www.mercadolivre.com.br/kit-cartucho-hp-667-preto--667-colorido-original-2376-2776/up/MLBU1722511938#polycard_client=search-nordic&search_layout=grid&position=43&type=product&tracking_id=778a6e42-c0ed-4d55-9458-f1771f8966aa&wid=MLB2220488064&sid=search
2025-09-26 02:22:22,048 - INFO -   [PREÇO] Encontrado (poly-card fallback): 'R$ 181,89'
2025-09-26 02:22:22,048 - INFO -   [MARCA] Não encontrada (general/poly).
2025-09-26 02:22:22,049 - INFO -   [IMAGEM] Extração de imagens desabilitada pelo usuário.
2025-09-26 02:22:22,049 - INFO -   [VENDEDOR] Não encontrado para o container 43.
2025-09-26 02:22:22,050 - INFO -   [MÉDIA AVALIAÇÕES] Encontrada (poly-card fallback): '4.9'
2025-09-26 02:22:22,050 - INFO -   [TOTAL AVALIAÇÕES] Encontrado (poly-card fallback): '99'
2025-09-26 02:22:22,051 - INFO -   [ENTREGA] Texto encontrado (general alt): 'Chegará grátis hoje'
2025-09-26 02:22:22,052 - INFO -   [ENTREGA FULL] Indicador FULL encontrado (poly-card fallback SVG).
2025-09-26 02:22:22,053 - INFO - Produto processado: Kit Cartucho Hp 667 Preto + 667 Colorido Original 2376 2776
2025-09-26 02:22:22,063 - DEBUG - Scraped from <200 https://lista.mercadolivre.com.br/cartucho-hp-664?sb=all_mercadolibre>
{'TITULO PRODUTO': 'Kit Cartucho Hp 667 Preto E 667 Colorido 2376 2776', 'LINK': 'https://www.mercadolivre.com.br/kit-cartucho-hp-667-preto-e-667-colorido-2376-2776/p/MLB39019456#polycard_client=search-nordic&search_layout=grid&position=40&type=product&tracking_id=778a6e42-c0ed-4d55-9458-f1771f8966aa&wid=MLB3859516431&sid=search', 'ID_PRODUTO': 'MLB39019456', 'PREÇO': 'R$ 139,90', 'PREÇO ANTERIOR': 'N/A', 'MARCA': 'N/A', 'IMAGEM': 'N/A (imagens desabilitadas)', 'VENDEDOR': 'N/A', 'MÉDIA AVALIAÇÕES': '4.8', 'TOTAL AVALIAÇÕES': '316', 'ENTREGA': 'Frete grátis', 'ENTREGA FULL': 'Não'}
2025-09-26 02:22:22,065 - DEBUG - Scraped from <200 https://lista.mercadolivre.com.br/cartucho-hp-664?sb=all_mercadolibre>
{'TITULO PRODUTO': 'Cartucho De Tinta Hp 664 Colorido Advantage Original', 'LINK': 'https://produto.mercadolivre.com.br/MLB-3947525791-cartucho-de-tinta-hp-664-colorido-advantage-original-_JM#polycard_client=search-nordic&search_layout=grid&position=41&type=item&tracking_id=778a6e42-c0ed-4d55-9458-f1771f8966aa&wid=MLB3947525791&sid=search', 'ID_PRODUTO': 'N/A', 'PREÇO': 'R$ 71,64', 'PREÇO ANTERIOR': 'R$ 77', 'MARCA': 'N/A', 'IMAGEM': 'N/A (imagens desabilitadas)', 'VENDEDOR': 'Eshop', 'MÉDIA AVALIAÇÕES': '4.8', 'TOTAL AVALIAÇÕES': '16', 'ENTREGA': 'Frete grátis', 'ENTREGA FULL': 'Sim'}
2025-09-26 02:22:22,066 - INFO - --- Processando container de produto 44/50 (total coletado: 41, pulados: 2) ---
2025-09-26 02:22:22,068 - INFO -   [TÍTULO] Encontrado: 'Kit 3 Cartuchos Hp 664 Preto + Colorido 2136 2676 3636 3776'
2025-09-26 02:22:22,069 - INFO -   [LINK] Encontrado: 'https://www.mercadolivre.com.br/kit-3-cartuchos-hp-664-preto--colorido-2136-2676-3636-3776/up/MLBU1459241799#polycard_client=search-nordic&search_layout=grid&position=44&type=product&tracking_id=778a6e42-c0ed-4d55-9458-f1771f8966aa&wid=MLB3831864908&sid=search'
2025-09-26 02:22:22,069 - WARNING -   [ID PRODUTO] Não encontrado no link: https://www.mercadolivre.com.br/kit-3-cartuchos-hp-664-preto--colorido-2136-2676-3636-3776/up/MLBU1459241799#polycard_client=search-nordic&search_layout=grid&position=44&type=product&tracking_id=778a6e42-c0ed-4d55-9458-f1771f8966aa&wid=MLB3831864908&sid=search
2025-09-26 02:22:22,072 - INFO -   [PREÇO] Encontrado (poly-card fallback): 'R$ 249,99'
2025-09-26 02:22:22,078 - INFO -   [MARCA] Não encontrada (general/poly).
2025-09-26 02:22:22,080 - INFO -   [IMAGEM] Extração de imagens desabilitada pelo usuário.
2025-09-26 02:22:22,083 - INFO -   [VENDEDOR] Não encontrado para o container 44.
2025-09-26 02:22:22,084 - INFO -   [MÉDIA AVALIAÇÕES] Encontrada (poly-card fallback): '4.7'
2025-09-26 02:22:22,085 - INFO -   [TOTAL AVALIAÇÕES] Encontrado (poly-card fallback): '32'
2025-09-26 02:22:22,087 - INFO -   [ENTREGA] Texto encontrado (general alt): 'Chegará grátis hoje'
2025-09-26 02:22:22,088 - INFO -   [ENTREGA FULL] Indicador FULL encontrado (poly-card fallback SVG).
2025-09-26 02:22:22,089 - INFO - Produto processado: Kit 3 Cartuchos Hp 664 Preto + Colorido 2136 2676 3636 3776
2025-09-26 02:22:22,089 - DEBUG - Scraped from <200 https://lista.mercadolivre.com.br/cartucho-hp-664?sb=all_mercadolibre>
{'TITULO PRODUTO': 'Kit Cartucho Tinta Original Hp 664 Preto + 664 Colorido 2676', 'LINK': 'https://produto.mercadolivre.com.br/MLB-4316322696-kit-cartucho-tinta-original-hp-664-preto-664-colorido-2676-_JM#polycard_client=search-nordic&search_layout=grid&position=42&type=item&tracking_id=778a6e42-c0ed-4d55-9458-f1771f8966aa&wid=MLB4316322696&sid=search', 'ID_PRODUTO': 'N/A', 'PREÇO': 'R$ 187,84', 'PREÇO ANTERIOR': 'N/A', 'MARCA': 'N/A', 'IMAGEM': 'N/A (imagens desabilitadas)', 'VENDEDOR': 'Tec Print', 'MÉDIA AVALIAÇÕES': '4.5', 'TOTAL AVALIAÇÕES': '57', 'ENTREGA': 'Chegará grátis amanhã sábado', 'ENTREGA FULL': 'Não'}
2025-09-26 02:22:22,090 - DEBUG - Scraped from <200 https://lista.mercadolivre.com.br/cartucho-hp-664?sb=all_mercadolibre>
{'TITULO PRODUTO': 'Kit Cartucho Hp 667 Preto + 667 Colorido Original 2376 2776', 'LINK': 'https://www.mercadolivre.com.br/kit-cartucho-hp-667-preto--667-colorido-original-2376-2776/up/MLBU1722511938#polycard_client=search-nordic&search_layout=grid&position=43&type=product&tracking_id=778a6e42-c0ed-4d55-9458-f1771f8966aa&wid=MLB2220488064&sid=search', 'ID_PRODUTO': 'N/A', 'PREÇO': 'R$ 181,89', 'PREÇO ANTERIOR': 'N/A', 'MARCA': 'N/A', 'IMAGEM': 'N/A (imagens desabilitadas)', 'VENDEDOR': 'N/A', 'MÉDIA AVALIAÇÕES': '4.9', 'TOTAL AVALIAÇÕES': '99', 'ENTREGA': 'Chegará grátis hoje', 'ENTREGA FULL': 'Sim'}
2025-09-26 02:22:22,092 - INFO - --- Processando container de produto 45/50 (total coletado: 42, pulados: 2) ---
2025-09-26 02:22:22,094 - INFO -   [TÍTULO] Encontrado: 'Kit 3 Cartucho Hp 664 F6v29ab Preto Ink Advantage 2136 2676'
2025-09-26 02:22:22,096 - INFO -   [LINK] Encontrado: 'https://www.mercadolivre.com.br/kit-3-cartucho-hp-664-f6v29ab-preto-ink-advantage-2136-2676/p/MLB48782792#polycard_client=search-nordic&search_layout=grid&position=45&type=product&tracking_id=778a6e42-c0ed-4d55-9458-f1771f8966aa&wid=MLB4037643971&sid=search'
2025-09-26 02:22:22,097 - INFO -   [ID PRODUTO] Encontrado: 'MLB48782792'
2025-09-26 02:22:22,100 - INFO -   [PREÇO] Encontrado (poly-card fallback): 'R$ 240,09'
2025-09-26 02:22:22,102 - INFO -   [MARCA] Não encontrada (general/poly).
2025-09-26 02:22:22,103 - INFO -   [IMAGEM] Extração de imagens desabilitada pelo usuário.
2025-09-26 02:22:22,104 - INFO -   [VENDEDOR] Não encontrado para o container 45.
2025-09-26 02:22:22,106 - INFO -   [ENTREGA] Texto encontrado (poly-card fallback): 'Frete grátis'
2025-09-26 02:22:22,108 - INFO - Produto processado: Kit 3 Cartucho Hp 664 F6v29ab Preto Ink Advantage 2136 2676
2025-09-26 02:22:22,110 - DEBUG - Scraped from <200 https://lista.mercadolivre.com.br/cartucho-hp-664?sb=all_mercadolibre>
{'TITULO PRODUTO': 'Kit 3 Cartuchos Hp 664 Preto + Colorido 2136 2676 3636 3776', 'LINK': 'https://www.mercadolivre.com.br/kit-3-cartuchos-hp-664-preto--colorido-2136-2676-3636-3776/up/MLBU1459241799#polycard_client=search-nordic&search_layout=grid&position=44&type=product&tracking_id=778a6e42-c0ed-4d55-9458-f1771f8966aa&wid=MLB3831864908&sid=search', 'ID_PRODUTO': 'N/A', 'PREÇO': 'R$ 249,99', 'PREÇO ANTERIOR': 'N/A', 'MARCA': 'N/A', 'IMAGEM': 'N/A (imagens desabilitadas)', 'VENDEDOR': 'N/A', 'MÉDIA AVALIAÇÕES': '4.7', 'TOTAL AVALIAÇÕES': '32', 'ENTREGA': 'Chegará grátis hoje', 'ENTREGA FULL': 'Sim'}
2025-09-26 02:22:22,111 - INFO - --- Processando container de produto 46/50 (total coletado: 43, pulados: 2) ---
2025-09-26 02:22:22,115 - INFO -   [TÍTULO] Encontrado: 'Kit Cartucho Hp 664 Preto + Hp 664 Colorido Original Nf'
2025-09-26 02:22:22,116 - INFO -   [LINK] Encontrado: 'https://www.mercadolivre.com.br/kit-cartucho-hp-664-preto--hp-664-colorido-original-nf/up/MLBU778583684#polycard_client=search-nordic&search_layout=grid&position=46&type=product&tracking_id=778a6e42-c0ed-4d55-9458-f1771f8966aa&wid=MLB4293924976&sid=search'
2025-09-26 02:22:22,116 - WARNING -   [ID PRODUTO] Não encontrado no link: https://www.mercadolivre.com.br/kit-cartucho-hp-664-preto--hp-664-colorido-original-nf/up/MLBU778583684#polycard_client=search-nordic&search_layout=grid&position=46&type=product&tracking_id=778a6e42-c0ed-4d55-9458-f1771f8966aa&wid=MLB4293924976&sid=search
2025-09-26 02:22:22,119 - INFO -   [PREÇO] Encontrado (poly-card fallback): 'R$ 177,95'
2025-09-26 02:22:22,120 - INFO -   [MARCA] Não encontrada (general/poly).
2025-09-26 02:22:22,121 - INFO -   [IMAGEM] Extração de imagens desabilitada pelo usuário.
2025-09-26 02:22:22,121 - INFO -   [VENDEDOR] Não encontrado para o container 46.
2025-09-26 02:22:22,123 - INFO -   [MÉDIA AVALIAÇÕES] Encontrada (poly-card fallback): '5.0'
2025-09-26 02:22:22,123 - INFO -   [TOTAL AVALIAÇÕES] Encontrado (poly-card fallback): '12'
2025-09-26 02:22:22,125 - INFO -   [ENTREGA] Texto encontrado (general alt): 'Chegará grátis hoje'
2025-09-26 02:22:22,126 - INFO -   [ENTREGA FULL] Indicador FULL encontrado (poly-card fallback SVG).
2025-09-26 02:22:22,127 - INFO - Produto processado: Kit Cartucho Hp 664 Preto + Hp 664 Colorido Original Nf
2025-09-26 02:22:22,127 - DEBUG - Scraped from <200 https://lista.mercadolivre.com.br/cartucho-hp-664?sb=all_mercadolibre>
{'TITULO PRODUTO': 'Kit 3 Cartucho Hp 664 F6v29ab Preto Ink Advantage 2136 2676', 'LINK': 'https://www.mercadolivre.com.br/kit-3-cartucho-hp-664-f6v29ab-preto-ink-advantage-2136-2676/p/MLB48782792#polycard_client=search-nordic&search_layout=grid&position=45&type=product&tracking_id=778a6e42-c0ed-4d55-9458-f1771f8966aa&wid=MLB4037643971&sid=search', 'ID_PRODUTO': 'MLB48782792', 'PREÇO': 'R$ 240,09', 'PREÇO ANTERIOR': 'N/A', 'MARCA': 'N/A', 'IMAGEM': 'N/A (imagens desabilitadas)', 'VENDEDOR': 'N/A', 'MÉDIA AVALIAÇÕES': 'N/A', 'TOTAL AVALIAÇÕES': 'N/A', 'ENTREGA': 'Frete grátis', 'ENTREGA FULL': 'Não'}
2025-09-26 02:22:22,129 - INFO - --- Processando container de produto 47/50 (total coletado: 44, pulados: 2) ---
2025-09-26 02:22:22,130 - INFO -   [TÍTULO] Encontrado: 'Kit Cartucho Tinta Original Hp 664 Preto E Colorido 2676'
2025-09-26 02:22:22,130 - INFO -   [LINK] Encontrado: 'https://produto.mercadolivre.com.br/MLB-2690826467-kit-cartucho-tinta-original-hp-664-preto-e-colorido-2676-_JM#polycard_client=search-nordic&search_layout=grid&position=47&type=item&tracking_id=778a6e42-c0ed-4d55-9458-f1771f8966aa&wid=MLB2690826467&sid=search'
2025-09-26 02:22:22,130 - WARNING -   [ID PRODUTO] Não encontrado no link: https://produto.mercadolivre.com.br/MLB-2690826467-kit-cartucho-tinta-original-hp-664-preto-e-colorido-2676-_JM#polycard_client=search-nordic&search_layout=grid&position=47&type=item&tracking_id=778a6e42-c0ed-4d55-9458-f1771f8966aa&wid=MLB2690826467&sid=search
2025-09-26 02:22:22,132 - INFO -   [PREÇO] Encontrado (poly-card fallback): 'R$ 187,99'
2025-09-26 02:22:22,134 - INFO -   [MARCA] Não encontrada (general/poly).
2025-09-26 02:22:22,135 - INFO -   [IMAGEM] Extração de imagens desabilitada pelo usuário.
2025-09-26 02:22:22,136 - INFO -   [VENDEDOR] Encontrado (poly-card fallback): 'Tec Print'
2025-09-26 02:22:22,138 - INFO -   [MÉDIA AVALIAÇÕES] Encontrada (poly-card fallback): '4.7'
2025-09-26 02:22:22,139 - INFO -   [TOTAL AVALIAÇÕES] Encontrado (poly-card fallback): '961'
2025-09-26 02:22:22,142 - INFO -   [ENTREGA] Texto encontrado (general alt): 'Chegará grátis amanhã sábado'
2025-09-26 02:22:22,144 - INFO - Produto processado: Kit Cartucho Tinta Original Hp 664 Preto E Colorido 2676
2025-09-26 02:22:22,146 - DEBUG - Scraped from <200 https://lista.mercadolivre.com.br/cartucho-hp-664?sb=all_mercadolibre>
{'TITULO PRODUTO': 'Kit Cartucho Hp 664 Preto + Hp 664 Colorido Original Nf', 'LINK': 'https://www.mercadolivre.com.br/kit-cartucho-hp-664-preto--hp-664-colorido-original-nf/up/MLBU778583684#polycard_client=search-nordic&search_layout=grid&position=46&type=product&tracking_id=778a6e42-c0ed-4d55-9458-f1771f8966aa&wid=MLB4293924976&sid=search', 'ID_PRODUTO': 'N/A', 'PREÇO': 'R$ 177,95', 'PREÇO ANTERIOR': 'N/A', 'MARCA': 'N/A', 'IMAGEM': 'N/A (imagens desabilitadas)', 'VENDEDOR': 'N/A', 'MÉDIA AVALIAÇÕES': '5.0', 'TOTAL AVALIAÇÕES': '12', 'ENTREGA': 'Chegará grátis hoje', 'ENTREGA FULL': 'Sim'}
2025-09-26 02:22:22,147 - INFO - --- Processando container de produto 48/50 (total coletado: 45, pulados: 2) ---
2025-09-26 02:22:22,150 - INFO -   [TÍTULO] Encontrado: 'Kit 03 Cartucho Tinta Original Hp 664- 2 Preto / 1 Colorido'
2025-09-26 02:22:22,152 - INFO -   [LINK] Encontrado: 'https://produto.mercadolivre.com.br/MLB-1888944944-kit-03-cartucho-tinta-original-hp-664-2-preto-1-colorido-_JM#polycard_client=search-nordic&search_layout=grid&position=48&type=item&tracking_id=778a6e42-c0ed-4d55-9458-f1771f8966aa&wid=MLB1888944944&sid=search'
2025-09-26 02:22:22,152 - WARNING -   [ID PRODUTO] Não encontrado no link: https://produto.mercadolivre.com.br/MLB-1888944944-kit-03-cartucho-tinta-original-hp-664-2-preto-1-colorido-_JM#polycard_client=search-nordic&search_layout=grid&position=48&type=item&tracking_id=778a6e42-c0ed-4d55-9458-f1771f8966aa&wid=MLB1888944944&sid=search
2025-09-26 02:22:22,154 - INFO -   [PREÇO] Encontrado (poly-card fallback): 'R$ 254,90'
2025-09-26 02:22:22,155 - INFO -   [MARCA] Não encontrada (general/poly).
2025-09-26 02:22:22,155 - INFO -   [IMAGEM] Extração de imagens desabilitada pelo usuário.
2025-09-26 02:22:22,156 - INFO -   [VENDEDOR] Encontrado (poly-card fallback): 'Tec Print'
2025-09-26 02:22:22,157 - INFO -   [MÉDIA AVALIAÇÕES] Encontrada (poly-card fallback): '4.9'
2025-09-26 02:22:22,158 - INFO -   [TOTAL AVALIAÇÕES] Encontrado (poly-card fallback): '21'
2025-09-26 02:22:22,159 - INFO -   [ENTREGA] Texto encontrado (general alt): 'Chegará grátis amanhã sábado'
2025-09-26 02:22:22,159 - INFO - Produto processado: Kit 03 Cartucho Tinta Original Hp 664- 2 Preto / 1 Colorido
2025-09-26 02:22:22,160 - DEBUG - Scraped from <200 https://lista.mercadolivre.com.br/cartucho-hp-664?sb=all_mercadolibre>
{'TITULO PRODUTO': 'Kit Cartucho Tinta Original Hp 664 Preto E Colorido 2676', 'LINK': 'https://produto.mercadolivre.com.br/MLB-2690826467-kit-cartucho-tinta-original-hp-664-preto-e-colorido-2676-_JM#polycard_client=search-nordic&search_layout=grid&position=47&type=item&tracking_id=778a6e42-c0ed-4d55-9458-f1771f8966aa&wid=MLB2690826467&sid=search', 'ID_PRODUTO': 'N/A', 'PREÇO': 'R$ 187,99', 'PREÇO ANTERIOR': 'N/A', 'MARCA': 'N/A', 'IMAGEM': 'N/A (imagens desabilitadas)', 'VENDEDOR': 'Tec Print', 'MÉDIA AVALIAÇÕES': '4.7', 'TOTAL AVALIAÇÕES': '961', 'ENTREGA': 'Chegará grátis amanhã sábado', 'ENTREGA FULL': 'Não'}
2025-09-26 02:22:22,161 - INFO - --- Processando container de produto 49/50 (total coletado: 46, pulados: 2) ---
2025-09-26 02:22:22,163 - INFO -   [TÍTULO] Encontrado: 'Kit Cartucho Hp 667 Preto E 667 Colorido Original Tinta'
2025-09-26 02:22:22,163 - INFO -   [LINK] Encontrado: 'https://www.mercadolivre.com.br/kit-cartucho-hp-667-preto-e-667-colorido-original-tinta/up/MLBU1433343986#polycard_client=search-nordic&search_layout=grid&position=49&type=product&tracking_id=778a6e42-c0ed-4d55-9458-f1771f8966aa&wid=MLB2896897115&sid=search'
2025-09-26 02:22:22,164 - WARNING -   [ID PRODUTO] Não encontrado no link: https://www.mercadolivre.com.br/kit-cartucho-hp-667-preto-e-667-colorido-original-tinta/up/MLBU1433343986#polycard_client=search-nordic&search_layout=grid&position=49&type=product&tracking_id=778a6e42-c0ed-4d55-9458-f1771f8966aa&wid=MLB2896897115&sid=search
2025-09-26 02:22:22,165 - INFO -   [PREÇO] Encontrado (poly-card fallback): 'R$ 164,90'
2025-09-26 02:22:22,166 - INFO -   [MARCA] Não encontrada (general/poly).
2025-09-26 02:22:22,167 - INFO -   [IMAGEM] Extração de imagens desabilitada pelo usuário.
2025-09-26 02:22:22,167 - INFO -   [VENDEDOR] Não encontrado para o container 49.
2025-09-26 02:22:22,168 - INFO -   [MÉDIA AVALIAÇÕES] Encontrada (poly-card fallback): '4.8'
2025-09-26 02:22:22,168 - INFO -   [TOTAL AVALIAÇÕES] Encontrado (poly-card fallback): '62'
2025-09-26 02:22:22,169 - INFO -   [ENTREGA] Texto encontrado (general alt): 'Chegará grátis hoje'
2025-09-26 02:22:22,169 - INFO -   [ENTREGA FULL] Indicador FULL encontrado (poly-card fallback SVG).
2025-09-26 02:22:22,170 - INFO - Produto processado: Kit Cartucho Hp 667 Preto E 667 Colorido Original Tinta
2025-09-26 02:22:22,171 - INFO - --- Processando container de produto 50/50 (total coletado: 47, pulados: 2) ---
2025-09-26 02:22:22,171 - INFO -   [TÍTULO] Encontrado: 'Kit Cartuchos De Tinta Colorida E Preta 664xl Para Impressor'
2025-09-26 02:22:22,172 - INFO -   [LINK] Encontrado: 'https://www.mercadolivre.com.br/kit-cartuchos-de-tinta-colorida-e-preta-664xl-para-impressor/p/MLB39881749#polycard_client=search-nordic&search_layout=grid&position=50&type=product&tracking_id=778a6e42-c0ed-4d55-9458-f1771f8966aa&wid=MLB5537189928&sid=search'
2025-09-26 02:22:22,172 - INFO -   [ID PRODUTO] Encontrado: 'MLB39881749'
2025-09-26 02:22:22,174 - INFO -   [PREÇO] Encontrado (poly-card fallback): 'R$ 379,36'
2025-09-26 02:22:22,175 - INFO -   [MARCA] Não encontrada (general/poly).
2025-09-26 02:22:22,175 - INFO -   [IMAGEM] Extração de imagens desabilitada pelo usuário.
2025-09-26 02:22:22,176 - INFO -   [VENDEDOR] Não encontrado para o container 50.
2025-09-26 02:22:22,177 - INFO -   [MÉDIA AVALIAÇÕES] Encontrada (poly-card fallback): '4.6'
2025-09-26 02:22:22,178 - INFO -   [TOTAL AVALIAÇÕES] Encontrado (poly-card fallback): '111'
2025-09-26 02:22:22,179 - INFO -   [ENTREGA] Texto encontrado (poly-card fallback): 'Frete grátis'
2025-09-26 02:22:22,180 - INFO - Produto processado: Kit Cartuchos De Tinta Colorida E Preta 664xl Para Impressor
2025-09-26 02:22:22,181 - DEBUG - Scraped from <200 https://lista.mercadolivre.com.br/cartucho-hp-664?sb=all_mercadolibre>
{'TITULO PRODUTO': 'Kit 03 Cartucho Tinta Original Hp 664- 2 Preto / 1 Colorido', 'LINK': 'https://produto.mercadolivre.com.br/MLB-1888944944-kit-03-cartucho-tinta-original-hp-664-2-preto-1-colorido-_JM#polycard_client=search-nordic&search_layout=grid&position=48&type=item&tracking_id=778a6e42-c0ed-4d55-9458-f1771f8966aa&wid=MLB1888944944&sid=search', 'ID_PRODUTO': 'N/A', 'PREÇO': 'R$ 254,90', 'PREÇO ANTERIOR': 'N/A', 'MARCA': 'N/A', 'IMAGEM': 'N/A (imagens desabilitadas)', 'VENDEDOR': 'Tec Print', 'MÉDIA AVALIAÇÕES': '4.9', 'TOTAL AVALIAÇÕES': '21', 'ENTREGA': 'Chegará grátis amanhã sábado', 'ENTREGA FULL': 'Não'}
2025-09-26 02:22:22,181 - INFO - Total de 48 itens processados e yieldados nesta página (https://lista.mercadolivre.com.br/cartucho-hp-664?sb=all_mercadolibre).
2025-09-26 02:22:22,182 - INFO - Próxima página gerada: https://lista.mercadolivre.com.br/cartucho-hp-664_Desde_51_NoIndex_True?sb=all_mercadolibre
2025-09-26 02:22:22,182 - DEBUG - Scraped from <200 https://lista.mercadolivre.com.br/cartucho-hp-664?sb=all_mercadolibre>
{'TITULO PRODUTO': 'Kit Cartucho Hp 667 Preto E 667 Colorido Original Tinta', 'LINK': 'https://www.mercadolivre.com.br/kit-cartucho-hp-667-preto-e-667-colorido-original-tinta/up/MLBU1433343986#polycard_client=search-nordic&search_layout=grid&position=49&type=product&tracking_id=778a6e42-c0ed-4d55-9458-f1771f8966aa&wid=MLB2896897115&sid=search', 'ID_PRODUTO': 'N/A', 'PREÇO': 'R$ 164,90', 'PREÇO ANTERIOR': 'N/A', 'MARCA': 'N/A', 'IMAGEM': 'N/A (imagens desabilitadas)', 'VENDEDOR': 'N/A', 'MÉDIA AVALIAÇÕES': '4.8', 'TOTAL AVALIAÇÕES': '62', 'ENTREGA': 'Chegará grátis hoje', 'ENTREGA FULL': 'Sim'}
2025-09-26 02:22:22,183 - DEBUG - Scraped from <200 https://lista.mercadolivre.com.br/cartucho-hp-664?sb=all_mercadolibre>
{'TITULO PRODUTO': 'Kit Cartuchos De Tinta Colorida E Preta 664xl Para Impressor', 'LINK': 'https://www.mercadolivre.com.br/kit-cartuchos-de-tinta-colorida-e-preta-664xl-para-impressor/p/MLB39881749#polycard_client=search-nordic&search_layout=grid&position=50&type=product&tracking_id=778a6e42-c0ed-4d55-9458-f1771f8966aa&wid=MLB5537189928&sid=search', 'ID_PRODUTO': 'MLB39881749', 'PREÇO': 'R$ 379,36', 'PREÇO ANTERIOR': 'N/A', 'MARCA': 'N/A', 'IMAGEM': 'N/A (imagens desabilitadas)', 'VENDEDOR': 'N/A', 'MÉDIA AVALIAÇÕES': '4.6', 'TOTAL AVALIAÇÕES': '111', 'ENTREGA': 'Frete grátis', 'ENTREGA FULL': 'Não'}
2025-09-26 02:22:25,920 - INFO - 127.0.0.1 - - [26/Sep/2025 02:22:25] "GET /jobs HTTP/1.1" 200 -
2025-09-26 02:22:25,935 - INFO - 127.0.0.1 - - [26/Sep/2025 02:22:25] "[36mGET /static/style.css HTTP/1.1[0m" 304 -
2025-09-26 02:22:29,517 - DEBUG - Crawled (200) <GET https://lista.mercadolivre.com.br/cartucho-hp-664_Desde_51_NoIndex_True?sb=all_mercadolibre> (referer: https://lista.mercadolivre.com.br/cartucho-hp-664?sb=all_mercadolibre)
2025-09-26 02:22:29,626 - INFO - Processing URL: https://lista.mercadolivre.com.br/cartucho-hp-664_Desde_51_NoIndex_True?sb=all_mercadolibre (Page 2)
2025-09-26 02:22:29,684 - INFO - Encontrados 57 produtos com seletor: .ui-search-layout__item .andes-card.poly-card
2025-09-26 02:22:29,684 - INFO - Usando seletor bem-sucedido: .ui-search-layout__item .andes-card.poly-card
2025-09-26 02:22:29,685 - INFO - Processando 57 containers de produto encontrados em https://lista.mercadolivre.com.br/cartucho-hp-664_Desde_51_NoIndex_True?sb=all_mercadolibre
2025-09-26 02:22:29,685 - INFO - --- Pulando container 1 (item patrocinado 1/2) ---
2025-09-26 02:22:29,686 - INFO - --- Pulando container 2 (item patrocinado 2/2) ---
2025-09-26 02:22:29,686 - INFO - --- Processando container de produto 3/57 (total coletado: 48, pulados: 2) ---
2025-09-26 02:22:29,688 - INFO -   [TÍTULO] Encontrado: 'Kit 2 Cartuchos Hp 664 Hp 2136 3636 3836 4536 4676'
2025-09-26 02:22:29,689 - INFO -   [LINK] Encontrado: 'https://click1.mercadolivre.com.br/mclics/clicks/external/MLB/count?a=9KE%2BhZqZ6QCMOXC%2FnzmMM0jy6Cm%2FMaXR3w8pIDyatSd7cT2HQI2LCSpGKqkENjQYikM90VAoqa5IrdeCtyRFmxXAR7KsHSBv6Pa%2BTYnGZAhjXxdNBKXXj23qQufr4zZnFCq9C1P2NKpYl974v3guIDzKzG6fF%2F9i3w1%2Fqd7m0TH6uSJuQii2%2BunON69MUrbY4fxqTWfDA5aJ1tJiaNgMuE6m89BsBgXbn%2FKnjDXvbq1L%2BXv1R1XPXNZgCxbF0kdSLfPEGbBy%2BTkZgJcWQwh4XQYZydXIuLMJhZHwVbu%2FXRtprnw0n2UVFKzFLfJPNCqc6guUS3CzF6uZl4hRLAHTLzDflhyt7XyLGYOd8rE9qORHG6aXAxTokcAk8bdmKWzMB30%2BNM9KHom%2FMYE2gtvxTTw867YYW6n3rIEAraLXLNdMS2Qe%2FCKdVBhkLp9%2F0oQ3Uj9tw9AiJy9pb9Xclt2BnFFp1IXAaDGuhPsnXPBPvv7caOtvGpGPA2hzAWh64z33Z62VTDckv14UHuWwrQASG24PYuZ9atYg92yUmVUMM5inlTkYBshDW5SmwbvnVKLUfXi%2BU6srHqrtjF99gOFbo4nguUFsY0y8tPDN7LotICeyFDvzL%2BGSsgExLnoF6rmG4YMUjW9Gwq5Ll%2FBIgf5fIYeGmEnY4U%2FVBoNA2zhJHpXdkgvmu1fnMRlkGRPmrCX63N0gHCygGHf5QFbyEAlSeUWdvgIEXu%2FUQIBwFFCOZzC7rAN4yZ%2B4mf0gwIr86Gt4fhyM9cpb7r0h65Y4RsSnIWpKad%2FBjTR46oq%2FX7J%2F2qd5dN8nJoogY23MyC6%2F3vEN0aWFAf%2BF2MDqTT7Scnei58Xh0MtWhse%2BD1bWkskcekJEqJ3AVojjsdtv7jLiFEYF6IcX3%2BAafjw9obkGlrVNaEitpEEfP%2FujqUYXSl3Zp3b1PuBU8dpuDjfbUxo%3D#polycard_client=search-nordic&is_advertising=true&searchVariation=MLB39092873&backend_model=search-backend&search_layout=grid&position=3&type=pad&tracking_id=bf1f27fd-bf17-42ee-9b99-19a84b34a9aa&wid=MLB5012110756&sid=search'
2025-09-26 02:22:29,690 - WARNING -   [ID PRODUTO] Não encontrado no link: https://click1.mercadolivre.com.br/mclics/clicks/external/MLB/count?a=9KE%2BhZqZ6QCMOXC%2FnzmMM0jy6Cm%2FMaXR3w8pIDyatSd7cT2HQI2LCSpGKqkENjQYikM90VAoqa5IrdeCtyRFmxXAR7KsHSBv6Pa%2BTYnGZAhjXxdNBKXXj23qQufr4zZnFCq9C1P2NKpYl974v3guIDzKzG6fF%2F9i3w1%2Fqd7m0TH6uSJuQii2%2BunON69MUrbY4fxqTWfDA5aJ1tJiaNgMuE6m89BsBgXbn%2FKnjDXvbq1L%2BXv1R1XPXNZgCxbF0kdSLfPEGbBy%2BTkZgJcWQwh4XQYZydXIuLMJhZHwVbu%2FXRtprnw0n2UVFKzFLfJPNCqc6guUS3CzF6uZl4hRLAHTLzDflhyt7XyLGYOd8rE9qORHG6aXAxTokcAk8bdmKWzMB30%2BNM9KHom%2FMYE2gtvxTTw867YYW6n3rIEAraLXLNdMS2Qe%2FCKdVBhkLp9%2F0oQ3Uj9tw9AiJy9pb9Xclt2BnFFp1IXAaDGuhPsnXPBPvv7caOtvGpGPA2hzAWh64z33Z62VTDckv14UHuWwrQASG24PYuZ9atYg92yUmVUMM5inlTkYBshDW5SmwbvnVKLUfXi%2BU6srHqrtjF99gOFbo4nguUFsY0y8tPDN7LotICeyFDvzL%2BGSsgExLnoF6rmG4YMUjW9Gwq5Ll%2FBIgf5fIYeGmEnY4U%2FVBoNA2zhJHpXdkgvmu1fnMRlkGRPmrCX63N0gHCygGHf5QFbyEAlSeUWdvgIEXu%2FUQIBwFFCOZzC7rAN4yZ%2B4mf0gwIr86Gt4fhyM9cpb7r0h65Y4RsSnIWpKad%2FBjTR46oq%2FX7J%2F2qd5dN8nJoogY23MyC6%2F3vEN0aWFAf%2BF2MDqTT7Scnei58Xh0MtWhse%2BD1bWkskcekJEqJ3AVojjsdtv7jLiFEYF6IcX3%2BAafjw9obkGlrVNaEitpEEfP%2FujqUYXSl3Zp3b1PuBU8dpuDjfbUxo%3D#polycard_client=search-nordic&is_advertising=true&searchVariation=MLB39092873&backend_model=search-backend&search_layout=grid&position=3&type=pad&tracking_id=bf1f27fd-bf17-42ee-9b99-19a84b34a9aa&wid=MLB5012110756&sid=search
2025-09-26 02:22:29,694 - INFO -   [PREÇO] Encontrado (poly-card fallback): 'R$ 164,99'
2025-09-26 02:22:29,695 - INFO -   [MARCA] Não encontrada (general/poly).
2025-09-26 02:22:29,696 - INFO -   [IMAGEM] Extração de imagens desabilitada pelo usuário.
2025-09-26 02:22:29,696 - INFO -   [VENDEDOR] Não encontrado para o container 3.
2025-09-26 02:22:29,698 - INFO -   [MÉDIA AVALIAÇÕES] Encontrada (poly-card fallback): '4.8'
2025-09-26 02:22:29,698 - INFO -   [TOTAL AVALIAÇÕES] Encontrado (poly-card fallback): '107'
2025-09-26 02:22:29,701 - INFO -   [ENTREGA] Texto encontrado (general alt): 'Chegará grátis hoje'
2025-09-26 02:22:29,703 - INFO -   [ENTREGA FULL] Indicador FULL encontrado (poly-card fallback SVG).
2025-09-26 02:22:29,703 - INFO - Produto processado: Kit 2 Cartuchos Hp 664 Hp 2136 3636 3836 4536 4676
2025-09-26 02:22:29,704 - INFO - --- Processando container de produto 4/57 (total coletado: 49, pulados: 2) ---
2025-09-26 02:22:29,706 - INFO -   [TÍTULO] Encontrado: 'Cartucho De Tinta 664 Hp Deskjet Preto Black Original + Nfe'
2025-09-26 02:22:29,707 - INFO -   [LINK] Encontrado: 'https://www.mercadolivre.com.br/cartucho-de-tinta-664-hp-deskjet-preto-black-original--nfe/up/MLBU1407101171#polycard_client=search-nordic&search_layout=grid&position=4&type=product&tracking_id=bf1f27fd-bf17-42ee-9b99-19a84b34a9aa&wid=MLB1839240545&sid=search'
2025-09-26 02:22:29,708 - WARNING -   [ID PRODUTO] Não encontrado no link: https://www.mercadolivre.com.br/cartucho-de-tinta-664-hp-deskjet-preto-black-original--nfe/up/MLBU1407101171#polycard_client=search-nordic&search_layout=grid&position=4&type=product&tracking_id=bf1f27fd-bf17-42ee-9b99-19a84b34a9aa&wid=MLB1839240545&sid=search
2025-09-26 02:22:29,711 - INFO -   [PREÇO] Encontrado (poly-card fallback): 'R$ 68'
2025-09-26 02:22:29,712 - INFO -   [MARCA] Não encontrada (general/poly).
2025-09-26 02:22:29,717 - INFO -   [IMAGEM] Extração de imagens desabilitada pelo usuário.
2025-09-26 02:22:29,721 - INFO -   [VENDEDOR] Não encontrado para o container 4.
2025-09-26 02:22:29,722 - INFO -   [MÉDIA AVALIAÇÕES] Encontrada (poly-card fallback): '5.0'
2025-09-26 02:22:29,723 - INFO -   [TOTAL AVALIAÇÕES] Encontrado (poly-card fallback): '4'
2025-09-26 02:22:29,725 - INFO -   [ENTREGA] Texto encontrado (poly-card fallback): 'Frete grátis'
2025-09-26 02:22:29,727 - INFO - Produto processado: Cartucho De Tinta 664 Hp Deskjet Preto Black Original + Nfe
2025-09-26 02:22:29,728 - DEBUG - Scraped from <200 https://lista.mercadolivre.com.br/cartucho-hp-664_Desde_51_NoIndex_True?sb=all_mercadolibre>
{'TITULO PRODUTO': 'Kit 2 Cartuchos Hp 664 Hp 2136 3636 3836 4536 4676', 'LINK': 'https://click1.mercadolivre.com.br/mclics/clicks/external/MLB/count?a=9KE%2BhZqZ6QCMOXC%2FnzmMM0jy6Cm%2FMaXR3w8pIDyatSd7cT2HQI2LCSpGKqkENjQYikM90VAoqa5IrdeCtyRFmxXAR7KsHSBv6Pa%2BTYnGZAhjXxdNBKXXj23qQufr4zZnFCq9C1P2NKpYl974v3guIDzKzG6fF%2F9i3w1%2Fqd7m0TH6uSJuQii2%2BunON69MUrbY4fxqTWfDA5aJ1tJiaNgMuE6m89BsBgXbn%2FKnjDXvbq1L%2BXv1R1XPXNZgCxbF0kdSLfPEGbBy%2BTkZgJcWQwh4XQYZydXIuLMJhZHwVbu%2FXRtprnw0n2UVFKzFLfJPNCqc6guUS3CzF6uZl4hRLAHTLzDflhyt7XyLGYOd8rE9qORHG6aXAxTokcAk8bdmKWzMB30%2BNM9KHom%2FMYE2gtvxTTw867YYW6n3rIEAraLXLNdMS2Qe%2FCKdVBhkLp9%2F0oQ3Uj9tw9AiJy9pb9Xclt2BnFFp1IXAaDGuhPsnXPBPvv7caOtvGpGPA2hzAWh64z33Z62VTDckv14UHuWwrQASG24PYuZ9atYg92yUmVUMM5inlTkYBshDW5SmwbvnVKLUfXi%2BU6srHqrtjF99gOFbo4nguUFsY0y8tPDN7LotICeyFDvzL%2BGSsgExLnoF6rmG4YMUjW9Gwq5Ll%2FBIgf5fIYeGmEnY4U%2FVBoNA2zhJHpXdkgvmu1fnMRlkGRPmrCX63N0gHCygGHf5QFbyEAlSeUWdvgIEXu%2FUQIBwFFCOZzC7rAN4yZ%2B4mf0gwIr86Gt4fhyM9cpb7r0h65Y4RsSnIWpKad%2FBjTR46oq%2FX7J%2F2qd5dN8nJoogY23MyC6%2F3vEN0aWFAf%2BF2MDqTT7Scnei58Xh0MtWhse%2BD1bWkskcekJEqJ3AVojjsdtv7jLiFEYF6IcX3%2BAafjw9obkGlrVNaEitpEEfP%2FujqUYXSl3Zp3b1PuBU8dpuDjfbUxo%3D#polycard_client=search-nordic&is_advertising=true&searchVariation=MLB39092873&backend_model=search-backend&search_layout=grid&position=3&type=pad&tracking_id=bf1f27fd-bf17-42ee-9b99-19a84b34a9aa&wid=MLB5012110756&sid=search', 'ID_PRODUTO': 'N/A', 'PREÇO': 'R$ 164,99', 'PREÇO ANTERIOR': 'N/A', 'MARCA': 'N/A', 'IMAGEM': 'N/A (imagens desabilitadas)', 'VENDEDOR': 'N/A', 'MÉDIA AVALIAÇÕES': '4.8', 'TOTAL AVALIAÇÕES': '107', 'ENTREGA': 'Chegará grátis hoje', 'ENTREGA FULL': 'Sim'}
2025-09-26 02:22:29,729 - INFO - --- Processando container de produto 5/57 (total coletado: 50, pulados: 2) ---
2025-09-26 02:22:29,731 - INFO -   [TÍTULO] Encontrado: 'Cartucho 664 Preto Remanufaturado (Recondicionado)'
2025-09-26 02:22:29,732 - INFO -   [LINK] Encontrado: 'https://www.mercadolivre.com.br/cartucho-664-preto-remanufaturado/up/MLBU3229080507#polycard_client=search-nordic&search_layout=grid&position=5&type=product&tracking_id=bf1f27fd-bf17-42ee-9b99-19a84b34a9aa&wid=MLB5428016152&sid=search'
2025-09-26 02:22:29,732 - WARNING -   [ID PRODUTO] Não encontrado no link: https://www.mercadolivre.com.br/cartucho-664-preto-remanufaturado/up/MLBU3229080507#polycard_client=search-nordic&search_layout=grid&position=5&type=product&tracking_id=bf1f27fd-bf17-42ee-9b99-19a84b34a9aa&wid=MLB5428016152&sid=search
2025-09-26 02:22:29,735 - INFO -   [PREÇO] Encontrado (poly-card fallback): 'R$ 47,95'
2025-09-26 02:22:29,737 - INFO -   [MARCA] Não encontrada (general/poly).
2025-09-26 02:22:29,737 - INFO -   [IMAGEM] Extração de imagens desabilitada pelo usuário.
2025-09-26 02:22:29,738 - INFO -   [VENDEDOR] Não encontrado para o container 5.
2025-09-26 02:22:29,740 - INFO -   [MÉDIA AVALIAÇÕES] Encontrada (poly-card fallback): '4.5'
2025-09-26 02:22:29,741 - INFO -   [TOTAL AVALIAÇÕES] Encontrado (poly-card fallback): '2'
2025-09-26 02:22:29,743 - INFO -   [ENTREGA] Texto encontrado (poly-card fallback): 'Frete grátis'
2025-09-26 02:22:29,745 - INFO - Produto processado: Cartucho 664 Preto Remanufaturado (Recondicionado)
2025-09-26 02:22:29,745 - DEBUG - Scraped from <200 https://lista.mercadolivre.com.br/cartucho-hp-664_Desde_51_NoIndex_True?sb=all_mercadolibre>
{'TITULO PRODUTO': 'Cartucho De Tinta 664 Hp Deskjet Preto Black Original + Nfe', 'LINK': 'https://www.mercadolivre.com.br/cartucho-de-tinta-664-hp-deskjet-preto-black-original--nfe/up/MLBU1407101171#polycard_client=search-nordic&search_layout=grid&position=4&type=product&tracking_id=bf1f27fd-bf17-42ee-9b99-19a84b34a9aa&wid=MLB1839240545&sid=search', 'ID_PRODUTO': 'N/A', 'PREÇO': 'R$ 68', 'PREÇO ANTERIOR': 'N/A', 'MARCA': 'N/A', 'IMAGEM': 'N/A (imagens desabilitadas)', 'VENDEDOR': 'N/A', 'MÉDIA AVALIAÇÕES': '5.0', 'TOTAL AVALIAÇÕES': '4', 'ENTREGA': 'Frete grátis', 'ENTREGA FULL': 'Não'}
2025-09-26 02:22:29,746 - INFO - --- Processando container de produto 6/57 (total coletado: 51, pulados: 2) ---
2025-09-26 02:22:29,748 - INFO -   [TÍTULO] Encontrado: '2 Cartuchos De Tinta 664xl Black+664xl Color Hp Impressoras'
2025-09-26 02:22:29,748 - INFO -   [LINK] Encontrado: 'https://www.mercadolivre.com.br/2-cartuchos-de-tinta-664xl-black664xl-color-hp-impressoras/p/MLB24113436#polycard_client=search-nordic&search_layout=grid&position=6&type=product&tracking_id=bf1f27fd-bf17-42ee-9b99-19a84b34a9aa&wid=MLB4081071581&sid=search'
2025-09-26 02:22:29,748 - INFO -   [ID PRODUTO] Encontrado: 'MLB24113436'
2025-09-26 02:22:29,750 - INFO -   [PREÇO] Encontrado (poly-card fallback): 'R$ 260'
2025-09-26 02:22:29,752 - INFO -   [MARCA] Não encontrada (general/poly).
2025-09-26 02:22:29,753 - INFO -   [IMAGEM] Extração de imagens desabilitada pelo usuário.
2025-09-26 02:22:29,754 - INFO -   [VENDEDOR] Não encontrado para o container 6.
2025-09-26 02:22:29,756 - INFO -   [MÉDIA AVALIAÇÕES] Encontrada (poly-card fallback): '4.5'
2025-09-26 02:22:29,757 - INFO -   [TOTAL AVALIAÇÕES] Encontrado (poly-card fallback): '374'
2025-09-26 02:22:29,759 - INFO -   [ENTREGA] Texto encontrado (poly-card fallback): 'Frete grátis'
2025-09-26 02:22:29,760 - INFO - Produto processado: 2 Cartuchos De Tinta 664xl Black+664xl Color Hp Impressoras
2025-09-26 02:22:29,761 - DEBUG - Scraped from <200 https://lista.mercadolivre.com.br/cartucho-hp-664_Desde_51_NoIndex_True?sb=all_mercadolibre>
{'TITULO PRODUTO': 'Cartucho 664 Preto Remanufaturado (Recondicionado)', 'LINK': 'https://www.mercadolivre.com.br/cartucho-664-preto-remanufaturado/up/MLBU3229080507#polycard_client=search-nordic&search_layout=grid&position=5&type=product&tracking_id=bf1f27fd-bf17-42ee-9b99-19a84b34a9aa&wid=MLB5428016152&sid=search', 'ID_PRODUTO': 'N/A', 'PREÇO': 'R$ 47,95', 'PREÇO ANTERIOR': 'N/A', 'MARCA': 'N/A', 'IMAGEM': 'N/A (imagens desabilitadas)', 'VENDEDOR': 'N/A', 'MÉDIA AVALIAÇÕES': '4.5', 'TOTAL AVALIAÇÕES': '2', 'ENTREGA': 'Frete grátis', 'ENTREGA FULL': 'Não'}
2025-09-26 02:22:29,763 - INFO - --- Processando container de produto 7/57 (total coletado: 52, pulados: 2) ---
2025-09-26 02:22:29,764 - INFO -   [TÍTULO] Encontrado: 'Kit Cartucho Hp 664 Preto + Hp 664 Colorido Original Nf'
2025-09-26 02:22:29,765 - INFO -   [LINK] Encontrado: 'https://www.mercadolivre.com.br/kit-cartucho-hp-664-preto--hp-664-colorido-original-nf/up/MLBU1722066700#polycard_client=search-nordic&search_layout=grid&position=7&type=product&tracking_id=bf1f27fd-bf17-42ee-9b99-19a84b34a9aa&wid=MLB2213839999&sid=search'
2025-09-26 02:22:29,766 - WARNING -   [ID PRODUTO] Não encontrado no link: https://www.mercadolivre.com.br/kit-cartucho-hp-664-preto--hp-664-colorido-original-nf/up/MLBU1722066700#polycard_client=search-nordic&search_layout=grid&position=7&type=product&tracking_id=bf1f27fd-bf17-42ee-9b99-19a84b34a9aa&wid=MLB2213839999&sid=search
2025-09-26 02:22:29,767 - INFO -   [PREÇO] Encontrado (poly-card fallback): 'R$ 165,89'
2025-09-26 02:22:29,768 - INFO -   [MARCA] Não encontrada (general/poly).
2025-09-26 02:22:29,769 - INFO -   [IMAGEM] Extração de imagens desabilitada pelo usuário.
2025-09-26 02:22:29,770 - INFO -   [VENDEDOR] Não encontrado para o container 7.
2025-09-26 02:22:29,771 - INFO -   [MÉDIA AVALIAÇÕES] Encontrada (poly-card fallback): '4.8'
2025-09-26 02:22:29,772 - INFO -   [TOTAL AVALIAÇÕES] Encontrado (poly-card fallback): '104'
2025-09-26 02:22:29,773 - INFO -   [ENTREGA] Texto encontrado (general alt): 'Chegará grátis hoje'
2025-09-26 02:22:29,774 - INFO -   [ENTREGA FULL] Indicador FULL encontrado (poly-card fallback SVG).
2025-09-26 02:22:29,774 - INFO - Produto processado: Kit Cartucho Hp 664 Preto + Hp 664 Colorido Original Nf
2025-09-26 02:22:29,775 - DEBUG - Scraped from <200 https://lista.mercadolivre.com.br/cartucho-hp-664_Desde_51_NoIndex_True?sb=all_mercadolibre>
{'TITULO PRODUTO': '2 Cartuchos De Tinta 664xl Black+664xl Color Hp Impressoras', 'LINK': 'https://www.mercadolivre.com.br/2-cartuchos-de-tinta-664xl-black664xl-color-hp-impressoras/p/MLB24113436#polycard_client=search-nordic&search_layout=grid&position=6&type=product&tracking_id=bf1f27fd-bf17-42ee-9b99-19a84b34a9aa&wid=MLB4081071581&sid=search', 'ID_PRODUTO': 'MLB24113436', 'PREÇO': 'R$ 260', 'PREÇO ANTERIOR': 'N/A', 'MARCA': 'N/A', 'IMAGEM': 'N/A (imagens desabilitadas)', 'VENDEDOR': 'N/A', 'MÉDIA AVALIAÇÕES': '4.5', 'TOTAL AVALIAÇÕES': '374', 'ENTREGA': 'Frete grátis', 'ENTREGA FULL': 'Não'}
2025-09-26 02:22:29,775 - INFO - --- Processando container de produto 8/57 (total coletado: 53, pulados: 2) ---
2025-09-26 02:22:29,777 - INFO -   [TÍTULO] Encontrado: 'Kit Cartucho Hp 664 Preto + Hp 664 Colorido Original Nf'
2025-09-26 02:22:29,777 - INFO -   [LINK] Encontrado: 'https://www.mercadolivre.com.br/kit-cartucho-hp-664-preto--hp-664-colorido-original-nf/up/MLBU1425901803#polycard_client=search-nordic&search_layout=grid&position=8&type=product&tracking_id=bf1f27fd-bf17-42ee-9b99-19a84b34a9aa&wid=MLB2212580404&sid=search'
2025-09-26 02:22:29,778 - WARNING -   [ID PRODUTO] Não encontrado no link: https://www.mercadolivre.com.br/kit-cartucho-hp-664-preto--hp-664-colorido-original-nf/up/MLBU1425901803#polycard_client=search-nordic&search_layout=grid&position=8&type=product&tracking_id=bf1f27fd-bf17-42ee-9b99-19a84b34a9aa&wid=MLB2212580404&sid=search
2025-09-26 02:22:29,780 - INFO -   [PREÇO] Encontrado (poly-card fallback): 'R$ 166,90'
2025-09-26 02:22:29,781 - INFO -   [MARCA] Não encontrada (general/poly).
2025-09-26 02:22:29,781 - INFO -   [IMAGEM] Extração de imagens desabilitada pelo usuário.
2025-09-26 02:22:29,782 - INFO -   [VENDEDOR] Não encontrado para o container 8.
2025-09-26 02:22:29,784 - INFO -   [MÉDIA AVALIAÇÕES] Encontrada (poly-card fallback): '4.7'
2025-09-26 02:22:29,785 - INFO -   [TOTAL AVALIAÇÕES] Encontrado (poly-card fallback): '109'
2025-09-26 02:22:29,787 - INFO -   [ENTREGA] Texto encontrado (general alt): 'Chegará grátis hoje'
2025-09-26 02:22:29,789 - INFO -   [ENTREGA FULL] Indicador FULL encontrado (poly-card fallback SVG).
2025-09-26 02:22:29,789 - INFO - Produto processado: Kit Cartucho Hp 664 Preto + Hp 664 Colorido Original Nf
2025-09-26 02:22:29,790 - DEBUG - Scraped from <200 https://lista.mercadolivre.com.br/cartucho-hp-664_Desde_51_NoIndex_True?sb=all_mercadolibre>
{'TITULO PRODUTO': 'Kit Cartucho Hp 664 Preto + Hp 664 Colorido Original Nf', 'LINK': 'https://www.mercadolivre.com.br/kit-cartucho-hp-664-preto--hp-664-colorido-original-nf/up/MLBU1722066700#polycard_client=search-nordic&search_layout=grid&position=7&type=product&tracking_id=bf1f27fd-bf17-42ee-9b99-19a84b34a9aa&wid=MLB2213839999&sid=search', 'ID_PRODUTO': 'N/A', 'PREÇO': 'R$ 165,89', 'PREÇO ANTERIOR': 'N/A', 'MARCA': 'N/A', 'IMAGEM': 'N/A (imagens desabilitadas)', 'VENDEDOR': 'N/A', 'MÉDIA AVALIAÇÕES': '4.8', 'TOTAL AVALIAÇÕES': '104', 'ENTREGA': 'Chegará grátis hoje', 'ENTREGA FULL': 'Sim'}
2025-09-26 02:22:29,791 - INFO - --- Processando container de produto 9/57 (total coletado: 54, pulados: 2) ---
2025-09-26 02:22:29,793 - INFO -   [TÍTULO] Encontrado: 'Kit Cartucho Hp 664 Preto + Hp 664 Colorido Original Nf'
2025-09-26 02:22:29,794 - INFO -   [LINK] Encontrado: 'https://www.mercadolivre.com.br/kit-cartucho-hp-664-preto--hp-664-colorido-original-nf/up/MLBU1745121212#polycard_client=search-nordic&search_layout=grid&position=9&type=product&tracking_id=bf1f27fd-bf17-42ee-9b99-19a84b34a9aa&wid=MLB3841651033&sid=search'
2025-09-26 02:22:29,795 - WARNING -   [ID PRODUTO] Não encontrado no link: https://www.mercadolivre.com.br/kit-cartucho-hp-664-preto--hp-664-colorido-original-nf/up/MLBU1745121212#polycard_client=search-nordic&search_layout=grid&position=9&type=product&tracking_id=bf1f27fd-bf17-42ee-9b99-19a84b34a9aa&wid=MLB3841651033&sid=search
2025-09-26 02:22:29,797 - INFO -   [PREÇO] Encontrado (poly-card fallback): 'R$ 181,87'
2025-09-26 02:22:29,798 - INFO -   [MARCA] Não encontrada (general/poly).
2025-09-26 02:22:29,799 - INFO -   [IMAGEM] Extração de imagens desabilitada pelo usuário.
2025-09-26 02:22:29,800 - INFO -   [VENDEDOR] Não encontrado para o container 9.
2025-09-26 02:22:29,801 - INFO -   [MÉDIA AVALIAÇÕES] Encontrada (poly-card fallback): '5.0'
2025-09-26 02:22:29,801 - INFO -   [TOTAL AVALIAÇÕES] Encontrado (poly-card fallback): '3'
2025-09-26 02:22:29,802 - INFO -   [ENTREGA] Texto encontrado (general alt): 'Chegará grátis hoje'
2025-09-26 02:22:29,803 - INFO -   [ENTREGA FULL] Indicador FULL encontrado (poly-card fallback SVG).
2025-09-26 02:22:29,804 - INFO - Produto processado: Kit Cartucho Hp 664 Preto + Hp 664 Colorido Original Nf
2025-09-26 02:22:29,804 - DEBUG - Scraped from <200 https://lista.mercadolivre.com.br/cartucho-hp-664_Desde_51_NoIndex_True?sb=all_mercadolibre>
{'TITULO PRODUTO': 'Kit Cartucho Hp 664 Preto + Hp 664 Colorido Original Nf', 'LINK': 'https://www.mercadolivre.com.br/kit-cartucho-hp-664-preto--hp-664-colorido-original-nf/up/MLBU1425901803#polycard_client=search-nordic&search_layout=grid&position=8&type=product&tracking_id=bf1f27fd-bf17-42ee-9b99-19a84b34a9aa&wid=MLB2212580404&sid=search', 'ID_PRODUTO': 'N/A', 'PREÇO': 'R$ 166,90', 'PREÇO ANTERIOR': 'N/A', 'MARCA': 'N/A', 'IMAGEM': 'N/A (imagens desabilitadas)', 'VENDEDOR': 'N/A', 'MÉDIA AVALIAÇÕES': '4.7', 'TOTAL AVALIAÇÕES': '109', 'ENTREGA': 'Chegará grátis hoje', 'ENTREGA FULL': 'Sim'}
2025-09-26 02:22:29,805 - INFO - --- Processando container de produto 10/57 (total coletado: 55, pulados: 2) ---
2025-09-26 02:22:29,807 - INFO -   [TÍTULO] Encontrado: 'Cartucho Hp 664xl Preto 664xl Original Hp Deskjet 1115, 2136'
2025-09-26 02:22:29,808 - INFO -   [LINK] Encontrado: 'https://click1.mercadolivre.com.br/mclics/clicks/external/MLB/count?a=OhDmYv9i8uEvO5GUymbdbX1GeNINGNRjaNLL4vy6MhuTJNVmUOUhO3hQPfBpEU9VwZkebf6l0KWWo62gbFdM6LI5RP0gOAnG6Nmk%2F7P7bFNaOpZ%2F9i2C0lih0l8yXezAwgrnCSfuy%2B2QCGIoRsAPFwRi4ux%2BwU2yIQ5VomhyxmhSVCjOvQdOPjTa%2B9D4k%2FByBcj%2FCsgnMU3nm94a6HU05X05LJCamKkNJyKV1UZsJdQUmm14gmNZNXZxUbsOu%2Fe6Ow0jU4yIKko5RlUWHUE19Mr9fTt%2FefeqLpctTQTri0blSoZO9coYl2K1Jjz99VT2c65ZYPvGYfIX3H6lYUy2nkk3G0K2NyOoF8D92nJgX9H87z01FLSvTgPSks4vtD2h3I21X8%2BfFIZwGjM3Ff6BpRlg60qWCHQY9g%2BZan1xStIt35igx35WAC3vyNOjhcz8fdbSs%2FQNQgMBkATNtyzMVQu6oyKUmuaSiaQBj96%2FVgje72ejC8HxxW6FEJy30%2BwkFogeoAt6cFDL4LCrYZ4c9bfKlqzDIOcJ%2Bv2TIr4sktI3TbmYn57DK%2BZBlrFqp7fBfB2OocvdRmsn639riXGZm6hw0ZClaMIDhNQmWH8wXalySBe0kQ88RiRWaMYghPv%2BlG11wJb7utsyVSRxTA2a8BPw5Qxc7mwxMWCOxTyedg6yvAyl1rMzwpRmpEgV7ABBQpv%2BeOE4Ur%2BVydU7OWY0k5pXNdevUwd%2FuBEMDeNGngvUQy6JkHb4Y7pFQEWQ3xjEZzRh85Ro3%2FQhXUcZqHltC2vqd8wQkYBvr%2BnG4nHp%2B7JyeiaQCHrFNo9oIEmER6Xb0WmiH88WutkqLw0JQOmVA5FZp26sVEU3PJ1FBH8bS1lzhiYN6PRRIskrtqurJJ97XSvJh4jMtu1JqVqa8V2z1ReWQnGMkz251dsK2GcmkQW%2FZHvWl84sC7xEACJmjZA%2BiRkJp3CEDdkW#polycard_client=search-nordic&is_advertising=true&searchVariation=MLB22288344&backend_model=search-backend&search_layout=grid&position=10&type=pad&tracking_id=bf1f27fd-bf17-42ee-9b99-19a84b34a9aa&wid=MLB4115042835&sid=search'
2025-09-26 02:22:29,809 - WARNING -   [ID PRODUTO] Não encontrado no link: https://click1.mercadolivre.com.br/mclics/clicks/external/MLB/count?a=OhDmYv9i8uEvO5GUymbdbX1GeNINGNRjaNLL4vy6MhuTJNVmUOUhO3hQPfBpEU9VwZkebf6l0KWWo62gbFdM6LI5RP0gOAnG6Nmk%2F7P7bFNaOpZ%2F9i2C0lih0l8yXezAwgrnCSfuy%2B2QCGIoRsAPFwRi4ux%2BwU2yIQ5VomhyxmhSVCjOvQdOPjTa%2B9D4k%2FByBcj%2FCsgnMU3nm94a6HU05X05LJCamKkNJyKV1UZsJdQUmm14gmNZNXZxUbsOu%2Fe6Ow0jU4yIKko5RlUWHUE19Mr9fTt%2FefeqLpctTQTri0blSoZO9coYl2K1Jjz99VT2c65ZYPvGYfIX3H6lYUy2nkk3G0K2NyOoF8D92nJgX9H87z01FLSvTgPSks4vtD2h3I21X8%2BfFIZwGjM3Ff6BpRlg60qWCHQY9g%2BZan1xStIt35igx35WAC3vyNOjhcz8fdbSs%2FQNQgMBkATNtyzMVQu6oyKUmuaSiaQBj96%2FVgje72ejC8HxxW6FEJy30%2BwkFogeoAt6cFDL4LCrYZ4c9bfKlqzDIOcJ%2Bv2TIr4sktI3TbmYn57DK%2BZBlrFqp7fBfB2OocvdRmsn639riXGZm6hw0ZClaMIDhNQmWH8wXalySBe0kQ88RiRWaMYghPv%2BlG11wJb7utsyVSRxTA2a8BPw5Qxc7mwxMWCOxTyedg6yvAyl1rMzwpRmpEgV7ABBQpv%2BeOE4Ur%2BVydU7OWY0k5pXNdevUwd%2FuBEMDeNGngvUQy6JkHb4Y7pFQEWQ3xjEZzRh85Ro3%2FQhXUcZqHltC2vqd8wQkYBvr%2BnG4nHp%2B7JyeiaQCHrFNo9oIEmER6Xb0WmiH88WutkqLw0JQOmVA5FZp26sVEU3PJ1FBH8bS1lzhiYN6PRRIskrtqurJJ97XSvJh4jMtu1JqVqa8V2z1ReWQnGMkz251dsK2GcmkQW%2FZHvWl84sC7xEACJmjZA%2BiRkJp3CEDdkW#polycard_client=search-nordic&is_advertising=true&searchVariation=MLB22288344&backend_model=search-backend&search_layout=grid&position=10&type=pad&tracking_id=bf1f27fd-bf17-42ee-9b99-19a84b34a9aa&wid=MLB4115042835&sid=search
2025-09-26 02:22:29,812 - INFO -   [PREÇO] Encontrado (poly-card fallback): 'R$ 125'
2025-09-26 02:22:29,813 - INFO -   [PREÇO ANTERIOR] Encontrado (poly-card fallback): 'R$ 198'
2025-09-26 02:22:29,814 - INFO -   [MARCA] Não encontrada (general/poly).
2025-09-26 02:22:29,814 - INFO -   [IMAGEM] Extração de imagens desabilitada pelo usuário.
2025-09-26 02:22:29,815 - INFO -   [VENDEDOR] Não encontrado para o container 10.
2025-09-26 02:22:29,816 - INFO -   [MÉDIA AVALIAÇÕES] Encontrada (poly-card fallback): '4.1'
2025-09-26 02:22:29,817 - INFO -   [TOTAL AVALIAÇÕES] Encontrado (poly-card fallback): '20'
2025-09-26 02:22:29,818 - INFO -   [ENTREGA] Texto encontrado (poly-card fallback): 'Frete grátis'
2025-09-26 02:22:29,818 - INFO - Produto processado: Cartucho Hp 664xl Preto 664xl Original Hp Deskjet 1115, 2136
2025-09-26 02:22:29,819 - DEBUG - Scraped from <200 https://lista.mercadolivre.com.br/cartucho-hp-664_Desde_51_NoIndex_True?sb=all_mercadolibre>
{'TITULO PRODUTO': 'Kit Cartucho Hp 664 Preto + Hp 664 Colorido Original Nf', 'LINK': 'https://www.mercadolivre.com.br/kit-cartucho-hp-664-preto--hp-664-colorido-original-nf/up/MLBU1745121212#polycard_client=search-nordic&search_layout=grid&position=9&type=product&tracking_id=bf1f27fd-bf17-42ee-9b99-19a84b34a9aa&wid=MLB3841651033&sid=search', 'ID_PRODUTO': 'N/A', 'PREÇO': 'R$ 181,87', 'PREÇO ANTERIOR': 'N/A', 'MARCA': 'N/A', 'IMAGEM': 'N/A (imagens desabilitadas)', 'VENDEDOR': 'N/A', 'MÉDIA AVALIAÇÕES': '5.0', 'TOTAL AVALIAÇÕES': '3', 'ENTREGA': 'Chegará grátis hoje', 'ENTREGA FULL': 'Sim'}
2025-09-26 02:22:29,820 - INFO - --- Processando container de produto 11/57 (total coletado: 56, pulados: 2) ---
2025-09-26 02:22:29,821 - INFO -   [TÍTULO] Encontrado: 'Cartucho De Tinta Hp 664 Xl Tricolor F6v30ab - Original'
2025-09-26 02:22:29,821 - INFO -   [LINK] Encontrado: 'https://click1.mercadolivre.com.br/mclics/clicks/external/MLB/count?a=2BgKG4B6tdUfdnCXdPD%2BW1ZHc0tonFjbZePpCMYGGcmDs2vKTFBbtS1C%2Bef6BFrHru%2BI%2BbD%2Bp%2FMo7Y66t7kTGJ0UI8Tv654U410hp%2FhXlIm%2B0jS1LDCjgx1nzf2IAPVkgm89SfXstZhA%2BiGPhAlWcMmCD76Qp%2BYBf4OzsSUaBwnCcxDmPWTfpNZRZggLsFy9gNtmF2cubl34CXDhgxoxRsYWT5dSYf0H94%2FBCIvayJxa6vOPO8MjkRGzqPkQveOS6%2FkksdMI3mtUMY8ZcczSHnvT7Qc6NKaiozIL7v2DVgJZMq71DN1PpkYpUJUyJOjF6bsCAbYQMRS1n0AIUDmVVsW0CrNEoltG0fVfuB%2BKoARXlwZZFVCITsqU9Xe%2FskC2Te2D8NaRbWrDWryKWMQtxu%2F8TPAeSOhy7idH8WsF7VIHFZCaRwIge1jI9WLUb8WE0Vz9LE19mLZrICTJ0%2BCGavfbuNXjaNNBnize%2B2i97QiZRtoaxcbjqo6MFrgqFXKg4caZaPzElt0XxvcSlJ7g2dDiLFz3OTuLO47xvpxgwTzRK9zjyBVOtDSOebDdqCEm7Aeh3KpXoE%2Fb7YTB7QtLJK%2F%2BxiCSVhQp9Q2CT1uq8rlWZKNLvPEdqxE9336Xx%2FxUVWPXmoOV%2BUwCg7MPjwOsWkshvJGsJnCaYdr0CUoZ%2FmxrtFV1YA0KyYKtZ6PlTW2y8NfDY9fS10CcqarijU3%2BYaAZrhoP2gX26lPxaPlsFIUsE%2FNL7mhXHbievXXBRqUFma4phTk3pqPAMKOfNyDAhuyIlx7vGl2QNexvlQdfOKnqanBDsLgnK%2BBTqjUMpb3YU7TPJrdApbzzlcfUBRWxKmYW9Hir%2BlwhraBNibAE3jMQ0LUFnw%2FcNHjVY1GprCT%2B%2BeGHr5HyfEiDnYSkLMSOlobwAB0wf%2FcwkIQCju6YLP8PdQzMYjA2KaNXhTSDt2t9R6Zv5OmPfXe72Q%3D%3D#polycard_client=search-nordic&is_advertising=true&searchVariation=MLBU1436477509&backend_model=search-backend&search_layout=grid&position=11&type=pad&tracking_id=bf1f27fd-bf17-42ee-9b99-19a84b34a9aa&wid=MLB2941090205&sid=search'
2025-09-26 02:22:29,822 - WARNING -   [ID PRODUTO] Não encontrado no link: https://click1.mercadolivre.com.br/mclics/clicks/external/MLB/count?a=2BgKG4B6tdUfdnCXdPD%2BW1ZHc0tonFjbZePpCMYGGcmDs2vKTFBbtS1C%2Bef6BFrHru%2BI%2BbD%2Bp%2FMo7Y66t7kTGJ0UI8Tv654U410hp%2FhXlIm%2B0jS1LDCjgx1nzf2IAPVkgm89SfXstZhA%2BiGPhAlWcMmCD76Qp%2BYBf4OzsSUaBwnCcxDmPWTfpNZRZggLsFy9gNtmF2cubl34CXDhgxoxRsYWT5dSYf0H94%2FBCIvayJxa6vOPO8MjkRGzqPkQveOS6%2FkksdMI3mtUMY8ZcczSHnvT7Qc6NKaiozIL7v2DVgJZMq71DN1PpkYpUJUyJOjF6bsCAbYQMRS1n0AIUDmVVsW0CrNEoltG0fVfuB%2BKoARXlwZZFVCITsqU9Xe%2FskC2Te2D8NaRbWrDWryKWMQtxu%2F8TPAeSOhy7idH8WsF7VIHFZCaRwIge1jI9WLUb8WE0Vz9LE19mLZrICTJ0%2BCGavfbuNXjaNNBnize%2B2i97QiZRtoaxcbjqo6MFrgqFXKg4caZaPzElt0XxvcSlJ7g2dDiLFz3OTuLO47xvpxgwTzRK9zjyBVOtDSOebDdqCEm7Aeh3KpXoE%2Fb7YTB7QtLJK%2F%2BxiCSVhQp9Q2CT1uq8rlWZKNLvPEdqxE9336Xx%2FxUVWPXmoOV%2BUwCg7MPjwOsWkshvJGsJnCaYdr0CUoZ%2FmxrtFV1YA0KyYKtZ6PlTW2y8NfDY9fS10CcqarijU3%2BYaAZrhoP2gX26lPxaPlsFIUsE%2FNL7mhXHbievXXBRqUFma4phTk3pqPAMKOfNyDAhuyIlx7vGl2QNexvlQdfOKnqanBDsLgnK%2BBTqjUMpb3YU7TPJrdApbzzlcfUBRWxKmYW9Hir%2BlwhraBNibAE3jMQ0LUFnw%2FcNHjVY1GprCT%2B%2BeGHr5HyfEiDnYSkLMSOlobwAB0wf%2FcwkIQCju6YLP8PdQzMYjA2KaNXhTSDt2t9R6Zv5OmPfXe72Q%3D%3D#polycard_client=search-nordic&is_advertising=true&searchVariation=MLBU1436477509&backend_model=search-backend&search_layout=grid&position=11&type=pad&tracking_id=bf1f27fd-bf17-42ee-9b99-19a84b34a9aa&wid=MLB2941090205&sid=search
2025-09-26 02:22:29,825 - INFO -   [PREÇO] Encontrado (poly-card fallback): 'R$ 128,28'
2025-09-26 02:22:29,827 - INFO -   [MARCA] Não encontrada (general/poly).
2025-09-26 02:22:29,828 - INFO -   [IMAGEM] Extração de imagens desabilitada pelo usuário.
2025-09-26 02:22:29,829 - INFO -   [VENDEDOR] Não encontrado para o container 11.
2025-09-26 02:22:29,830 - INFO -   [MÉDIA AVALIAÇÕES] Encontrada (poly-card fallback): '4.7'
2025-09-26 02:22:29,830 - INFO -   [TOTAL AVALIAÇÕES] Encontrado (poly-card fallback): '14'
2025-09-26 02:22:29,832 - INFO -   [ENTREGA] Texto encontrado (poly-card fallback): 'Frete grátis'
2025-09-26 02:22:29,833 - INFO - Produto processado: Cartucho De Tinta Hp 664 Xl Tricolor F6v30ab - Original
2025-09-26 02:22:29,834 - DEBUG - Scraped from <200 https://lista.mercadolivre.com.br/cartucho-hp-664_Desde_51_NoIndex_True?sb=all_mercadolibre>
{'TITULO PRODUTO': 'Cartucho Hp 664xl Preto 664xl Original Hp Deskjet 1115, 2136', 'LINK': 'https://click1.mercadolivre.com.br/mclics/clicks/external/MLB/count?a=OhDmYv9i8uEvO5GUymbdbX1GeNINGNRjaNLL4vy6MhuTJNVmUOUhO3hQPfBpEU9VwZkebf6l0KWWo62gbFdM6LI5RP0gOAnG6Nmk%2F7P7bFNaOpZ%2F9i2C0lih0l8yXezAwgrnCSfuy%2B2QCGIoRsAPFwRi4ux%2BwU2yIQ5VomhyxmhSVCjOvQdOPjTa%2B9D4k%2FByBcj%2FCsgnMU3nm94a6HU05X05LJCamKkNJyKV1UZsJdQUmm14gmNZNXZxUbsOu%2Fe6Ow0jU4yIKko5RlUWHUE19Mr9fTt%2FefeqLpctTQTri0blSoZO9coYl2K1Jjz99VT2c65ZYPvGYfIX3H6lYUy2nkk3G0K2NyOoF8D92nJgX9H87z01FLSvTgPSks4vtD2h3I21X8%2BfFIZwGjM3Ff6BpRlg60qWCHQY9g%2BZan1xStIt35igx35WAC3vyNOjhcz8fdbSs%2FQNQgMBkATNtyzMVQu6oyKUmuaSiaQBj96%2FVgje72ejC8HxxW6FEJy30%2BwkFogeoAt6cFDL4LCrYZ4c9bfKlqzDIOcJ%2Bv2TIr4sktI3TbmYn57DK%2BZBlrFqp7fBfB2OocvdRmsn639riXGZm6hw0ZClaMIDhNQmWH8wXalySBe0kQ88RiRWaMYghPv%2BlG11wJb7utsyVSRxTA2a8BPw5Qxc7mwxMWCOxTyedg6yvAyl1rMzwpRmpEgV7ABBQpv%2BeOE4Ur%2BVydU7OWY0k5pXNdevUwd%2FuBEMDeNGngvUQy6JkHb4Y7pFQEWQ3xjEZzRh85Ro3%2FQhXUcZqHltC2vqd8wQkYBvr%2BnG4nHp%2B7JyeiaQCHrFNo9oIEmER6Xb0WmiH88WutkqLw0JQOmVA5FZp26sVEU3PJ1FBH8bS1lzhiYN6PRRIskrtqurJJ97XSvJh4jMtu1JqVqa8V2z1ReWQnGMkz251dsK2GcmkQW%2FZHvWl84sC7xEACJmjZA%2BiRkJp3CEDdkW#polycard_client=search-nordic&is_advertising=true&searchVariation=MLB22288344&backend_model=search-backend&search_layout=grid&position=10&type=pad&tracking_id=bf1f27fd-bf17-42ee-9b99-19a84b34a9aa&wid=MLB4115042835&sid=search', 'ID_PRODUTO': 'N/A', 'PREÇO': 'R$ 125', 'PREÇO ANTERIOR': 'R$ 198', 'MARCA': 'N/A', 'IMAGEM': 'N/A (imagens desabilitadas)', 'VENDEDOR': 'N/A', 'MÉDIA AVALIAÇÕES': '4.1', 'TOTAL AVALIAÇÕES': '20', 'ENTREGA': 'Frete grátis', 'ENTREGA FULL': 'Não'}
2025-09-26 02:22:29,834 - INFO - --- Processando container de produto 12/57 (total coletado: 57, pulados: 2) ---
2025-09-26 02:22:29,836 - INFO -   [TÍTULO] Encontrado: 'Kit Cartucho Hp 664 Preto + Hp 664 Colorido Original Nf'
2025-09-26 02:22:29,837 - INFO -   [LINK] Encontrado: 'https://click1.mercadolivre.com.br/mclics/clicks/external/MLB/count?a=sAb6bQFYKale1pqV%2FYqeC7lrJ5%2BimBnmQvawZxF1T0l4rG%2F%2FcEJQFAJWBJVaulHgSHV0JXW8SMY%2FS98qzg2633kVe3Jc2BQrI0ZEu2WhSEpOCMnPm1ZnDDefQMiw%2FxXLbx42VqXCVmFUks%2BrYzqMh4PcHG8BZ5FCzI6pmlwPza75KY3O%2Fp7bQSfG1ebJ9k1OvD%2BzpIyadbsaMYgIBFHsJi8%2FEHSd6%2BIlPqDaUFKEJr2bBrb9GQuBZOXxxXKxCBhb5XFvtLY2yfXLgVIAvftFon7fYgCk6tpGh%2BZBWyrExmTTr5jcucbFC57lz37cOfB%2F8m3cXMUBOOVhmNquugw1UEEzi3MUmTpB2kePXCKR96qRWmjG0TXt7LVUkvOueEM140u2eQMFOok1NYIky%2Bgthh%2BLEZ66vWse9%2F2w%2BsympaPo769lricYuF5K7QNvRDZiFcqc1vvT2w68wEsRPHNrthIVXapibOwX11PNNl5mUFHQW%2BQMg3JOzPxjgwSavNiWGqdwjOZ6AEQvsp6juzo5i%2FIA9P3M1117809IaqZf2kuz5X%2BSe2%2BEd47KtfSSN3lvwaNEEtw6AIUpyJodFVf%2BIc0zJzehuNYLMmtb1aJNRGJV1JrVLjAwqyerirSu3JNSgGyyYpSHzyiG9N1Q3TuNEw1w9KvxNGckDqSbIWtyntdWkHYMholEIF0lpma0uROhNwxR%2FJrtlEvIBv1hXlHqr7KxaTDG7cuNmctx629u15ahD8od06pewDAffsUTtaLpQDZp5UpB%2B84ypFYwHdPGKIfkWropeCw0dGF5hn4gHx%2BBlJdlrkGZO1eYkon1WnZo77dOdZIkswf8kAD35A%2Fje0rtQtV6F%2FWqBFAGIQegsUei2XnmtL8JhE7%2BNHPEh16cKt10rj7nSU79i0PNkMUiN8qcvoDifjMsJjgcRO1Di%2BfYs2iI%2B8ubBb%2BeCplQUzmyE%2BXwR9zJytc%3D#polycard_client=search-nordic&is_advertising=true&searchVariation=MLBU1455884048&backend_model=search-backend&search_layout=grid&position=12&type=pad&tracking_id=bf1f27fd-bf17-42ee-9b99-19a84b34a9aa&wid=MLB3670283480&sid=search'
2025-09-26 02:22:29,837 - WARNING -   [ID PRODUTO] Não encontrado no link: https://click1.mercadolivre.com.br/mclics/clicks/external/MLB/count?a=sAb6bQFYKale1pqV%2FYqeC7lrJ5%2BimBnmQvawZxF1T0l4rG%2F%2FcEJQFAJWBJVaulHgSHV0JXW8SMY%2FS98qzg2633kVe3Jc2BQrI0ZEu2WhSEpOCMnPm1ZnDDefQMiw%2FxXLbx42VqXCVmFUks%2BrYzqMh4PcHG8BZ5FCzI6pmlwPza75KY3O%2Fp7bQSfG1ebJ9k1OvD%2BzpIyadbsaMYgIBFHsJi8%2FEHSd6%2BIlPqDaUFKEJr2bBrb9GQuBZOXxxXKxCBhb5XFvtLY2yfXLgVIAvftFon7fYgCk6tpGh%2BZBWyrExmTTr5jcucbFC57lz37cOfB%2F8m3cXMUBOOVhmNquugw1UEEzi3MUmTpB2kePXCKR96qRWmjG0TXt7LVUkvOueEM140u2eQMFOok1NYIky%2Bgthh%2BLEZ66vWse9%2F2w%2BsympaPo769lricYuF5K7QNvRDZiFcqc1vvT2w68wEsRPHNrthIVXapibOwX11PNNl5mUFHQW%2BQMg3JOzPxjgwSavNiWGqdwjOZ6AEQvsp6juzo5i%2FIA9P3M1117809IaqZf2kuz5X%2BSe2%2BEd47KtfSSN3lvwaNEEtw6AIUpyJodFVf%2BIc0zJzehuNYLMmtb1aJNRGJV1JrVLjAwqyerirSu3JNSgGyyYpSHzyiG9N1Q3TuNEw1w9KvxNGckDqSbIWtyntdWkHYMholEIF0lpma0uROhNwxR%2FJrtlEvIBv1hXlHqr7KxaTDG7cuNmctx629u15ahD8od06pewDAffsUTtaLpQDZp5UpB%2B84ypFYwHdPGKIfkWropeCw0dGF5hn4gHx%2BBlJdlrkGZO1eYkon1WnZo77dOdZIkswf8kAD35A%2Fje0rtQtV6F%2FWqBFAGIQegsUei2XnmtL8JhE7%2BNHPEh16cKt10rj7nSU79i0PNkMUiN8qcvoDifjMsJjgcRO1Di%2BfYs2iI%2B8ubBb%2BeCplQUzmyE%2BXwR9zJytc%3D#polycard_client=search-nordic&is_advertising=true&searchVariation=MLBU1455884048&backend_model=search-backend&search_layout=grid&position=12&type=pad&tracking_id=bf1f27fd-bf17-42ee-9b99-19a84b34a9aa&wid=MLB3670283480&sid=search
2025-09-26 02:22:29,840 - INFO -   [PREÇO] Encontrado (poly-card fallback): 'R$ 140,99'
2025-09-26 02:22:29,842 - INFO -   [PREÇO ANTERIOR] Encontrado (poly-card fallback): 'R$ 154'
2025-09-26 02:22:29,844 - INFO -   [MARCA] Não encontrada (general/poly).
2025-09-26 02:22:29,845 - INFO -   [IMAGEM] Extração de imagens desabilitada pelo usuário.
2025-09-26 02:22:29,846 - INFO -   [VENDEDOR] Não encontrado para o container 12.
2025-09-26 02:22:29,847 - INFO -   [MÉDIA AVALIAÇÕES] Encontrada (poly-card fallback): '4.7'
2025-09-26 02:22:29,847 - INFO -   [TOTAL AVALIAÇÕES] Encontrado (poly-card fallback): '505'
2025-09-26 02:22:29,848 - INFO -   [ENTREGA] Texto encontrado (general alt): 'Chegará grátis hoje'
2025-09-26 02:22:29,849 - INFO -   [ENTREGA FULL] Indicador FULL encontrado (poly-card fallback SVG).
2025-09-26 02:22:29,849 - INFO - Produto processado: Kit Cartucho Hp 664 Preto + Hp 664 Colorido Original Nf
2025-09-26 02:22:29,850 - DEBUG - Scraped from <200 https://lista.mercadolivre.com.br/cartucho-hp-664_Desde_51_NoIndex_True?sb=all_mercadolibre>
{'TITULO PRODUTO': 'Cartucho De Tinta Hp 664 Xl Tricolor F6v30ab - Original', 'LINK': 'https://click1.mercadolivre.com.br/mclics/clicks/external/MLB/count?a=2BgKG4B6tdUfdnCXdPD%2BW1ZHc0tonFjbZePpCMYGGcmDs2vKTFBbtS1C%2Bef6BFrHru%2BI%2BbD%2Bp%2FMo7Y66t7kTGJ0UI8Tv654U410hp%2FhXlIm%2B0jS1LDCjgx1nzf2IAPVkgm89SfXstZhA%2BiGPhAlWcMmCD76Qp%2BYBf4OzsSUaBwnCcxDmPWTfpNZRZggLsFy9gNtmF2cubl34CXDhgxoxRsYWT5dSYf0H94%2FBCIvayJxa6vOPO8MjkRGzqPkQveOS6%2FkksdMI3mtUMY8ZcczSHnvT7Qc6NKaiozIL7v2DVgJZMq71DN1PpkYpUJUyJOjF6bsCAbYQMRS1n0AIUDmVVsW0CrNEoltG0fVfuB%2BKoARXlwZZFVCITsqU9Xe%2FskC2Te2D8NaRbWrDWryKWMQtxu%2F8TPAeSOhy7idH8WsF7VIHFZCaRwIge1jI9WLUb8WE0Vz9LE19mLZrICTJ0%2BCGavfbuNXjaNNBnize%2B2i97QiZRtoaxcbjqo6MFrgqFXKg4caZaPzElt0XxvcSlJ7g2dDiLFz3OTuLO47xvpxgwTzRK9zjyBVOtDSOebDdqCEm7Aeh3KpXoE%2Fb7YTB7QtLJK%2F%2BxiCSVhQp9Q2CT1uq8rlWZKNLvPEdqxE9336Xx%2FxUVWPXmoOV%2BUwCg7MPjwOsWkshvJGsJnCaYdr0CUoZ%2FmxrtFV1YA0KyYKtZ6PlTW2y8NfDY9fS10CcqarijU3%2BYaAZrhoP2gX26lPxaPlsFIUsE%2FNL7mhXHbievXXBRqUFma4phTk3pqPAMKOfNyDAhuyIlx7vGl2QNexvlQdfOKnqanBDsLgnK%2BBTqjUMpb3YU7TPJrdApbzzlcfUBRWxKmYW9Hir%2BlwhraBNibAE3jMQ0LUFnw%2FcNHjVY1GprCT%2B%2BeGHr5HyfEiDnYSkLMSOlobwAB0wf%2FcwkIQCju6YLP8PdQzMYjA2KaNXhTSDt2t9R6Zv5OmPfXe72Q%3D%3D#polycard_client=search-nordic&is_advertising=true&searchVariation=MLBU1436477509&backend_model=search-backend&search_layout=grid&position=11&type=pad&tracking_id=bf1f27fd-bf17-42ee-9b99-19a84b34a9aa&wid=MLB2941090205&sid=search', 'ID_PRODUTO': 'N/A', 'PREÇO': 'R$ 128,28', 'PREÇO ANTERIOR': 'N/A', 'MARCA': 'N/A', 'IMAGEM': 'N/A (imagens desabilitadas)', 'VENDEDOR': 'N/A', 'MÉDIA AVALIAÇÕES': '4.7', 'TOTAL AVALIAÇÕES': '14', 'ENTREGA': 'Frete grátis', 'ENTREGA FULL': 'Não'}
2025-09-26 02:22:29,851 - INFO - --- Processando container de produto 13/57 (total coletado: 58, pulados: 2) ---
2025-09-26 02:22:29,852 - INFO -   [TÍTULO] Encontrado: 'Kit Cartucho Hp 664 Preto E Color Para 4535 4675 3835 1115 2135 3635 2675 3775 3785 3787 3789'
2025-09-26 02:22:29,853 - INFO -   [LINK] Encontrado: 'https://www.mercadolivre.com.br/kit-cartucho-hp-664-preto-e-color-para-4535-4675-3835-1115-2135-3635-2675-3775-3785-3787-3789/p/MLB37079884#polycard_client=search-nordic&search_layout=grid&position=13&type=product&tracking_id=bf1f27fd-bf17-42ee-9b99-19a84b34a9aa&wid=MLB5055574808&sid=search'
2025-09-26 02:22:29,853 - INFO -   [ID PRODUTO] Encontrado: 'MLB37079884'
2025-09-26 02:22:29,855 - INFO -   [PREÇO] Encontrado (poly-card fallback): 'R$ 140,55'
2025-09-26 02:22:29,857 - INFO -   [MARCA] Não encontrada (general/poly).
2025-09-26 02:22:29,857 - INFO -   [IMAGEM] Extração de imagens desabilitada pelo usuário.
2025-09-26 02:22:29,860 - INFO -   [VENDEDOR] Não encontrado para o container 13.
2025-09-26 02:22:29,861 - INFO -   [MÉDIA AVALIAÇÕES] Encontrada (poly-card fallback): '4.9'
2025-09-26 02:22:29,862 - INFO -   [TOTAL AVALIAÇÕES] Encontrado (poly-card fallback): '87'
2025-09-26 02:22:29,864 - INFO -   [ENTREGA] Texto encontrado (poly-card fallback): 'Frete grátis'
2025-09-26 02:22:29,865 - INFO - Produto processado: Kit Cartucho Hp 664 Preto E Color Para 4535 4675 3835 1115 2135 3635 2675 3775 3785 3787 3789
2025-09-26 02:22:29,866 - DEBUG - Scraped from <200 https://lista.mercadolivre.com.br/cartucho-hp-664_Desde_51_NoIndex_True?sb=all_mercadolibre>
{'TITULO PRODUTO': 'Kit Cartucho Hp 664 Preto + Hp 664 Colorido Original Nf', 'LINK': 'https://click1.mercadolivre.com.br/mclics/clicks/external/MLB/count?a=sAb6bQFYKale1pqV%2FYqeC7lrJ5%2BimBnmQvawZxF1T0l4rG%2F%2FcEJQFAJWBJVaulHgSHV0JXW8SMY%2FS98qzg2633kVe3Jc2BQrI0ZEu2WhSEpOCMnPm1ZnDDefQMiw%2FxXLbx42VqXCVmFUks%2BrYzqMh4PcHG8BZ5FCzI6pmlwPza75KY3O%2Fp7bQSfG1ebJ9k1OvD%2BzpIyadbsaMYgIBFHsJi8%2FEHSd6%2BIlPqDaUFKEJr2bBrb9GQuBZOXxxXKxCBhb5XFvtLY2yfXLgVIAvftFon7fYgCk6tpGh%2BZBWyrExmTTr5jcucbFC57lz37cOfB%2F8m3cXMUBOOVhmNquugw1UEEzi3MUmTpB2kePXCKR96qRWmjG0TXt7LVUkvOueEM140u2eQMFOok1NYIky%2Bgthh%2BLEZ66vWse9%2F2w%2BsympaPo769lricYuF5K7QNvRDZiFcqc1vvT2w68wEsRPHNrthIVXapibOwX11PNNl5mUFHQW%2BQMg3JOzPxjgwSavNiWGqdwjOZ6AEQvsp6juzo5i%2FIA9P3M1117809IaqZf2kuz5X%2BSe2%2BEd47KtfSSN3lvwaNEEtw6AIUpyJodFVf%2BIc0zJzehuNYLMmtb1aJNRGJV1JrVLjAwqyerirSu3JNSgGyyYpSHzyiG9N1Q3TuNEw1w9KvxNGckDqSbIWtyntdWkHYMholEIF0lpma0uROhNwxR%2FJrtlEvIBv1hXlHqr7KxaTDG7cuNmctx629u15ahD8od06pewDAffsUTtaLpQDZp5UpB%2B84ypFYwHdPGKIfkWropeCw0dGF5hn4gHx%2BBlJdlrkGZO1eYkon1WnZo77dOdZIkswf8kAD35A%2Fje0rtQtV6F%2FWqBFAGIQegsUei2XnmtL8JhE7%2BNHPEh16cKt10rj7nSU79i0PNkMUiN8qcvoDifjMsJjgcRO1Di%2BfYs2iI%2B8ubBb%2BeCplQUzmyE%2BXwR9zJytc%3D#polycard_client=search-nordic&is_advertising=true&searchVariation=MLBU1455884048&backend_model=search-backend&search_layout=grid&position=12&type=pad&tracking_id=bf1f27fd-bf17-42ee-9b99-19a84b34a9aa&wid=MLB3670283480&sid=search', 'ID_PRODUTO': 'N/A', 'PREÇO': 'R$ 140,99', 'PREÇO ANTERIOR': 'R$ 154', 'MARCA': 'N/A', 'IMAGEM': 'N/A (imagens desabilitadas)', 'VENDEDOR': 'N/A', 'MÉDIA AVALIAÇÕES': '4.7', 'TOTAL AVALIAÇÕES': '505', 'ENTREGA': 'Chegará grátis hoje', 'ENTREGA FULL': 'Sim'}
2025-09-26 02:22:29,866 - INFO - --- Processando container de produto 14/57 (total coletado: 59, pulados: 2) ---
2025-09-26 02:22:29,868 - INFO -   [TÍTULO] Encontrado: 'Kit Cartuchos Originais Hp 664 Preto + Color 2136 2676 3776'
2025-09-26 02:22:29,868 - INFO -   [LINK] Encontrado: 'https://produto.mercadolivre.com.br/MLB-3159055901-kit-cartuchos-originais-hp-664-preto-color-2136-2676-3776-_JM#polycard_client=search-nordic&search_layout=grid&position=14&type=item&tracking_id=bf1f27fd-bf17-42ee-9b99-19a84b34a9aa&wid=MLB3159055901&sid=search'
2025-09-26 02:22:29,869 - WARNING -   [ID PRODUTO] Não encontrado no link: https://produto.mercadolivre.com.br/MLB-3159055901-kit-cartuchos-originais-hp-664-preto-color-2136-2676-3776-_JM#polycard_client=search-nordic&search_layout=grid&position=14&type=item&tracking_id=bf1f27fd-bf17-42ee-9b99-19a84b34a9aa&wid=MLB3159055901&sid=search
2025-09-26 02:22:29,870 - INFO -   [PREÇO] Encontrado (poly-card fallback): 'R$ 209,99'
2025-09-26 02:22:29,871 - INFO -   [MARCA] Não encontrada (general/poly).
2025-09-26 02:22:29,872 - INFO -   [IMAGEM] Extração de imagens desabilitada pelo usuário.
2025-09-26 02:22:29,873 - INFO -   [VENDEDOR] Não encontrado para o container 14.
2025-09-26 02:22:29,874 - INFO -   [MÉDIA AVALIAÇÕES] Encontrada (poly-card fallback): '4.7'
2025-09-26 02:22:29,875 - INFO -   [TOTAL AVALIAÇÕES] Encontrado (poly-card fallback): '43'
2025-09-26 02:22:29,876 - INFO -   [ENTREGA] Texto encontrado (general alt): 'Chegará grátis hoje'
2025-09-26 02:22:29,878 - INFO -   [ENTREGA FULL] Indicador FULL encontrado (poly-card fallback SVG).
2025-09-26 02:22:29,879 - INFO - Produto processado: Kit Cartuchos Originais Hp 664 Preto + Color 2136 2676 3776
2025-09-26 02:22:29,880 - DEBUG - Scraped from <200 https://lista.mercadolivre.com.br/cartucho-hp-664_Desde_51_NoIndex_True?sb=all_mercadolibre>
{'TITULO PRODUTO': 'Kit Cartucho Hp 664 Preto E Color Para 4535 4675 3835 1115 2135 3635 2675 3775 3785 3787 3789', 'LINK': 'https://www.mercadolivre.com.br/kit-cartucho-hp-664-preto-e-color-para-4535-4675-3835-1115-2135-3635-2675-3775-3785-3787-3789/p/MLB37079884#polycard_client=search-nordic&search_layout=grid&position=13&type=product&tracking_id=bf1f27fd-bf17-42ee-9b99-19a84b34a9aa&wid=MLB5055574808&sid=search', 'ID_PRODUTO': 'MLB37079884', 'PREÇO': 'R$ 140,55', 'PREÇO ANTERIOR': 'N/A', 'MARCA': 'N/A', 'IMAGEM': 'N/A (imagens desabilitadas)', 'VENDEDOR': 'N/A', 'MÉDIA AVALIAÇÕES': '4.9', 'TOTAL AVALIAÇÕES': '87', 'ENTREGA': 'Frete grátis', 'ENTREGA FULL': 'Não'}
2025-09-26 02:22:29,880 - INFO - --- Processando container de produto 15/57 (total coletado: 60, pulados: 2) ---
2025-09-26 02:22:29,882 - INFO -   [TÍTULO] Encontrado: 'Cartuchos Hp 664xl Preto E Colorido Hp Lacrados'
2025-09-26 02:22:29,882 - INFO -   [LINK] Encontrado: 'https://www.mercadolivre.com.br/cartuchos-hp-664xl-preto-e-colorido-hp-lacrados/p/MLB39021524#polycard_client=search-nordic&search_layout=grid&position=15&type=product&tracking_id=bf1f27fd-bf17-42ee-9b99-19a84b34a9aa&wid=MLB3805850875&sid=search'
2025-09-26 02:22:29,882 - INFO -   [ID PRODUTO] Encontrado: 'MLB39021524'
2025-09-26 02:22:29,884 - INFO -   [PREÇO] Encontrado (poly-card fallback): 'R$ 248'
2025-09-26 02:22:29,885 - INFO -   [MARCA] Não encontrada (general/poly).
2025-09-26 02:22:29,885 - INFO -   [IMAGEM] Extração de imagens desabilitada pelo usuário.
2025-09-26 02:22:29,887 - INFO -   [VENDEDOR] Encontrado (poly-card fallback): 'Park Ecom'
2025-09-26 02:22:29,888 - INFO -   [MÉDIA AVALIAÇÕES] Encontrada (poly-card fallback): '4.6'
2025-09-26 02:22:29,888 - INFO -   [TOTAL AVALIAÇÕES] Encontrado (poly-card fallback): '118'
2025-09-26 02:22:29,890 - INFO -   [ENTREGA] Texto encontrado (poly-card fallback): 'Frete grátis'
2025-09-26 02:22:29,892 - INFO - Produto processado: Cartuchos Hp 664xl Preto E Colorido Hp Lacrados
2025-09-26 02:22:29,893 - DEBUG - Scraped from <200 https://lista.mercadolivre.com.br/cartucho-hp-664_Desde_51_NoIndex_True?sb=all_mercadolibre>
{'TITULO PRODUTO': 'Kit Cartuchos Originais Hp 664 Preto + Color 2136 2676 3776', 'LINK': 'https://produto.mercadolivre.com.br/MLB-3159055901-kit-cartuchos-originais-hp-664-preto-color-2136-2676-3776-_JM#polycard_client=search-nordic&search_layout=grid&position=14&type=item&tracking_id=bf1f27fd-bf17-42ee-9b99-19a84b34a9aa&wid=MLB3159055901&sid=search', 'ID_PRODUTO': 'N/A', 'PREÇO': 'R$ 209,99', 'PREÇO ANTERIOR': 'N/A', 'MARCA': 'N/A', 'IMAGEM': 'N/A (imagens desabilitadas)', 'VENDEDOR': 'N/A', 'MÉDIA AVALIAÇÕES': '4.7', 'TOTAL AVALIAÇÕES': '43', 'ENTREGA': 'Chegará grátis hoje', 'ENTREGA FULL': 'Sim'}
2025-09-26 02:22:29,893 - INFO - --- Processando container de produto 16/57 (total coletado: 61, pulados: 2) ---
2025-09-26 02:22:29,895 - INFO -   [TÍTULO] Encontrado: 'Cartucho De Tinta Original Hp664 Preto F6v29ab'
2025-09-26 02:22:29,896 - INFO -   [LINK] Encontrado: 'https://produto.mercadolivre.com.br/MLB-5612240356-cartucho-de-tinta-original-hp664-preto-f6v29ab-_JM#polycard_client=search-nordic&search_layout=grid&position=16&type=item&tracking_id=bf1f27fd-bf17-42ee-9b99-19a84b34a9aa&wid=MLB5612240356&sid=search'
2025-09-26 02:22:29,896 - WARNING -   [ID PRODUTO] Não encontrado no link: https://produto.mercadolivre.com.br/MLB-5612240356-cartucho-de-tinta-original-hp664-preto-f6v29ab-_JM#polycard_client=search-nordic&search_layout=grid&position=16&type=item&tracking_id=bf1f27fd-bf17-42ee-9b99-19a84b34a9aa&wid=MLB5612240356&sid=search
2025-09-26 02:22:29,897 - INFO -   [PREÇO] Encontrado (poly-card fallback): 'R$ 77,90'
2025-09-26 02:22:29,898 - INFO -   [MARCA] Não encontrada (general/poly).
2025-09-26 02:22:29,898 - INFO -   [IMAGEM] Extração de imagens desabilitada pelo usuário.
2025-09-26 02:22:29,899 - INFO -   [VENDEDOR] Encontrado (poly-card fallback): 'GranDos Informatica'
2025-09-26 02:22:29,900 - INFO -   [ENTREGA] Texto encontrado (poly-card fallback): 'Frete grátis'
2025-09-26 02:22:29,901 - INFO - Produto processado: Cartucho De Tinta Original Hp664 Preto F6v29ab
2025-09-26 02:22:29,916 - DEBUG - Scraped from <200 https://lista.mercadolivre.com.br/cartucho-hp-664_Desde_51_NoIndex_True?sb=all_mercadolibre>
{'TITULO PRODUTO': 'Cartuchos Hp 664xl Preto E Colorido Hp Lacrados', 'LINK': 'https://www.mercadolivre.com.br/cartuchos-hp-664xl-preto-e-colorido-hp-lacrados/p/MLB39021524#polycard_client=search-nordic&search_layout=grid&position=15&type=product&tracking_id=bf1f27fd-bf17-42ee-9b99-19a84b34a9aa&wid=MLB3805850875&sid=search', 'ID_PRODUTO': 'MLB39021524', 'PREÇO': 'R$ 248', 'PREÇO ANTERIOR': 'N/A', 'MARCA': 'N/A', 'IMAGEM': 'N/A (imagens desabilitadas)', 'VENDEDOR': 'Park Ecom', 'MÉDIA AVALIAÇÕES': '4.6', 'TOTAL AVALIAÇÕES': '118', 'ENTREGA': 'Frete grátis', 'ENTREGA FULL': 'Não'}
2025-09-26 02:22:29,917 - INFO - --- Processando container de produto 17/57 (total coletado: 62, pulados: 2) ---
2025-09-26 02:22:29,920 - INFO -   [TÍTULO] Encontrado: 'Cartucho Tinta Original Hp 664 Colorido F6v28ab 2136 2676'
2025-09-26 02:22:29,921 - INFO -   [LINK] Encontrado: 'https://produto.mercadolivre.com.br/MLB-1728057750-cartucho-tinta-original-hp-664-colorido-f6v28ab-2136-2676-_JM#polycard_client=search-nordic&search_layout=grid&position=17&type=item&tracking_id=bf1f27fd-bf17-42ee-9b99-19a84b34a9aa&wid=MLB1728057750&sid=search'
2025-09-26 02:22:29,921 - WARNING -   [ID PRODUTO] Não encontrado no link: https://produto.mercadolivre.com.br/MLB-1728057750-cartucho-tinta-original-hp-664-colorido-f6v28ab-2136-2676-_JM#polycard_client=search-nordic&search_layout=grid&position=17&type=item&tracking_id=bf1f27fd-bf17-42ee-9b99-19a84b34a9aa&wid=MLB1728057750&sid=search
2025-09-26 02:22:29,929 - INFO -   [PREÇO] Encontrado (poly-card fallback): 'R$ 74,77'
2025-09-26 02:22:29,931 - INFO -   [MARCA] Não encontrada (general/poly).
2025-09-26 02:22:29,932 - INFO -   [IMAGEM] Extração de imagens desabilitada pelo usuário.
2025-09-26 02:22:29,933 - INFO -   [VENDEDOR] Encontrado (poly-card fallback): 'Tec Print'
2025-09-26 02:22:29,938 - INFO -   [MÉDIA AVALIAÇÕES] Encontrada (poly-card fallback): '4.7'
2025-09-26 02:22:29,945 - INFO -   [TOTAL AVALIAÇÕES] Encontrado (poly-card fallback): '134'
2025-09-26 02:22:29,947 - INFO -   [ENTREGA] Texto encontrado (poly-card fallback): 'Frete grátis'
2025-09-26 02:22:29,948 - INFO - Produto processado: Cartucho Tinta Original Hp 664 Colorido F6v28ab 2136 2676
2025-09-26 02:22:29,949 - DEBUG - Scraped from <200 https://lista.mercadolivre.com.br/cartucho-hp-664_Desde_51_NoIndex_True?sb=all_mercadolibre>
{'TITULO PRODUTO': 'Cartucho De Tinta Original Hp664 Preto F6v29ab', 'LINK': 'https://produto.mercadolivre.com.br/MLB-5612240356-cartucho-de-tinta-original-hp664-preto-f6v29ab-_JM#polycard_client=search-nordic&search_layout=grid&position=16&type=item&tracking_id=bf1f27fd-bf17-42ee-9b99-19a84b34a9aa&wid=MLB5612240356&sid=search', 'ID_PRODUTO': 'N/A', 'PREÇO': 'R$ 77,90', 'PREÇO ANTERIOR': 'N/A', 'MARCA': 'N/A', 'IMAGEM': 'N/A (imagens desabilitadas)', 'VENDEDOR': 'GranDos Informatica', 'MÉDIA AVALIAÇÕES': 'N/A', 'TOTAL AVALIAÇÕES': 'N/A', 'ENTREGA': 'Frete grátis', 'ENTREGA FULL': 'Não'}
2025-09-26 02:22:29,949 - INFO - --- Processando container de produto 18/57 (total coletado: 63, pulados: 2) ---
2025-09-26 02:22:29,951 - INFO -   [TÍTULO] Encontrado: 'Cartucho Hp 664 Preto(f6v29ab) Para Deskjet 4535, 4675, 1115, 2135, 3775'
2025-09-26 02:22:29,953 - INFO -   [LINK] Encontrado: 'https://www.mercadolivre.com.br/cartucho-hp-664-pretof6v29ab-para-deskjet-4535-4675-1115-2135-3775/up/MLBU824721709#polycard_client=search-nordic&search_layout=grid&position=18&type=product&tracking_id=bf1f27fd-bf17-42ee-9b99-19a84b34a9aa&wid=MLB3838021023&sid=search'
2025-09-26 02:22:29,961 - WARNING -   [ID PRODUTO] Não encontrado no link: https://www.mercadolivre.com.br/cartucho-hp-664-pretof6v29ab-para-deskjet-4535-4675-1115-2135-3775/up/MLBU824721709#polycard_client=search-nordic&search_layout=grid&position=18&type=product&tracking_id=bf1f27fd-bf17-42ee-9b99-19a84b34a9aa&wid=MLB3838021023&sid=search
2025-09-26 02:22:29,966 - INFO -   [PREÇO] Encontrado (poly-card fallback): 'R$ 78,87'
2025-09-26 02:22:29,969 - INFO -   [MARCA] Não encontrada (general/poly).
2025-09-26 02:22:29,970 - INFO -   [IMAGEM] Extração de imagens desabilitada pelo usuário.
2025-09-26 02:22:29,972 - INFO -   [VENDEDOR] Não encontrado para o container 18.
2025-09-26 02:22:29,973 - INFO -   [MÉDIA AVALIAÇÕES] Encontrada (poly-card fallback): '5.0'
2025-09-26 02:22:29,974 - INFO -   [TOTAL AVALIAÇÕES] Encontrado (poly-card fallback): '1'
2025-09-26 02:22:29,976 - INFO -   [ENTREGA] Texto encontrado (poly-card fallback): 'Frete grátis'
2025-09-26 02:22:29,977 - INFO - Produto processado: Cartucho Hp 664 Preto(f6v29ab) Para Deskjet 4535, 4675, 1115, 2135, 3775
2025-09-26 02:22:29,978 - DEBUG - Scraped from <200 https://lista.mercadolivre.com.br/cartucho-hp-664_Desde_51_NoIndex_True?sb=all_mercadolibre>
{'TITULO PRODUTO': 'Cartucho Tinta Original Hp 664 Colorido F6v28ab 2136 2676', 'LINK': 'https://produto.mercadolivre.com.br/MLB-1728057750-cartucho-tinta-original-hp-664-colorido-f6v28ab-2136-2676-_JM#polycard_client=search-nordic&search_layout=grid&position=17&type=item&tracking_id=bf1f27fd-bf17-42ee-9b99-19a84b34a9aa&wid=MLB1728057750&sid=search', 'ID_PRODUTO': 'N/A', 'PREÇO': 'R$ 74,77', 'PREÇO ANTERIOR': 'N/A', 'MARCA': 'N/A', 'IMAGEM': 'N/A (imagens desabilitadas)', 'VENDEDOR': 'Tec Print', 'MÉDIA AVALIAÇÕES': '4.7', 'TOTAL AVALIAÇÕES': '134', 'ENTREGA': 'Frete grátis', 'ENTREGA FULL': 'Não'}
2025-09-26 02:22:29,979 - INFO - --- Processando container de produto 19/57 (total coletado: 64, pulados: 2) ---
2025-09-26 02:22:29,980 - INFO -   [TÍTULO] Encontrado: 'Kit Cartucho Hp 664 Preto E Hp 664 Colorido'
2025-09-26 02:22:29,981 - INFO -   [LINK] Encontrado: 'https://click1.mercadolivre.com.br/mclics/clicks/external/MLB/count?a=0q0KniMHPpWPzuAEcxg%2BpgAykqjZUTS9V7icPqzLqQ4PFJgJjWJN%2FX%2Fxx3zAUFmwJ%2BKFgPz5N6GbSHs%2BTsSGZUfqwNthadBJRW8LI%2FWa7WVMYsCgIzN%2BikjBg09bm%2BGUztUou4%2Bxk%2Bds%2FT8kEDdLkm3e8IZ%2Bo1%2Fdb9%2BQD9crg47EUrouDoQkZhAoUaw7NqhA%2B%2FusHBye7Vp%2FfLbT031V98B2A%2FwGmeDjAZva1P8K%2BUyXNwTVYA2t8VIV7pILzeB8eL%2FFkwUiqqX9vSVpKzdA6NMzNa1GbpOIme1gDr14gU83RzqQ0erIXL6SVTvX0W2kbdXE2EVU5X2ygFxtlp2PJjDXbylr2Rx8PFy1%2BUsShPmufiILSOyDMhpejrnIzoGI1QFuXebSFmEQ7bDTpaHBLaNnZBRpuv0US%2BEd06Xa3HP5Ozbek37C%2Bz6lbTjwhiDMFy7LK9%2B0mm8E489MRj4D1GnhqfR1dRSDlGtBHo0Rmp%2Bh2iI5Kset8TbStJt3v3yNHa1Mri0tCzsqkCjD2f5AB3kokS6TOypNGpjF4Qj95VKBcENIBaQNRrTRCgo3ctMip8dlstkKXyaWcQOOgBuRFKUptyJNjZRC%2Fp2F5lKvImlghFfpU8DA8njQMYVKlHnh9EMxIuC37lL%2BxsUBuvi7CFECZJ%2Bq6lj2Y4g2WeHc2Mk2%2FuwbSc%2Bd7BVWkiHf6wIGK2lmfLV%2Bxaxq9CZ%2Fg2Q%2BlEN6o1VMDkKRieljFS4qMHSQFEA78TGa32%2FmqFMjirAP2U1vrHYJh3jm38S0mM5ofA8i8MSQiBDxBRGURnh9IbrobJdsNWhn1WtMYFzzH%2BPqy2Yn5xHD8JQ1IFO03Zsiu9e7Iz0S%2Fj%2FUUBs4YjGOQJRzMcDIUIBaeTI7HRD6pB3XYcZdOupaSyQKtIpdIjuXDDHBkum%2FdYly%2B8GnSedH0P5%2BAHmaqDu%2B5g%3D%3D#polycard_client=search-nordic&is_advertising=true&searchVariation=MLB36751072&backend_model=search-backend&search_layout=grid&position=19&type=pad&tracking_id=bf1f27fd-bf17-42ee-9b99-19a84b34a9aa&wid=MLB3789824595&sid=search'
2025-09-26 02:22:29,981 - WARNING -   [ID PRODUTO] Não encontrado no link: https://click1.mercadolivre.com.br/mclics/clicks/external/MLB/count?a=0q0KniMHPpWPzuAEcxg%2BpgAykqjZUTS9V7icPqzLqQ4PFJgJjWJN%2FX%2Fxx3zAUFmwJ%2BKFgPz5N6GbSHs%2BTsSGZUfqwNthadBJRW8LI%2FWa7WVMYsCgIzN%2BikjBg09bm%2BGUztUou4%2Bxk%2Bds%2FT8kEDdLkm3e8IZ%2Bo1%2Fdb9%2BQD9crg47EUrouDoQkZhAoUaw7NqhA%2B%2FusHBye7Vp%2FfLbT031V98B2A%2FwGmeDjAZva1P8K%2BUyXNwTVYA2t8VIV7pILzeB8eL%2FFkwUiqqX9vSVpKzdA6NMzNa1GbpOIme1gDr14gU83RzqQ0erIXL6SVTvX0W2kbdXE2EVU5X2ygFxtlp2PJjDXbylr2Rx8PFy1%2BUsShPmufiILSOyDMhpejrnIzoGI1QFuXebSFmEQ7bDTpaHBLaNnZBRpuv0US%2BEd06Xa3HP5Ozbek37C%2Bz6lbTjwhiDMFy7LK9%2B0mm8E489MRj4D1GnhqfR1dRSDlGtBHo0Rmp%2Bh2iI5Kset8TbStJt3v3yNHa1Mri0tCzsqkCjD2f5AB3kokS6TOypNGpjF4Qj95VKBcENIBaQNRrTRCgo3ctMip8dlstkKXyaWcQOOgBuRFKUptyJNjZRC%2Fp2F5lKvImlghFfpU8DA8njQMYVKlHnh9EMxIuC37lL%2BxsUBuvi7CFECZJ%2Bq6lj2Y4g2WeHc2Mk2%2FuwbSc%2Bd7BVWkiHf6wIGK2lmfLV%2Bxaxq9CZ%2Fg2Q%2BlEN6o1VMDkKRieljFS4qMHSQFEA78TGa32%2FmqFMjirAP2U1vrHYJh3jm38S0mM5ofA8i8MSQiBDxBRGURnh9IbrobJdsNWhn1WtMYFzzH%2BPqy2Yn5xHD8JQ1IFO03Zsiu9e7Iz0S%2Fj%2FUUBs4YjGOQJRzMcDIUIBaeTI7HRD6pB3XYcZdOupaSyQKtIpdIjuXDDHBkum%2FdYly%2B8GnSedH0P5%2BAHmaqDu%2B5g%3D%3D#polycard_client=search-nordic&is_advertising=true&searchVariation=MLB36751072&backend_model=search-backend&search_layout=grid&position=19&type=pad&tracking_id=bf1f27fd-bf17-42ee-9b99-19a84b34a9aa&wid=MLB3789824595&sid=search
2025-09-26 02:22:29,982 - INFO -   [PREÇO] Encontrado (poly-card fallback): 'R$ 135'
2025-09-26 02:22:29,984 - INFO -   [PREÇO ANTERIOR] Encontrado (poly-card fallback): 'R$ 153'
2025-09-26 02:22:29,984 - INFO -   [MARCA] Não encontrada (general/poly).
2025-09-26 02:22:29,985 - INFO -   [IMAGEM] Extração de imagens desabilitada pelo usuário.
2025-09-26 02:22:29,986 - INFO -   [VENDEDOR] Não encontrado para o container 19.
2025-09-26 02:22:29,987 - INFO -   [MÉDIA AVALIAÇÕES] Encontrada (poly-card fallback): '4.7'
2025-09-26 02:22:29,988 - INFO -   [TOTAL AVALIAÇÕES] Encontrado (poly-card fallback): '4902'
2025-09-26 02:22:29,989 - INFO -   [ENTREGA] Texto encontrado (general alt): 'Chegará grátis hoje'
2025-09-26 02:22:29,991 - INFO -   [ENTREGA FULL] Indicador FULL encontrado (poly-card fallback SVG).
2025-09-26 02:22:29,992 - INFO - Produto processado: Kit Cartucho Hp 664 Preto E Hp 664 Colorido
2025-09-26 02:22:29,993 - DEBUG - Scraped from <200 https://lista.mercadolivre.com.br/cartucho-hp-664_Desde_51_NoIndex_True?sb=all_mercadolibre>
{'TITULO PRODUTO': 'Cartucho Hp 664 Preto(f6v29ab) Para Deskjet 4535, 4675, 1115, 2135, 3775', 'LINK': 'https://www.mercadolivre.com.br/cartucho-hp-664-pretof6v29ab-para-deskjet-4535-4675-1115-2135-3775/up/MLBU824721709#polycard_client=search-nordic&search_layout=grid&position=18&type=product&tracking_id=bf1f27fd-bf17-42ee-9b99-19a84b34a9aa&wid=MLB3838021023&sid=search', 'ID_PRODUTO': 'N/A', 'PREÇO': 'R$ 78,87', 'PREÇO ANTERIOR': 'N/A', 'MARCA': 'N/A', 'IMAGEM': 'N/A (imagens desabilitadas)', 'VENDEDOR': 'N/A', 'MÉDIA AVALIAÇÕES': '5.0', 'TOTAL AVALIAÇÕES': '1', 'ENTREGA': 'Frete grátis', 'ENTREGA FULL': 'Não'}
2025-09-26 02:22:29,993 - INFO - --- Processando container de produto 20/57 (total coletado: 65, pulados: 2) ---
2025-09-26 02:22:29,995 - INFO -   [TÍTULO] Encontrado: 'Kit 2 Cartuchos Hp 664xl (preto + Color) 2136 2676'
2025-09-26 02:22:29,995 - INFO -   [LINK] Encontrado: 'https://click1.mercadolivre.com.br/mclics/clicks/external/MLB/count?a=HusSwJMj%2F3YwDi%2B21pZSKrjThDfj%2B3btp4b8T86B3kjjLxuL9f5ZZKkytdaGjfJ56gwXCZveEmRUxSKp%2BmRGiiZkORcR6po5VgEhBAFXlcTeOpsovwazMmo2QfcmtdxoidVdZftoNtqF3Ed4T1MS0p1iRYbn6xmIqCSSG3Qx4ukVUuWOFktgRgUdZHjKsKutmBSknWelUF6QRzPQlS1acS%2BuYJrV9qXUui59U5r%2Bvz5jDel06qiNHR8hljkFDbwa83kcEXjwzuRfGYOLlJI9XantnyByYJzcTvfcHXGSzEp%2Fx3FWbU0RB%2FVd95Q%2FCekYD0cVdqxuEoy3u%2FXDsvQVb0nRBKQNOgSSJZltz3rlsE%2FaFCddKp5adpspEgRUZkmMIZgkRmFnaA4zbS4FQompwoVr0JWo6ZZFZEAvJ4TGqOz5gCF3x5BHZQ1LtKz%2FnXtb6iA%2Fi44zOpZE%2Ba8yp%2Bfjq5AXUcG6VzeIGomRnK8NtFqyMG0QSh2XdVPeFE9%2F06a3E%2BojQhRdRGrB%2FxGAiNrsUO2nle7GLJrV6HCH%2BIK7RUnZQfxlDUKDTtlnd7QIvWNoNQzgmoiotf%2F%2B%2BLCLCKcWgUz8qAN0dR%2FhDlqzUsOPgbiji1MpPD3h%2BtEdEJ1kaJxvIzSrO%2Fa5mVMLevFlFoWoZyUniixe%2B8kpScc69HogDq0nBxU6HNsI6v%2F0SkJLnmebIKBxdgnzReXte%2BaNS0ND%2Ferg4FLCEqNtBqSRQTc5w7FQhc15gUht1wRMCtdIQPdMkEkmspLX05omvUfWzmgiRB2M19hh12pwFUUMyWSEx8GEpRrKDS%2B8Ky%2BJVAH5J%2FeW1udR3ZMtD8pGvE9%2BG2zBXR7tE4hmTzz7VqGH8dwQBRIXbnCqUKi%2FeIRvgFqmZ2Z9lh1HG2Us5FyXAl3lqHpoAhaqnNX1nQFzM8nBDOD2OpKPC438ENIcDYE%2BbQ%3D%3D#polycard_client=search-nordic&is_advertising=true&searchVariation=MLB48686774&backend_model=search-backend&search_layout=grid&position=20&type=pad&tracking_id=bf1f27fd-bf17-42ee-9b99-19a84b34a9aa&wid=MLB5518037936&sid=search'
2025-09-26 02:22:29,997 - WARNING -   [ID PRODUTO] Não encontrado no link: https://click1.mercadolivre.com.br/mclics/clicks/external/MLB/count?a=HusSwJMj%2F3YwDi%2B21pZSKrjThDfj%2B3btp4b8T86B3kjjLxuL9f5ZZKkytdaGjfJ56gwXCZveEmRUxSKp%2BmRGiiZkORcR6po5VgEhBAFXlcTeOpsovwazMmo2QfcmtdxoidVdZftoNtqF3Ed4T1MS0p1iRYbn6xmIqCSSG3Qx4ukVUuWOFktgRgUdZHjKsKutmBSknWelUF6QRzPQlS1acS%2BuYJrV9qXUui59U5r%2Bvz5jDel06qiNHR8hljkFDbwa83kcEXjwzuRfGYOLlJI9XantnyByYJzcTvfcHXGSzEp%2Fx3FWbU0RB%2FVd95Q%2FCekYD0cVdqxuEoy3u%2FXDsvQVb0nRBKQNOgSSJZltz3rlsE%2FaFCddKp5adpspEgRUZkmMIZgkRmFnaA4zbS4FQompwoVr0JWo6ZZFZEAvJ4TGqOz5gCF3x5BHZQ1LtKz%2FnXtb6iA%2Fi44zOpZE%2Ba8yp%2Bfjq5AXUcG6VzeIGomRnK8NtFqyMG0QSh2XdVPeFE9%2F06a3E%2BojQhRdRGrB%2FxGAiNrsUO2nle7GLJrV6HCH%2BIK7RUnZQfxlDUKDTtlnd7QIvWNoNQzgmoiotf%2F%2B%2BLCLCKcWgUz8qAN0dR%2FhDlqzUsOPgbiji1MpPD3h%2BtEdEJ1kaJxvIzSrO%2Fa5mVMLevFlFoWoZyUniixe%2B8kpScc69HogDq0nBxU6HNsI6v%2F0SkJLnmebIKBxdgnzReXte%2BaNS0ND%2Ferg4FLCEqNtBqSRQTc5w7FQhc15gUht1wRMCtdIQPdMkEkmspLX05omvUfWzmgiRB2M19hh12pwFUUMyWSEx8GEpRrKDS%2B8Ky%2BJVAH5J%2FeW1udR3ZMtD8pGvE9%2BG2zBXR7tE4hmTzz7VqGH8dwQBRIXbnCqUKi%2FeIRvgFqmZ2Z9lh1HG2Us5FyXAl3lqHpoAhaqnNX1nQFzM8nBDOD2OpKPC438ENIcDYE%2BbQ%3D%3D#polycard_client=search-nordic&is_advertising=true&searchVariation=MLB48686774&backend_model=search-backend&search_layout=grid&position=20&type=pad&tracking_id=bf1f27fd-bf17-42ee-9b99-19a84b34a9aa&wid=MLB5518037936&sid=search
2025-09-26 02:22:30,002 - INFO -   [PREÇO] Encontrado (poly-card fallback): 'R$ 277,41'
2025-09-26 02:22:30,004 - INFO -   [MARCA] Não encontrada (general/poly).
2025-09-26 02:22:30,005 - INFO -   [IMAGEM] Extração de imagens desabilitada pelo usuário.
2025-09-26 02:22:30,006 - INFO -   [VENDEDOR] Não encontrado para o container 20.
2025-09-26 02:22:30,008 - INFO -   [MÉDIA AVALIAÇÕES] Encontrada (poly-card fallback): '4.5'
2025-09-26 02:22:30,009 - INFO -   [TOTAL AVALIAÇÕES] Encontrado (poly-card fallback): '2'
2025-09-26 02:22:30,010 - INFO -   [ENTREGA] Texto encontrado (poly-card fallback): 'Frete grátis'
2025-09-26 02:22:30,010 - INFO - Produto processado: Kit 2 Cartuchos Hp 664xl (preto + Color) 2136 2676
2025-09-26 02:22:30,011 - DEBUG - Scraped from <200 https://lista.mercadolivre.com.br/cartucho-hp-664_Desde_51_NoIndex_True?sb=all_mercadolibre>
{'TITULO PRODUTO': 'Kit Cartucho Hp 664 Preto E Hp 664 Colorido', 'LINK': 'https://click1.mercadolivre.com.br/mclics/clicks/external/MLB/count?a=0q0KniMHPpWPzuAEcxg%2BpgAykqjZUTS9V7icPqzLqQ4PFJgJjWJN%2FX%2Fxx3zAUFmwJ%2BKFgPz5N6GbSHs%2BTsSGZUfqwNthadBJRW8LI%2FWa7WVMYsCgIzN%2BikjBg09bm%2BGUztUou4%2Bxk%2Bds%2FT8kEDdLkm3e8IZ%2Bo1%2Fdb9%2BQD9crg47EUrouDoQkZhAoUaw7NqhA%2B%2FusHBye7Vp%2FfLbT031V98B2A%2FwGmeDjAZva1P8K%2BUyXNwTVYA2t8VIV7pILzeB8eL%2FFkwUiqqX9vSVpKzdA6NMzNa1GbpOIme1gDr14gU83RzqQ0erIXL6SVTvX0W2kbdXE2EVU5X2ygFxtlp2PJjDXbylr2Rx8PFy1%2BUsShPmufiILSOyDMhpejrnIzoGI1QFuXebSFmEQ7bDTpaHBLaNnZBRpuv0US%2BEd06Xa3HP5Ozbek37C%2Bz6lbTjwhiDMFy7LK9%2B0mm8E489MRj4D1GnhqfR1dRSDlGtBHo0Rmp%2Bh2iI5Kset8TbStJt3v3yNHa1Mri0tCzsqkCjD2f5AB3kokS6TOypNGpjF4Qj95VKBcENIBaQNRrTRCgo3ctMip8dlstkKXyaWcQOOgBuRFKUptyJNjZRC%2Fp2F5lKvImlghFfpU8DA8njQMYVKlHnh9EMxIuC37lL%2BxsUBuvi7CFECZJ%2Bq6lj2Y4g2WeHc2Mk2%2FuwbSc%2Bd7BVWkiHf6wIGK2lmfLV%2Bxaxq9CZ%2Fg2Q%2BlEN6o1VMDkKRieljFS4qMHSQFEA78TGa32%2FmqFMjirAP2U1vrHYJh3jm38S0mM5ofA8i8MSQiBDxBRGURnh9IbrobJdsNWhn1WtMYFzzH%2BPqy2Yn5xHD8JQ1IFO03Zsiu9e7Iz0S%2Fj%2FUUBs4YjGOQJRzMcDIUIBaeTI7HRD6pB3XYcZdOupaSyQKtIpdIjuXDDHBkum%2FdYly%2B8GnSedH0P5%2BAHmaqDu%2B5g%3D%3D#polycard_client=search-nordic&is_advertising=true&searchVariation=MLB36751072&backend_model=search-backend&search_layout=grid&position=19&type=pad&tracking_id=bf1f27fd-bf17-42ee-9b99-19a84b34a9aa&wid=MLB3789824595&sid=search', 'ID_PRODUTO': 'N/A', 'PREÇO': 'R$ 135', 'PREÇO ANTERIOR': 'R$ 153', 'MARCA': 'N/A', 'IMAGEM': 'N/A (imagens desabilitadas)', 'VENDEDOR': 'N/A', 'MÉDIA AVALIAÇÕES': '4.7', 'TOTAL AVALIAÇÕES': '4902', 'ENTREGA': 'Chegará grátis hoje', 'ENTREGA FULL': 'Sim'}
2025-09-26 02:22:30,012 - INFO - --- Processando container de produto 21/57 (total coletado: 66, pulados: 2) ---
2025-09-26 02:22:30,014 - INFO -   [TÍTULO] Encontrado: '2 Cartuchos De Tinta 664xl Black+664xl Color Hp Impressoras'
2025-09-26 02:22:30,014 - INFO -   [LINK] Encontrado: 'https://click1.mercadolivre.com.br/mclics/clicks/external/MLB/count?a=KwdSdTDk%2FNbA%2BDygFgiqzBKh2K%2BtP1ct2csdUDQ6bliMfoNWCQV0nxjz20jWM2X%2FL1zz4mYHrTJII3B7Oaxf1HpxWR33Qj53jb5Ed3sb58%2FgwK8dm%2BqrnV5Z%2FcBfIW1QQ1vxMo%2B7xz10ag%2BrVF%2BYI5n2wb9lCXI5YpHS5%2BZmecPAu8rf8%2FwzIVtjCIM4kZTtnp0o9OBnMcjyFxjGjRFXLOSh389O94mEYCh%2FD3It12ML1u0RBo9LOfkmYz0bezc2d6kegPKOn8ovLB2Hsz9JCCXTYi4BM6MpqilF0TbzN4NwTZ3wsVaWnYzseurn%2BV88PQERdfVNvSnLNH8Sw9%2FKA4IGn3shd13c20hRFDAxU5zhxDMbLLmv8ABWC6lxPIvKa%2F6SuqK4yRm1KAQuBJbMNJLKnAIf1%2FjiabJ6dsGjlGPPf0osq95aEJsg%2BBig3bis2JBbh8jXqO0jkCmWrksw7isxcqOcQFBbVARwWdcVN4nRwGWnuZCEw3yc5FYKiah%2BXvkt4waWsfX%2FpMJpccxWl%2Ft0zryUM5QiwLq82X05nDoE5T02pe5ynZIhFKMl%2BOLYqafiUG9NuNTQHmBLROhnPSFKZsKp08D5U0CIaVZyjVtmzl%2Fmz90muPBRyeDfzXPmX3UJbtK0YsyI6l9nMElsQ3MKvXXG%2F2iKTZ1rU7tpH8%2F5Kjz4ahZ8Az1ABILeahL9a4M%2B97oxMuL574N52gWpp74C3XY9anHdvfXcgZukZUqZdd5%2BeL8LHOX%2BILLMMPgyg%2B8RRp2bPntpuCd0BgCgS0nle66pbfK3O7v1BkI%2Biq%2FHw5qyTAT0FiUWQGXs0sFhR6B8hBDM7bOn2hc%2Bh0oJ67UsW9vb3XvAUXZz8UzFtletYCu30ovbrhrR3ZhJ9sLp2HMqWqyHn1CgrgZzngOEVoZnnRoVPcz5WRaANNTdQarPogv%2FiEowyAs7WmQhmEoxMYQoRWSq#polycard_client=search-nordic&is_advertising=true&searchVariation=MLB24113436&backend_model=search-backend&search_layout=grid&position=21&type=pad&tracking_id=bf1f27fd-bf17-42ee-9b99-19a84b34a9aa&wid=MLB4081071581&sid=search'
2025-09-26 02:22:30,015 - WARNING -   [ID PRODUTO] Não encontrado no link: https://click1.mercadolivre.com.br/mclics/clicks/external/MLB/count?a=KwdSdTDk%2FNbA%2BDygFgiqzBKh2K%2BtP1ct2csdUDQ6bliMfoNWCQV0nxjz20jWM2X%2FL1zz4mYHrTJII3B7Oaxf1HpxWR33Qj53jb5Ed3sb58%2FgwK8dm%2BqrnV5Z%2FcBfIW1QQ1vxMo%2B7xz10ag%2BrVF%2BYI5n2wb9lCXI5YpHS5%2BZmecPAu8rf8%2FwzIVtjCIM4kZTtnp0o9OBnMcjyFxjGjRFXLOSh389O94mEYCh%2FD3It12ML1u0RBo9LOfkmYz0bezc2d6kegPKOn8ovLB2Hsz9JCCXTYi4BM6MpqilF0TbzN4NwTZ3wsVaWnYzseurn%2BV88PQERdfVNvSnLNH8Sw9%2FKA4IGn3shd13c20hRFDAxU5zhxDMbLLmv8ABWC6lxPIvKa%2F6SuqK4yRm1KAQuBJbMNJLKnAIf1%2FjiabJ6dsGjlGPPf0osq95aEJsg%2BBig3bis2JBbh8jXqO0jkCmWrksw7isxcqOcQFBbVARwWdcVN4nRwGWnuZCEw3yc5FYKiah%2BXvkt4waWsfX%2FpMJpccxWl%2Ft0zryUM5QiwLq82X05nDoE5T02pe5ynZIhFKMl%2BOLYqafiUG9NuNTQHmBLROhnPSFKZsKp08D5U0CIaVZyjVtmzl%2Fmz90muPBRyeDfzXPmX3UJbtK0YsyI6l9nMElsQ3MKvXXG%2F2iKTZ1rU7tpH8%2F5Kjz4ahZ8Az1ABILeahL9a4M%2B97oxMuL574N52gWpp74C3XY9anHdvfXcgZukZUqZdd5%2BeL8LHOX%2BILLMMPgyg%2B8RRp2bPntpuCd0BgCgS0nle66pbfK3O7v1BkI%2Biq%2FHw5qyTAT0FiUWQGXs0sFhR6B8hBDM7bOn2hc%2Bh0oJ67UsW9vb3XvAUXZz8UzFtletYCu30ovbrhrR3ZhJ9sLp2HMqWqyHn1CgrgZzngOEVoZnnRoVPcz5WRaANNTdQarPogv%2FiEowyAs7WmQhmEoxMYQoRWSq#polycard_client=search-nordic&is_advertising=true&searchVariation=MLB24113436&backend_model=search-backend&search_layout=grid&position=21&type=pad&tracking_id=bf1f27fd-bf17-42ee-9b99-19a84b34a9aa&wid=MLB4081071581&sid=search
2025-09-26 02:22:30,018 - INFO -   [PREÇO] Encontrado (poly-card fallback): 'R$ 260'
2025-09-26 02:22:30,019 - INFO -   [MARCA] Não encontrada (general/poly).
2025-09-26 02:22:30,019 - INFO -   [IMAGEM] Extração de imagens desabilitada pelo usuário.
2025-09-26 02:22:30,020 - INFO -   [VENDEDOR] Não encontrado para o container 21.
2025-09-26 02:22:30,021 - INFO -   [MÉDIA AVALIAÇÕES] Encontrada (poly-card fallback): '4.5'
2025-09-26 02:22:30,021 - INFO -   [TOTAL AVALIAÇÕES] Encontrado (poly-card fallback): '374'
2025-09-26 02:22:30,022 - INFO -   [ENTREGA] Texto encontrado (poly-card fallback): 'Frete grátis'
2025-09-26 02:22:30,023 - INFO - Produto processado: 2 Cartuchos De Tinta 664xl Black+664xl Color Hp Impressoras
2025-09-26 02:22:30,024 - DEBUG - Scraped from <200 https://lista.mercadolivre.com.br/cartucho-hp-664_Desde_51_NoIndex_True?sb=all_mercadolibre>
{'TITULO PRODUTO': 'Kit 2 Cartuchos Hp 664xl (preto + Color) 2136 2676', 'LINK': 'https://click1.mercadolivre.com.br/mclics/clicks/external/MLB/count?a=HusSwJMj%2F3YwDi%2B21pZSKrjThDfj%2B3btp4b8T86B3kjjLxuL9f5ZZKkytdaGjfJ56gwXCZveEmRUxSKp%2BmRGiiZkORcR6po5VgEhBAFXlcTeOpsovwazMmo2QfcmtdxoidVdZftoNtqF3Ed4T1MS0p1iRYbn6xmIqCSSG3Qx4ukVUuWOFktgRgUdZHjKsKutmBSknWelUF6QRzPQlS1acS%2BuYJrV9qXUui59U5r%2Bvz5jDel06qiNHR8hljkFDbwa83kcEXjwzuRfGYOLlJI9XantnyByYJzcTvfcHXGSzEp%2Fx3FWbU0RB%2FVd95Q%2FCekYD0cVdqxuEoy3u%2FXDsvQVb0nRBKQNOgSSJZltz3rlsE%2FaFCddKp5adpspEgRUZkmMIZgkRmFnaA4zbS4FQompwoVr0JWo6ZZFZEAvJ4TGqOz5gCF3x5BHZQ1LtKz%2FnXtb6iA%2Fi44zOpZE%2Ba8yp%2Bfjq5AXUcG6VzeIGomRnK8NtFqyMG0QSh2XdVPeFE9%2F06a3E%2BojQhRdRGrB%2FxGAiNrsUO2nle7GLJrV6HCH%2BIK7RUnZQfxlDUKDTtlnd7QIvWNoNQzgmoiotf%2F%2B%2BLCLCKcWgUz8qAN0dR%2FhDlqzUsOPgbiji1MpPD3h%2BtEdEJ1kaJxvIzSrO%2Fa5mVMLevFlFoWoZyUniixe%2B8kpScc69HogDq0nBxU6HNsI6v%2F0SkJLnmebIKBxdgnzReXte%2BaNS0ND%2Ferg4FLCEqNtBqSRQTc5w7FQhc15gUht1wRMCtdIQPdMkEkmspLX05omvUfWzmgiRB2M19hh12pwFUUMyWSEx8GEpRrKDS%2B8Ky%2BJVAH5J%2FeW1udR3ZMtD8pGvE9%2BG2zBXR7tE4hmTzz7VqGH8dwQBRIXbnCqUKi%2FeIRvgFqmZ2Z9lh1HG2Us5FyXAl3lqHpoAhaqnNX1nQFzM8nBDOD2OpKPC438ENIcDYE%2BbQ%3D%3D#polycard_client=search-nordic&is_advertising=true&searchVariation=MLB48686774&backend_model=search-backend&search_layout=grid&position=20&type=pad&tracking_id=bf1f27fd-bf17-42ee-9b99-19a84b34a9aa&wid=MLB5518037936&sid=search', 'ID_PRODUTO': 'N/A', 'PREÇO': 'R$ 277,41', 'PREÇO ANTERIOR': 'N/A', 'MARCA': 'N/A', 'IMAGEM': 'N/A (imagens desabilitadas)', 'VENDEDOR': 'N/A', 'MÉDIA AVALIAÇÕES': '4.5', 'TOTAL AVALIAÇÕES': '2', 'ENTREGA': 'Frete grátis', 'ENTREGA FULL': 'Não'}
2025-09-26 02:22:30,025 - INFO - --- Processando container de produto 22/57 (total coletado: 67, pulados: 2) ---
2025-09-26 02:22:30,027 - INFO -   [TÍTULO] Encontrado: 'Cartucho Para Impressora Hp Ink Advantage 664xl Alto Rendimento F6v30ab Colorido'
2025-09-26 02:22:30,027 - INFO -   [LINK] Encontrado: 'https://www.mercadolivre.com.br/cartucho-para-impressora-hp-ink-advantage-664xl-alto-rendimento-f6v30ab-colorido/p/MLB37371750#polycard_client=search-nordic&search_layout=grid&position=22&type=product&tracking_id=bf1f27fd-bf17-42ee-9b99-19a84b34a9aa&wid=MLB5220635202&sid=search'
2025-09-26 02:22:30,028 - INFO -   [ID PRODUTO] Encontrado: 'MLB37371750'
2025-09-26 02:22:30,030 - INFO -   [PREÇO] Encontrado (poly-card fallback): 'R$ 116,01'
2025-09-26 02:22:30,032 - INFO -   [MARCA] Não encontrada (general/poly).
2025-09-26 02:22:30,032 - INFO -   [IMAGEM] Extração de imagens desabilitada pelo usuário.
2025-09-26 02:22:30,033 - INFO -   [VENDEDOR] Não encontrado para o container 22.
2025-09-26 02:22:30,033 - INFO -   [MÉDIA AVALIAÇÕES] Encontrada (poly-card fallback): '4.3'
2025-09-26 02:22:30,034 - INFO -   [TOTAL AVALIAÇÕES] Encontrado (poly-card fallback): '15'
2025-09-26 02:22:30,034 - INFO -   [ENTREGA] Texto encontrado (poly-card fallback): 'Frete grátis'
2025-09-26 02:22:30,035 - INFO - Produto processado: Cartucho Para Impressora Hp Ink Advantage 664xl Alto Rendimento F6v30ab Colorido
2025-09-26 02:22:30,035 - INFO - --- Processando container de produto 23/57 (total coletado: 68, pulados: 2) ---
2025-09-26 02:22:30,037 - INFO -   [TÍTULO] Encontrado: 'Cartucho Tinta Original Hp 664 Preto F6v29ab 2136 2676 3776'
2025-09-26 02:22:30,037 - INFO -   [LINK] Encontrado: 'https://produto.mercadolivre.com.br/MLB-1724181926-cartucho-tinta-original-hp-664-preto-f6v29ab-2136-2676-3776-_JM#polycard_client=search-nordic&search_layout=grid&position=23&type=item&tracking_id=bf1f27fd-bf17-42ee-9b99-19a84b34a9aa&wid=MLB1724181926&sid=search'
2025-09-26 02:22:30,038 - WARNING -   [ID PRODUTO] Não encontrado no link: https://produto.mercadolivre.com.br/MLB-1724181926-cartucho-tinta-original-hp-664-preto-f6v29ab-2136-2676-3776-_JM#polycard_client=search-nordic&search_layout=grid&position=23&type=item&tracking_id=bf1f27fd-bf17-42ee-9b99-19a84b34a9aa&wid=MLB1724181926&sid=search
2025-09-26 02:22:30,039 - INFO -   [PREÇO] Encontrado (poly-card fallback): 'R$ 77,89'
2025-09-26 02:22:30,042 - INFO -   [MARCA] Não encontrada (general/poly).
2025-09-26 02:22:30,042 - INFO -   [IMAGEM] Extração de imagens desabilitada pelo usuário.
2025-09-26 02:22:30,043 - INFO -   [VENDEDOR] Encontrado (poly-card fallback): 'Tec Print'
2025-09-26 02:22:30,044 - INFO -   [MÉDIA AVALIAÇÕES] Encontrada (poly-card fallback): '4.6'
2025-09-26 02:22:30,045 - INFO -   [TOTAL AVALIAÇÕES] Encontrado (poly-card fallback): '122'
2025-09-26 02:22:30,046 - INFO -   [ENTREGA] Texto encontrado (poly-card fallback): 'Frete grátis'
2025-09-26 02:22:30,047 - INFO - Produto processado: Cartucho Tinta Original Hp 664 Preto F6v29ab 2136 2676 3776
2025-09-26 02:22:30,048 - DEBUG - Scraped from <200 https://lista.mercadolivre.com.br/cartucho-hp-664_Desde_51_NoIndex_True?sb=all_mercadolibre>
{'TITULO PRODUTO': '2 Cartuchos De Tinta 664xl Black+664xl Color Hp Impressoras', 'LINK': 'https://click1.mercadolivre.com.br/mclics/clicks/external/MLB/count?a=KwdSdTDk%2FNbA%2BDygFgiqzBKh2K%2BtP1ct2csdUDQ6bliMfoNWCQV0nxjz20jWM2X%2FL1zz4mYHrTJII3B7Oaxf1HpxWR33Qj53jb5Ed3sb58%2FgwK8dm%2BqrnV5Z%2FcBfIW1QQ1vxMo%2B7xz10ag%2BrVF%2BYI5n2wb9lCXI5YpHS5%2BZmecPAu8rf8%2FwzIVtjCIM4kZTtnp0o9OBnMcjyFxjGjRFXLOSh389O94mEYCh%2FD3It12ML1u0RBo9LOfkmYz0bezc2d6kegPKOn8ovLB2Hsz9JCCXTYi4BM6MpqilF0TbzN4NwTZ3wsVaWnYzseurn%2BV88PQERdfVNvSnLNH8Sw9%2FKA4IGn3shd13c20hRFDAxU5zhxDMbLLmv8ABWC6lxPIvKa%2F6SuqK4yRm1KAQuBJbMNJLKnAIf1%2FjiabJ6dsGjlGPPf0osq95aEJsg%2BBig3bis2JBbh8jXqO0jkCmWrksw7isxcqOcQFBbVARwWdcVN4nRwGWnuZCEw3yc5FYKiah%2BXvkt4waWsfX%2FpMJpccxWl%2Ft0zryUM5QiwLq82X05nDoE5T02pe5ynZIhFKMl%2BOLYqafiUG9NuNTQHmBLROhnPSFKZsKp08D5U0CIaVZyjVtmzl%2Fmz90muPBRyeDfzXPmX3UJbtK0YsyI6l9nMElsQ3MKvXXG%2F2iKTZ1rU7tpH8%2F5Kjz4ahZ8Az1ABILeahL9a4M%2B97oxMuL574N52gWpp74C3XY9anHdvfXcgZukZUqZdd5%2BeL8LHOX%2BILLMMPgyg%2B8RRp2bPntpuCd0BgCgS0nle66pbfK3O7v1BkI%2Biq%2FHw5qyTAT0FiUWQGXs0sFhR6B8hBDM7bOn2hc%2Bh0oJ67UsW9vb3XvAUXZz8UzFtletYCu30ovbrhrR3ZhJ9sLp2HMqWqyHn1CgrgZzngOEVoZnnRoVPcz5WRaANNTdQarPogv%2FiEowyAs7WmQhmEoxMYQoRWSq#polycard_client=search-nordic&is_advertising=true&searchVariation=MLB24113436&backend_model=search-backend&search_layout=grid&position=21&type=pad&tracking_id=bf1f27fd-bf17-42ee-9b99-19a84b34a9aa&wid=MLB4081071581&sid=search', 'ID_PRODUTO': 'N/A', 'PREÇO': 'R$ 260', 'PREÇO ANTERIOR': 'N/A', 'MARCA': 'N/A', 'IMAGEM': 'N/A (imagens desabilitadas)', 'VENDEDOR': 'N/A', 'MÉDIA AVALIAÇÕES': '4.5', 'TOTAL AVALIAÇÕES': '374', 'ENTREGA': 'Frete grátis', 'ENTREGA FULL': 'Não'}
2025-09-26 02:22:30,048 - INFO - --- Processando container de produto 24/57 (total coletado: 69, pulados: 2) ---
2025-09-26 02:22:30,049 - INFO -   [TÍTULO] Encontrado: 'Cartucho Hp 664xl Preto Original F6v31ab 2136 2676 3776 5076'
2025-09-26 02:22:30,050 - INFO -   [LINK] Encontrado: 'https://produto.mercadolivre.com.br/MLB-3163780006-cartucho-hp-664xl-preto-original-f6v31ab-2136-2676-3776-5076-_JM#polycard_client=search-nordic&search_layout=grid&position=24&type=item&tracking_id=bf1f27fd-bf17-42ee-9b99-19a84b34a9aa&wid=MLB3163780006&sid=search'
2025-09-26 02:22:30,050 - WARNING -   [ID PRODUTO] Não encontrado no link: https://produto.mercadolivre.com.br/MLB-3163780006-cartucho-hp-664xl-preto-original-f6v31ab-2136-2676-3776-5076-_JM#polycard_client=search-nordic&search_layout=grid&position=24&type=item&tracking_id=bf1f27fd-bf17-42ee-9b99-19a84b34a9aa&wid=MLB3163780006&sid=search
2025-09-26 02:22:30,051 - INFO -   [PREÇO] Encontrado (poly-card fallback): 'R$ 289,99'
2025-09-26 02:22:30,053 - INFO -   [MARCA] Não encontrada (general/poly).
2025-09-26 02:22:30,053 - INFO -   [IMAGEM] Extração de imagens desabilitada pelo usuário.
2025-09-26 02:22:30,053 - INFO -   [VENDEDOR] Não encontrado para o container 24.
2025-09-26 02:22:30,053 - INFO -   [MÉDIA AVALIAÇÕES] Encontrada (poly-card fallback): '5.0'
2025-09-26 02:22:30,055 - INFO -   [TOTAL AVALIAÇÕES] Encontrado (poly-card fallback): '4'
2025-09-26 02:22:30,055 - INFO -   [ENTREGA] Texto encontrado (general alt): 'Chegará grátis amanhã sábado'
2025-09-26 02:22:30,055 - INFO - Produto processado: Cartucho Hp 664xl Preto Original F6v31ab 2136 2676 3776 5076
2025-09-26 02:22:30,056 - INFO - --- Processando container de produto 25/57 (total coletado: 70, pulados: 2) ---
2025-09-26 02:22:30,056 - INFO -   [TÍTULO] Encontrado: 'Cartucho Hp 664 Preto(f6v29ab) Para Deskjet 4535, 4675, 1115, 2135, 3775'
2025-09-26 02:22:30,058 - INFO -   [LINK] Encontrado: 'https://www.mercadolivre.com.br/cartucho-hp-664-pretof6v29ab-para-deskjet-4535-4675-1115-2135-3775/p/MLB55765129#polycard_client=search-nordic&search_layout=grid&position=25&type=product&tracking_id=bf1f27fd-bf17-42ee-9b99-19a84b34a9aa&wid=MLB4208206463&sid=search'
2025-09-26 02:22:30,058 - INFO -   [ID PRODUTO] Encontrado: 'MLB55765129'
2025-09-26 02:22:30,059 - INFO -   [PREÇO] Encontrado (poly-card fallback): 'R$ 68,90'
2025-09-26 02:22:30,060 - INFO -   [MARCA] Não encontrada (general/poly).
2025-09-26 02:22:30,060 - INFO -   [IMAGEM] Extração de imagens desabilitada pelo usuário.
2025-09-26 02:22:30,061 - INFO -   [VENDEDOR] Não encontrado para o container 25.
2025-09-26 02:22:30,062 - INFO -   [ENTREGA] Texto encontrado (poly-card fallback): 'Frete grátis'
2025-09-26 02:22:30,062 - INFO - Produto processado: Cartucho Hp 664 Preto(f6v29ab) Para Deskjet 4535, 4675, 1115, 2135, 3775
2025-09-26 02:22:30,063 - DEBUG - Scraped from <200 https://lista.mercadolivre.com.br/cartucho-hp-664_Desde_51_NoIndex_True?sb=all_mercadolibre>
{'TITULO PRODUTO': 'Cartucho Para Impressora Hp Ink Advantage 664xl Alto Rendimento F6v30ab Colorido', 'LINK': 'https://www.mercadolivre.com.br/cartucho-para-impressora-hp-ink-advantage-664xl-alto-rendimento-f6v30ab-colorido/p/MLB37371750#polycard_client=search-nordic&search_layout=grid&position=22&type=product&tracking_id=bf1f27fd-bf17-42ee-9b99-19a84b34a9aa&wid=MLB5220635202&sid=search', 'ID_PRODUTO': 'MLB37371750', 'PREÇO': 'R$ 116,01', 'PREÇO ANTERIOR': 'N/A', 'MARCA': 'N/A', 'IMAGEM': 'N/A (imagens desabilitadas)', 'VENDEDOR': 'N/A', 'MÉDIA AVALIAÇÕES': '4.3', 'TOTAL AVALIAÇÕES': '15', 'ENTREGA': 'Frete grátis', 'ENTREGA FULL': 'Não'}
2025-09-26 02:22:30,063 - DEBUG - Scraped from <200 https://lista.mercadolivre.com.br/cartucho-hp-664_Desde_51_NoIndex_True?sb=all_mercadolibre>
{'TITULO PRODUTO': 'Cartucho Tinta Original Hp 664 Preto F6v29ab 2136 2676 3776', 'LINK': 'https://produto.mercadolivre.com.br/MLB-1724181926-cartucho-tinta-original-hp-664-preto-f6v29ab-2136-2676-3776-_JM#polycard_client=search-nordic&search_layout=grid&position=23&type=item&tracking_id=bf1f27fd-bf17-42ee-9b99-19a84b34a9aa&wid=MLB1724181926&sid=search', 'ID_PRODUTO': 'N/A', 'PREÇO': 'R$ 77,89', 'PREÇO ANTERIOR': 'N/A', 'MARCA': 'N/A', 'IMAGEM': 'N/A (imagens desabilitadas)', 'VENDEDOR': 'Tec Print', 'MÉDIA AVALIAÇÕES': '4.6', 'TOTAL AVALIAÇÕES': '122', 'ENTREGA': 'Frete grátis', 'ENTREGA FULL': 'Não'}
2025-09-26 02:22:30,064 - INFO - --- Processando container de produto 26/57 (total coletado: 71, pulados: 2) ---
2025-09-26 02:22:30,064 - INFO -   [TÍTULO] Encontrado: 'Cartucho Hp 664 Preto(f6v29ab) Para Deskjet 4535, 4675, 1115'
2025-09-26 02:22:30,065 - INFO -   [LINK] Encontrado: 'https://www.mercadolivre.com.br/cartucho-hp-664-pretof6v29ab-para-deskjet-4535-4675-1115/up/MLBU2035925685#polycard_client=search-nordic&search_layout=grid&position=26&type=product&tracking_id=bf1f27fd-bf17-42ee-9b99-19a84b34a9aa&wid=MLB5105429036&sid=search'
2025-09-26 02:22:30,065 - WARNING -   [ID PRODUTO] Não encontrado no link: https://www.mercadolivre.com.br/cartucho-hp-664-pretof6v29ab-para-deskjet-4535-4675-1115/up/MLBU2035925685#polycard_client=search-nordic&search_layout=grid&position=26&type=product&tracking_id=bf1f27fd-bf17-42ee-9b99-19a84b34a9aa&wid=MLB5105429036&sid=search
2025-09-26 02:22:30,066 - INFO -   [PREÇO] Encontrado (poly-card fallback): 'R$ 78,99'
2025-09-26 02:22:30,067 - INFO -   [MARCA] Não encontrada (general/poly).
2025-09-26 02:22:30,067 - INFO -   [IMAGEM] Extração de imagens desabilitada pelo usuário.
2025-09-26 02:22:30,068 - INFO -   [VENDEDOR] Encontrado (poly-card fallback): 'TELEDATICA'
2025-09-26 02:22:30,068 - INFO -   [ENTREGA] Texto encontrado (poly-card fallback): 'Frete grátis'
2025-09-26 02:22:30,069 - INFO - Produto processado: Cartucho Hp 664 Preto(f6v29ab) Para Deskjet 4535, 4675, 1115
2025-09-26 02:22:30,070 - INFO - --- Processando container de produto 27/57 (total coletado: 72, pulados: 2) ---
2025-09-26 02:22:30,070 - INFO -   [TÍTULO] Encontrado: 'Cartucho De Tinta 664 Hp Deskjet Preto Black Original + Nfe'
2025-09-26 02:22:30,071 - INFO -   [LINK] Encontrado: 'https://www.mercadolivre.com.br/cartucho-de-tinta-664-hp-deskjet-preto-black-original--nfe/up/MLBU742135212#polycard_client=search-nordic&search_layout=grid&position=27&type=product&tracking_id=bf1f27fd-bf17-42ee-9b99-19a84b34a9aa&wid=MLB1954669482&sid=search'
2025-09-26 02:22:30,071 - WARNING -   [ID PRODUTO] Não encontrado no link: https://www.mercadolivre.com.br/cartucho-de-tinta-664-hp-deskjet-preto-black-original--nfe/up/MLBU742135212#polycard_client=search-nordic&search_layout=grid&position=27&type=product&tracking_id=bf1f27fd-bf17-42ee-9b99-19a84b34a9aa&wid=MLB1954669482&sid=search
2025-09-26 02:22:30,074 - INFO -   [PREÇO] Encontrado (poly-card fallback): 'R$ 67,99'
2025-09-26 02:22:30,076 - INFO -   [MARCA] Não encontrada (general/poly).
2025-09-26 02:22:30,076 - INFO -   [IMAGEM] Extração de imagens desabilitada pelo usuário.
2025-09-26 02:22:30,077 - INFO -   [VENDEDOR] Não encontrado para o container 27.
2025-09-26 02:22:30,078 - INFO -   [MÉDIA AVALIAÇÕES] Encontrada (poly-card fallback): '4.8'
2025-09-26 02:22:30,078 - INFO -   [TOTAL AVALIAÇÕES] Encontrado (poly-card fallback): '64'
2025-09-26 02:22:30,080 - INFO -   [ENTREGA] Texto encontrado (poly-card fallback): 'Frete grátis'
2025-09-26 02:22:30,080 - INFO - Produto processado: Cartucho De Tinta 664 Hp Deskjet Preto Black Original + Nfe
2025-09-26 02:22:30,081 - DEBUG - Scraped from <200 https://lista.mercadolivre.com.br/cartucho-hp-664_Desde_51_NoIndex_True?sb=all_mercadolibre>
{'TITULO PRODUTO': 'Cartucho Hp 664xl Preto Original F6v31ab 2136 2676 3776 5076', 'LINK': 'https://produto.mercadolivre.com.br/MLB-3163780006-cartucho-hp-664xl-preto-original-f6v31ab-2136-2676-3776-5076-_JM#polycard_client=search-nordic&search_layout=grid&position=24&type=item&tracking_id=bf1f27fd-bf17-42ee-9b99-19a84b34a9aa&wid=MLB3163780006&sid=search', 'ID_PRODUTO': 'N/A', 'PREÇO': 'R$ 289,99', 'PREÇO ANTERIOR': 'N/A', 'MARCA': 'N/A', 'IMAGEM': 'N/A (imagens desabilitadas)', 'VENDEDOR': 'N/A', 'MÉDIA AVALIAÇÕES': '5.0', 'TOTAL AVALIAÇÕES': '4', 'ENTREGA': 'Chegará grátis amanhã sábado', 'ENTREGA FULL': 'Não'}
2025-09-26 02:22:30,082 - DEBUG - Scraped from <200 https://lista.mercadolivre.com.br/cartucho-hp-664_Desde_51_NoIndex_True?sb=all_mercadolibre>
{'TITULO PRODUTO': 'Cartucho Hp 664 Preto(f6v29ab) Para Deskjet 4535, 4675, 1115, 2135, 3775', 'LINK': 'https://www.mercadolivre.com.br/cartucho-hp-664-pretof6v29ab-para-deskjet-4535-4675-1115-2135-3775/p/MLB55765129#polycard_client=search-nordic&search_layout=grid&position=25&type=product&tracking_id=bf1f27fd-bf17-42ee-9b99-19a84b34a9aa&wid=MLB4208206463&sid=search', 'ID_PRODUTO': 'MLB55765129', 'PREÇO': 'R$ 68,90', 'PREÇO ANTERIOR': 'N/A', 'MARCA': 'N/A', 'IMAGEM': 'N/A (imagens desabilitadas)', 'VENDEDOR': 'N/A', 'MÉDIA AVALIAÇÕES': 'N/A', 'TOTAL AVALIAÇÕES': 'N/A', 'ENTREGA': 'Frete grátis', 'ENTREGA FULL': 'Não'}
2025-09-26 02:22:30,082 - INFO - --- Processando container de produto 28/57 (total coletado: 73, pulados: 2) ---
2025-09-26 02:22:30,083 - INFO -   [TÍTULO] Encontrado: 'Kit Cartucho Hp 664 Preto E Colorido 2135 2674 2676 Original'
2025-09-26 02:22:30,083 - INFO -   [LINK] Encontrado: 'https://www.mercadolivre.com.br/kit-cartucho-hp-664-preto-e-colorido-2135-2674-2676-original/up/MLBU1120068512#polycard_client=search-nordic&search_layout=grid&position=28&type=product&tracking_id=bf1f27fd-bf17-42ee-9b99-19a84b34a9aa&wid=MLB3050587407&sid=search'
2025-09-26 02:22:30,084 - WARNING -   [ID PRODUTO] Não encontrado no link: https://www.mercadolivre.com.br/kit-cartucho-hp-664-preto-e-colorido-2135-2674-2676-original/up/MLBU1120068512#polycard_client=search-nordic&search_layout=grid&position=28&type=product&tracking_id=bf1f27fd-bf17-42ee-9b99-19a84b34a9aa&wid=MLB3050587407&sid=search
2025-09-26 02:22:30,085 - INFO -   [PREÇO] Encontrado (poly-card fallback): 'R$ 143,90'
2025-09-26 02:22:30,085 - INFO -   [MARCA] Não encontrada (general/poly).
2025-09-26 02:22:30,086 - INFO -   [IMAGEM] Extração de imagens desabilitada pelo usuário.
2025-09-26 02:22:30,086 - INFO -   [VENDEDOR] Não encontrado para o container 28.
2025-09-26 02:22:30,087 - INFO -   [MÉDIA AVALIAÇÕES] Encontrada (poly-card fallback): '4.7'
2025-09-26 02:22:30,087 - INFO -   [TOTAL AVALIAÇÕES] Encontrado (poly-card fallback): '681'
2025-09-26 02:22:30,088 - INFO -   [ENTREGA] Texto encontrado (general alt): 'Chegará grátis hoje'
2025-09-26 02:22:30,089 - INFO -   [ENTREGA FULL] Indicador FULL encontrado (poly-card fallback SVG).
2025-09-26 02:22:30,089 - INFO - Produto processado: Kit Cartucho Hp 664 Preto E Colorido 2135 2674 2676 Original
2025-09-26 02:22:30,090 - INFO - --- Processando container de produto 29/57 (total coletado: 74, pulados: 2) ---
2025-09-26 02:22:30,093 - INFO -   [TÍTULO] Encontrado: 'Cartucho Original Hp 664 Preto Deskjet 1115 2136 2676 4676'
2025-09-26 02:22:30,094 - INFO -   [LINK] Encontrado: 'https://www.mercadolivre.com.br/cartucho-original-hp-664-preto-deskjet-1115-2136-2676-4676/up/MLBU1405308115#polycard_client=search-nordic&search_layout=grid&position=29&type=product&tracking_id=bf1f27fd-bf17-42ee-9b99-19a84b34a9aa&wid=MLB1653211626&sid=search'
2025-09-26 02:22:30,094 - WARNING -   [ID PRODUTO] Não encontrado no link: https://www.mercadolivre.com.br/cartucho-original-hp-664-preto-deskjet-1115-2136-2676-4676/up/MLBU1405308115#polycard_client=search-nordic&search_layout=grid&position=29&type=product&tracking_id=bf1f27fd-bf17-42ee-9b99-19a84b34a9aa&wid=MLB1653211626&sid=search
2025-09-26 02:22:30,095 - INFO -   [PREÇO] Encontrado (poly-card fallback): 'R$ 76,61'
2025-09-26 02:22:30,096 - INFO -   [MARCA] Não encontrada (general/poly).
2025-09-26 02:22:30,096 - INFO -   [IMAGEM] Extração de imagens desabilitada pelo usuário.
2025-09-26 02:22:30,098 - INFO -   [VENDEDOR] Não encontrado para o container 29.
2025-09-26 02:22:30,098 - INFO -   [MÉDIA AVALIAÇÕES] Encontrada (poly-card fallback): '4.9'
2025-09-26 02:22:30,099 - INFO -   [TOTAL AVALIAÇÕES] Encontrado (poly-card fallback): '50'
2025-09-26 02:22:30,099 - INFO -   [ENTREGA] Texto encontrado (poly-card fallback): 'Frete grátis'
2025-09-26 02:22:30,100 - INFO -   [ENTREGA FULL] Indicador FULL encontrado (poly-card fallback SVG).
2025-09-26 02:22:30,100 - INFO - Produto processado: Cartucho Original Hp 664 Preto Deskjet 1115 2136 2676 4676
2025-09-26 02:22:30,101 - DEBUG - Scraped from <200 https://lista.mercadolivre.com.br/cartucho-hp-664_Desde_51_NoIndex_True?sb=all_mercadolibre>
{'TITULO PRODUTO': 'Cartucho Hp 664 Preto(f6v29ab) Para Deskjet 4535, 4675, 1115', 'LINK': 'https://www.mercadolivre.com.br/cartucho-hp-664-pretof6v29ab-para-deskjet-4535-4675-1115/up/MLBU2035925685#polycard_client=search-nordic&search_layout=grid&position=26&type=product&tracking_id=bf1f27fd-bf17-42ee-9b99-19a84b34a9aa&wid=MLB5105429036&sid=search', 'ID_PRODUTO': 'N/A', 'PREÇO': 'R$ 78,99', 'PREÇO ANTERIOR': 'N/A', 'MARCA': 'N/A', 'IMAGEM': 'N/A (imagens desabilitadas)', 'VENDEDOR': 'TELEDATICA', 'MÉDIA AVALIAÇÕES': 'N/A', 'TOTAL AVALIAÇÕES': 'N/A', 'ENTREGA': 'Frete grátis', 'ENTREGA FULL': 'Não'}
2025-09-26 02:22:30,101 - DEBUG - Scraped from <200 https://lista.mercadolivre.com.br/cartucho-hp-664_Desde_51_NoIndex_True?sb=all_mercadolibre>
{'TITULO PRODUTO': 'Cartucho De Tinta 664 Hp Deskjet Preto Black Original + Nfe', 'LINK': 'https://www.mercadolivre.com.br/cartucho-de-tinta-664-hp-deskjet-preto-black-original--nfe/up/MLBU742135212#polycard_client=search-nordic&search_layout=grid&position=27&type=product&tracking_id=bf1f27fd-bf17-42ee-9b99-19a84b34a9aa&wid=MLB1954669482&sid=search', 'ID_PRODUTO': 'N/A', 'PREÇO': 'R$ 67,99', 'PREÇO ANTERIOR': 'N/A', 'MARCA': 'N/A', 'IMAGEM': 'N/A (imagens desabilitadas)', 'VENDEDOR': 'N/A', 'MÉDIA AVALIAÇÕES': '4.8', 'TOTAL AVALIAÇÕES': '64', 'ENTREGA': 'Frete grátis', 'ENTREGA FULL': 'Não'}
2025-09-26 02:22:30,102 - INFO - --- Processando container de produto 30/57 (total coletado: 75, pulados: 2) ---
2025-09-26 02:22:30,102 - INFO -   [TÍTULO] Encontrado: 'Cartucho Hp 664 Preto (f6v29ab) + Hp 664 Colorido (f6v28ab)'
2025-09-26 02:22:30,103 - INFO -   [LINK] Encontrado: 'https://www.mercadolivre.com.br/cartucho-hp-664-preto-f6v29ab-hp-664-colorido-f6v28ab/p/MLB38608218#polycard_client=search-nordic&search_layout=grid&position=30&type=product&tracking_id=bf1f27fd-bf17-42ee-9b99-19a84b34a9aa&wid=MLB3950252751&sid=search'
2025-09-26 02:22:30,103 - INFO -   [ID PRODUTO] Encontrado: 'MLB38608218'
2025-09-26 02:22:30,104 - INFO -   [PREÇO] Encontrado (poly-card fallback): 'R$ 145'
2025-09-26 02:22:30,105 - INFO -   [MARCA] Não encontrada (general/poly).
2025-09-26 02:22:30,105 - INFO -   [IMAGEM] Extração de imagens desabilitada pelo usuário.
2025-09-26 02:22:30,107 - INFO -   [VENDEDOR] Não encontrado para o container 30.
2025-09-26 02:22:30,108 - INFO -   [MÉDIA AVALIAÇÕES] Encontrada (poly-card fallback): '5.0'
2025-09-26 02:22:30,109 - INFO -   [TOTAL AVALIAÇÕES] Encontrado (poly-card fallback): '3'
2025-09-26 02:22:30,109 - INFO -   [ENTREGA] Texto encontrado (poly-card fallback): 'Frete grátis'
2025-09-26 02:22:30,110 - INFO - Produto processado: Cartucho Hp 664 Preto (f6v29ab) + Hp 664 Colorido (f6v28ab)
2025-09-26 02:22:30,111 - INFO - --- Processando container de produto 31/57 (total coletado: 76, pulados: 2) ---
2025-09-26 02:22:30,111 - INFO -   [TÍTULO] Encontrado: 'Kit Cartucho Tinta Original Hp 664 Preto + Colorido 2136'
2025-09-26 02:22:30,112 - INFO -   [LINK] Encontrado: 'https://produto.mercadolivre.com.br/MLB-1730255884-kit-cartucho-tinta-original-hp-664-preto-colorido-2136-_JM#polycard_client=search-nordic&search_layout=grid&position=31&type=item&tracking_id=bf1f27fd-bf17-42ee-9b99-19a84b34a9aa&wid=MLB1730255884&sid=search'
2025-09-26 02:22:30,113 - WARNING -   [ID PRODUTO] Não encontrado no link: https://produto.mercadolivre.com.br/MLB-1730255884-kit-cartucho-tinta-original-hp-664-preto-colorido-2136-_JM#polycard_client=search-nordic&search_layout=grid&position=31&type=item&tracking_id=bf1f27fd-bf17-42ee-9b99-19a84b34a9aa&wid=MLB1730255884&sid=search
2025-09-26 02:22:30,114 - INFO -   [PREÇO] Encontrado (poly-card fallback): 'R$ 177,99'
2025-09-26 02:22:30,115 - INFO -   [MARCA] Não encontrada (general/poly).
2025-09-26 02:22:30,115 - INFO -   [IMAGEM] Extração de imagens desabilitada pelo usuário.
2025-09-26 02:22:30,116 - INFO -   [VENDEDOR] Encontrado (poly-card fallback): 'Tec Print'
2025-09-26 02:22:30,116 - INFO -   [MÉDIA AVALIAÇÕES] Encontrada (poly-card fallback): '4.7'
2025-09-26 02:22:30,117 - INFO -   [TOTAL AVALIAÇÕES] Encontrado (poly-card fallback): '453'
2025-09-26 02:22:30,117 - INFO -   [ENTREGA] Texto encontrado (general alt): 'Chegará grátis amanhã sábado'
2025-09-26 02:22:30,118 - INFO - Produto processado: Kit Cartucho Tinta Original Hp 664 Preto + Colorido 2136
2025-09-26 02:22:30,118 - DEBUG - Scraped from <200 https://lista.mercadolivre.com.br/cartucho-hp-664_Desde_51_NoIndex_True?sb=all_mercadolibre>
{'TITULO PRODUTO': 'Kit Cartucho Hp 664 Preto E Colorido 2135 2674 2676 Original', 'LINK': 'https://www.mercadolivre.com.br/kit-cartucho-hp-664-preto-e-colorido-2135-2674-2676-original/up/MLBU1120068512#polycard_client=search-nordic&search_layout=grid&position=28&type=product&tracking_id=bf1f27fd-bf17-42ee-9b99-19a84b34a9aa&wid=MLB3050587407&sid=search', 'ID_PRODUTO': 'N/A', 'PREÇO': 'R$ 143,90', 'PREÇO ANTERIOR': 'N/A', 'MARCA': 'N/A', 'IMAGEM': 'N/A (imagens desabilitadas)', 'VENDEDOR': 'N/A', 'MÉDIA AVALIAÇÕES': '4.7', 'TOTAL AVALIAÇÕES': '681', 'ENTREGA': 'Chegará grátis hoje', 'ENTREGA FULL': 'Sim'}
2025-09-26 02:22:30,119 - DEBUG - Scraped from <200 https://lista.mercadolivre.com.br/cartucho-hp-664_Desde_51_NoIndex_True?sb=all_mercadolibre>
{'TITULO PRODUTO': 'Cartucho Original Hp 664 Preto Deskjet 1115 2136 2676 4676', 'LINK': 'https://www.mercadolivre.com.br/cartucho-original-hp-664-preto-deskjet-1115-2136-2676-4676/up/MLBU1405308115#polycard_client=search-nordic&search_layout=grid&position=29&type=product&tracking_id=bf1f27fd-bf17-42ee-9b99-19a84b34a9aa&wid=MLB1653211626&sid=search', 'ID_PRODUTO': 'N/A', 'PREÇO': 'R$ 76,61', 'PREÇO ANTERIOR': 'N/A', 'MARCA': 'N/A', 'IMAGEM': 'N/A (imagens desabilitadas)', 'VENDEDOR': 'N/A', 'MÉDIA AVALIAÇÕES': '4.9', 'TOTAL AVALIAÇÕES': '50', 'ENTREGA': 'Frete grátis', 'ENTREGA FULL': 'Sim'}
2025-09-26 02:22:30,119 - INFO - --- Processando container de produto 32/57 (total coletado: 77, pulados: 2) ---
2025-09-26 02:22:30,120 - INFO -   [TÍTULO] Encontrado: 'Cartucho Hp 664 Xl Preto Original 2136 2676 3776 5076 5276'
2025-09-26 02:22:30,120 - INFO -   [LINK] Encontrado: 'https://www.mercadolivre.com.br/cartucho-hp-664-xl-preto-original-2136-2676-3776-5076-5276/up/MLBU1404143853#polycard_client=search-nordic&search_layout=grid&position=32&type=product&tracking_id=bf1f27fd-bf17-42ee-9b99-19a84b34a9aa&wid=MLB1625643846&sid=search'
2025-09-26 02:22:30,120 - WARNING -   [ID PRODUTO] Não encontrado no link: https://www.mercadolivre.com.br/cartucho-hp-664-xl-preto-original-2136-2676-3776-5076-5276/up/MLBU1404143853#polycard_client=search-nordic&search_layout=grid&position=32&type=product&tracking_id=bf1f27fd-bf17-42ee-9b99-19a84b34a9aa&wid=MLB1625643846&sid=search
2025-09-26 02:22:30,122 - INFO -   [PREÇO] Encontrado (poly-card fallback): 'R$ 235'
2025-09-26 02:22:30,123 - INFO -   [MARCA] Não encontrada (general/poly).
2025-09-26 02:22:30,124 - INFO -   [IMAGEM] Extração de imagens desabilitada pelo usuário.
2025-09-26 02:22:30,125 - INFO -   [VENDEDOR] Não encontrado para o container 32.
2025-09-26 02:22:30,126 - INFO -   [MÉDIA AVALIAÇÕES] Encontrada (poly-card fallback): '5.0'
2025-09-26 02:22:30,126 - INFO -   [TOTAL AVALIAÇÕES] Encontrado (poly-card fallback): '5'
2025-09-26 02:22:30,127 - INFO -   [ENTREGA] Texto encontrado (general alt): 'Chegará grátis hoje'
2025-09-26 02:22:30,128 - INFO -   [ENTREGA FULL] Indicador FULL encontrado (poly-card fallback SVG).
2025-09-26 02:22:30,129 - INFO - Produto processado: Cartucho Hp 664 Xl Preto Original 2136 2676 3776 5076 5276
2025-09-26 02:22:30,129 - INFO - --- Processando container de produto 33/57 (total coletado: 78, pulados: 2) ---
2025-09-26 02:22:30,131 - INFO -   [TÍTULO] Encontrado: 'Kit Cartucho Tinta Original Hp 667 Preto/colorido 2376 2776'
2025-09-26 02:22:30,132 - INFO -   [LINK] Encontrado: 'https://produto.mercadolivre.com.br/MLB-1757243706-kit-cartucho-tinta-original-hp-667-pretocolorido-2376-2776-_JM#polycard_client=search-nordic&search_layout=grid&position=33&type=item&tracking_id=bf1f27fd-bf17-42ee-9b99-19a84b34a9aa&wid=MLB1757243706&sid=search'
2025-09-26 02:22:30,132 - WARNING -   [ID PRODUTO] Não encontrado no link: https://produto.mercadolivre.com.br/MLB-1757243706-kit-cartucho-tinta-original-hp-667-pretocolorido-2376-2776-_JM#polycard_client=search-nordic&search_layout=grid&position=33&type=item&tracking_id=bf1f27fd-bf17-42ee-9b99-19a84b34a9aa&wid=MLB1757243706&sid=search
2025-09-26 02:22:30,133 - INFO -   [PREÇO] Encontrado (poly-card fallback): 'R$ 187,99'
2025-09-26 02:22:30,134 - INFO -   [MARCA] Não encontrada (general/poly).
2025-09-26 02:22:30,134 - INFO -   [IMAGEM] Extração de imagens desabilitada pelo usuário.
2025-09-26 02:22:30,135 - INFO -   [VENDEDOR] Encontrado (poly-card fallback): 'Tec Print'
2025-09-26 02:22:30,136 - INFO -   [MÉDIA AVALIAÇÕES] Encontrada (poly-card fallback): '4.7'
2025-09-26 02:22:30,136 - INFO -   [TOTAL AVALIAÇÕES] Encontrado (poly-card fallback): '471'
2025-09-26 02:22:30,137 - INFO -   [ENTREGA] Texto encontrado (general alt): 'Chegará grátis amanhã sábado'
2025-09-26 02:22:30,138 - INFO - Produto processado: Kit Cartucho Tinta Original Hp 667 Preto/colorido 2376 2776
2025-09-26 02:22:30,139 - DEBUG - Scraped from <200 https://lista.mercadolivre.com.br/cartucho-hp-664_Desde_51_NoIndex_True?sb=all_mercadolibre>
{'TITULO PRODUTO': 'Cartucho Hp 664 Preto (f6v29ab) + Hp 664 Colorido (f6v28ab)', 'LINK': 'https://www.mercadolivre.com.br/cartucho-hp-664-preto-f6v29ab-hp-664-colorido-f6v28ab/p/MLB38608218#polycard_client=search-nordic&search_layout=grid&position=30&type=product&tracking_id=bf1f27fd-bf17-42ee-9b99-19a84b34a9aa&wid=MLB3950252751&sid=search', 'ID_PRODUTO': 'MLB38608218', 'PREÇO': 'R$ 145', 'PREÇO ANTERIOR': 'N/A', 'MARCA': 'N/A', 'IMAGEM': 'N/A (imagens desabilitadas)', 'VENDEDOR': 'N/A', 'MÉDIA AVALIAÇÕES': '5.0', 'TOTAL AVALIAÇÕES': '3', 'ENTREGA': 'Frete grátis', 'ENTREGA FULL': 'Não'}
2025-09-26 02:22:30,140 - DEBUG - Scraped from <200 https://lista.mercadolivre.com.br/cartucho-hp-664_Desde_51_NoIndex_True?sb=all_mercadolibre>
{'TITULO PRODUTO': 'Kit Cartucho Tinta Original Hp 664 Preto + Colorido 2136', 'LINK': 'https://produto.mercadolivre.com.br/MLB-1730255884-kit-cartucho-tinta-original-hp-664-preto-colorido-2136-_JM#polycard_client=search-nordic&search_layout=grid&position=31&type=item&tracking_id=bf1f27fd-bf17-42ee-9b99-19a84b34a9aa&wid=MLB1730255884&sid=search', 'ID_PRODUTO': 'N/A', 'PREÇO': 'R$ 177,99', 'PREÇO ANTERIOR': 'N/A', 'MARCA': 'N/A', 'IMAGEM': 'N/A (imagens desabilitadas)', 'VENDEDOR': 'Tec Print', 'MÉDIA AVALIAÇÕES': '4.7', 'TOTAL AVALIAÇÕES': '453', 'ENTREGA': 'Chegará grátis amanhã sábado', 'ENTREGA FULL': 'Não'}
2025-09-26 02:22:30,141 - INFO - --- Processando container de produto 34/57 (total coletado: 79, pulados: 2) ---
2025-09-26 02:22:30,143 - INFO -   [TÍTULO] Encontrado: 'Cartucho Hp 664xl Preto Original (f6v31ab)'
2025-09-26 02:22:30,143 - INFO -   [LINK] Encontrado: 'https://www.mercadolivre.com.br/cartucho-hp-664xl-preto-original-f6v31ab/up/MLBU3283536628#polycard_client=search-nordic&search_layout=grid&position=34&type=product&tracking_id=bf1f27fd-bf17-42ee-9b99-19a84b34a9aa&wid=MLB5484181890&sid=search'
2025-09-26 02:22:30,144 - WARNING -   [ID PRODUTO] Não encontrado no link: https://www.mercadolivre.com.br/cartucho-hp-664xl-preto-original-f6v31ab/up/MLBU3283536628#polycard_client=search-nordic&search_layout=grid&position=34&type=product&tracking_id=bf1f27fd-bf17-42ee-9b99-19a84b34a9aa&wid=MLB5484181890&sid=search
2025-09-26 02:22:30,146 - INFO -   [PREÇO] Encontrado (poly-card fallback): 'R$ 179,90'
2025-09-26 02:22:30,148 - INFO -   [MARCA] Não encontrada (general/poly).
2025-09-26 02:22:30,149 - INFO -   [IMAGEM] Extração de imagens desabilitada pelo usuário.
2025-09-26 02:22:30,149 - INFO -   [VENDEDOR] Encontrado (poly-card fallback): 'Mercado Livre'
2025-09-26 02:22:30,150 - INFO -   [ENTREGA] Texto encontrado (general alt): 'Chegará grátis hoje'
2025-09-26 02:22:30,151 - INFO -   [ENTREGA FULL] Indicador FULL encontrado (poly-card fallback SVG).
2025-09-26 02:22:30,151 - INFO - Produto processado: Cartucho Hp 664xl Preto Original (f6v31ab)
2025-09-26 02:22:30,152 - DEBUG - Scraped from <200 https://lista.mercadolivre.com.br/cartucho-hp-664_Desde_51_NoIndex_True?sb=all_mercadolibre>
{'TITULO PRODUTO': 'Cartucho Hp 664 Xl Preto Original 2136 2676 3776 5076 5276', 'LINK': 'https://www.mercadolivre.com.br/cartucho-hp-664-xl-preto-original-2136-2676-3776-5076-5276/up/MLBU1404143853#polycard_client=search-nordic&search_layout=grid&position=32&type=product&tracking_id=bf1f27fd-bf17-42ee-9b99-19a84b34a9aa&wid=MLB1625643846&sid=search', 'ID_PRODUTO': 'N/A', 'PREÇO': 'R$ 235', 'PREÇO ANTERIOR': 'N/A', 'MARCA': 'N/A', 'IMAGEM': 'N/A (imagens desabilitadas)', 'VENDEDOR': 'N/A', 'MÉDIA AVALIAÇÕES': '5.0', 'TOTAL AVALIAÇÕES': '5', 'ENTREGA': 'Chegará grátis hoje', 'ENTREGA FULL': 'Sim'}
2025-09-26 02:22:30,153 - DEBUG - Scraped from <200 https://lista.mercadolivre.com.br/cartucho-hp-664_Desde_51_NoIndex_True?sb=all_mercadolibre>
{'TITULO PRODUTO': 'Kit Cartucho Tinta Original Hp 667 Preto/colorido 2376 2776', 'LINK': 'https://produto.mercadolivre.com.br/MLB-1757243706-kit-cartucho-tinta-original-hp-667-pretocolorido-2376-2776-_JM#polycard_client=search-nordic&search_layout=grid&position=33&type=item&tracking_id=bf1f27fd-bf17-42ee-9b99-19a84b34a9aa&wid=MLB1757243706&sid=search', 'ID_PRODUTO': 'N/A', 'PREÇO': 'R$ 187,99', 'PREÇO ANTERIOR': 'N/A', 'MARCA': 'N/A', 'IMAGEM': 'N/A (imagens desabilitadas)', 'VENDEDOR': 'Tec Print', 'MÉDIA AVALIAÇÕES': '4.7', 'TOTAL AVALIAÇÕES': '471', 'ENTREGA': 'Chegará grátis amanhã sábado', 'ENTREGA FULL': 'Não'}
2025-09-26 02:22:30,153 - INFO - --- Processando container de produto 35/57 (total coletado: 80, pulados: 2) ---
2025-09-26 02:22:30,154 - INFO -   [TÍTULO] Encontrado: 'Cartucho Hp F6v28ab 664 Tricolor 2ml'
2025-09-26 02:22:30,155 - INFO -   [LINK] Encontrado: 'https://www.mercadolivre.com.br/cartucho-hp-f6v28ab-664-tricolor-2ml/up/MLBU2665720476#polycard_client=search-nordic&search_layout=grid&position=35&type=product&tracking_id=bf1f27fd-bf17-42ee-9b99-19a84b34a9aa&wid=MLB3895287889&sid=search'
2025-09-26 02:22:30,158 - WARNING -   [ID PRODUTO] Não encontrado no link: https://www.mercadolivre.com.br/cartucho-hp-f6v28ab-664-tricolor-2ml/up/MLBU2665720476#polycard_client=search-nordic&search_layout=grid&position=35&type=product&tracking_id=bf1f27fd-bf17-42ee-9b99-19a84b34a9aa&wid=MLB3895287889&sid=search
2025-09-26 02:22:30,161 - INFO -   [PREÇO] Encontrado (poly-card fallback): 'R$ 100,97'
2025-09-26 02:22:30,162 - INFO -   [MARCA] Não encontrada (general/poly).
2025-09-26 02:22:30,163 - INFO -   [IMAGEM] Extração de imagens desabilitada pelo usuário.
2025-09-26 02:22:30,164 - INFO -   [VENDEDOR] Não encontrado para o container 35.
2025-09-26 02:22:30,166 - INFO -   [ENTREGA] Texto encontrado (general alt): 'Chegará grátis hoje'
2025-09-26 02:22:30,166 - INFO -   [ENTREGA FULL] Indicador FULL encontrado (poly-card fallback SVG).
2025-09-26 02:22:30,167 - INFO - Produto processado: Cartucho Hp F6v28ab 664 Tricolor 2ml
2025-09-26 02:22:30,168 - DEBUG - Scraped from <200 https://lista.mercadolivre.com.br/cartucho-hp-664_Desde_51_NoIndex_True?sb=all_mercadolibre>
{'TITULO PRODUTO': 'Cartucho Hp 664xl Preto Original (f6v31ab)', 'LINK': 'https://www.mercadolivre.com.br/cartucho-hp-664xl-preto-original-f6v31ab/up/MLBU3283536628#polycard_client=search-nordic&search_layout=grid&position=34&type=product&tracking_id=bf1f27fd-bf17-42ee-9b99-19a84b34a9aa&wid=MLB5484181890&sid=search', 'ID_PRODUTO': 'N/A', 'PREÇO': 'R$ 179,90', 'PREÇO ANTERIOR': 'N/A', 'MARCA': 'N/A', 'IMAGEM': 'N/A (imagens desabilitadas)', 'VENDEDOR': 'Mercado Livre', 'MÉDIA AVALIAÇÕES': 'N/A', 'TOTAL AVALIAÇÕES': 'N/A', 'ENTREGA': 'Chegará grátis hoje', 'ENTREGA FULL': 'Sim'}
2025-09-26 02:22:30,169 - INFO - --- Processando container de produto 36/57 (total coletado: 81, pulados: 2) ---
2025-09-26 02:22:30,170 - INFO -   [TÍTULO] Encontrado: 'Cartucho Hp 664 Preto Original - 2136 2676 3776 5076 Nf'
2025-09-26 02:22:30,170 - INFO -   [LINK] Encontrado: 'https://www.mercadolivre.com.br/cartucho-hp-664-preto-original--2136-2676-3776-5076-nf/up/MLBU1146955952#polycard_client=search-nordic&search_layout=grid&position=36&type=product&tracking_id=bf1f27fd-bf17-42ee-9b99-19a84b34a9aa&wid=MLB3627983662&sid=search'
2025-09-26 02:22:30,171 - WARNING -   [ID PRODUTO] Não encontrado no link: https://www.mercadolivre.com.br/cartucho-hp-664-preto-original--2136-2676-3776-5076-nf/up/MLBU1146955952#polycard_client=search-nordic&search_layout=grid&position=36&type=product&tracking_id=bf1f27fd-bf17-42ee-9b99-19a84b34a9aa&wid=MLB3627983662&sid=search
2025-09-26 02:22:30,173 - INFO -   [PREÇO] Encontrado (poly-card fallback): 'R$ 69,99'
2025-09-26 02:22:30,175 - INFO -   [MARCA] Não encontrada (general/poly).
2025-09-26 02:22:30,175 - INFO -   [IMAGEM] Extração de imagens desabilitada pelo usuário.
2025-09-26 02:22:30,176 - INFO -   [VENDEDOR] Não encontrado para o container 36.
2025-09-26 02:22:30,177 - INFO -   [MÉDIA AVALIAÇÕES] Encontrada (poly-card fallback): '4.8'
2025-09-26 02:22:30,178 - INFO -   [TOTAL AVALIAÇÕES] Encontrado (poly-card fallback): '5'
2025-09-26 02:22:30,179 - INFO -   [ENTREGA] Texto encontrado (poly-card fallback): 'Frete grátis'
2025-09-26 02:22:30,180 - INFO - Produto processado: Cartucho Hp 664 Preto Original - 2136 2676 3776 5076 Nf
2025-09-26 02:22:30,182 - DEBUG - Scraped from <200 https://lista.mercadolivre.com.br/cartucho-hp-664_Desde_51_NoIndex_True?sb=all_mercadolibre>
{'TITULO PRODUTO': 'Cartucho Hp F6v28ab 664 Tricolor 2ml', 'LINK': 'https://www.mercadolivre.com.br/cartucho-hp-f6v28ab-664-tricolor-2ml/up/MLBU2665720476#polycard_client=search-nordic&search_layout=grid&position=35&type=product&tracking_id=bf1f27fd-bf17-42ee-9b99-19a84b34a9aa&wid=MLB3895287889&sid=search', 'ID_PRODUTO': 'N/A', 'PREÇO': 'R$ 100,97', 'PREÇO ANTERIOR': 'N/A', 'MARCA': 'N/A', 'IMAGEM': 'N/A (imagens desabilitadas)', 'VENDEDOR': 'N/A', 'MÉDIA AVALIAÇÕES': 'N/A', 'TOTAL AVALIAÇÕES': 'N/A', 'ENTREGA': 'Chegará grátis hoje', 'ENTREGA FULL': 'Sim'}
2025-09-26 02:22:30,182 - INFO - --- Processando container de produto 37/57 (total coletado: 82, pulados: 2) ---
2025-09-26 02:22:30,185 - INFO -   [TÍTULO] Encontrado: 'Kit Cartucho Tinta Original Hp 664 Preto + 664 Colorido 2136'
2025-09-26 02:22:30,185 - INFO -   [LINK] Encontrado: 'https://produto.mercadolivre.com.br/MLB-4316333016-kit-cartucho-tinta-original-hp-664-preto-664-colorido-2136-_JM#polycard_client=search-nordic&search_layout=grid&position=37&type=item&tracking_id=bf1f27fd-bf17-42ee-9b99-19a84b34a9aa&wid=MLB4316333016&sid=search'
2025-09-26 02:22:30,186 - WARNING -   [ID PRODUTO] Não encontrado no link: https://produto.mercadolivre.com.br/MLB-4316333016-kit-cartucho-tinta-original-hp-664-preto-664-colorido-2136-_JM#polycard_client=search-nordic&search_layout=grid&position=37&type=item&tracking_id=bf1f27fd-bf17-42ee-9b99-19a84b34a9aa&wid=MLB4316333016&sid=search
2025-09-26 02:22:30,187 - INFO -   [PREÇO] Encontrado (poly-card fallback): 'R$ 187,84'
2025-09-26 02:22:30,188 - INFO -   [MARCA] Não encontrada (general/poly).
2025-09-26 02:22:30,188 - INFO -   [IMAGEM] Extração de imagens desabilitada pelo usuário.
2025-09-26 02:22:30,189 - INFO -   [VENDEDOR] Encontrado (poly-card fallback): 'Tec Print'
2025-09-26 02:22:30,191 - INFO -   [MÉDIA AVALIAÇÕES] Encontrada (poly-card fallback): '4.8'
2025-09-26 02:22:30,192 - INFO -   [TOTAL AVALIAÇÕES] Encontrado (poly-card fallback): '38'
2025-09-26 02:22:30,193 - INFO -   [ENTREGA] Texto encontrado (general alt): 'Chegará grátis amanhã sábado'
2025-09-26 02:22:30,194 - INFO - Produto processado: Kit Cartucho Tinta Original Hp 664 Preto + 664 Colorido 2136
2025-09-26 02:22:30,195 - DEBUG - Scraped from <200 https://lista.mercadolivre.com.br/cartucho-hp-664_Desde_51_NoIndex_True?sb=all_mercadolibre>
{'TITULO PRODUTO': 'Cartucho Hp 664 Preto Original - 2136 2676 3776 5076 Nf', 'LINK': 'https://www.mercadolivre.com.br/cartucho-hp-664-preto-original--2136-2676-3776-5076-nf/up/MLBU1146955952#polycard_client=search-nordic&search_layout=grid&position=36&type=product&tracking_id=bf1f27fd-bf17-42ee-9b99-19a84b34a9aa&wid=MLB3627983662&sid=search', 'ID_PRODUTO': 'N/A', 'PREÇO': 'R$ 69,99', 'PREÇO ANTERIOR': 'N/A', 'MARCA': 'N/A', 'IMAGEM': 'N/A (imagens desabilitadas)', 'VENDEDOR': 'N/A', 'MÉDIA AVALIAÇÕES': '4.8', 'TOTAL AVALIAÇÕES': '5', 'ENTREGA': 'Frete grátis', 'ENTREGA FULL': 'Não'}
2025-09-26 02:22:30,196 - INFO - --- Processando container de produto 38/57 (total coletado: 83, pulados: 2) ---
2025-09-26 02:22:30,197 - INFO -   [TÍTULO] Encontrado: 'Cartucho Hp 664 Preto Original (f6v29ab)'
2025-09-26 02:22:30,198 - INFO -   [LINK] Encontrado: 'https://www.mercadolivre.com.br/cartucho-hp-664-preto-original-f6v29ab/up/MLBU3281313712#polycard_client=search-nordic&search_layout=grid&position=38&type=product&tracking_id=bf1f27fd-bf17-42ee-9b99-19a84b34a9aa&wid=MLB4118074397&sid=search'
2025-09-26 02:22:30,199 - WARNING -   [ID PRODUTO] Não encontrado no link: https://www.mercadolivre.com.br/cartucho-hp-664-preto-original-f6v29ab/up/MLBU3281313712#polycard_client=search-nordic&search_layout=grid&position=38&type=product&tracking_id=bf1f27fd-bf17-42ee-9b99-19a84b34a9aa&wid=MLB4118074397&sid=search
2025-09-26 02:22:30,200 - INFO -   [PREÇO] Encontrado (poly-card fallback): 'R$ 69,90'
2025-09-26 02:22:30,203 - INFO -   [MARCA] Não encontrada (general/poly).
2025-09-26 02:22:30,203 - INFO -   [IMAGEM] Extração de imagens desabilitada pelo usuário.
2025-09-26 02:22:30,205 - INFO -   [VENDEDOR] Encontrado (poly-card fallback): 'Mercado Livre'
2025-09-26 02:22:30,208 - INFO -   [ENTREGA] Texto encontrado (poly-card fallback): 'Frete grátis'
2025-09-26 02:22:30,209 - INFO -   [ENTREGA FULL] Indicador FULL encontrado (poly-card fallback SVG).
2025-09-26 02:22:30,209 - INFO - Produto processado: Cartucho Hp 664 Preto Original (f6v29ab)
2025-09-26 02:22:30,210 - DEBUG - Scraped from <200 https://lista.mercadolivre.com.br/cartucho-hp-664_Desde_51_NoIndex_True?sb=all_mercadolibre>
{'TITULO PRODUTO': 'Kit Cartucho Tinta Original Hp 664 Preto + 664 Colorido 2136', 'LINK': 'https://produto.mercadolivre.com.br/MLB-4316333016-kit-cartucho-tinta-original-hp-664-preto-664-colorido-2136-_JM#polycard_client=search-nordic&search_layout=grid&position=37&type=item&tracking_id=bf1f27fd-bf17-42ee-9b99-19a84b34a9aa&wid=MLB4316333016&sid=search', 'ID_PRODUTO': 'N/A', 'PREÇO': 'R$ 187,84', 'PREÇO ANTERIOR': 'N/A', 'MARCA': 'N/A', 'IMAGEM': 'N/A (imagens desabilitadas)', 'VENDEDOR': 'Tec Print', 'MÉDIA AVALIAÇÕES': '4.8', 'TOTAL AVALIAÇÕES': '38', 'ENTREGA': 'Chegará grátis amanhã sábado', 'ENTREGA FULL': 'Não'}
2025-09-26 02:22:30,211 - INFO - --- Processando container de produto 39/57 (total coletado: 84, pulados: 2) ---
2025-09-26 02:22:30,213 - INFO -   [TÍTULO] Encontrado: 'Kit Cartucho 664 Preto E Color Original Hp 2136 3636 4676'
2025-09-26 02:22:30,213 - INFO -   [LINK] Encontrado: 'https://www.mercadolivre.com.br/kit-cartucho-664-preto-e-color-original-hp-2136-3636-4676/up/MLBU1967348992#polycard_client=search-nordic&search_layout=grid&position=39&type=product&tracking_id=bf1f27fd-bf17-42ee-9b99-19a84b34a9aa&wid=MLB1754287894&sid=search'
2025-09-26 02:22:30,214 - WARNING -   [ID PRODUTO] Não encontrado no link: https://www.mercadolivre.com.br/kit-cartucho-664-preto-e-color-original-hp-2136-3636-4676/up/MLBU1967348992#polycard_client=search-nordic&search_layout=grid&position=39&type=product&tracking_id=bf1f27fd-bf17-42ee-9b99-19a84b34a9aa&wid=MLB1754287894&sid=search
2025-09-26 02:22:30,216 - INFO -   [PREÇO] Encontrado (poly-card fallback): 'R$ 168,73'
2025-09-26 02:22:30,218 - INFO -   [PREÇO ANTERIOR] Encontrado (poly-card fallback): 'R$ 189'
2025-09-26 02:22:30,219 - INFO -   [MARCA] Não encontrada (general/poly).
2025-09-26 02:22:30,219 - INFO -   [IMAGEM] Extração de imagens desabilitada pelo usuário.
2025-09-26 02:22:30,220 - INFO -   [VENDEDOR] Encontrado (poly-card fallback): 'Primer Print'
2025-09-26 02:22:30,221 - INFO -   [MÉDIA AVALIAÇÕES] Encontrada (poly-card fallback): '4.7'
2025-09-26 02:22:30,221 - INFO -   [TOTAL AVALIAÇÕES] Encontrado (poly-card fallback): '366'
2025-09-26 02:22:30,222 - INFO -   [ENTREGA] Texto encontrado (general alt): 'Chegará grátis hoje'
2025-09-26 02:22:30,224 - INFO -   [ENTREGA FULL] Indicador FULL encontrado (poly-card fallback SVG).
2025-09-26 02:22:30,225 - INFO - Produto processado: Kit Cartucho 664 Preto E Color Original Hp 2136 3636 4676
2025-09-26 02:22:30,226 - DEBUG - Scraped from <200 https://lista.mercadolivre.com.br/cartucho-hp-664_Desde_51_NoIndex_True?sb=all_mercadolibre>
{'TITULO PRODUTO': 'Cartucho Hp 664 Preto Original (f6v29ab)', 'LINK': 'https://www.mercadolivre.com.br/cartucho-hp-664-preto-original-f6v29ab/up/MLBU3281313712#polycard_client=search-nordic&search_layout=grid&position=38&type=product&tracking_id=bf1f27fd-bf17-42ee-9b99-19a84b34a9aa&wid=MLB4118074397&sid=search', 'ID_PRODUTO': 'N/A', 'PREÇO': 'R$ 69,90', 'PREÇO ANTERIOR': 'N/A', 'MARCA': 'N/A', 'IMAGEM': 'N/A (imagens desabilitadas)', 'VENDEDOR': 'Mercado Livre', 'MÉDIA AVALIAÇÕES': 'N/A', 'TOTAL AVALIAÇÕES': 'N/A', 'ENTREGA': 'Frete grátis', 'ENTREGA FULL': 'Sim'}
2025-09-26 02:22:30,228 - INFO - --- Processando container de produto 40/57 (total coletado: 85, pulados: 2) ---
2025-09-26 02:22:30,230 - INFO -   [TÍTULO] Encontrado: 'Cartucho Hp 667 Preto Original 3ym79ab + 667 Color 3ym78al'
2025-09-26 02:22:30,231 - INFO -   [LINK] Encontrado: 'https://produto.mercadolivre.com.br/MLB-4316298166-cartucho-hp-667-preto-original-3ym79ab-667-color-3ym78al-_JM#polycard_client=search-nordic&search_layout=grid&position=40&type=item&tracking_id=bf1f27fd-bf17-42ee-9b99-19a84b34a9aa&wid=MLB4316298166&sid=search'
2025-09-26 02:22:30,231 - WARNING -   [ID PRODUTO] Não encontrado no link: https://produto.mercadolivre.com.br/MLB-4316298166-cartucho-hp-667-preto-original-3ym79ab-667-color-3ym78al-_JM#polycard_client=search-nordic&search_layout=grid&position=40&type=item&tracking_id=bf1f27fd-bf17-42ee-9b99-19a84b34a9aa&wid=MLB4316298166&sid=search
2025-09-26 02:22:30,233 - INFO -   [PREÇO] Encontrado (poly-card fallback): 'R$ 187,99'
2025-09-26 02:22:30,235 - INFO -   [MARCA] Não encontrada (general/poly).
2025-09-26 02:22:30,235 - INFO -   [IMAGEM] Extração de imagens desabilitada pelo usuário.
2025-09-26 02:22:30,237 - INFO -   [VENDEDOR] Encontrado (poly-card fallback): 'Tec Print'
2025-09-26 02:22:30,238 - INFO -   [MÉDIA AVALIAÇÕES] Encontrada (poly-card fallback): '4.5'
2025-09-26 02:22:30,238 - INFO -   [TOTAL AVALIAÇÕES] Encontrado (poly-card fallback): '71'
2025-09-26 02:22:30,240 - INFO -   [ENTREGA] Texto encontrado (general alt): 'Chegará grátis amanhã sábado'
2025-09-26 02:22:30,241 - INFO - Produto processado: Cartucho Hp 667 Preto Original 3ym79ab + 667 Color 3ym78al
2025-09-26 02:22:30,242 - DEBUG - Scraped from <200 https://lista.mercadolivre.com.br/cartucho-hp-664_Desde_51_NoIndex_True?sb=all_mercadolibre>
{'TITULO PRODUTO': 'Kit Cartucho 664 Preto E Color Original Hp 2136 3636 4676', 'LINK': 'https://www.mercadolivre.com.br/kit-cartucho-664-preto-e-color-original-hp-2136-3636-4676/up/MLBU1967348992#polycard_client=search-nordic&search_layout=grid&position=39&type=product&tracking_id=bf1f27fd-bf17-42ee-9b99-19a84b34a9aa&wid=MLB1754287894&sid=search', 'ID_PRODUTO': 'N/A', 'PREÇO': 'R$ 168,73', 'PREÇO ANTERIOR': 'R$ 189', 'MARCA': 'N/A', 'IMAGEM': 'N/A (imagens desabilitadas)', 'VENDEDOR': 'Primer Print', 'MÉDIA AVALIAÇÕES': '4.7', 'TOTAL AVALIAÇÕES': '366', 'ENTREGA': 'Chegará grátis hoje', 'ENTREGA FULL': 'Sim'}
2025-09-26 02:22:30,243 - INFO - --- Processando container de produto 41/57 (total coletado: 86, pulados: 2) ---
2025-09-26 02:22:30,244 - INFO -   [TÍTULO] Encontrado: 'Cartucho De Tinta Hp 664 Black Original Preto'
2025-09-26 02:22:30,244 - INFO -   [LINK] Encontrado: 'https://www.mercadolivre.com.br/cartucho-de-tinta-hp-664-black-original/up/MLBU2265149965#polycard_client=search-nordic&search_layout=grid&position=41&type=product&tracking_id=bf1f27fd-bf17-42ee-9b99-19a84b34a9aa&wid=MLB3492196783&sid=search'
2025-09-26 02:22:30,245 - WARNING -   [ID PRODUTO] Não encontrado no link: https://www.mercadolivre.com.br/cartucho-de-tinta-hp-664-black-original/up/MLBU2265149965#polycard_client=search-nordic&search_layout=grid&position=41&type=product&tracking_id=bf1f27fd-bf17-42ee-9b99-19a84b34a9aa&wid=MLB3492196783&sid=search
2025-09-26 02:22:30,246 - INFO -   [PREÇO] Encontrado (poly-card fallback): 'R$ 109,90'
2025-09-26 02:22:30,247 - INFO -   [MARCA] Não encontrada (general/poly).
2025-09-26 02:22:30,248 - INFO -   [IMAGEM] Extração de imagens desabilitada pelo usuário.
2025-09-26 02:22:30,249 - INFO -   [VENDEDOR] Não encontrado para o container 41.
2025-09-26 02:22:30,251 - INFO -   [ENTREGA] Texto encontrado (general alt): 'Chegará grátis amanhã sábado'
2025-09-26 02:22:30,252 - INFO - Produto processado: Cartucho De Tinta Hp 664 Black Original Preto
2025-09-26 02:22:30,252 - INFO - --- Processando container de produto 42/57 (total coletado: 87, pulados: 2) ---
2025-09-26 02:22:30,253 - INFO -   [TÍTULO] Encontrado: 'Kit Cartucho Hp 664 Preto + Hp 664 Colorido Original'
2025-09-26 02:22:30,254 - INFO -   [LINK] Encontrado: 'https://www.mercadolivre.com.br/kit-cartucho-hp-664-preto--hp-664-colorido-original/up/MLBU1967587877#polycard_client=search-nordic&search_layout=grid&position=42&type=product&tracking_id=bf1f27fd-bf17-42ee-9b99-19a84b34a9aa&wid=MLB2788479332&sid=search'
2025-09-26 02:22:30,254 - WARNING -   [ID PRODUTO] Não encontrado no link: https://www.mercadolivre.com.br/kit-cartucho-hp-664-preto--hp-664-colorido-original/up/MLBU1967587877#polycard_client=search-nordic&search_layout=grid&position=42&type=product&tracking_id=bf1f27fd-bf17-42ee-9b99-19a84b34a9aa&wid=MLB2788479332&sid=search
2025-09-26 02:22:30,256 - INFO -   [PREÇO] Encontrado (poly-card fallback): 'R$ 174'
2025-09-26 02:22:30,257 - INFO -   [MARCA] Não encontrada (general/poly).
2025-09-26 02:22:30,258 - INFO -   [IMAGEM] Extração de imagens desabilitada pelo usuário.
2025-09-26 02:22:30,259 - INFO -   [VENDEDOR] Não encontrado para o container 42.
2025-09-26 02:22:30,259 - INFO -   [MÉDIA AVALIAÇÕES] Encontrada (poly-card fallback): '4.4'
2025-09-26 02:22:30,260 - INFO -   [TOTAL AVALIAÇÕES] Encontrado (poly-card fallback): '25'
2025-09-26 02:22:30,260 - INFO -   [ENTREGA] Texto encontrado (general alt): 'Chegará grátis hoje'
2025-09-26 02:22:30,261 - INFO -   [ENTREGA FULL] Indicador FULL encontrado (poly-card fallback SVG).
2025-09-26 02:22:30,261 - INFO - Produto processado: Kit Cartucho Hp 664 Preto + Hp 664 Colorido Original
2025-09-26 02:22:30,262 - DEBUG - Scraped from <200 https://lista.mercadolivre.com.br/cartucho-hp-664_Desde_51_NoIndex_True?sb=all_mercadolibre>
{'TITULO PRODUTO': 'Cartucho Hp 667 Preto Original 3ym79ab + 667 Color 3ym78al', 'LINK': 'https://produto.mercadolivre.com.br/MLB-4316298166-cartucho-hp-667-preto-original-3ym79ab-667-color-3ym78al-_JM#polycard_client=search-nordic&search_layout=grid&position=40&type=item&tracking_id=bf1f27fd-bf17-42ee-9b99-19a84b34a9aa&wid=MLB4316298166&sid=search', 'ID_PRODUTO': 'N/A', 'PREÇO': 'R$ 187,99', 'PREÇO ANTERIOR': 'N/A', 'MARCA': 'N/A', 'IMAGEM': 'N/A (imagens desabilitadas)', 'VENDEDOR': 'Tec Print', 'MÉDIA AVALIAÇÕES': '4.5', 'TOTAL AVALIAÇÕES': '71', 'ENTREGA': 'Chegará grátis amanhã sábado', 'ENTREGA FULL': 'Não'}
2025-09-26 02:22:30,262 - INFO - --- Processando container de produto 43/57 (total coletado: 88, pulados: 2) ---
2025-09-26 02:22:30,264 - INFO -   [TÍTULO] Encontrado: 'Kit De Cartucho Hp 664xl Preto E Colorido'
2025-09-26 02:22:30,264 - INFO -   [LINK] Encontrado: 'https://www.mercadolivre.com.br/kit-de-cartucho-hp-664xl-preto-e-colorido/p/MLB40534204#polycard_client=search-nordic&search_layout=grid&position=43&type=product&tracking_id=bf1f27fd-bf17-42ee-9b99-19a84b34a9aa&wid=MLB4046782123&sid=search'
2025-09-26 02:22:30,265 - INFO -   [ID PRODUTO] Encontrado: 'MLB40534204'
2025-09-26 02:22:30,266 - INFO -   [PREÇO] Encontrado (poly-card fallback): 'R$ 349,99'
2025-09-26 02:22:30,267 - INFO -   [MARCA] Não encontrada (general/poly).
2025-09-26 02:22:30,268 - INFO -   [IMAGEM] Extração de imagens desabilitada pelo usuário.
2025-09-26 02:22:30,268 - INFO -   [VENDEDOR] Não encontrado para o container 43.
2025-09-26 02:22:30,269 - INFO -   [MÉDIA AVALIAÇÕES] Encontrada (poly-card fallback): '4.6'
2025-09-26 02:22:30,269 - INFO -   [TOTAL AVALIAÇÕES] Encontrado (poly-card fallback): '118'
2025-09-26 02:22:30,270 - INFO -   [ENTREGA] Texto encontrado (poly-card fallback): 'Frete grátis'
2025-09-26 02:22:30,271 - INFO - Produto processado: Kit De Cartucho Hp 664xl Preto E Colorido
2025-09-26 02:22:30,271 - INFO - --- Processando container de produto 44/57 (total coletado: 89, pulados: 2) ---
2025-09-26 02:22:30,272 - INFO -   [TÍTULO] Encontrado: 'Kit Cartuchos Hp 664 Preto Color 2136 2676 3636 3776 4536'
2025-09-26 02:22:30,272 - INFO -   [LINK] Encontrado: 'https://www.mercadolivre.com.br/kit-cartuchos-hp-664-preto-color-2136-2676-3636-3776-4536/up/MLBU1423476670#polycard_client=search-nordic&search_layout=grid&position=44&type=product&tracking_id=bf1f27fd-bf17-42ee-9b99-19a84b34a9aa&wid=MLB5579150630&sid=search'
2025-09-26 02:22:30,273 - WARNING -   [ID PRODUTO] Não encontrado no link: https://www.mercadolivre.com.br/kit-cartuchos-hp-664-preto-color-2136-2676-3636-3776-4536/up/MLBU1423476670#polycard_client=search-nordic&search_layout=grid&position=44&type=product&tracking_id=bf1f27fd-bf17-42ee-9b99-19a84b34a9aa&wid=MLB5579150630&sid=search
2025-09-26 02:22:30,275 - INFO -   [PREÇO] Encontrado (poly-card fallback): 'R$ 179,99'
2025-09-26 02:22:30,276 - INFO -   [MARCA] Não encontrada (general/poly).
2025-09-26 02:22:30,277 - INFO -   [IMAGEM] Extração de imagens desabilitada pelo usuário.
2025-09-26 02:22:30,277 - INFO -   [VENDEDOR] Não encontrado para o container 44.
2025-09-26 02:22:30,279 - INFO -   [ENTREGA] Texto encontrado (general alt): 'Chegará grátis hoje'
2025-09-26 02:22:30,280 - INFO -   [ENTREGA FULL] Indicador FULL encontrado (poly-card fallback SVG).
2025-09-26 02:22:30,280 - INFO - Produto processado: Kit Cartuchos Hp 664 Preto Color 2136 2676 3636 3776 4536
2025-09-26 02:22:30,281 - DEBUG - Scraped from <200 https://lista.mercadolivre.com.br/cartucho-hp-664_Desde_51_NoIndex_True?sb=all_mercadolibre>
{'TITULO PRODUTO': 'Cartucho De Tinta Hp 664 Black Original Preto', 'LINK': 'https://www.mercadolivre.com.br/cartucho-de-tinta-hp-664-black-original/up/MLBU2265149965#polycard_client=search-nordic&search_layout=grid&position=41&type=product&tracking_id=bf1f27fd-bf17-42ee-9b99-19a84b34a9aa&wid=MLB3492196783&sid=search', 'ID_PRODUTO': 'N/A', 'PREÇO': 'R$ 109,90', 'PREÇO ANTERIOR': 'N/A', 'MARCA': 'N/A', 'IMAGEM': 'N/A (imagens desabilitadas)', 'VENDEDOR': 'N/A', 'MÉDIA AVALIAÇÕES': 'N/A', 'TOTAL AVALIAÇÕES': 'N/A', 'ENTREGA': 'Chegará grátis amanhã sábado', 'ENTREGA FULL': 'Não'}
2025-09-26 02:22:30,282 - DEBUG - Scraped from <200 https://lista.mercadolivre.com.br/cartucho-hp-664_Desde_51_NoIndex_True?sb=all_mercadolibre>
{'TITULO PRODUTO': 'Kit Cartucho Hp 664 Preto + Hp 664 Colorido Original', 'LINK': 'https://www.mercadolivre.com.br/kit-cartucho-hp-664-preto--hp-664-colorido-original/up/MLBU1967587877#polycard_client=search-nordic&search_layout=grid&position=42&type=product&tracking_id=bf1f27fd-bf17-42ee-9b99-19a84b34a9aa&wid=MLB2788479332&sid=search', 'ID_PRODUTO': 'N/A', 'PREÇO': 'R$ 174', 'PREÇO ANTERIOR': 'N/A', 'MARCA': 'N/A', 'IMAGEM': 'N/A (imagens desabilitadas)', 'VENDEDOR': 'N/A', 'MÉDIA AVALIAÇÕES': '4.4', 'TOTAL AVALIAÇÕES': '25', 'ENTREGA': 'Chegará grátis hoje', 'ENTREGA FULL': 'Sim'}
2025-09-26 02:22:30,283 - INFO - --- Processando container de produto 45/57 (total coletado: 90, pulados: 2) ---
2025-09-26 02:22:30,284 - INFO -   [TÍTULO] Encontrado: 'Kit Cartucho 664 Preto + Colorido (Recondicionado)'
2025-09-26 02:22:30,284 - INFO -   [LINK] Encontrado: 'https://www.mercadolivre.com.br/kit-cartucho-664-preto--colorido/up/MLBU2244757939#polycard_client=search-nordic&search_layout=grid&position=45&type=product&tracking_id=bf1f27fd-bf17-42ee-9b99-19a84b34a9aa&wid=MLB3370139765&sid=search'
2025-09-26 02:22:30,285 - WARNING -   [ID PRODUTO] Não encontrado no link: https://www.mercadolivre.com.br/kit-cartucho-664-preto--colorido/up/MLBU2244757939#polycard_client=search-nordic&search_layout=grid&position=45&type=product&tracking_id=bf1f27fd-bf17-42ee-9b99-19a84b34a9aa&wid=MLB3370139765&sid=search
2025-09-26 02:22:30,286 - INFO -   [PREÇO] Encontrado (poly-card fallback): 'R$ 109,95'
2025-09-26 02:22:30,287 - INFO -   [MARCA] Não encontrada (general/poly).
2025-09-26 02:22:30,287 - INFO -   [IMAGEM] Extração de imagens desabilitada pelo usuário.
2025-09-26 02:22:30,287 - INFO -   [VENDEDOR] Não encontrado para o container 45.
2025-09-26 02:22:30,289 - INFO -   [MÉDIA AVALIAÇÕES] Encontrada (poly-card fallback): '3.4'
2025-09-26 02:22:30,289 - INFO -   [TOTAL AVALIAÇÕES] Encontrado (poly-card fallback): '5'
2025-09-26 02:22:30,291 - INFO -   [ENTREGA] Texto encontrado (general alt): 'Chegará grátis amanhã sábado'
2025-09-26 02:22:30,292 - INFO - Produto processado: Kit Cartucho 664 Preto + Colorido (Recondicionado)
2025-09-26 02:22:30,292 - INFO - --- Processando container de produto 46/57 (total coletado: 91, pulados: 2) ---
2025-09-26 02:22:30,294 - INFO -   [TÍTULO] Encontrado: 'Cartuchos De Tinta Original Hp 667 Kit 2 Preto 1 Colorido'
2025-09-26 02:22:30,294 - INFO -   [LINK] Encontrado: 'https://produto.mercadolivre.com.br/MLB-3593038716-cartuchos-de-tinta-original-hp-667-kit-2-preto-1-colorido-_JM#polycard_client=search-nordic&search_layout=grid&position=46&type=item&tracking_id=bf1f27fd-bf17-42ee-9b99-19a84b34a9aa&wid=MLB3593038716&sid=search'
2025-09-26 02:22:30,295 - WARNING -   [ID PRODUTO] Não encontrado no link: https://produto.mercadolivre.com.br/MLB-3593038716-cartuchos-de-tinta-original-hp-667-kit-2-preto-1-colorido-_JM#polycard_client=search-nordic&search_layout=grid&position=46&type=item&tracking_id=bf1f27fd-bf17-42ee-9b99-19a84b34a9aa&wid=MLB3593038716&sid=search
2025-09-26 02:22:30,296 - INFO -   [PREÇO] Encontrado (poly-card fallback): 'R$ 279,90'
2025-09-26 02:22:30,298 - INFO -   [MARCA] Não encontrada (general/poly).
2025-09-26 02:22:30,298 - INFO -   [IMAGEM] Extração de imagens desabilitada pelo usuário.
2025-09-26 02:22:30,300 - INFO -   [VENDEDOR] Encontrado (poly-card fallback): 'Tec Print'
2025-09-26 02:22:30,301 - INFO -   [MÉDIA AVALIAÇÕES] Encontrada (poly-card fallback): '4.7'
2025-09-26 02:22:30,302 - INFO -   [TOTAL AVALIAÇÕES] Encontrado (poly-card fallback): '55'
2025-09-26 02:22:30,303 - INFO -   [ENTREGA] Texto encontrado (general alt): 'Chegará grátis amanhã sábado'
2025-09-26 02:22:30,304 - INFO - Produto processado: Cartuchos De Tinta Original Hp 667 Kit 2 Preto 1 Colorido
2025-09-26 02:22:30,304 - DEBUG - Scraped from <200 https://lista.mercadolivre.com.br/cartucho-hp-664_Desde_51_NoIndex_True?sb=all_mercadolibre>
{'TITULO PRODUTO': 'Kit De Cartucho Hp 664xl Preto E Colorido', 'LINK': 'https://www.mercadolivre.com.br/kit-de-cartucho-hp-664xl-preto-e-colorido/p/MLB40534204#polycard_client=search-nordic&search_layout=grid&position=43&type=product&tracking_id=bf1f27fd-bf17-42ee-9b99-19a84b34a9aa&wid=MLB4046782123&sid=search', 'ID_PRODUTO': 'MLB40534204', 'PREÇO': 'R$ 349,99', 'PREÇO ANTERIOR': 'N/A', 'MARCA': 'N/A', 'IMAGEM': 'N/A (imagens desabilitadas)', 'VENDEDOR': 'N/A', 'MÉDIA AVALIAÇÕES': '4.6', 'TOTAL AVALIAÇÕES': '118', 'ENTREGA': 'Frete grátis', 'ENTREGA FULL': 'Não'}
2025-09-26 02:22:30,305 - DEBUG - Scraped from <200 https://lista.mercadolivre.com.br/cartucho-hp-664_Desde_51_NoIndex_True?sb=all_mercadolibre>
{'TITULO PRODUTO': 'Kit Cartuchos Hp 664 Preto Color 2136 2676 3636 3776 4536', 'LINK': 'https://www.mercadolivre.com.br/kit-cartuchos-hp-664-preto-color-2136-2676-3636-3776-4536/up/MLBU1423476670#polycard_client=search-nordic&search_layout=grid&position=44&type=product&tracking_id=bf1f27fd-bf17-42ee-9b99-19a84b34a9aa&wid=MLB5579150630&sid=search', 'ID_PRODUTO': 'N/A', 'PREÇO': 'R$ 179,99', 'PREÇO ANTERIOR': 'N/A', 'MARCA': 'N/A', 'IMAGEM': 'N/A (imagens desabilitadas)', 'VENDEDOR': 'N/A', 'MÉDIA AVALIAÇÕES': 'N/A', 'TOTAL AVALIAÇÕES': 'N/A', 'ENTREGA': 'Chegará grátis hoje', 'ENTREGA FULL': 'Sim'}
2025-09-26 02:22:30,307 - INFO - --- Processando container de produto 47/57 (total coletado: 92, pulados: 2) ---
2025-09-26 02:22:30,308 - INFO -   [TÍTULO] Encontrado: 'Kit 2 Cartucho Hp 664 F6v29ab Preto Ink Advantage 2136 2676'
2025-09-26 02:22:30,309 - INFO -   [LINK] Encontrado: 'https://www.mercadolivre.com.br/kit-2-cartucho-hp-664-f6v29ab-preto-ink-advantage-2136-2676/up/MLBU736406824#polycard_client=search-nordic&search_layout=grid&position=47&type=product&tracking_id=bf1f27fd-bf17-42ee-9b99-19a84b34a9aa&wid=MLB1815350101&sid=search'
2025-09-26 02:22:30,309 - WARNING -   [ID PRODUTO] Não encontrado no link: https://www.mercadolivre.com.br/kit-2-cartucho-hp-664-f6v29ab-preto-ink-advantage-2136-2676/up/MLBU736406824#polycard_client=search-nordic&search_layout=grid&position=47&type=product&tracking_id=bf1f27fd-bf17-42ee-9b99-19a84b34a9aa&wid=MLB1815350101&sid=search
2025-09-26 02:22:30,311 - INFO -   [PREÇO] Encontrado (poly-card fallback): 'R$ 171,34'
2025-09-26 02:22:30,313 - INFO -   [MARCA] Não encontrada (general/poly).
2025-09-26 02:22:30,313 - INFO -   [IMAGEM] Extração de imagens desabilitada pelo usuário.
2025-09-26 02:22:30,314 - INFO -   [VENDEDOR] Não encontrado para o container 47.
2025-09-26 02:22:30,316 - INFO -   [ENTREGA] Texto encontrado (poly-card fallback): 'Frete grátis'
2025-09-26 02:22:30,317 - INFO - Produto processado: Kit 2 Cartucho Hp 664 F6v29ab Preto Ink Advantage 2136 2676
2025-09-26 02:22:30,317 - DEBUG - Scraped from <200 https://lista.mercadolivre.com.br/cartucho-hp-664_Desde_51_NoIndex_True?sb=all_mercadolibre>
{'TITULO PRODUTO': 'Kit Cartucho 664 Preto + Colorido (Recondicionado)', 'LINK': 'https://www.mercadolivre.com.br/kit-cartucho-664-preto--colorido/up/MLBU2244757939#polycard_client=search-nordic&search_layout=grid&position=45&type=product&tracking_id=bf1f27fd-bf17-42ee-9b99-19a84b34a9aa&wid=MLB3370139765&sid=search', 'ID_PRODUTO': 'N/A', 'PREÇO': 'R$ 109,95', 'PREÇO ANTERIOR': 'N/A', 'MARCA': 'N/A', 'IMAGEM': 'N/A (imagens desabilitadas)', 'VENDEDOR': 'N/A', 'MÉDIA AVALIAÇÕES': '3.4', 'TOTAL AVALIAÇÕES': '5', 'ENTREGA': 'Chegará grátis amanhã sábado', 'ENTREGA FULL': 'Não'}
2025-09-26 02:22:30,318 - DEBUG - Scraped from <200 https://lista.mercadolivre.com.br/cartucho-hp-664_Desde_51_NoIndex_True?sb=all_mercadolibre>
{'TITULO PRODUTO': 'Cartuchos De Tinta Original Hp 667 Kit 2 Preto 1 Colorido', 'LINK': 'https://produto.mercadolivre.com.br/MLB-3593038716-cartuchos-de-tinta-original-hp-667-kit-2-preto-1-colorido-_JM#polycard_client=search-nordic&search_layout=grid&position=46&type=item&tracking_id=bf1f27fd-bf17-42ee-9b99-19a84b34a9aa&wid=MLB3593038716&sid=search', 'ID_PRODUTO': 'N/A', 'PREÇO': 'R$ 279,90', 'PREÇO ANTERIOR': 'N/A', 'MARCA': 'N/A', 'IMAGEM': 'N/A (imagens desabilitadas)', 'VENDEDOR': 'Tec Print', 'MÉDIA AVALIAÇÕES': '4.7', 'TOTAL AVALIAÇÕES': '55', 'ENTREGA': 'Chegará grátis amanhã sábado', 'ENTREGA FULL': 'Não'}
2025-09-26 02:22:30,318 - INFO - --- Processando container de produto 48/57 (total coletado: 93, pulados: 2) ---
2025-09-26 02:22:30,319 - INFO -   [TÍTULO] Encontrado: 'Cartucho De Tinta Hp 664xl Black Original Preto'
2025-09-26 02:22:30,319 - INFO -   [LINK] Encontrado: 'https://www.mercadolivre.com.br/cartucho-de-tinta-hp-664xl-black-original/up/MLBU1732097290#polycard_client=search-nordic&search_layout=grid&position=48&type=product&tracking_id=bf1f27fd-bf17-42ee-9b99-19a84b34a9aa&wid=MLB4155422472&sid=search'
2025-09-26 02:22:30,320 - WARNING -   [ID PRODUTO] Não encontrado no link: https://www.mercadolivre.com.br/cartucho-de-tinta-hp-664xl-black-original/up/MLBU1732097290#polycard_client=search-nordic&search_layout=grid&position=48&type=product&tracking_id=bf1f27fd-bf17-42ee-9b99-19a84b34a9aa&wid=MLB4155422472&sid=search
2025-09-26 02:22:30,321 - INFO -   [PREÇO] Encontrado (poly-card fallback): 'R$ 219,90'
2025-09-26 02:22:30,322 - INFO -   [MARCA] Não encontrada (general/poly).
2025-09-26 02:22:30,322 - INFO -   [IMAGEM] Extração de imagens desabilitada pelo usuário.
2025-09-26 02:22:30,323 - INFO -   [VENDEDOR] Não encontrado para o container 48.
2025-09-26 02:22:30,325 - INFO -   [ENTREGA] Texto encontrado (general alt): 'Chegará grátis amanhã sábado'
2025-09-26 02:22:30,326 - INFO - Produto processado: Cartucho De Tinta Hp 664xl Black Original Preto
2025-09-26 02:22:30,326 - INFO - --- Processando container de produto 49/57 (total coletado: 94, pulados: 2) ---
2025-09-26 02:22:30,327 - INFO -   [TÍTULO] Encontrado: 'Cartucho Tinta Original Hp 954 L0s53ab Magenta 8700 8710'
2025-09-26 02:22:30,327 - INFO -   [LINK] Encontrado: 'https://produto.mercadolivre.com.br/MLB-1759136804-cartucho-tinta-original-hp-954-l0s53ab-magenta-8700-8710-_JM#polycard_client=search-nordic&search_layout=grid&position=49&type=item&tracking_id=bf1f27fd-bf17-42ee-9b99-19a84b34a9aa&wid=MLB1759136804&sid=search'
2025-09-26 02:22:30,328 - WARNING -   [ID PRODUTO] Não encontrado no link: https://produto.mercadolivre.com.br/MLB-1759136804-cartucho-tinta-original-hp-954-l0s53ab-magenta-8700-8710-_JM#polycard_client=search-nordic&search_layout=grid&position=49&type=item&tracking_id=bf1f27fd-bf17-42ee-9b99-19a84b34a9aa&wid=MLB1759136804&sid=search
2025-09-26 02:22:30,329 - INFO -   [PREÇO] Encontrado (poly-card fallback): 'R$ 167,79'
2025-09-26 02:22:30,331 - INFO -   [MARCA] Não encontrada (general/poly).
2025-09-26 02:22:30,331 - INFO -   [IMAGEM] Extração de imagens desabilitada pelo usuário.
2025-09-26 02:22:30,332 - INFO -   [VENDEDOR] Encontrado (poly-card fallback): 'Tec Print'
2025-09-26 02:22:30,333 - INFO -   [MÉDIA AVALIAÇÕES] Encontrada (poly-card fallback): '3.8'
2025-09-26 02:22:30,333 - INFO -   [TOTAL AVALIAÇÕES] Encontrado (poly-card fallback): '5'
2025-09-26 02:22:30,334 - INFO -   [ENTREGA] Texto encontrado (general alt): 'Chegará grátis amanhã sábado'
2025-09-26 02:22:30,334 - INFO - Produto processado: Cartucho Tinta Original Hp 954 L0s53ab Magenta 8700 8710
2025-09-26 02:22:30,335 - DEBUG - Scraped from <200 https://lista.mercadolivre.com.br/cartucho-hp-664_Desde_51_NoIndex_True?sb=all_mercadolibre>
{'TITULO PRODUTO': 'Kit 2 Cartucho Hp 664 F6v29ab Preto Ink Advantage 2136 2676', 'LINK': 'https://www.mercadolivre.com.br/kit-2-cartucho-hp-664-f6v29ab-preto-ink-advantage-2136-2676/up/MLBU736406824#polycard_client=search-nordic&search_layout=grid&position=47&type=product&tracking_id=bf1f27fd-bf17-42ee-9b99-19a84b34a9aa&wid=MLB1815350101&sid=search', 'ID_PRODUTO': 'N/A', 'PREÇO': 'R$ 171,34', 'PREÇO ANTERIOR': 'N/A', 'MARCA': 'N/A', 'IMAGEM': 'N/A (imagens desabilitadas)', 'VENDEDOR': 'N/A', 'MÉDIA AVALIAÇÕES': 'N/A', 'TOTAL AVALIAÇÕES': 'N/A', 'ENTREGA': 'Frete grátis', 'ENTREGA FULL': 'Não'}
2025-09-26 02:22:30,335 - INFO - --- Processando container de produto 50/57 (total coletado: 95, pulados: 2) ---
2025-09-26 02:22:30,336 - INFO -   [TÍTULO] Encontrado: 'Kit Cartucho Hp 667 Preto E 667 Colorido Tinta'
2025-09-26 02:22:30,336 - INFO -   [LINK] Encontrado: 'https://www.mercadolivre.com.br/kit-cartucho-hp-667-preto-e-667-colorido-tinta/p/MLB41255685#polycard_client=search-nordic&search_layout=grid&position=50&type=product&tracking_id=bf1f27fd-bf17-42ee-9b99-19a84b34a9aa&wid=MLB3865724035&sid=search'
2025-09-26 02:22:30,337 - INFO -   [ID PRODUTO] Encontrado: 'MLB41255685'
2025-09-26 02:22:30,338 - INFO -   [PREÇO] Encontrado (poly-card fallback): 'R$ 180,88'
2025-09-26 02:22:30,339 - INFO -   [MARCA] Não encontrada (general/poly).
2025-09-26 02:22:30,340 - INFO -   [IMAGEM] Extração de imagens desabilitada pelo usuário.
2025-09-26 02:22:30,341 - INFO -   [VENDEDOR] Não encontrado para o container 50.
2025-09-26 02:22:30,342 - INFO -   [MÉDIA AVALIAÇÕES] Encontrada (poly-card fallback): '4.3'
2025-09-26 02:22:30,343 - INFO -   [TOTAL AVALIAÇÕES] Encontrado (poly-card fallback): '3'
2025-09-26 02:22:30,343 - INFO -   [ENTREGA] Texto encontrado (general alt): 'Chegará grátis amanhã sábado'
2025-09-26 02:22:30,344 - INFO - Produto processado: Kit Cartucho Hp 667 Preto E 667 Colorido Tinta
2025-09-26 02:22:30,344 - INFO - --- Processando container de produto 51/57 (total coletado: 96, pulados: 2) ---
2025-09-26 02:22:30,345 - INFO -   [TÍTULO] Encontrado: 'Cartucho Hp 664 Preto Original F6v29ab - 2136 2676 3776 5076'
2025-09-26 02:22:30,346 - INFO -   [LINK] Encontrado: 'https://www.mercadolivre.com.br/cartucho-hp-664-preto-original-f6v29ab--2136-2676-3776-5076/up/MLBU1429914406#polycard_client=search-nordic&search_layout=grid&position=51&type=product&tracking_id=bf1f27fd-bf17-42ee-9b99-19a84b34a9aa&wid=MLB2212561087&sid=search'
2025-09-26 02:22:30,346 - WARNING -   [ID PRODUTO] Não encontrado no link: https://www.mercadolivre.com.br/cartucho-hp-664-preto-original-f6v29ab--2136-2676-3776-5076/up/MLBU1429914406#polycard_client=search-nordic&search_layout=grid&position=51&type=product&tracking_id=bf1f27fd-bf17-42ee-9b99-19a84b34a9aa&wid=MLB2212561087&sid=search
2025-09-26 02:22:30,348 - INFO -   [PREÇO] Encontrado (poly-card fallback): 'R$ 78,90'
2025-09-26 02:22:30,349 - INFO -   [MARCA] Não encontrada (general/poly).
2025-09-26 02:22:30,350 - INFO -   [IMAGEM] Extração de imagens desabilitada pelo usuário.
2025-09-26 02:22:30,350 - INFO -   [VENDEDOR] Não encontrado para o container 51.
2025-09-26 02:22:30,351 - INFO -   [MÉDIA AVALIAÇÕES] Encontrada (poly-card fallback): '4.6'
2025-09-26 02:22:30,351 - INFO -   [TOTAL AVALIAÇÕES] Encontrado (poly-card fallback): '11'
2025-09-26 02:22:30,352 - INFO -   [ENTREGA] Texto encontrado (poly-card fallback): 'Frete grátis'
2025-09-26 02:22:30,352 - INFO - Produto processado: Cartucho Hp 664 Preto Original F6v29ab - 2136 2676 3776 5076
2025-09-26 02:22:30,353 - DEBUG - Scraped from <200 https://lista.mercadolivre.com.br/cartucho-hp-664_Desde_51_NoIndex_True?sb=all_mercadolibre>
{'TITULO PRODUTO': 'Cartucho De Tinta Hp 664xl Black Original Preto', 'LINK': 'https://www.mercadolivre.com.br/cartucho-de-tinta-hp-664xl-black-original/up/MLBU1732097290#polycard_client=search-nordic&search_layout=grid&position=48&type=product&tracking_id=bf1f27fd-bf17-42ee-9b99-19a84b34a9aa&wid=MLB4155422472&sid=search', 'ID_PRODUTO': 'N/A', 'PREÇO': 'R$ 219,90', 'PREÇO ANTERIOR': 'N/A', 'MARCA': 'N/A', 'IMAGEM': 'N/A (imagens desabilitadas)', 'VENDEDOR': 'N/A', 'MÉDIA AVALIAÇÕES': 'N/A', 'TOTAL AVALIAÇÕES': 'N/A', 'ENTREGA': 'Chegará grátis amanhã sábado', 'ENTREGA FULL': 'Não'}
2025-09-26 02:22:30,353 - DEBUG - Scraped from <200 https://lista.mercadolivre.com.br/cartucho-hp-664_Desde_51_NoIndex_True?sb=all_mercadolibre>
{'TITULO PRODUTO': 'Cartucho Tinta Original Hp 954 L0s53ab Magenta 8700 8710', 'LINK': 'https://produto.mercadolivre.com.br/MLB-1759136804-cartucho-tinta-original-hp-954-l0s53ab-magenta-8700-8710-_JM#polycard_client=search-nordic&search_layout=grid&position=49&type=item&tracking_id=bf1f27fd-bf17-42ee-9b99-19a84b34a9aa&wid=MLB1759136804&sid=search', 'ID_PRODUTO': 'N/A', 'PREÇO': 'R$ 167,79', 'PREÇO ANTERIOR': 'N/A', 'MARCA': 'N/A', 'IMAGEM': 'N/A (imagens desabilitadas)', 'VENDEDOR': 'Tec Print', 'MÉDIA AVALIAÇÕES': '3.8', 'TOTAL AVALIAÇÕES': '5', 'ENTREGA': 'Chegará grátis amanhã sábado', 'ENTREGA FULL': 'Não'}
2025-09-26 02:22:30,354 - INFO - --- Processando container de produto 52/57 (total coletado: 97, pulados: 2) ---
2025-09-26 02:22:30,354 - INFO -   [TÍTULO] Encontrado: 'Cartucho 74 Preto Hp D4260 D5360 C4280 C4480 C5280'
2025-09-26 02:22:30,355 - INFO -   [LINK] Encontrado: 'https://www.mercadolivre.com.br/cartucho-74-preto-hp-d4260-d5360-c4280-c4480-c5280/p/MLB36750870#polycard_client=search-nordic&search_layout=grid&position=52&type=product&tracking_id=bf1f27fd-bf17-42ee-9b99-19a84b34a9aa&wid=MLB5166387470&sid=search'
2025-09-26 02:22:30,355 - INFO -   [ID PRODUTO] Encontrado: 'MLB36750870'
2025-09-26 02:22:30,356 - INFO -   [PREÇO] Encontrado (poly-card fallback): 'R$ 189'
2025-09-26 02:22:30,357 - INFO -   [MARCA] Não encontrada (general/poly).
2025-09-26 02:22:30,358 - INFO -   [IMAGEM] Extração de imagens desabilitada pelo usuário.
2025-09-26 02:22:30,359 - INFO -   [VENDEDOR] Não encontrado para o container 52.
2025-09-26 02:22:30,360 - INFO -   [MÉDIA AVALIAÇÕES] Encontrada (poly-card fallback): '4.9'
2025-09-26 02:22:30,360 - INFO -   [TOTAL AVALIAÇÕES] Encontrado (poly-card fallback): '13'
2025-09-26 02:22:30,361 - INFO -   [ENTREGA] Texto encontrado (poly-card fallback): 'Frete grátis'
2025-09-26 02:22:30,362 - INFO - Produto processado: Cartucho 74 Preto Hp D4260 D5360 C4280 C4480 C5280
2025-09-26 02:22:30,362 - INFO - --- Processando container de produto 53/57 (total coletado: 98, pulados: 2) ---
2025-09-26 02:22:30,364 - INFO -   [TÍTULO] Encontrado: 'Cartucho Hp 664 Xl Preto Original 2136 2676 3776 5076 5276'
2025-09-26 02:22:30,364 - INFO -   [LINK] Encontrado: 'https://www.mercadolivre.com.br/cartucho-hp-664-xl-preto-original-2136-2676-3776-5076-5276/up/MLBU1406635767#polycard_client=search-nordic&search_layout=grid&position=53&type=product&tracking_id=bf1f27fd-bf17-42ee-9b99-19a84b34a9aa&wid=MLB1811647493&sid=search'
2025-09-26 02:22:30,365 - WARNING -   [ID PRODUTO] Não encontrado no link: https://www.mercadolivre.com.br/cartucho-hp-664-xl-preto-original-2136-2676-3776-5076-5276/up/MLBU1406635767#polycard_client=search-nordic&search_layout=grid&position=53&type=product&tracking_id=bf1f27fd-bf17-42ee-9b99-19a84b34a9aa&wid=MLB1811647493&sid=search
2025-09-26 02:22:30,366 - INFO -   [PREÇO] Encontrado (poly-card fallback): 'R$ 215'
2025-09-26 02:22:30,366 - INFO -   [MARCA] Não encontrada (general/poly).
2025-09-26 02:22:30,367 - INFO -   [IMAGEM] Extração de imagens desabilitada pelo usuário.
2025-09-26 02:22:30,367 - INFO -   [VENDEDOR] Não encontrado para o container 53.
2025-09-26 02:22:30,368 - INFO -   [MÉDIA AVALIAÇÕES] Encontrada (poly-card fallback): '4.8'
2025-09-26 02:22:30,368 - INFO -   [TOTAL AVALIAÇÕES] Encontrado (poly-card fallback): '14'
2025-09-26 02:22:30,369 - INFO -   [ENTREGA] Texto encontrado (general alt): 'Chegará grátis amanhã sábado'
2025-09-26 02:22:30,369 - INFO - Produto processado: Cartucho Hp 664 Xl Preto Original 2136 2676 3776 5076 5276
2025-09-26 02:22:30,370 - DEBUG - Scraped from <200 https://lista.mercadolivre.com.br/cartucho-hp-664_Desde_51_NoIndex_True?sb=all_mercadolibre>
{'TITULO PRODUTO': 'Kit Cartucho Hp 667 Preto E 667 Colorido Tinta', 'LINK': 'https://www.mercadolivre.com.br/kit-cartucho-hp-667-preto-e-667-colorido-tinta/p/MLB41255685#polycard_client=search-nordic&search_layout=grid&position=50&type=product&tracking_id=bf1f27fd-bf17-42ee-9b99-19a84b34a9aa&wid=MLB3865724035&sid=search', 'ID_PRODUTO': 'MLB41255685', 'PREÇO': 'R$ 180,88', 'PREÇO ANTERIOR': 'N/A', 'MARCA': 'N/A', 'IMAGEM': 'N/A (imagens desabilitadas)', 'VENDEDOR': 'N/A', 'MÉDIA AVALIAÇÕES': '4.3', 'TOTAL AVALIAÇÕES': '3', 'ENTREGA': 'Chegará grátis amanhã sábado', 'ENTREGA FULL': 'Não'}
2025-09-26 02:22:30,370 - DEBUG - Scraped from <200 https://lista.mercadolivre.com.br/cartucho-hp-664_Desde_51_NoIndex_True?sb=all_mercadolibre>
{'TITULO PRODUTO': 'Cartucho Hp 664 Preto Original F6v29ab - 2136 2676 3776 5076', 'LINK': 'https://www.mercadolivre.com.br/cartucho-hp-664-preto-original-f6v29ab--2136-2676-3776-5076/up/MLBU1429914406#polycard_client=search-nordic&search_layout=grid&position=51&type=product&tracking_id=bf1f27fd-bf17-42ee-9b99-19a84b34a9aa&wid=MLB2212561087&sid=search', 'ID_PRODUTO': 'N/A', 'PREÇO': 'R$ 78,90', 'PREÇO ANTERIOR': 'N/A', 'MARCA': 'N/A', 'IMAGEM': 'N/A (imagens desabilitadas)', 'VENDEDOR': 'N/A', 'MÉDIA AVALIAÇÕES': '4.6', 'TOTAL AVALIAÇÕES': '11', 'ENTREGA': 'Frete grátis', 'ENTREGA FULL': 'Não'}
2025-09-26 02:22:30,370 - INFO - --- Processando container de produto 54/57 (total coletado: 99, pulados: 2) ---
2025-09-26 02:22:30,371 - INFO -   [TÍTULO] Encontrado: 'Cartucho Hp 664xl 18 Ml Recarregavel Color Deskjet 3775 3776'
2025-09-26 02:22:30,371 - INFO -   [LINK] Encontrado: 'https://www.mercadolivre.com.br/cartucho-hp-664xl-18-ml-recarregavel-color-deskjet-3775-3776/up/MLBU1443740021#polycard_client=search-nordic&search_layout=grid&position=54&type=product&tracking_id=bf1f27fd-bf17-42ee-9b99-19a84b34a9aa&wid=MLB3455392477&sid=search'
2025-09-26 02:22:30,372 - WARNING -   [ID PRODUTO] Não encontrado no link: https://www.mercadolivre.com.br/cartucho-hp-664xl-18-ml-recarregavel-color-deskjet-3775-3776/up/MLBU1443740021#polycard_client=search-nordic&search_layout=grid&position=54&type=product&tracking_id=bf1f27fd-bf17-42ee-9b99-19a84b34a9aa&wid=MLB3455392477&sid=search
2025-09-26 02:22:30,374 - INFO -   [PREÇO] Encontrado (poly-card fallback): 'R$ 157'
2025-09-26 02:22:30,375 - INFO -   [MARCA] Não encontrada (general/poly).
2025-09-26 02:22:30,376 - INFO -   [IMAGEM] Extração de imagens desabilitada pelo usuário.
2025-09-26 02:22:30,376 - INFO -   [VENDEDOR] Não encontrado para o container 54.
2025-09-26 02:22:30,378 - INFO -   [ENTREGA] Texto encontrado (poly-card fallback): 'Frete grátis'
2025-09-26 02:22:30,378 - INFO - Produto processado: Cartucho Hp 664xl 18 Ml Recarregavel Color Deskjet 3775 3776
2025-09-26 02:22:30,379 - INFO - --- Processando container de produto 55/57 (total coletado: 100, pulados: 2) ---
2025-09-26 02:22:30,380 - INFO -   [TÍTULO] Encontrado: 'Cartucho 664 Preto Para Usar Na Impressora 2136 Original'
2025-09-26 02:22:30,381 - INFO -   [LINK] Encontrado: 'https://www.mercadolivre.com.br/cartucho-664-preto-para-usar-na-impressora-2136-original/up/MLBU1691757028#polycard_client=search-nordic&search_layout=grid&position=55&type=product&tracking_id=bf1f27fd-bf17-42ee-9b99-19a84b34a9aa&wid=MLB1776180416&sid=search'
2025-09-26 02:22:30,381 - WARNING -   [ID PRODUTO] Não encontrado no link: https://www.mercadolivre.com.br/cartucho-664-preto-para-usar-na-impressora-2136-original/up/MLBU1691757028#polycard_client=search-nordic&search_layout=grid&position=55&type=product&tracking_id=bf1f27fd-bf17-42ee-9b99-19a84b34a9aa&wid=MLB1776180416&sid=search
2025-09-26 02:22:30,382 - INFO -   [PREÇO] Encontrado (poly-card fallback): 'R$ 72,95'
2025-09-26 02:22:30,383 - INFO -   [MARCA] Não encontrada (general/poly).
2025-09-26 02:22:30,383 - INFO -   [IMAGEM] Extração de imagens desabilitada pelo usuário.
2025-09-26 02:22:30,384 - INFO -   [VENDEDOR] Não encontrado para o container 55.
2025-09-26 02:22:30,384 - INFO -   [MÉDIA AVALIAÇÕES] Encontrada (poly-card fallback): '4.8'
2025-09-26 02:22:30,385 - INFO -   [TOTAL AVALIAÇÕES] Encontrado (poly-card fallback): '13'
2025-09-26 02:22:30,385 - INFO -   [ENTREGA] Texto encontrado (poly-card fallback): 'Frete grátis'
2025-09-26 02:22:30,386 - INFO - Produto processado: Cartucho 664 Preto Para Usar Na Impressora 2136 Original
2025-09-26 02:22:30,386 - DEBUG - Scraped from <200 https://lista.mercadolivre.com.br/cartucho-hp-664_Desde_51_NoIndex_True?sb=all_mercadolibre>
{'TITULO PRODUTO': 'Cartucho 74 Preto Hp D4260 D5360 C4280 C4480 C5280', 'LINK': 'https://www.mercadolivre.com.br/cartucho-74-preto-hp-d4260-d5360-c4280-c4480-c5280/p/MLB36750870#polycard_client=search-nordic&search_layout=grid&position=52&type=product&tracking_id=bf1f27fd-bf17-42ee-9b99-19a84b34a9aa&wid=MLB5166387470&sid=search', 'ID_PRODUTO': 'MLB36750870', 'PREÇO': 'R$ 189', 'PREÇO ANTERIOR': 'N/A', 'MARCA': 'N/A', 'IMAGEM': 'N/A (imagens desabilitadas)', 'VENDEDOR': 'N/A', 'MÉDIA AVALIAÇÕES': '4.9', 'TOTAL AVALIAÇÕES': '13', 'ENTREGA': 'Frete grátis', 'ENTREGA FULL': 'Não'}
2025-09-26 02:22:30,387 - DEBUG - Scraped from <200 https://lista.mercadolivre.com.br/cartucho-hp-664_Desde_51_NoIndex_True?sb=all_mercadolibre>
{'TITULO PRODUTO': 'Cartucho Hp 664 Xl Preto Original 2136 2676 3776 5076 5276', 'LINK': 'https://www.mercadolivre.com.br/cartucho-hp-664-xl-preto-original-2136-2676-3776-5076-5276/up/MLBU1406635767#polycard_client=search-nordic&search_layout=grid&position=53&type=product&tracking_id=bf1f27fd-bf17-42ee-9b99-19a84b34a9aa&wid=MLB1811647493&sid=search', 'ID_PRODUTO': 'N/A', 'PREÇO': 'R$ 215', 'PREÇO ANTERIOR': 'N/A', 'MARCA': 'N/A', 'IMAGEM': 'N/A (imagens desabilitadas)', 'VENDEDOR': 'N/A', 'MÉDIA AVALIAÇÕES': '4.8', 'TOTAL AVALIAÇÕES': '14', 'ENTREGA': 'Chegará grátis amanhã sábado', 'ENTREGA FULL': 'Não'}
2025-09-26 02:22:30,387 - INFO - --- Processando container de produto 56/57 (total coletado: 101, pulados: 2) ---
2025-09-26 02:22:30,388 - INFO -   [TÍTULO] Encontrado: 'Kit Cartucho De Tinta Hp 664xl Preto + Colorido'
2025-09-26 02:22:30,389 - INFO -   [LINK] Encontrado: 'https://www.mercadolivre.com.br/kit-cartucho-de-tinta-hp-664xl-preto-colorido/p/MLB39023549#polycard_client=search-nordic&search_layout=grid&position=56&type=product&tracking_id=bf1f27fd-bf17-42ee-9b99-19a84b34a9aa&wid=MLB5408566084&sid=search'
2025-09-26 02:22:30,390 - INFO -   [ID PRODUTO] Encontrado: 'MLB39023549'
2025-09-26 02:22:30,392 - INFO -   [PREÇO] Encontrado (poly-card fallback): 'R$ 187'
2025-09-26 02:22:30,393 - INFO -   [MARCA] Não encontrada (general/poly).
2025-09-26 02:22:30,393 - INFO -   [IMAGEM] Extração de imagens desabilitada pelo usuário.
2025-09-26 02:22:30,394 - INFO -   [VENDEDOR] Encontrado (poly-card fallback): 'Park Ecom'
2025-09-26 02:22:30,395 - INFO -   [MÉDIA AVALIAÇÕES] Encontrada (poly-card fallback): '4.8'
2025-09-26 02:22:30,395 - INFO -   [TOTAL AVALIAÇÕES] Encontrado (poly-card fallback): '88'
2025-09-26 02:22:30,397 - INFO -   [ENTREGA] Texto encontrado (poly-card fallback): 'Frete grátis'
2025-09-26 02:22:30,397 - INFO - Produto processado: Kit Cartucho De Tinta Hp 664xl Preto + Colorido
2025-09-26 02:22:30,398 - DEBUG - Scraped from <200 https://lista.mercadolivre.com.br/cartucho-hp-664_Desde_51_NoIndex_True?sb=all_mercadolibre>
{'TITULO PRODUTO': 'Cartucho Hp 664xl 18 Ml Recarregavel Color Deskjet 3775 3776', 'LINK': 'https://www.mercadolivre.com.br/cartucho-hp-664xl-18-ml-recarregavel-color-deskjet-3775-3776/up/MLBU1443740021#polycard_client=search-nordic&search_layout=grid&position=54&type=product&tracking_id=bf1f27fd-bf17-42ee-9b99-19a84b34a9aa&wid=MLB3455392477&sid=search', 'ID_PRODUTO': 'N/A', 'PREÇO': 'R$ 157', 'PREÇO ANTERIOR': 'N/A', 'MARCA': 'N/A', 'IMAGEM': 'N/A (imagens desabilitadas)', 'VENDEDOR': 'N/A', 'MÉDIA AVALIAÇÕES': 'N/A', 'TOTAL AVALIAÇÕES': 'N/A', 'ENTREGA': 'Frete grátis', 'ENTREGA FULL': 'Não'}
2025-09-26 02:22:30,398 - DEBUG - Scraped from <200 https://lista.mercadolivre.com.br/cartucho-hp-664_Desde_51_NoIndex_True?sb=all_mercadolibre>
{'TITULO PRODUTO': 'Cartucho 664 Preto Para Usar Na Impressora 2136 Original', 'LINK': 'https://www.mercadolivre.com.br/cartucho-664-preto-para-usar-na-impressora-2136-original/up/MLBU1691757028#polycard_client=search-nordic&search_layout=grid&position=55&type=product&tracking_id=bf1f27fd-bf17-42ee-9b99-19a84b34a9aa&wid=MLB1776180416&sid=search', 'ID_PRODUTO': 'N/A', 'PREÇO': 'R$ 72,95', 'PREÇO ANTERIOR': 'N/A', 'MARCA': 'N/A', 'IMAGEM': 'N/A (imagens desabilitadas)', 'VENDEDOR': 'N/A', 'MÉDIA AVALIAÇÕES': '4.8', 'TOTAL AVALIAÇÕES': '13', 'ENTREGA': 'Frete grátis', 'ENTREGA FULL': 'Não'}
2025-09-26 02:22:30,398 - INFO - --- Processando container de produto 57/57 (total coletado: 102, pulados: 2) ---
2025-09-26 02:22:30,399 - INFO -   [TÍTULO] Encontrado: 'Cartucho Jato De Tinta Ink Advantage 664xl Black'
2025-09-26 02:22:30,399 - INFO -   [LINK] Encontrado: 'https://www.mercadolivre.com.br/cartucho-jato-de-tinta-ink-advantage-664xl-black/p/MLB36877280#polycard_client=search-nordic&search_layout=grid&position=57&type=product&tracking_id=bf1f27fd-bf17-42ee-9b99-19a84b34a9aa&wid=MLB5716180532&sid=search'
2025-09-26 02:22:30,400 - INFO -   [ID PRODUTO] Encontrado: 'MLB36877280'
2025-09-26 02:22:30,400 - INFO -   [PREÇO] Encontrado (poly-card fallback): 'R$ 169,90'
2025-09-26 02:22:30,401 - INFO -   [MARCA] Não encontrada (general/poly).
2025-09-26 02:22:30,402 - INFO -   [IMAGEM] Extração de imagens desabilitada pelo usuário.
2025-09-26 02:22:30,402 - INFO -   [VENDEDOR] Não encontrado para o container 57.
2025-09-26 02:22:30,403 - INFO -   [MÉDIA AVALIAÇÕES] Encontrada (poly-card fallback): '4.5'
2025-09-26 02:22:30,404 - INFO -   [TOTAL AVALIAÇÕES] Encontrado (poly-card fallback): '374'
2025-09-26 02:22:30,404 - INFO -   [ENTREGA] Texto encontrado (poly-card fallback): 'Frete grátis'
2025-09-26 02:22:30,405 - INFO - Produto processado: Cartucho Jato De Tinta Ink Advantage 664xl Black
2025-09-26 02:22:30,405 - INFO - Total de 55 itens processados e yieldados nesta página (https://lista.mercadolivre.com.br/cartucho-hp-664_Desde_51_NoIndex_True?sb=all_mercadolibre).
2025-09-26 02:22:30,406 - INFO - Próxima página gerada: https://lista.mercadolivre.com.br/cartucho-hp-664_Desde_102_NoIndex_True?sb=all_mercadolibre
2025-09-26 02:22:30,408 - DEBUG - Scraped from <200 https://lista.mercadolivre.com.br/cartucho-hp-664_Desde_51_NoIndex_True?sb=all_mercadolibre>
{'TITULO PRODUTO': 'Kit Cartucho De Tinta Hp 664xl Preto + Colorido', 'LINK': 'https://www.mercadolivre.com.br/kit-cartucho-de-tinta-hp-664xl-preto-colorido/p/MLB39023549#polycard_client=search-nordic&search_layout=grid&position=56&type=product&tracking_id=bf1f27fd-bf17-42ee-9b99-19a84b34a9aa&wid=MLB5408566084&sid=search', 'ID_PRODUTO': 'MLB39023549', 'PREÇO': 'R$ 187', 'PREÇO ANTERIOR': 'N/A', 'MARCA': 'N/A', 'IMAGEM': 'N/A (imagens desabilitadas)', 'VENDEDOR': 'Park Ecom', 'MÉDIA AVALIAÇÕES': '4.8', 'TOTAL AVALIAÇÕES': '88', 'ENTREGA': 'Frete grátis', 'ENTREGA FULL': 'Não'}
2025-09-26 02:22:30,409 - DEBUG - Scraped from <200 https://lista.mercadolivre.com.br/cartucho-hp-664_Desde_51_NoIndex_True?sb=all_mercadolibre>
{'TITULO PRODUTO': 'Cartucho Jato De Tinta Ink Advantage 664xl Black', 'LINK': 'https://www.mercadolivre.com.br/cartucho-jato-de-tinta-ink-advantage-664xl-black/p/MLB36877280#polycard_client=search-nordic&search_layout=grid&position=57&type=product&tracking_id=bf1f27fd-bf17-42ee-9b99-19a84b34a9aa&wid=MLB5716180532&sid=search', 'ID_PRODUTO': 'MLB36877280', 'PREÇO': 'R$ 169,90', 'PREÇO ANTERIOR': 'N/A', 'MARCA': 'N/A', 'IMAGEM': 'N/A (imagens desabilitadas)', 'VENDEDOR': 'N/A', 'MÉDIA AVALIAÇÕES': '4.5', 'TOTAL AVALIAÇÕES': '374', 'ENTREGA': 'Frete grátis', 'ENTREGA FULL': 'Não'}
2025-09-26 02:22:35,950 - INFO - 127.0.0.1 - - [26/Sep/2025 02:22:35] "GET /jobs HTTP/1.1" 200 -
2025-09-26 02:22:36,250 - INFO - 127.0.0.1 - - [26/Sep/2025 02:22:36] "[36mGET /static/style.css HTTP/1.1[0m" 304 -
2025-09-26 02:22:37,074 - DEBUG - Crawled (200) <GET https://lista.mercadolivre.com.br/cartucho-hp-664_Desde_102_NoIndex_True?sb=all_mercadolibre> (referer: https://lista.mercadolivre.com.br/cartucho-hp-664_Desde_51_NoIndex_True?sb=all_mercadolibre)
2025-09-26 02:22:37,182 - INFO - Processing URL: https://lista.mercadolivre.com.br/cartucho-hp-664_Desde_102_NoIndex_True?sb=all_mercadolibre (Page 3)
2025-09-26 02:22:37,217 - INFO - Encontrados 56 produtos com seletor: .ui-search-layout__item .andes-card.poly-card
2025-09-26 02:22:37,217 - INFO - Usando seletor bem-sucedido: .ui-search-layout__item .andes-card.poly-card
2025-09-26 02:22:37,218 - INFO - Processando 56 containers de produto encontrados em https://lista.mercadolivre.com.br/cartucho-hp-664_Desde_102_NoIndex_True?sb=all_mercadolibre
2025-09-26 02:22:37,218 - INFO - --- Pulando container 1 (item patrocinado 1/2) ---
2025-09-26 02:22:37,218 - INFO - --- Pulando container 2 (item patrocinado 2/2) ---
2025-09-26 02:22:37,218 - INFO - --- Processando container de produto 3/56 (total coletado: 103, pulados: 2) ---
2025-09-26 02:22:37,219 - INFO -   [TÍTULO] Encontrado: 'Kit Cartucho Hp 664 Preto + Hp 664 Colorido Original Nf'
2025-09-26 02:22:37,220 - INFO -   [LINK] Encontrado: 'https://click1.mercadolivre.com.br/mclics/clicks/external/MLB/count?a=Lmo2WuaxFdvQ4pChIG%2FsPzpyeEzhcx7geTC4qFsZlUBCj2gTU3ESdeYKBBCy%2F2O4ybbKSJjdhD4kR0hpuVLrCH1BcR5RyzYgVYhAtpR4QL43ogasisLgCB2J5kDbMLdvX6rMIOchMUNurV4gOdfApjAgZqU6L2TR38%2BTrCLw%2Bo1DglDMsy9D6xFUMoPfUeacM8zNQXed25MDTOz9gtdIeiftBtMmF2Kx0vzyuSwq5y%2Fi9CnQfKNHCF7rm%2BDRuWgcSPqPkfsO0HBDZwGpYzxKSdzhUeiQtmsaQa1m%2B9mcHuUBzC4KJbvA6nSm1mTrFOHTvwUlE0xIQmG0vQPiyhwxKy3gSVBtworhqvXVCr4xES%2FSGRbCMK7PLzLO7DAOz%2BmBbZvdYmvQyAcGV%2FjvmuWxSKfGUJ2ogfo92lZe0Y4ertVb8lmT1%2FM7GNNdAio6lKv%2BwzTscv%2B766EgCN2tpC3meb07x6YLYP2HzuaeuL2wascm7qKt1WOtEHFk%2Ft0wRC3rgzZHeMkVXkRaN%2B6snx7ba4SQzvJxzPh078txkEJncw%2BvmOY%2BkXI9KY5n1okEmWnu6jTHLBTt8MR0kSVIjFXIp9FwqAMQQu%2FRkW4qHKc6YnanlKSar6n8vEXdRX5B4aaiMKS8E5Zcg%2FJKjI65zKjSkv%2B0x%2B8wivL9yWSM%2F0UZHbHLqCoof9CUda%2BG94A%2BG%2F29yf50LBZNEGwVMvm3LPZ5cJfuSCIGMv8Ro1bGapSei9P05IIMqtbd%2BJX84FnCxGu%2BmTDnelKSNyp%2Fs4VbUS4T1xDOVSWrTJ3ggxRcSKOFeDJ6RdE2AMdjN%2FEvSjSRETpIA6qcyOaL97HFEN0TSpff2vV52HSTjSiVH2WwuVfgIQry%2Bqnav20Hr%2FA4d2rmVFn9T7d%2FuPrWpJlqkTJJqYWzZs4glZXARwS6uZTinu9yhElZaLOzKTyDCf%2B67BF8wjmwzZ4%3D#polycard_client=search-nordic&is_advertising=true&searchVariation=MLBU1455884048&backend_model=search-backend&search_layout=grid&position=3&type=pad&tracking_id=f0a2e483-4c16-4f1e-b25b-930b5118487a&wid=MLB3670283480&sid=search'
2025-09-26 02:22:37,220 - WARNING -   [ID PRODUTO] Não encontrado no link: https://click1.mercadolivre.com.br/mclics/clicks/external/MLB/count?a=Lmo2WuaxFdvQ4pChIG%2FsPzpyeEzhcx7geTC4qFsZlUBCj2gTU3ESdeYKBBCy%2F2O4ybbKSJjdhD4kR0hpuVLrCH1BcR5RyzYgVYhAtpR4QL43ogasisLgCB2J5kDbMLdvX6rMIOchMUNurV4gOdfApjAgZqU6L2TR38%2BTrCLw%2Bo1DglDMsy9D6xFUMoPfUeacM8zNQXed25MDTOz9gtdIeiftBtMmF2Kx0vzyuSwq5y%2Fi9CnQfKNHCF7rm%2BDRuWgcSPqPkfsO0HBDZwGpYzxKSdzhUeiQtmsaQa1m%2B9mcHuUBzC4KJbvA6nSm1mTrFOHTvwUlE0xIQmG0vQPiyhwxKy3gSVBtworhqvXVCr4xES%2FSGRbCMK7PLzLO7DAOz%2BmBbZvdYmvQyAcGV%2FjvmuWxSKfGUJ2ogfo92lZe0Y4ertVb8lmT1%2FM7GNNdAio6lKv%2BwzTscv%2B766EgCN2tpC3meb07x6YLYP2HzuaeuL2wascm7qKt1WOtEHFk%2Ft0wRC3rgzZHeMkVXkRaN%2B6snx7ba4SQzvJxzPh078txkEJncw%2BvmOY%2BkXI9KY5n1okEmWnu6jTHLBTt8MR0kSVIjFXIp9FwqAMQQu%2FRkW4qHKc6YnanlKSar6n8vEXdRX5B4aaiMKS8E5Zcg%2FJKjI65zKjSkv%2B0x%2B8wivL9yWSM%2F0UZHbHLqCoof9CUda%2BG94A%2BG%2F29yf50LBZNEGwVMvm3LPZ5cJfuSCIGMv8Ro1bGapSei9P05IIMqtbd%2BJX84FnCxGu%2BmTDnelKSNyp%2Fs4VbUS4T1xDOVSWrTJ3ggxRcSKOFeDJ6RdE2AMdjN%2FEvSjSRETpIA6qcyOaL97HFEN0TSpff2vV52HSTjSiVH2WwuVfgIQry%2Bqnav20Hr%2FA4d2rmVFn9T7d%2FuPrWpJlqkTJJqYWzZs4glZXARwS6uZTinu9yhElZaLOzKTyDCf%2B67BF8wjmwzZ4%3D#polycard_client=search-nordic&is_advertising=true&searchVariation=MLBU1455884048&backend_model=search-backend&search_layout=grid&position=3&type=pad&tracking_id=f0a2e483-4c16-4f1e-b25b-930b5118487a&wid=MLB3670283480&sid=search
2025-09-26 02:22:37,223 - INFO -   [PREÇO] Encontrado (poly-card fallback): 'R$ 140,99'
2025-09-26 02:22:37,224 - INFO -   [PREÇO ANTERIOR] Encontrado (poly-card fallback): 'R$ 154'
2025-09-26 02:22:37,225 - INFO -   [MARCA] Não encontrada (general/poly).
2025-09-26 02:22:37,225 - INFO -   [IMAGEM] Extração de imagens desabilitada pelo usuário.
2025-09-26 02:22:37,226 - INFO -   [VENDEDOR] Não encontrado para o container 3.
2025-09-26 02:22:37,229 - INFO -   [MÉDIA AVALIAÇÕES] Encontrada (poly-card fallback): '4.7'
2025-09-26 02:22:37,229 - INFO -   [TOTAL AVALIAÇÕES] Encontrado (poly-card fallback): '505'
2025-09-26 02:22:37,232 - INFO -   [ENTREGA] Texto encontrado (general alt): 'Chegará grátis hoje'
2025-09-26 02:22:37,233 - INFO -   [ENTREGA FULL] Indicador FULL encontrado (poly-card fallback SVG).
2025-09-26 02:22:37,233 - INFO - Produto processado: Kit Cartucho Hp 664 Preto + Hp 664 Colorido Original Nf
2025-09-26 02:22:37,233 - INFO - --- Processando container de produto 4/56 (total coletado: 104, pulados: 2) ---
2025-09-26 02:22:37,234 - INFO -   [TÍTULO] Encontrado: 'Cartucho De Tinta Hp 662xl Colorido Alto Rendimento'
2025-09-26 02:22:37,234 - INFO -   [LINK] Encontrado: 'https://www.mercadolivre.com.br/cartucho-de-tinta-hp-662xl-colorido-alto-rendimento/p/MLB41632812#polycard_client=search-nordic&search_layout=grid&position=4&type=product&tracking_id=f0a2e483-4c16-4f1e-b25b-930b5118487a&wid=MLB4222570867&sid=search'
2025-09-26 02:22:37,235 - INFO -   [ID PRODUTO] Encontrado: 'MLB41632812'
2025-09-26 02:22:37,235 - INFO -   [PREÇO] Encontrado (poly-card fallback): 'R$ 110'
2025-09-26 02:22:37,236 - INFO -   [MARCA] Não encontrada (general/poly).
2025-09-26 02:22:37,237 - INFO -   [IMAGEM] Extração de imagens desabilitada pelo usuário.
2025-09-26 02:22:37,237 - INFO -   [VENDEDOR] Encontrado (poly-card fallback): 'VIPH'
2025-09-26 02:22:37,238 - INFO -   [MÉDIA AVALIAÇÕES] Encontrada (poly-card fallback): '4.6'
2025-09-26 02:22:37,238 - INFO -   [TOTAL AVALIAÇÕES] Encontrado (poly-card fallback): '50'
2025-09-26 02:22:37,239 - INFO -   [ENTREGA] Texto encontrado (poly-card fallback): 'Frete grátis'
2025-09-26 02:22:37,240 - INFO - Produto processado: Cartucho De Tinta Hp 662xl Colorido Alto Rendimento
2025-09-26 02:22:37,240 - INFO - --- Processando container de produto 5/56 (total coletado: 105, pulados: 2) ---
2025-09-26 02:22:37,241 - INFO -   [TÍTULO] Encontrado: 'Cartucho Tinta Original Hp 664 Preto F6v29ab 2136 2676 3776'
2025-09-26 02:22:37,242 - INFO -   [LINK] Encontrado: 'https://produto.mercadolivre.com.br/MLB-4285068996-cartucho-tinta-original-hp-664-preto-f6v29ab-2136-2676-3776-_JM#polycard_client=search-nordic&search_layout=grid&position=5&type=item&tracking_id=f0a2e483-4c16-4f1e-b25b-930b5118487a&wid=MLB4285068996&sid=search'
2025-09-26 02:22:37,242 - WARNING -   [ID PRODUTO] Não encontrado no link: https://produto.mercadolivre.com.br/MLB-4285068996-cartucho-tinta-original-hp-664-preto-f6v29ab-2136-2676-3776-_JM#polycard_client=search-nordic&search_layout=grid&position=5&type=item&tracking_id=f0a2e483-4c16-4f1e-b25b-930b5118487a&wid=MLB4285068996&sid=search
2025-09-26 02:22:37,244 - INFO -   [PREÇO] Encontrado (poly-card fallback): 'R$ 78,99'
2025-09-26 02:22:37,245 - INFO -   [MARCA] Não encontrada (general/poly).
2025-09-26 02:22:37,246 - INFO -   [IMAGEM] Extração de imagens desabilitada pelo usuário.
2025-09-26 02:22:37,247 - INFO -   [VENDEDOR] Encontrado (poly-card fallback): 'Tec Print'
2025-09-26 02:22:37,248 - INFO -   [MÉDIA AVALIAÇÕES] Encontrada (poly-card fallback): '4.7'
2025-09-26 02:22:37,249 - INFO -   [TOTAL AVALIAÇÕES] Encontrado (poly-card fallback): '132'
2025-09-26 02:22:37,249 - INFO -   [ENTREGA] Texto encontrado (general alt): 'Chegará amanhã sábado'
2025-09-26 02:22:37,250 - INFO - Produto processado: Cartucho Tinta Original Hp 664 Preto F6v29ab 2136 2676 3776
2025-09-26 02:22:37,250 - DEBUG - Scraped from <200 https://lista.mercadolivre.com.br/cartucho-hp-664_Desde_102_NoIndex_True?sb=all_mercadolibre>
{'TITULO PRODUTO': 'Kit Cartucho Hp 664 Preto + Hp 664 Colorido Original Nf', 'LINK': 'https://click1.mercadolivre.com.br/mclics/clicks/external/MLB/count?a=Lmo2WuaxFdvQ4pChIG%2FsPzpyeEzhcx7geTC4qFsZlUBCj2gTU3ESdeYKBBCy%2F2O4ybbKSJjdhD4kR0hpuVLrCH1BcR5RyzYgVYhAtpR4QL43ogasisLgCB2J5kDbMLdvX6rMIOchMUNurV4gOdfApjAgZqU6L2TR38%2BTrCLw%2Bo1DglDMsy9D6xFUMoPfUeacM8zNQXed25MDTOz9gtdIeiftBtMmF2Kx0vzyuSwq5y%2Fi9CnQfKNHCF7rm%2BDRuWgcSPqPkfsO0HBDZwGpYzxKSdzhUeiQtmsaQa1m%2B9mcHuUBzC4KJbvA6nSm1mTrFOHTvwUlE0xIQmG0vQPiyhwxKy3gSVBtworhqvXVCr4xES%2FSGRbCMK7PLzLO7DAOz%2BmBbZvdYmvQyAcGV%2FjvmuWxSKfGUJ2ogfo92lZe0Y4ertVb8lmT1%2FM7GNNdAio6lKv%2BwzTscv%2B766EgCN2tpC3meb07x6YLYP2HzuaeuL2wascm7qKt1WOtEHFk%2Ft0wRC3rgzZHeMkVXkRaN%2B6snx7ba4SQzvJxzPh078txkEJncw%2BvmOY%2BkXI9KY5n1okEmWnu6jTHLBTt8MR0kSVIjFXIp9FwqAMQQu%2FRkW4qHKc6YnanlKSar6n8vEXdRX5B4aaiMKS8E5Zcg%2FJKjI65zKjSkv%2B0x%2B8wivL9yWSM%2F0UZHbHLqCoof9CUda%2BG94A%2BG%2F29yf50LBZNEGwVMvm3LPZ5cJfuSCIGMv8Ro1bGapSei9P05IIMqtbd%2BJX84FnCxGu%2BmTDnelKSNyp%2Fs4VbUS4T1xDOVSWrTJ3ggxRcSKOFeDJ6RdE2AMdjN%2FEvSjSRETpIA6qcyOaL97HFEN0TSpff2vV52HSTjSiVH2WwuVfgIQry%2Bqnav20Hr%2FA4d2rmVFn9T7d%2FuPrWpJlqkTJJqYWzZs4glZXARwS6uZTinu9yhElZaLOzKTyDCf%2B67BF8wjmwzZ4%3D#polycard_client=search-nordic&is_advertising=true&searchVariation=MLBU1455884048&backend_model=search-backend&search_layout=grid&position=3&type=pad&tracking_id=f0a2e483-4c16-4f1e-b25b-930b5118487a&wid=MLB3670283480&sid=search', 'ID_PRODUTO': 'N/A', 'PREÇO': 'R$ 140,99', 'PREÇO ANTERIOR': 'R$ 154', 'MARCA': 'N/A', 'IMAGEM': 'N/A (imagens desabilitadas)', 'VENDEDOR': 'N/A', 'MÉDIA AVALIAÇÕES': '4.7', 'TOTAL AVALIAÇÕES': '505', 'ENTREGA': 'Chegará grátis hoje', 'ENTREGA FULL': 'Sim'}
2025-09-26 02:22:37,251 - INFO - --- Processando container de produto 6/56 (total coletado: 106, pulados: 2) ---
2025-09-26 02:22:37,252 - INFO -   [TÍTULO] Encontrado: 'Cartucho Hp 664xl Preto Original (f6v31ab) Para Hp Deskjet'
2025-09-26 02:22:37,252 - INFO -   [LINK] Encontrado: 'https://produto.mercadolivre.com.br/MLB-4134311367-cartucho-hp-664xl-preto-original-f6v31ab-para-hp-deskjet-_JM#polycard_client=search-nordic&search_layout=grid&position=6&type=item&tracking_id=f0a2e483-4c16-4f1e-b25b-930b5118487a&wid=MLB4134311367&sid=search'
2025-09-26 02:22:37,252 - WARNING -   [ID PRODUTO] Não encontrado no link: https://produto.mercadolivre.com.br/MLB-4134311367-cartucho-hp-664xl-preto-original-f6v31ab-para-hp-deskjet-_JM#polycard_client=search-nordic&search_layout=grid&position=6&type=item&tracking_id=f0a2e483-4c16-4f1e-b25b-930b5118487a&wid=MLB4134311367&sid=search
2025-09-26 02:22:37,253 - INFO -   [PREÇO] Encontrado (poly-card fallback): 'R$ 145,29'
2025-09-26 02:22:37,254 - INFO -   [MARCA] Não encontrada (general/poly).
2025-09-26 02:22:37,255 - INFO -   [IMAGEM] Extração de imagens desabilitada pelo usuário.
2025-09-26 02:22:37,256 - INFO -   [VENDEDOR] Não encontrado para o container 6.
2025-09-26 02:22:37,257 - INFO -   [MÉDIA AVALIAÇÕES] Encontrada (poly-card fallback): '5.0'
2025-09-26 02:22:37,257 - INFO -   [TOTAL AVALIAÇÕES] Encontrado (poly-card fallback): '4'
2025-09-26 02:22:37,258 - INFO -   [ENTREGA] Texto encontrado (poly-card fallback): 'Frete grátis'
2025-09-26 02:22:37,260 - INFO - Produto processado: Cartucho Hp 664xl Preto Original (f6v31ab) Para Hp Deskjet
2025-09-26 02:22:37,261 - INFO - --- Processando container de produto 7/56 (total coletado: 107, pulados: 2) ---
2025-09-26 02:22:37,262 - INFO -   [TÍTULO] Encontrado: 'Kit Cartucho Hp 664xl Preto E Color'
2025-09-26 02:22:37,262 - INFO -   [LINK] Encontrado: 'https://www.mercadolivre.com.br/kit-02-cartucho-664xl-preto-664-xl-original-hp-e-lacrado/p/MLB2039757822#polycard_client=search-nordic&search_layout=grid&position=7&type=product&tracking_id=f0a2e483-4c16-4f1e-b25b-930b5118487a&wid=MLB3905832829&sid=search'
2025-09-26 02:22:37,263 - INFO -   [ID PRODUTO] Encontrado: 'MLB2039757822'
2025-09-26 02:22:37,264 - INFO -   [PREÇO] Encontrado (poly-card fallback): 'R$ 219,90'
2025-09-26 02:22:37,265 - INFO -   [MARCA] Não encontrada (general/poly).
2025-09-26 02:22:37,266 - INFO -   [IMAGEM] Extração de imagens desabilitada pelo usuário.
2025-09-26 02:22:37,266 - INFO -   [VENDEDOR] Não encontrado para o container 7.
2025-09-26 02:22:37,267 - INFO -   [MÉDIA AVALIAÇÕES] Encontrada (poly-card fallback): '4.6'
2025-09-26 02:22:37,267 - INFO -   [TOTAL AVALIAÇÕES] Encontrado (poly-card fallback): '64'
2025-09-26 02:22:37,268 - INFO -   [ENTREGA] Texto encontrado (poly-card fallback): 'Frete grátis'
2025-09-26 02:22:37,268 - INFO - Produto processado: Kit Cartucho Hp 664xl Preto E Color
2025-09-26 02:22:37,269 - DEBUG - Scraped from <200 https://lista.mercadolivre.com.br/cartucho-hp-664_Desde_102_NoIndex_True?sb=all_mercadolibre>
{'TITULO PRODUTO': 'Cartucho De Tinta Hp 662xl Colorido Alto Rendimento', 'LINK': 'https://www.mercadolivre.com.br/cartucho-de-tinta-hp-662xl-colorido-alto-rendimento/p/MLB41632812#polycard_client=search-nordic&search_layout=grid&position=4&type=product&tracking_id=f0a2e483-4c16-4f1e-b25b-930b5118487a&wid=MLB4222570867&sid=search', 'ID_PRODUTO': 'MLB41632812', 'PREÇO': 'R$ 110', 'PREÇO ANTERIOR': 'N/A', 'MARCA': 'N/A', 'IMAGEM': 'N/A (imagens desabilitadas)', 'VENDEDOR': 'VIPH', 'MÉDIA AVALIAÇÕES': '4.6', 'TOTAL AVALIAÇÕES': '50', 'ENTREGA': 'Frete grátis', 'ENTREGA FULL': 'Não'}
2025-09-26 02:22:37,269 - DEBUG - Scraped from <200 https://lista.mercadolivre.com.br/cartucho-hp-664_Desde_102_NoIndex_True?sb=all_mercadolibre>
{'TITULO PRODUTO': 'Cartucho Tinta Original Hp 664 Preto F6v29ab 2136 2676 3776', 'LINK': 'https://produto.mercadolivre.com.br/MLB-4285068996-cartucho-tinta-original-hp-664-preto-f6v29ab-2136-2676-3776-_JM#polycard_client=search-nordic&search_layout=grid&position=5&type=item&tracking_id=f0a2e483-4c16-4f1e-b25b-930b5118487a&wid=MLB4285068996&sid=search', 'ID_PRODUTO': 'N/A', 'PREÇO': 'R$ 78,99', 'PREÇO ANTERIOR': 'N/A', 'MARCA': 'N/A', 'IMAGEM': 'N/A (imagens desabilitadas)', 'VENDEDOR': 'Tec Print', 'MÉDIA AVALIAÇÕES': '4.7', 'TOTAL AVALIAÇÕES': '132', 'ENTREGA': 'Chegará amanhã sábado', 'ENTREGA FULL': 'Não'}
2025-09-26 02:22:37,269 - INFO - --- Processando container de produto 8/56 (total coletado: 108, pulados: 2) ---
2025-09-26 02:22:37,270 - INFO -   [TÍTULO] Encontrado: 'Cartucho Tinta Original Hp 664 Preto F6v29ab 2136 2676 3776'
2025-09-26 02:22:37,270 - INFO -   [LINK] Encontrado: 'https://produto.mercadolivre.com.br/MLB-3488324759-cartucho-tinta-original-hp-664-preto-f6v29ab-2136-2676-3776-_JM#polycard_client=search-nordic&search_layout=grid&position=8&type=item&tracking_id=f0a2e483-4c16-4f1e-b25b-930b5118487a&wid=MLB3488324759&sid=search'
2025-09-26 02:22:37,271 - WARNING -   [ID PRODUTO] Não encontrado no link: https://produto.mercadolivre.com.br/MLB-3488324759-cartucho-tinta-original-hp-664-preto-f6v29ab-2136-2676-3776-_JM#polycard_client=search-nordic&search_layout=grid&position=8&type=item&tracking_id=f0a2e483-4c16-4f1e-b25b-930b5118487a&wid=MLB3488324759&sid=search
2025-09-26 02:22:37,272 - INFO -   [PREÇO] Encontrado (poly-card fallback): 'R$ 105,73'
2025-09-26 02:22:37,273 - INFO -   [MARCA] Não encontrada (general/poly).
2025-09-26 02:22:37,273 - INFO -   [IMAGEM] Extração de imagens desabilitada pelo usuário.
2025-09-26 02:22:37,274 - INFO -   [VENDEDOR] Encontrado (poly-card fallback): 'Tec Print'
2025-09-26 02:22:37,275 - INFO -   [MÉDIA AVALIAÇÕES] Encontrada (poly-card fallback): '4.7'
2025-09-26 02:22:37,275 - INFO -   [TOTAL AVALIAÇÕES] Encontrado (poly-card fallback): '133'
2025-09-26 02:22:37,276 - INFO -   [ENTREGA] Texto encontrado (general alt): 'Chegará grátis amanhã sábado'
2025-09-26 02:22:37,277 - INFO - Produto processado: Cartucho Tinta Original Hp 664 Preto F6v29ab 2136 2676 3776
2025-09-26 02:22:37,278 - INFO - --- Processando container de produto 9/56 (total coletado: 109, pulados: 2) ---
2025-09-26 02:22:37,279 - INFO -   [TÍTULO] Encontrado: 'Kit Cartucho Originais Hp 664 Color 1115 2136 2676 3636 3776'
2025-09-26 02:22:37,279 - INFO -   [LINK] Encontrado: 'https://www.mercadolivre.com.br/kit-cartucho-originais-hp-664-color-1115-2136-2676-3636-3776/up/MLBU1404950528#polycard_client=search-nordic&search_layout=grid&position=9&type=product&tracking_id=f0a2e483-4c16-4f1e-b25b-930b5118487a&wid=MLB1385938245&sid=search'
2025-09-26 02:22:37,280 - WARNING -   [ID PRODUTO] Não encontrado no link: https://www.mercadolivre.com.br/kit-cartucho-originais-hp-664-color-1115-2136-2676-3636-3776/up/MLBU1404950528#polycard_client=search-nordic&search_layout=grid&position=9&type=product&tracking_id=f0a2e483-4c16-4f1e-b25b-930b5118487a&wid=MLB1385938245&sid=search
2025-09-26 02:22:37,281 - INFO -   [PREÇO] Encontrado (poly-card fallback): 'R$ 229,99'
2025-09-26 02:22:37,282 - INFO -   [MARCA] Não encontrada (general/poly).
2025-09-26 02:22:37,282 - INFO -   [IMAGEM] Extração de imagens desabilitada pelo usuário.
2025-09-26 02:22:37,282 - INFO -   [VENDEDOR] Não encontrado para o container 9.
2025-09-26 02:22:37,283 - INFO -   [ENTREGA] Texto encontrado (general alt): 'Chegará grátis amanhã sábado'
2025-09-26 02:22:37,284 - INFO - Produto processado: Kit Cartucho Originais Hp 664 Color 1115 2136 2676 3636 3776
2025-09-26 02:22:37,284 - DEBUG - Scraped from <200 https://lista.mercadolivre.com.br/cartucho-hp-664_Desde_102_NoIndex_True?sb=all_mercadolibre>
{'TITULO PRODUTO': 'Cartucho Hp 664xl Preto Original (f6v31ab) Para Hp Deskjet', 'LINK': 'https://produto.mercadolivre.com.br/MLB-4134311367-cartucho-hp-664xl-preto-original-f6v31ab-para-hp-deskjet-_JM#polycard_client=search-nordic&search_layout=grid&position=6&type=item&tracking_id=f0a2e483-4c16-4f1e-b25b-930b5118487a&wid=MLB4134311367&sid=search', 'ID_PRODUTO': 'N/A', 'PREÇO': 'R$ 145,29', 'PREÇO ANTERIOR': 'N/A', 'MARCA': 'N/A', 'IMAGEM': 'N/A (imagens desabilitadas)', 'VENDEDOR': 'N/A', 'MÉDIA AVALIAÇÕES': '5.0', 'TOTAL AVALIAÇÕES': '4', 'ENTREGA': 'Frete grátis', 'ENTREGA FULL': 'Não'}
2025-09-26 02:22:37,284 - DEBUG - Scraped from <200 https://lista.mercadolivre.com.br/cartucho-hp-664_Desde_102_NoIndex_True?sb=all_mercadolibre>
{'TITULO PRODUTO': 'Kit Cartucho Hp 664xl Preto E Color', 'LINK': 'https://www.mercadolivre.com.br/kit-02-cartucho-664xl-preto-664-xl-original-hp-e-lacrado/p/MLB2039757822#polycard_client=search-nordic&search_layout=grid&position=7&type=product&tracking_id=f0a2e483-4c16-4f1e-b25b-930b5118487a&wid=MLB3905832829&sid=search', 'ID_PRODUTO': 'MLB2039757822', 'PREÇO': 'R$ 219,90', 'PREÇO ANTERIOR': 'N/A', 'MARCA': 'N/A', 'IMAGEM': 'N/A (imagens desabilitadas)', 'VENDEDOR': 'N/A', 'MÉDIA AVALIAÇÕES': '4.6', 'TOTAL AVALIAÇÕES': '64', 'ENTREGA': 'Frete grátis', 'ENTREGA FULL': 'Não'}
2025-09-26 02:22:37,285 - INFO - --- Processando container de produto 10/56 (total coletado: 110, pulados: 2) ---
2025-09-26 02:22:37,285 - INFO -   [TÍTULO] Encontrado: 'Kit 2 Cartuchos Hp 664xl (preto + Color) 2136 2676'
2025-09-26 02:22:37,286 - INFO -   [LINK] Encontrado: 'https://click1.mercadolivre.com.br/mclics/clicks/external/MLB/count?a=dLlxve5lgm2RAm2XV5M7f3TbVMtizzML3Kl98qpTTE8mzaQbAkh4X3HzoTo6610bFqzH2m8x33M6Df376EwSmZeNgnJWp07%2FQYgOEuBG%2F9V%2BKD75t63mQ2iwiTLlQEl3YYiWRWTZx8f7b000cCF5%2FMLLnDkWKNewI4GU32UbZNoj1dr8RulqrQsWa3XGJThf3nMHQEPEgwGA9Bi57SHI2IlJ4T5b9H4zxxSTn9eNc9ItdG1h4RcWhY7IOIQnrF19cZ3JNBJ6K%2BY%2BZeLLS0xkQemZl4%2BWbUnPK7G5kCK6ETWWde%2B86Qj%2BXtX3PbYy96YOYr6QHEbYHm9mD5NDhGR644Y1lh4zTdA94%2FPPY3lasZ%2BL8HWenIgKeKBf%2BKUROdltt3ZC0LZDaplD4EmQTev9cPiV4Fu1%2But%2F2XQND85KZUpVuGRpPQcgI4unYUJoxAjuewJMMlR1Ysp8dTXK4D3hDIOo%2BpjSszWTaRdpxQ6L7mhgO7xc3lbWyPg9Pgtyr3P7X5DCaqiNHB3ZTiyqwWSUNbsZTuUS3RL7nElaRdJ3eqAWLXFO1%2BtM9yHVvcvatbVMPrN%2FNftN03QboYJ5FBnxh50vfgtfj139GTINUtQvED%2BgcDhPbNPmgsdOaVzovIFZ%2FaZKIoFBKlWiPLQCEmg28e1EPZyXCDt0N4Ch9LSdlVEsESpAZDemssiDG1NjzvXD%2BK5FzgBdBgcNXIWrYhdNxaS4xXeooDSL%2F0%2Fut%2BcYw35UxYioRuBswb5%2FZSL4u1Yq76XUcSMjZMDD8lvUsWn4At2tz8XTyPwoM7caedVBmwSrZAr4oLbfn9N4a7fQFkxHkmoAnlLs1o43xn3GtLaTdLIns2dByeD%2BFuz5vGPMX0rGKcENKmWlzc%2B3UfJKovKIlRgl%2FzbR3oaya0cmuDvdAYcqaVd91BEn%2FSdjrs8W1nKrLluIS7Y%3D#polycard_client=search-nordic&is_advertising=true&searchVariation=MLB48686774&backend_model=search-backend&search_layout=grid&position=10&type=pad&tracking_id=f0a2e483-4c16-4f1e-b25b-930b5118487a&wid=MLB5518037936&sid=search'
2025-09-26 02:22:37,286 - WARNING -   [ID PRODUTO] Não encontrado no link: https://click1.mercadolivre.com.br/mclics/clicks/external/MLB/count?a=dLlxve5lgm2RAm2XV5M7f3TbVMtizzML3Kl98qpTTE8mzaQbAkh4X3HzoTo6610bFqzH2m8x33M6Df376EwSmZeNgnJWp07%2FQYgOEuBG%2F9V%2BKD75t63mQ2iwiTLlQEl3YYiWRWTZx8f7b000cCF5%2FMLLnDkWKNewI4GU32UbZNoj1dr8RulqrQsWa3XGJThf3nMHQEPEgwGA9Bi57SHI2IlJ4T5b9H4zxxSTn9eNc9ItdG1h4RcWhY7IOIQnrF19cZ3JNBJ6K%2BY%2BZeLLS0xkQemZl4%2BWbUnPK7G5kCK6ETWWde%2B86Qj%2BXtX3PbYy96YOYr6QHEbYHm9mD5NDhGR644Y1lh4zTdA94%2FPPY3lasZ%2BL8HWenIgKeKBf%2BKUROdltt3ZC0LZDaplD4EmQTev9cPiV4Fu1%2But%2F2XQND85KZUpVuGRpPQcgI4unYUJoxAjuewJMMlR1Ysp8dTXK4D3hDIOo%2BpjSszWTaRdpxQ6L7mhgO7xc3lbWyPg9Pgtyr3P7X5DCaqiNHB3ZTiyqwWSUNbsZTuUS3RL7nElaRdJ3eqAWLXFO1%2BtM9yHVvcvatbVMPrN%2FNftN03QboYJ5FBnxh50vfgtfj139GTINUtQvED%2BgcDhPbNPmgsdOaVzovIFZ%2FaZKIoFBKlWiPLQCEmg28e1EPZyXCDt0N4Ch9LSdlVEsESpAZDemssiDG1NjzvXD%2BK5FzgBdBgcNXIWrYhdNxaS4xXeooDSL%2F0%2Fut%2BcYw35UxYioRuBswb5%2FZSL4u1Yq76XUcSMjZMDD8lvUsWn4At2tz8XTyPwoM7caedVBmwSrZAr4oLbfn9N4a7fQFkxHkmoAnlLs1o43xn3GtLaTdLIns2dByeD%2BFuz5vGPMX0rGKcENKmWlzc%2B3UfJKovKIlRgl%2FzbR3oaya0cmuDvdAYcqaVd91BEn%2FSdjrs8W1nKrLluIS7Y%3D#polycard_client=search-nordic&is_advertising=true&searchVariation=MLB48686774&backend_model=search-backend&search_layout=grid&position=10&type=pad&tracking_id=f0a2e483-4c16-4f1e-b25b-930b5118487a&wid=MLB5518037936&sid=search
2025-09-26 02:22:37,287 - INFO -   [PREÇO] Encontrado (poly-card fallback): 'R$ 277,41'
2025-09-26 02:22:37,288 - INFO -   [MARCA] Não encontrada (general/poly).
2025-09-26 02:22:37,288 - INFO -   [IMAGEM] Extração de imagens desabilitada pelo usuário.
2025-09-26 02:22:37,289 - INFO -   [VENDEDOR] Não encontrado para o container 10.
2025-09-26 02:22:37,289 - INFO -   [MÉDIA AVALIAÇÕES] Encontrada (poly-card fallback): '4.5'
2025-09-26 02:22:37,290 - INFO -   [TOTAL AVALIAÇÕES] Encontrado (poly-card fallback): '2'
2025-09-26 02:22:37,291 - INFO -   [ENTREGA] Texto encontrado (poly-card fallback): 'Frete grátis'
2025-09-26 02:22:37,293 - INFO - Produto processado: Kit 2 Cartuchos Hp 664xl (preto + Color) 2136 2676
2025-09-26 02:22:37,293 - INFO - --- Processando container de produto 11/56 (total coletado: 111, pulados: 2) ---
2025-09-26 02:22:37,294 - INFO -   [TÍTULO] Encontrado: '2 Cartuchos De Tinta 664xl Black+664xl Color Hp Impressoras'
2025-09-26 02:22:37,294 - INFO -   [LINK] Encontrado: 'https://click1.mercadolivre.com.br/mclics/clicks/external/MLB/count?a=Ymsxvm0cgZL0zTMKXXJ%2Bpp3rOEgr7pbeaPgMOJoM5S5mcU5fsgb6p7pF2ooh%2BN%2Bene44gk5MZYQDYiFr4CPVVm4EcdZRvcQmBUghhdVfYarr316W%2FO4f5Sz1xypE5WpBs9xe%2BXRrZ29d0L6%2FIol0x376Cz37uNP79rgZsVD0iHBu0Brpys3eaW3zTNSGz2VPMYK1nYnYL3KO0hNb2%2F5rcy2mEZ3iHNHIjGs20QrM6NcATrcQ0nwt6OcmaRqCFW%2BxZ7KoWYbvo8P8boOxj12ys7sgwJfC%2BMLQaeSYILv%2FhMLpifORrGMCTN695qet%2B1itaSeb67XAix67lnLwhRxCgzwPtKumVGHtYFuce2fz9RZQ6FQ8AKwOTzkUmCT4FrukFsAogPIsGOcvSzH%2FXBh16r9ilMgo%2BEs%2BlbbW3HiFO%2F3f05YnikrInsao0ElW3JQ3uflQrq9fk2zdf%2BvHWR1UMiRVsnfPSfUYNCZY9BonIJZc%2FAZH1%2Ba%2BeFAvdnxdXgLPsSOWTwHj%2BfU6h96EpXKS%2BLYTYaag6VcRgjD%2FCT6F8wCJUx32mGO4niVTYtJmajbO1sujpj2Hgf2MyvJxRXTSg8wthDp0XtXg55Mcm7dExer3Z1vBcrsDZUEw%2BahhaDXqjqbaikptCydR07Ku5vH3p8LxWtPt%2BqtE8orKkwq5wUkquqiA8ke6Qd3rGTWz24z9PNK3GrjZSNBmh5Ejq%2B5C9y7u2R9XN3uZz5omDqKLw%2FWK13r9ca9ZqyqIPooYukSp7LUlrI2HltaDpmNBRp%2BWE8ula7zFn7taQFwWQDeMzkJThlRMbSgDD%2FdKU2%2FvAMcJa8WEqJ%2Bg8Xy%2F8PCKSePIUz9FYc%2FU9sQDTlr1DH8MSlRFGbpyu269o6L990g9VwxGC38%2Ba270X49EEeeOuJQaK%2B3GXKsvqOl0oFfAmB4liQVfuuWVlTjUr0bCn5SgkrSY#polycard_client=search-nordic&is_advertising=true&searchVariation=MLB24113436&backend_model=search-backend&search_layout=grid&position=11&type=pad&tracking_id=f0a2e483-4c16-4f1e-b25b-930b5118487a&wid=MLB4081071581&sid=search'
2025-09-26 02:22:37,296 - WARNING -   [ID PRODUTO] Não encontrado no link: https://click1.mercadolivre.com.br/mclics/clicks/external/MLB/count?a=Ymsxvm0cgZL0zTMKXXJ%2Bpp3rOEgr7pbeaPgMOJoM5S5mcU5fsgb6p7pF2ooh%2BN%2Bene44gk5MZYQDYiFr4CPVVm4EcdZRvcQmBUghhdVfYarr316W%2FO4f5Sz1xypE5WpBs9xe%2BXRrZ29d0L6%2FIol0x376Cz37uNP79rgZsVD0iHBu0Brpys3eaW3zTNSGz2VPMYK1nYnYL3KO0hNb2%2F5rcy2mEZ3iHNHIjGs20QrM6NcATrcQ0nwt6OcmaRqCFW%2BxZ7KoWYbvo8P8boOxj12ys7sgwJfC%2BMLQaeSYILv%2FhMLpifORrGMCTN695qet%2B1itaSeb67XAix67lnLwhRxCgzwPtKumVGHtYFuce2fz9RZQ6FQ8AKwOTzkUmCT4FrukFsAogPIsGOcvSzH%2FXBh16r9ilMgo%2BEs%2BlbbW3HiFO%2F3f05YnikrInsao0ElW3JQ3uflQrq9fk2zdf%2BvHWR1UMiRVsnfPSfUYNCZY9BonIJZc%2FAZH1%2Ba%2BeFAvdnxdXgLPsSOWTwHj%2BfU6h96EpXKS%2BLYTYaag6VcRgjD%2FCT6F8wCJUx32mGO4niVTYtJmajbO1sujpj2Hgf2MyvJxRXTSg8wthDp0XtXg55Mcm7dExer3Z1vBcrsDZUEw%2BahhaDXqjqbaikptCydR07Ku5vH3p8LxWtPt%2BqtE8orKkwq5wUkquqiA8ke6Qd3rGTWz24z9PNK3GrjZSNBmh5Ejq%2B5C9y7u2R9XN3uZz5omDqKLw%2FWK13r9ca9ZqyqIPooYukSp7LUlrI2HltaDpmNBRp%2BWE8ula7zFn7taQFwWQDeMzkJThlRMbSgDD%2FdKU2%2FvAMcJa8WEqJ%2Bg8Xy%2F8PCKSePIUz9FYc%2FU9sQDTlr1DH8MSlRFGbpyu269o6L990g9VwxGC38%2Ba270X49EEeeOuJQaK%2B3GXKsvqOl0oFfAmB4liQVfuuWVlTjUr0bCn5SgkrSY#polycard_client=search-nordic&is_advertising=true&searchVariation=MLB24113436&backend_model=search-backend&search_layout=grid&position=11&type=pad&tracking_id=f0a2e483-4c16-4f1e-b25b-930b5118487a&wid=MLB4081071581&sid=search
2025-09-26 02:22:37,297 - INFO -   [PREÇO] Encontrado (poly-card fallback): 'R$ 260'
2025-09-26 02:22:37,297 - INFO -   [MARCA] Não encontrada (general/poly).
2025-09-26 02:22:37,298 - INFO -   [IMAGEM] Extração de imagens desabilitada pelo usuário.
2025-09-26 02:22:37,298 - INFO -   [VENDEDOR] Não encontrado para o container 11.
2025-09-26 02:22:37,299 - INFO -   [MÉDIA AVALIAÇÕES] Encontrada (poly-card fallback): '4.5'
2025-09-26 02:22:37,299 - INFO -   [TOTAL AVALIAÇÕES] Encontrado (poly-card fallback): '374'
2025-09-26 02:22:37,300 - INFO -   [ENTREGA] Texto encontrado (poly-card fallback): 'Frete grátis'
2025-09-26 02:22:37,301 - INFO - Produto processado: 2 Cartuchos De Tinta 664xl Black+664xl Color Hp Impressoras
2025-09-26 02:22:37,301 - DEBUG - Scraped from <200 https://lista.mercadolivre.com.br/cartucho-hp-664_Desde_102_NoIndex_True?sb=all_mercadolibre>
{'TITULO PRODUTO': 'Cartucho Tinta Original Hp 664 Preto F6v29ab 2136 2676 3776', 'LINK': 'https://produto.mercadolivre.com.br/MLB-3488324759-cartucho-tinta-original-hp-664-preto-f6v29ab-2136-2676-3776-_JM#polycard_client=search-nordic&search_layout=grid&position=8&type=item&tracking_id=f0a2e483-4c16-4f1e-b25b-930b5118487a&wid=MLB3488324759&sid=search', 'ID_PRODUTO': 'N/A', 'PREÇO': 'R$ 105,73', 'PREÇO ANTERIOR': 'N/A', 'MARCA': 'N/A', 'IMAGEM': 'N/A (imagens desabilitadas)', 'VENDEDOR': 'Tec Print', 'MÉDIA AVALIAÇÕES': '4.7', 'TOTAL AVALIAÇÕES': '133', 'ENTREGA': 'Chegará grátis amanhã sábado', 'ENTREGA FULL': 'Não'}
2025-09-26 02:22:37,302 - DEBUG - Scraped from <200 https://lista.mercadolivre.com.br/cartucho-hp-664_Desde_102_NoIndex_True?sb=all_mercadolibre>
{'TITULO PRODUTO': 'Kit Cartucho Originais Hp 664 Color 1115 2136 2676 3636 3776', 'LINK': 'https://www.mercadolivre.com.br/kit-cartucho-originais-hp-664-color-1115-2136-2676-3636-3776/up/MLBU1404950528#polycard_client=search-nordic&search_layout=grid&position=9&type=product&tracking_id=f0a2e483-4c16-4f1e-b25b-930b5118487a&wid=MLB1385938245&sid=search', 'ID_PRODUTO': 'N/A', 'PREÇO': 'R$ 229,99', 'PREÇO ANTERIOR': 'N/A', 'MARCA': 'N/A', 'IMAGEM': 'N/A (imagens desabilitadas)', 'VENDEDOR': 'N/A', 'MÉDIA AVALIAÇÕES': 'N/A', 'TOTAL AVALIAÇÕES': 'N/A', 'ENTREGA': 'Chegará grátis amanhã sábado', 'ENTREGA FULL': 'Não'}
2025-09-26 02:22:37,302 - INFO - --- Processando container de produto 12/56 (total coletado: 112, pulados: 2) ---
2025-09-26 02:22:37,303 - INFO -   [TÍTULO] Encontrado: 'Kit Cartucho 664xl Para Impressora Hp Colorido + Preto'
2025-09-26 02:22:37,303 - INFO -   [LINK] Encontrado: 'https://click1.mercadolivre.com.br/mclics/clicks/external/MLB/count?a=NP3AN%2B7LKlJAuFTRsuPr7dANOMyDHAk0C0psT8NhJMm7E%2B3rcsOCQuJXrMSZ%2B9MIQHm9c673jHWRVZU7PmI36B%2BNPpiZZ3lunXp5BgST%2FQynTZRz2%2B1MGPs%2BqbhhGX2R359%2FjmCXIGWRnawEHptvrAFYEw0srSPgzJzljgcFQSrWN70G7VtU8%2BXK6pom5061V1VjIARhQBABfwZuOOtsEGIDyume1fjuC%2FzDG%2FsuOMZWvrZofLzLo7GNDa%2FMKHRe%2Fel00X%2BKLpW%2F1LgvO%2BkMr9peNH6Paxwu3GBQY4meSZJgtESHnTkaAnMQih3dCnpYZvmKtzBo6EgEhVcPXXbQRIqvxvD0ffj0eNpc1v%2BvwVDPnT8ICwNeSfjFWhO6R6sNLo7Dy7Ff839qpBi0GwJJ5S%2BeZab8E2kZUOsYGt5MUgzaauW2XZiIeJyFGX66tv69%2FDCpniCwhgHGcdpj9BzeaXJ1x4fypX5Spbr2Jeo2VsrnyP%2FIWQYa9t90CNIUz8X%2BjFnMGpXj4W%2BDYsXE77Oh6PjGkopCzkj5nZ0aajhoTOujlgKvW25YHlRRKpY9KoYOHI1P2gtO2%2Bh8QZ3yJwbmaNz6%2BtwTAEJShU9QrST0r7qbckm%2Bo0xHipEj5SH4XQ5zwG0DIOQrl9HNLwJNOsNdRNmOyNyjd%2BcmKGBn0HiAiB1BtdyCBHID8dn%2FA9v2sccVle%2B9my0GmO39ppuZ6PMun1%2F62WGFcViyFIfsjWx86a1J6nnkJB7q%2Bm9k8yuxmls95PVD7iv777nBaTE%2F4rFcXBfd91cRlj2BSrlSbTpS61y6V4ShyxH8eP66ruOxzrSSI2ChnSLMn6hu1xbHoUH6XIMWkZbTzAMToA%3D%3D#polycard_client=search-nordic&is_advertising=true&backend_model=search-backend&search_layout=grid&position=12&type=pad&tracking_id=f0a2e483-4c16-4f1e-b25b-930b5118487a&wid=MLB3612996709&sid=search'
2025-09-26 02:22:37,303 - WARNING -   [ID PRODUTO] Não encontrado no link: https://click1.mercadolivre.com.br/mclics/clicks/external/MLB/count?a=NP3AN%2B7LKlJAuFTRsuPr7dANOMyDHAk0C0psT8NhJMm7E%2B3rcsOCQuJXrMSZ%2B9MIQHm9c673jHWRVZU7PmI36B%2BNPpiZZ3lunXp5BgST%2FQynTZRz2%2B1MGPs%2BqbhhGX2R359%2FjmCXIGWRnawEHptvrAFYEw0srSPgzJzljgcFQSrWN70G7VtU8%2BXK6pom5061V1VjIARhQBABfwZuOOtsEGIDyume1fjuC%2FzDG%2FsuOMZWvrZofLzLo7GNDa%2FMKHRe%2Fel00X%2BKLpW%2F1LgvO%2BkMr9peNH6Paxwu3GBQY4meSZJgtESHnTkaAnMQih3dCnpYZvmKtzBo6EgEhVcPXXbQRIqvxvD0ffj0eNpc1v%2BvwVDPnT8ICwNeSfjFWhO6R6sNLo7Dy7Ff839qpBi0GwJJ5S%2BeZab8E2kZUOsYGt5MUgzaauW2XZiIeJyFGX66tv69%2FDCpniCwhgHGcdpj9BzeaXJ1x4fypX5Spbr2Jeo2VsrnyP%2FIWQYa9t90CNIUz8X%2BjFnMGpXj4W%2BDYsXE77Oh6PjGkopCzkj5nZ0aajhoTOujlgKvW25YHlRRKpY9KoYOHI1P2gtO2%2Bh8QZ3yJwbmaNz6%2BtwTAEJShU9QrST0r7qbckm%2Bo0xHipEj5SH4XQ5zwG0DIOQrl9HNLwJNOsNdRNmOyNyjd%2BcmKGBn0HiAiB1BtdyCBHID8dn%2FA9v2sccVle%2B9my0GmO39ppuZ6PMun1%2F62WGFcViyFIfsjWx86a1J6nnkJB7q%2Bm9k8yuxmls95PVD7iv777nBaTE%2F4rFcXBfd91cRlj2BSrlSbTpS61y6V4ShyxH8eP66ruOxzrSSI2ChnSLMn6hu1xbHoUH6XIMWkZbTzAMToA%3D%3D#polycard_client=search-nordic&is_advertising=true&backend_model=search-backend&search_layout=grid&position=12&type=pad&tracking_id=f0a2e483-4c16-4f1e-b25b-930b5118487a&wid=MLB3612996709&sid=search
2025-09-26 02:22:37,305 - INFO -   [PREÇO] Encontrado (poly-card fallback): 'R$ 183'
2025-09-26 02:22:37,306 - INFO -   [MARCA] Não encontrada (general/poly).
2025-09-26 02:22:37,306 - INFO -   [IMAGEM] Extração de imagens desabilitada pelo usuário.
2025-09-26 02:22:37,307 - INFO -   [VENDEDOR] Não encontrado para o container 12.
2025-09-26 02:22:37,309 - INFO -   [MÉDIA AVALIAÇÕES] Encontrada (poly-card fallback): '4.4'
2025-09-26 02:22:37,310 - INFO -   [TOTAL AVALIAÇÕES] Encontrado (poly-card fallback): '19'
2025-09-26 02:22:37,313 - INFO -   [ENTREGA] Texto encontrado (poly-card fallback): 'Frete grátis'
2025-09-26 02:22:37,316 - INFO - Produto processado: Kit Cartucho 664xl Para Impressora Hp Colorido + Preto
2025-09-26 02:22:37,317 - DEBUG - Scraped from <200 https://lista.mercadolivre.com.br/cartucho-hp-664_Desde_102_NoIndex_True?sb=all_mercadolibre>
{'TITULO PRODUTO': 'Kit 2 Cartuchos Hp 664xl (preto + Color) 2136 2676', 'LINK': 'https://click1.mercadolivre.com.br/mclics/clicks/external/MLB/count?a=dLlxve5lgm2RAm2XV5M7f3TbVMtizzML3Kl98qpTTE8mzaQbAkh4X3HzoTo6610bFqzH2m8x33M6Df376EwSmZeNgnJWp07%2FQYgOEuBG%2F9V%2BKD75t63mQ2iwiTLlQEl3YYiWRWTZx8f7b000cCF5%2FMLLnDkWKNewI4GU32UbZNoj1dr8RulqrQsWa3XGJThf3nMHQEPEgwGA9Bi57SHI2IlJ4T5b9H4zxxSTn9eNc9ItdG1h4RcWhY7IOIQnrF19cZ3JNBJ6K%2BY%2BZeLLS0xkQemZl4%2BWbUnPK7G5kCK6ETWWde%2B86Qj%2BXtX3PbYy96YOYr6QHEbYHm9mD5NDhGR644Y1lh4zTdA94%2FPPY3lasZ%2BL8HWenIgKeKBf%2BKUROdltt3ZC0LZDaplD4EmQTev9cPiV4Fu1%2But%2F2XQND85KZUpVuGRpPQcgI4unYUJoxAjuewJMMlR1Ysp8dTXK4D3hDIOo%2BpjSszWTaRdpxQ6L7mhgO7xc3lbWyPg9Pgtyr3P7X5DCaqiNHB3ZTiyqwWSUNbsZTuUS3RL7nElaRdJ3eqAWLXFO1%2BtM9yHVvcvatbVMPrN%2FNftN03QboYJ5FBnxh50vfgtfj139GTINUtQvED%2BgcDhPbNPmgsdOaVzovIFZ%2FaZKIoFBKlWiPLQCEmg28e1EPZyXCDt0N4Ch9LSdlVEsESpAZDemssiDG1NjzvXD%2BK5FzgBdBgcNXIWrYhdNxaS4xXeooDSL%2F0%2Fut%2BcYw35UxYioRuBswb5%2FZSL4u1Yq76XUcSMjZMDD8lvUsWn4At2tz8XTyPwoM7caedVBmwSrZAr4oLbfn9N4a7fQFkxHkmoAnlLs1o43xn3GtLaTdLIns2dByeD%2BFuz5vGPMX0rGKcENKmWlzc%2B3UfJKovKIlRgl%2FzbR3oaya0cmuDvdAYcqaVd91BEn%2FSdjrs8W1nKrLluIS7Y%3D#polycard_client=search-nordic&is_advertising=true&searchVariation=MLB48686774&backend_model=search-backend&search_layout=grid&position=10&type=pad&tracking_id=f0a2e483-4c16-4f1e-b25b-930b5118487a&wid=MLB5518037936&sid=search', 'ID_PRODUTO': 'N/A', 'PREÇO': 'R$ 277,41', 'PREÇO ANTERIOR': 'N/A', 'MARCA': 'N/A', 'IMAGEM': 'N/A (imagens desabilitadas)', 'VENDEDOR': 'N/A', 'MÉDIA AVALIAÇÕES': '4.5', 'TOTAL AVALIAÇÕES': '2', 'ENTREGA': 'Frete grátis', 'ENTREGA FULL': 'Não'}
2025-09-26 02:22:37,317 - DEBUG - Scraped from <200 https://lista.mercadolivre.com.br/cartucho-hp-664_Desde_102_NoIndex_True?sb=all_mercadolibre>
{'TITULO PRODUTO': '2 Cartuchos De Tinta 664xl Black+664xl Color Hp Impressoras', 'LINK': 'https://click1.mercadolivre.com.br/mclics/clicks/external/MLB/count?a=Ymsxvm0cgZL0zTMKXXJ%2Bpp3rOEgr7pbeaPgMOJoM5S5mcU5fsgb6p7pF2ooh%2BN%2Bene44gk5MZYQDYiFr4CPVVm4EcdZRvcQmBUghhdVfYarr316W%2FO4f5Sz1xypE5WpBs9xe%2BXRrZ29d0L6%2FIol0x376Cz37uNP79rgZsVD0iHBu0Brpys3eaW3zTNSGz2VPMYK1nYnYL3KO0hNb2%2F5rcy2mEZ3iHNHIjGs20QrM6NcATrcQ0nwt6OcmaRqCFW%2BxZ7KoWYbvo8P8boOxj12ys7sgwJfC%2BMLQaeSYILv%2FhMLpifORrGMCTN695qet%2B1itaSeb67XAix67lnLwhRxCgzwPtKumVGHtYFuce2fz9RZQ6FQ8AKwOTzkUmCT4FrukFsAogPIsGOcvSzH%2FXBh16r9ilMgo%2BEs%2BlbbW3HiFO%2F3f05YnikrInsao0ElW3JQ3uflQrq9fk2zdf%2BvHWR1UMiRVsnfPSfUYNCZY9BonIJZc%2FAZH1%2Ba%2BeFAvdnxdXgLPsSOWTwHj%2BfU6h96EpXKS%2BLYTYaag6VcRgjD%2FCT6F8wCJUx32mGO4niVTYtJmajbO1sujpj2Hgf2MyvJxRXTSg8wthDp0XtXg55Mcm7dExer3Z1vBcrsDZUEw%2BahhaDXqjqbaikptCydR07Ku5vH3p8LxWtPt%2BqtE8orKkwq5wUkquqiA8ke6Qd3rGTWz24z9PNK3GrjZSNBmh5Ejq%2B5C9y7u2R9XN3uZz5omDqKLw%2FWK13r9ca9ZqyqIPooYukSp7LUlrI2HltaDpmNBRp%2BWE8ula7zFn7taQFwWQDeMzkJThlRMbSgDD%2FdKU2%2FvAMcJa8WEqJ%2Bg8Xy%2F8PCKSePIUz9FYc%2FU9sQDTlr1DH8MSlRFGbpyu269o6L990g9VwxGC38%2Ba270X49EEeeOuJQaK%2B3GXKsvqOl0oFfAmB4liQVfuuWVlTjUr0bCn5SgkrSY#polycard_client=search-nordic&is_advertising=true&searchVariation=MLB24113436&backend_model=search-backend&search_layout=grid&position=11&type=pad&tracking_id=f0a2e483-4c16-4f1e-b25b-930b5118487a&wid=MLB4081071581&sid=search', 'ID_PRODUTO': 'N/A', 'PREÇO': 'R$ 260', 'PREÇO ANTERIOR': 'N/A', 'MARCA': 'N/A', 'IMAGEM': 'N/A (imagens desabilitadas)', 'VENDEDOR': 'N/A', 'MÉDIA AVALIAÇÕES': '4.5', 'TOTAL AVALIAÇÕES': '374', 'ENTREGA': 'Frete grátis', 'ENTREGA FULL': 'Não'}
2025-09-26 02:22:37,318 - INFO - --- Processando container de produto 13/56 (total coletado: 113, pulados: 2) ---
2025-09-26 02:22:37,319 - INFO -   [TÍTULO] Encontrado: 'Cartucho Original Hp 664 Xl Preto Deskje 1115 2136 2676 4676'
2025-09-26 02:22:37,320 - INFO -   [LINK] Encontrado: 'https://www.mercadolivre.com.br/cartucho-original-hp-664-xl-preto-deskje-1115-2136-2676-4676/up/MLBU1406676955#polycard_client=search-nordic&search_layout=grid&position=13&type=product&tracking_id=f0a2e483-4c16-4f1e-b25b-930b5118487a&wid=MLB1806983399&sid=search'
2025-09-26 02:22:37,320 - WARNING -   [ID PRODUTO] Não encontrado no link: https://www.mercadolivre.com.br/cartucho-original-hp-664-xl-preto-deskje-1115-2136-2676-4676/up/MLBU1406676955#polycard_client=search-nordic&search_layout=grid&position=13&type=product&tracking_id=f0a2e483-4c16-4f1e-b25b-930b5118487a&wid=MLB1806983399&sid=search
2025-09-26 02:22:37,322 - INFO -   [PREÇO] Encontrado (poly-card fallback): 'R$ 229,99'
2025-09-26 02:22:37,323 - INFO -   [MARCA] Não encontrada (general/poly).
2025-09-26 02:22:37,324 - INFO -   [IMAGEM] Extração de imagens desabilitada pelo usuário.
2025-09-26 02:22:37,325 - INFO -   [VENDEDOR] Não encontrado para o container 13.
2025-09-26 02:22:37,328 - INFO -   [ENTREGA] Texto encontrado (general alt): 'Chegará grátis amanhã sábado'
2025-09-26 02:22:37,329 - INFO - Produto processado: Cartucho Original Hp 664 Xl Preto Deskje 1115 2136 2676 4676
2025-09-26 02:22:37,329 - DEBUG - Scraped from <200 https://lista.mercadolivre.com.br/cartucho-hp-664_Desde_102_NoIndex_True?sb=all_mercadolibre>
{'TITULO PRODUTO': 'Kit Cartucho 664xl Para Impressora Hp Colorido + Preto', 'LINK': 'https://click1.mercadolivre.com.br/mclics/clicks/external/MLB/count?a=NP3AN%2B7LKlJAuFTRsuPr7dANOMyDHAk0C0psT8NhJMm7E%2B3rcsOCQuJXrMSZ%2B9MIQHm9c673jHWRVZU7PmI36B%2BNPpiZZ3lunXp5BgST%2FQynTZRz2%2B1MGPs%2BqbhhGX2R359%2FjmCXIGWRnawEHptvrAFYEw0srSPgzJzljgcFQSrWN70G7VtU8%2BXK6pom5061V1VjIARhQBABfwZuOOtsEGIDyume1fjuC%2FzDG%2FsuOMZWvrZofLzLo7GNDa%2FMKHRe%2Fel00X%2BKLpW%2F1LgvO%2BkMr9peNH6Paxwu3GBQY4meSZJgtESHnTkaAnMQih3dCnpYZvmKtzBo6EgEhVcPXXbQRIqvxvD0ffj0eNpc1v%2BvwVDPnT8ICwNeSfjFWhO6R6sNLo7Dy7Ff839qpBi0GwJJ5S%2BeZab8E2kZUOsYGt5MUgzaauW2XZiIeJyFGX66tv69%2FDCpniCwhgHGcdpj9BzeaXJ1x4fypX5Spbr2Jeo2VsrnyP%2FIWQYa9t90CNIUz8X%2BjFnMGpXj4W%2BDYsXE77Oh6PjGkopCzkj5nZ0aajhoTOujlgKvW25YHlRRKpY9KoYOHI1P2gtO2%2Bh8QZ3yJwbmaNz6%2BtwTAEJShU9QrST0r7qbckm%2Bo0xHipEj5SH4XQ5zwG0DIOQrl9HNLwJNOsNdRNmOyNyjd%2BcmKGBn0HiAiB1BtdyCBHID8dn%2FA9v2sccVle%2B9my0GmO39ppuZ6PMun1%2F62WGFcViyFIfsjWx86a1J6nnkJB7q%2Bm9k8yuxmls95PVD7iv777nBaTE%2F4rFcXBfd91cRlj2BSrlSbTpS61y6V4ShyxH8eP66ruOxzrSSI2ChnSLMn6hu1xbHoUH6XIMWkZbTzAMToA%3D%3D#polycard_client=search-nordic&is_advertising=true&backend_model=search-backend&search_layout=grid&position=12&type=pad&tracking_id=f0a2e483-4c16-4f1e-b25b-930b5118487a&wid=MLB3612996709&sid=search', 'ID_PRODUTO': 'N/A', 'PREÇO': 'R$ 183', 'PREÇO ANTERIOR': 'N/A', 'MARCA': 'N/A', 'IMAGEM': 'N/A (imagens desabilitadas)', 'VENDEDOR': 'N/A', 'MÉDIA AVALIAÇÕES': '4.4', 'TOTAL AVALIAÇÕES': '19', 'ENTREGA': 'Frete grátis', 'ENTREGA FULL': 'Não'}
2025-09-26 02:22:37,330 - INFO - --- Processando container de produto 14/56 (total coletado: 114, pulados: 2) ---
2025-09-26 02:22:37,332 - INFO -   [TÍTULO] Encontrado: 'Kit Cartucho Hp664 Preto E Color 1115 2135 2136 2676 3636'
2025-09-26 02:22:37,332 - INFO -   [LINK] Encontrado: 'https://www.mercadolivre.com.br/kit-cartucho-hp664-preto-e-color-1115-2135-2136-2676-3636/up/MLBU750366871#polycard_client=search-nordic&search_layout=grid&position=14&type=product&tracking_id=f0a2e483-4c16-4f1e-b25b-930b5118487a&wid=MLB2671480791&sid=search'
2025-09-26 02:22:37,333 - WARNING -   [ID PRODUTO] Não encontrado no link: https://www.mercadolivre.com.br/kit-cartucho-hp664-preto-e-color-1115-2135-2136-2676-3636/up/MLBU750366871#polycard_client=search-nordic&search_layout=grid&position=14&type=product&tracking_id=f0a2e483-4c16-4f1e-b25b-930b5118487a&wid=MLB2671480791&sid=search
2025-09-26 02:22:37,334 - INFO -   [PREÇO] Encontrado (poly-card fallback): 'R$ 143,90'
2025-09-26 02:22:37,334 - INFO -   [MARCA] Não encontrada (general/poly).
2025-09-26 02:22:37,335 - INFO -   [IMAGEM] Extração de imagens desabilitada pelo usuário.
2025-09-26 02:22:37,335 - INFO -   [VENDEDOR] Não encontrado para o container 14.
2025-09-26 02:22:37,336 - INFO -   [MÉDIA AVALIAÇÕES] Encontrada (poly-card fallback): '4.7'
2025-09-26 02:22:37,337 - INFO -   [TOTAL AVALIAÇÕES] Encontrado (poly-card fallback): '161'
2025-09-26 02:22:37,337 - INFO -   [ENTREGA] Texto encontrado (general alt): 'Chegará grátis hoje'
2025-09-26 02:22:37,338 - INFO -   [ENTREGA FULL] Indicador FULL encontrado (poly-card fallback SVG).
2025-09-26 02:22:37,338 - INFO - Produto processado: Kit Cartucho Hp664 Preto E Color 1115 2135 2136 2676 3636
2025-09-26 02:22:37,339 - INFO - --- Processando container de produto 15/56 (total coletado: 115, pulados: 2) ---
2025-09-26 02:22:37,340 - INFO -   [TÍTULO] Encontrado: 'Cartucho 664 Preto Original Hp F6v29ab 2136 3776 3788 3790'
2025-09-26 02:22:37,340 - INFO -   [LINK] Encontrado: 'https://www.mercadolivre.com.br/cartucho-664-preto-original-hp-f6v29ab-2136-3776-3788-3790/up/MLBU1691980294#polycard_client=search-nordic&search_layout=grid&position=15&type=product&tracking_id=f0a2e483-4c16-4f1e-b25b-930b5118487a&wid=MLB1776172763&sid=search'
2025-09-26 02:22:37,341 - WARNING -   [ID PRODUTO] Não encontrado no link: https://www.mercadolivre.com.br/cartucho-664-preto-original-hp-f6v29ab-2136-3776-3788-3790/up/MLBU1691980294#polycard_client=search-nordic&search_layout=grid&position=15&type=product&tracking_id=f0a2e483-4c16-4f1e-b25b-930b5118487a&wid=MLB1776172763&sid=search
2025-09-26 02:22:37,342 - INFO -   [PREÇO] Encontrado (poly-card fallback): 'R$ 75,99'
2025-09-26 02:22:37,343 - INFO -   [MARCA] Não encontrada (general/poly).
2025-09-26 02:22:37,344 - INFO -   [IMAGEM] Extração de imagens desabilitada pelo usuário.
2025-09-26 02:22:37,345 - INFO -   [VENDEDOR] Não encontrado para o container 15.
2025-09-26 02:22:37,346 - INFO -   [MÉDIA AVALIAÇÕES] Encontrada (poly-card fallback): '5.0'
2025-09-26 02:22:37,346 - INFO -   [TOTAL AVALIAÇÕES] Encontrado (poly-card fallback): '2'
2025-09-26 02:22:37,347 - INFO -   [ENTREGA] Texto encontrado (poly-card fallback): 'Frete grátis'
2025-09-26 02:22:37,348 - INFO - Produto processado: Cartucho 664 Preto Original Hp F6v29ab 2136 3776 3788 3790
2025-09-26 02:22:37,348 - DEBUG - Scraped from <200 https://lista.mercadolivre.com.br/cartucho-hp-664_Desde_102_NoIndex_True?sb=all_mercadolibre>
{'TITULO PRODUTO': 'Cartucho Original Hp 664 Xl Preto Deskje 1115 2136 2676 4676', 'LINK': 'https://www.mercadolivre.com.br/cartucho-original-hp-664-xl-preto-deskje-1115-2136-2676-4676/up/MLBU1406676955#polycard_client=search-nordic&search_layout=grid&position=13&type=product&tracking_id=f0a2e483-4c16-4f1e-b25b-930b5118487a&wid=MLB1806983399&sid=search', 'ID_PRODUTO': 'N/A', 'PREÇO': 'R$ 229,99', 'PREÇO ANTERIOR': 'N/A', 'MARCA': 'N/A', 'IMAGEM': 'N/A (imagens desabilitadas)', 'VENDEDOR': 'N/A', 'MÉDIA AVALIAÇÕES': 'N/A', 'TOTAL AVALIAÇÕES': 'N/A', 'ENTREGA': 'Chegará grátis amanhã sábado', 'ENTREGA FULL': 'Não'}
2025-09-26 02:22:37,349 - INFO - --- Processando container de produto 16/56 (total coletado: 116, pulados: 2) ---
2025-09-26 02:22:37,350 - INFO -   [TÍTULO] Encontrado: 'Kit Cartuchos 2 Pretos 664 + 1 Colorido Originais Hp 664'
2025-09-26 02:22:37,350 - INFO -   [LINK] Encontrado: 'https://www.mercadolivre.com.br/kit-cartuchos-2-pretos-664--1-colorido-originais-hp-664/up/MLBU1400188275#polycard_client=search-nordic&search_layout=grid&position=16&type=product&tracking_id=f0a2e483-4c16-4f1e-b25b-930b5118487a&wid=MLB1337779509&sid=search'
2025-09-26 02:22:37,350 - WARNING -   [ID PRODUTO] Não encontrado no link: https://www.mercadolivre.com.br/kit-cartuchos-2-pretos-664--1-colorido-originais-hp-664/up/MLBU1400188275#polycard_client=search-nordic&search_layout=grid&position=16&type=product&tracking_id=f0a2e483-4c16-4f1e-b25b-930b5118487a&wid=MLB1337779509&sid=search
2025-09-26 02:22:37,351 - INFO -   [PREÇO] Encontrado (poly-card fallback): 'R$ 259,99'
2025-09-26 02:22:37,353 - INFO -   [MARCA] Não encontrada (general/poly).
2025-09-26 02:22:37,353 - INFO -   [IMAGEM] Extração de imagens desabilitada pelo usuário.
2025-09-26 02:22:37,354 - INFO -   [VENDEDOR] Não encontrado para o container 16.
2025-09-26 02:22:37,354 - INFO -   [MÉDIA AVALIAÇÕES] Encontrada (poly-card fallback): '4.4'
2025-09-26 02:22:37,355 - INFO -   [TOTAL AVALIAÇÕES] Encontrado (poly-card fallback): '5'
2025-09-26 02:22:37,356 - INFO -   [ENTREGA] Texto encontrado (general alt): 'Chegará grátis amanhã sábado'
2025-09-26 02:22:37,357 - INFO - Produto processado: Kit Cartuchos 2 Pretos 664 + 1 Colorido Originais Hp 664
2025-09-26 02:22:37,357 - INFO - --- Processando container de produto 17/56 (total coletado: 117, pulados: 2) ---
2025-09-26 02:22:37,359 - INFO -   [TÍTULO] Encontrado: 'Cartucho Tinta Original Hp 664 Preto F6v29ab 2136 2676 3776'
2025-09-26 02:22:37,360 - INFO -   [LINK] Encontrado: 'https://produto.mercadolivre.com.br/MLB-1724181802-cartucho-tinta-original-hp-664-preto-f6v29ab-2136-2676-3776-_JM#polycard_client=search-nordic&search_layout=grid&position=17&type=item&tracking_id=f0a2e483-4c16-4f1e-b25b-930b5118487a&wid=MLB1724181802&sid=search'
2025-09-26 02:22:37,360 - WARNING -   [ID PRODUTO] Não encontrado no link: https://produto.mercadolivre.com.br/MLB-1724181802-cartucho-tinta-original-hp-664-preto-f6v29ab-2136-2676-3776-_JM#polycard_client=search-nordic&search_layout=grid&position=17&type=item&tracking_id=f0a2e483-4c16-4f1e-b25b-930b5118487a&wid=MLB1724181802&sid=search
2025-09-26 02:22:37,362 - INFO -   [PREÇO] Encontrado (poly-card fallback): 'R$ 74,90'
2025-09-26 02:22:37,364 - INFO -   [MARCA] Não encontrada (general/poly).
2025-09-26 02:22:37,364 - INFO -   [IMAGEM] Extração de imagens desabilitada pelo usuário.
2025-09-26 02:22:37,365 - INFO -   [VENDEDOR] Encontrado (poly-card fallback): 'Tec Print'
2025-09-26 02:22:37,366 - INFO -   [MÉDIA AVALIAÇÕES] Encontrada (poly-card fallback): '4.6'
2025-09-26 02:22:37,366 - INFO -   [TOTAL AVALIAÇÕES] Encontrado (poly-card fallback): '270'
2025-09-26 02:22:37,367 - INFO -   [ENTREGA] Texto encontrado (poly-card fallback): 'Frete grátis'
2025-09-26 02:22:37,367 - INFO - Produto processado: Cartucho Tinta Original Hp 664 Preto F6v29ab 2136 2676 3776
2025-09-26 02:22:37,368 - DEBUG - Scraped from <200 https://lista.mercadolivre.com.br/cartucho-hp-664_Desde_102_NoIndex_True?sb=all_mercadolibre>
{'TITULO PRODUTO': 'Kit Cartucho Hp664 Preto E Color 1115 2135 2136 2676 3636', 'LINK': 'https://www.mercadolivre.com.br/kit-cartucho-hp664-preto-e-color-1115-2135-2136-2676-3636/up/MLBU750366871#polycard_client=search-nordic&search_layout=grid&position=14&type=product&tracking_id=f0a2e483-4c16-4f1e-b25b-930b5118487a&wid=MLB2671480791&sid=search', 'ID_PRODUTO': 'N/A', 'PREÇO': 'R$ 143,90', 'PREÇO ANTERIOR': 'N/A', 'MARCA': 'N/A', 'IMAGEM': 'N/A (imagens desabilitadas)', 'VENDEDOR': 'N/A', 'MÉDIA AVALIAÇÕES': '4.7', 'TOTAL AVALIAÇÕES': '161', 'ENTREGA': 'Chegará grátis hoje', 'ENTREGA FULL': 'Sim'}
2025-09-26 02:22:37,368 - DEBUG - Scraped from <200 https://lista.mercadolivre.com.br/cartucho-hp-664_Desde_102_NoIndex_True?sb=all_mercadolibre>
{'TITULO PRODUTO': 'Cartucho 664 Preto Original Hp F6v29ab 2136 3776 3788 3790', 'LINK': 'https://www.mercadolivre.com.br/cartucho-664-preto-original-hp-f6v29ab-2136-3776-3788-3790/up/MLBU1691980294#polycard_client=search-nordic&search_layout=grid&position=15&type=product&tracking_id=f0a2e483-4c16-4f1e-b25b-930b5118487a&wid=MLB1776172763&sid=search', 'ID_PRODUTO': 'N/A', 'PREÇO': 'R$ 75,99', 'PREÇO ANTERIOR': 'N/A', 'MARCA': 'N/A', 'IMAGEM': 'N/A (imagens desabilitadas)', 'VENDEDOR': 'N/A', 'MÉDIA AVALIAÇÕES': '5.0', 'TOTAL AVALIAÇÕES': '2', 'ENTREGA': 'Frete grátis', 'ENTREGA FULL': 'Não'}
2025-09-26 02:22:37,369 - INFO - --- Processando container de produto 18/56 (total coletado: 118, pulados: 2) ---
2025-09-26 02:22:37,370 - INFO -   [TÍTULO] Encontrado: 'Cartucho Hp 664 Color Original F6v28ab - 2136 2676 3776 5076'
2025-09-26 02:22:37,370 - INFO -   [LINK] Encontrado: 'https://www.mercadolivre.com.br/cartucho-hp-664-color-original-f6v28ab--2136-2676-3776-5076/up/MLBU1970364570#polycard_client=search-nordic&search_layout=grid&position=18&type=product&tracking_id=f0a2e483-4c16-4f1e-b25b-930b5118487a&wid=MLB2213829165&sid=search'
2025-09-26 02:22:37,370 - WARNING -   [ID PRODUTO] Não encontrado no link: https://www.mercadolivre.com.br/cartucho-hp-664-color-original-f6v28ab--2136-2676-3776-5076/up/MLBU1970364570#polycard_client=search-nordic&search_layout=grid&position=18&type=product&tracking_id=f0a2e483-4c16-4f1e-b25b-930b5118487a&wid=MLB2213829165&sid=search
2025-09-26 02:22:37,372 - INFO -   [PREÇO] Encontrado (poly-card fallback): 'R$ 105,89'
2025-09-26 02:22:37,373 - INFO -   [MARCA] Não encontrada (general/poly).
2025-09-26 02:22:37,373 - INFO -   [IMAGEM] Extração de imagens desabilitada pelo usuário.
2025-09-26 02:22:37,375 - INFO -   [VENDEDOR] Não encontrado para o container 18.
2025-09-26 02:22:37,377 - INFO -   [ENTREGA] Texto encontrado (poly-card fallback): 'Frete grátis'
2025-09-26 02:22:37,378 - INFO - Produto processado: Cartucho Hp 664 Color Original F6v28ab - 2136 2676 3776 5076
2025-09-26 02:22:37,378 - INFO - --- Processando container de produto 19/56 (total coletado: 119, pulados: 2) ---
2025-09-26 02:22:37,380 - INFO -   [TÍTULO] Encontrado: 'Cartucho Hp 664 Xl Color Original 2136 2676 3776 5076 5276'
2025-09-26 02:22:37,381 - INFO -   [LINK] Encontrado: 'https://click1.mercadolivre.com.br/mclics/clicks/external/MLB/count?a=ZKxGYp1aXnnU6jNq%2BJvJp6M8YfIOCIiO4Aj88s7u5LhE3T9BCssP1xs6mvT838LAWskaOv2HgQ5S1b2oqli%2F8aBNk2x8NyWwsdh1eFRnoVBAKljC7%2FfjFyCGRHqle6MbA2yQNyxFt%2FdQZ0HTf1I9MFytcpKCu0Y1ehji5OSxomoiqcgjtbjCdcO0H5fDJs6jhSQsGZ%2F6jCleiNV9b%2FNMva%2B29BzOYuqdC2zuKsunmwS%2Fi06zka4RfVmgP%2F6ltORrOsh2Fr0k2E1nKi0RmBhMluY6E6SrnEQj69yzwJARsd7LTYnn7VZWz9nrI4KVqAtHGV05EMGl%2FZn%2BcQuEAa%2BRS%2FXZENyX2fKWvxHWjlLptZmy0DYU8WsyStLmG7FLKOCC1vQmzMLNXE9toc9Oaoz81bRnUxjSjnFqBewYAvZQfiQH28WjVx%2BtcexkwkgvdwHxkI4DfX0AwrCWMzFhfg58O%2FcSrQ7uXFHtfK4wmUUtrxtFOvV4%2FEzlIhE387vPfPwMmF0UAUozT%2BFPyBn6BKdTWeb5GAf8DB24DcN8iRqwzWaRMVWT3rwecJmLxW%2F5OB803XHdPxUtFKnX7OmHTHpU4UizFJwI2XbBPvDWwqgK4o9EeSx1BpnUYQ%2BcNZikNGvGwzcMGQE5wRx%2Flhk9Iy3S45FvT9qvAB%2Fsh6meJDGO8yw8iHTYkXgcBvsIUv8bw9Wgtk3dv9MPRabcaVCc32rFGJpJ%2BWrDrZAMRrNAydfQcjMDqPwthRpBzNDVdn3yM5IQlwSTaN2EIjuuKH3EXFBkK%2B2klgIO9DPizZLzJZUj1dDF%2BVYc0J1z%2B3dQL2tJpQbgkHOKWXDk3eAVcfjj9A7yTIIh3%2FENQGcFiMYtzF%2BvFEDmKlhv4bh3TtEoVEI04Ju%2FB2Pw5N%2BfxobbnxQEGrmDMS6YhqoPWyaQyMw7DzxdVfcFx6biXCguUKbGO%2Bj8ModywVe000Aw51A%3D#polycard_client=search-nordic&is_advertising=true&searchVariation=MLBU2740458171&backend_model=search-backend&search_layout=grid&position=19&type=pad&tracking_id=f0a2e483-4c16-4f1e-b25b-930b5118487a&wid=MLB3905820037&sid=search'
2025-09-26 02:22:37,381 - WARNING -   [ID PRODUTO] Não encontrado no link: https://click1.mercadolivre.com.br/mclics/clicks/external/MLB/count?a=ZKxGYp1aXnnU6jNq%2BJvJp6M8YfIOCIiO4Aj88s7u5LhE3T9BCssP1xs6mvT838LAWskaOv2HgQ5S1b2oqli%2F8aBNk2x8NyWwsdh1eFRnoVBAKljC7%2FfjFyCGRHqle6MbA2yQNyxFt%2FdQZ0HTf1I9MFytcpKCu0Y1ehji5OSxomoiqcgjtbjCdcO0H5fDJs6jhSQsGZ%2F6jCleiNV9b%2FNMva%2B29BzOYuqdC2zuKsunmwS%2Fi06zka4RfVmgP%2F6ltORrOsh2Fr0k2E1nKi0RmBhMluY6E6SrnEQj69yzwJARsd7LTYnn7VZWz9nrI4KVqAtHGV05EMGl%2FZn%2BcQuEAa%2BRS%2FXZENyX2fKWvxHWjlLptZmy0DYU8WsyStLmG7FLKOCC1vQmzMLNXE9toc9Oaoz81bRnUxjSjnFqBewYAvZQfiQH28WjVx%2BtcexkwkgvdwHxkI4DfX0AwrCWMzFhfg58O%2FcSrQ7uXFHtfK4wmUUtrxtFOvV4%2FEzlIhE387vPfPwMmF0UAUozT%2BFPyBn6BKdTWeb5GAf8DB24DcN8iRqwzWaRMVWT3rwecJmLxW%2F5OB803XHdPxUtFKnX7OmHTHpU4UizFJwI2XbBPvDWwqgK4o9EeSx1BpnUYQ%2BcNZikNGvGwzcMGQE5wRx%2Flhk9Iy3S45FvT9qvAB%2Fsh6meJDGO8yw8iHTYkXgcBvsIUv8bw9Wgtk3dv9MPRabcaVCc32rFGJpJ%2BWrDrZAMRrNAydfQcjMDqPwthRpBzNDVdn3yM5IQlwSTaN2EIjuuKH3EXFBkK%2B2klgIO9DPizZLzJZUj1dDF%2BVYc0J1z%2B3dQL2tJpQbgkHOKWXDk3eAVcfjj9A7yTIIh3%2FENQGcFiMYtzF%2BvFEDmKlhv4bh3TtEoVEI04Ju%2FB2Pw5N%2BfxobbnxQEGrmDMS6YhqoPWyaQyMw7DzxdVfcFx6biXCguUKbGO%2Bj8ModywVe000Aw51A%3D#polycard_client=search-nordic&is_advertising=true&searchVariation=MLBU2740458171&backend_model=search-backend&search_layout=grid&position=19&type=pad&tracking_id=f0a2e483-4c16-4f1e-b25b-930b5118487a&wid=MLB3905820037&sid=search
2025-09-26 02:22:37,382 - INFO -   [PREÇO] Encontrado (poly-card fallback): 'R$ 103,02'
2025-09-26 02:22:37,384 - INFO -   [PREÇO ANTERIOR] Encontrado (poly-card fallback): 'R$ 112'
2025-09-26 02:22:37,384 - INFO -   [MARCA] Não encontrada (general/poly).
2025-09-26 02:22:37,385 - INFO -   [IMAGEM] Extração de imagens desabilitada pelo usuário.
2025-09-26 02:22:37,385 - INFO -   [VENDEDOR] Não encontrado para o container 19.
2025-09-26 02:22:37,386 - INFO -   [MÉDIA AVALIAÇÕES] Encontrada (poly-card fallback): '4.5'
2025-09-26 02:22:37,386 - INFO -   [TOTAL AVALIAÇÕES] Encontrado (poly-card fallback): '47'
2025-09-26 02:22:37,387 - INFO -   [ENTREGA] Texto encontrado (poly-card fallback): 'Frete grátis'
2025-09-26 02:22:37,388 - INFO - Produto processado: Cartucho Hp 664 Xl Color Original 2136 2676 3776 5076 5276
2025-09-26 02:22:37,389 - DEBUG - Scraped from <200 https://lista.mercadolivre.com.br/cartucho-hp-664_Desde_102_NoIndex_True?sb=all_mercadolibre>
{'TITULO PRODUTO': 'Kit Cartuchos 2 Pretos 664 + 1 Colorido Originais Hp 664', 'LINK': 'https://www.mercadolivre.com.br/kit-cartuchos-2-pretos-664--1-colorido-originais-hp-664/up/MLBU1400188275#polycard_client=search-nordic&search_layout=grid&position=16&type=product&tracking_id=f0a2e483-4c16-4f1e-b25b-930b5118487a&wid=MLB1337779509&sid=search', 'ID_PRODUTO': 'N/A', 'PREÇO': 'R$ 259,99', 'PREÇO ANTERIOR': 'N/A', 'MARCA': 'N/A', 'IMAGEM': 'N/A (imagens desabilitadas)', 'VENDEDOR': 'N/A', 'MÉDIA AVALIAÇÕES': '4.4', 'TOTAL AVALIAÇÕES': '5', 'ENTREGA': 'Chegará grátis amanhã sábado', 'ENTREGA FULL': 'Não'}
2025-09-26 02:22:37,390 - DEBUG - Scraped from <200 https://lista.mercadolivre.com.br/cartucho-hp-664_Desde_102_NoIndex_True?sb=all_mercadolibre>
{'TITULO PRODUTO': 'Cartucho Tinta Original Hp 664 Preto F6v29ab 2136 2676 3776', 'LINK': 'https://produto.mercadolivre.com.br/MLB-1724181802-cartucho-tinta-original-hp-664-preto-f6v29ab-2136-2676-3776-_JM#polycard_client=search-nordic&search_layout=grid&position=17&type=item&tracking_id=f0a2e483-4c16-4f1e-b25b-930b5118487a&wid=MLB1724181802&sid=search', 'ID_PRODUTO': 'N/A', 'PREÇO': 'R$ 74,90', 'PREÇO ANTERIOR': 'N/A', 'MARCA': 'N/A', 'IMAGEM': 'N/A (imagens desabilitadas)', 'VENDEDOR': 'Tec Print', 'MÉDIA AVALIAÇÕES': '4.6', 'TOTAL AVALIAÇÕES': '270', 'ENTREGA': 'Frete grátis', 'ENTREGA FULL': 'Não'}
2025-09-26 02:22:37,391 - INFO - --- Processando container de produto 20/56 (total coletado: 120, pulados: 2) ---
2025-09-26 02:22:37,393 - INFO -   [TÍTULO] Encontrado: '3 Cartuchos Hp 664xl Preto 1 Color Genuíno'
2025-09-26 02:22:37,394 - INFO -   [LINK] Encontrado: 'https://click1.mercadolivre.com.br/mclics/clicks/external/MLB/count?a=ct9zqZqh45GNwSZU%2BTceZjWVVtVtKO66Yf5Uh%2BsubsxqSjKxm1H9P7Tpuc59jxjqUS5kvwQrvJO6f0g5oHgO%2FuWCu1mxkoPRjJME9m9ApTgRvBuVOW8FRV1VB13jfOnqyaqP8LgubOcUWOBLABAZ2P3yIz1Wtjrs%2BnxlSUkjgfu6Ih%2BnnH0LkmnPEfeygxe%2FnpnEWFJDsonnOQ40HTASGc5AQAPHIS1tAHx3laNBl2aAqhqTfVR43JYcCR8PJTXah59Zs%2FTcxC6a7eABTgMu%2BrLaGOUyY9xRnmfsE%2F01Kp3U5k7BpNBgvqSgfJe5A%2FeBT6YgsBSnpuxYaujoo1f9yYYVWUxm1CNjqtBDSEuVRUf6d5GGtRUPF8rCYrocUCXlJhnRY%2BvKQMmDeanvklAwEgzNadr7ucIPUEGFoQ%2FucOeC5pwD7HBccOc0Zm%2BfGY0CG0atxO1QKvuoxKUTNzgz46S6wAVZnC5YjLTm374zQdX5JGUb0LZtuLMOqSrWBkOEqdXFNBI8SzO8zAdlo1PRGijVuoPnknfQ537Nys59DoLG%2BjLutiR8ZiO13a3d%2FEe4wBBm75aUFtgF6wgXYtf1BlqRUrKjRPlMbVdzkKzeDCaLfOGAtjYBxtr1yuXP8AhjY7SfzkGD7pd8hj39QEIDE2nIiTEruasNZyiO0%2Fd%2BlcAkZSi8J6kgAkjshEM9m5zmez7DlYZzGivk4rQAalNBb4TSyVoT2l82Sno5UDvTQu4Zoi1goZcfRB7kAbcfC1lZeAdyT2nHEJBO6CZ2vhskHYZQh%2FtvrBSKw1JdEdHj0S8LzImJPDJ6VZIiANrYxIZlqDjloP15Hid0IBj9x5s%2B%2BteT46rkWCAx0DYzRh4qe2cpS90LY9hbvPN73pEMnQ43FvoIf3m%2FrYdQiTvWeXmD9ZmZ%2Bv2ZTJdy2DQwLB5k0f8%3D#polycard_client=search-nordic&is_advertising=true&searchVariation=MLB47914809&backend_model=search-backend&search_layout=grid&position=20&type=pad&tracking_id=f0a2e483-4c16-4f1e-b25b-930b5118487a&wid=MLB5350029660&sid=search'
2025-09-26 02:22:37,395 - WARNING -   [ID PRODUTO] Não encontrado no link: https://click1.mercadolivre.com.br/mclics/clicks/external/MLB/count?a=ct9zqZqh45GNwSZU%2BTceZjWVVtVtKO66Yf5Uh%2BsubsxqSjKxm1H9P7Tpuc59jxjqUS5kvwQrvJO6f0g5oHgO%2FuWCu1mxkoPRjJME9m9ApTgRvBuVOW8FRV1VB13jfOnqyaqP8LgubOcUWOBLABAZ2P3yIz1Wtjrs%2BnxlSUkjgfu6Ih%2BnnH0LkmnPEfeygxe%2FnpnEWFJDsonnOQ40HTASGc5AQAPHIS1tAHx3laNBl2aAqhqTfVR43JYcCR8PJTXah59Zs%2FTcxC6a7eABTgMu%2BrLaGOUyY9xRnmfsE%2F01Kp3U5k7BpNBgvqSgfJe5A%2FeBT6YgsBSnpuxYaujoo1f9yYYVWUxm1CNjqtBDSEuVRUf6d5GGtRUPF8rCYrocUCXlJhnRY%2BvKQMmDeanvklAwEgzNadr7ucIPUEGFoQ%2FucOeC5pwD7HBccOc0Zm%2BfGY0CG0atxO1QKvuoxKUTNzgz46S6wAVZnC5YjLTm374zQdX5JGUb0LZtuLMOqSrWBkOEqdXFNBI8SzO8zAdlo1PRGijVuoPnknfQ537Nys59DoLG%2BjLutiR8ZiO13a3d%2FEe4wBBm75aUFtgF6wgXYtf1BlqRUrKjRPlMbVdzkKzeDCaLfOGAtjYBxtr1yuXP8AhjY7SfzkGD7pd8hj39QEIDE2nIiTEruasNZyiO0%2Fd%2BlcAkZSi8J6kgAkjshEM9m5zmez7DlYZzGivk4rQAalNBb4TSyVoT2l82Sno5UDvTQu4Zoi1goZcfRB7kAbcfC1lZeAdyT2nHEJBO6CZ2vhskHYZQh%2FtvrBSKw1JdEdHj0S8LzImJPDJ6VZIiANrYxIZlqDjloP15Hid0IBj9x5s%2B%2BteT46rkWCAx0DYzRh4qe2cpS90LY9hbvPN73pEMnQ43FvoIf3m%2FrYdQiTvWeXmD9ZmZ%2Bv2ZTJdy2DQwLB5k0f8%3D#polycard_client=search-nordic&is_advertising=true&searchVariation=MLB47914809&backend_model=search-backend&search_layout=grid&position=20&type=pad&tracking_id=f0a2e483-4c16-4f1e-b25b-930b5118487a&wid=MLB5350029660&sid=search
2025-09-26 02:22:37,397 - INFO -   [PREÇO] Encontrado (poly-card fallback): 'R$ 495,50'
2025-09-26 02:22:37,399 - INFO -   [MARCA] Não encontrada (general/poly).
2025-09-26 02:22:37,399 - INFO -   [IMAGEM] Extração de imagens desabilitada pelo usuário.
2025-09-26 02:22:37,400 - INFO -   [VENDEDOR] Encontrado (poly-card fallback): 'Park Ecom'
2025-09-26 02:22:37,401 - INFO -   [MÉDIA AVALIAÇÕES] Encontrada (poly-card fallback): '4.6'
2025-09-26 02:22:37,401 - INFO -   [TOTAL AVALIAÇÕES] Encontrado (poly-card fallback): '111'
2025-09-26 02:22:37,402 - INFO -   [ENTREGA] Texto encontrado (poly-card fallback): 'Frete grátis'
2025-09-26 02:22:37,403 - INFO - Produto processado: 3 Cartuchos Hp 664xl Preto 1 Color Genuíno
2025-09-26 02:22:37,403 - DEBUG - Scraped from <200 https://lista.mercadolivre.com.br/cartucho-hp-664_Desde_102_NoIndex_True?sb=all_mercadolibre>
{'TITULO PRODUTO': 'Cartucho Hp 664 Color Original F6v28ab - 2136 2676 3776 5076', 'LINK': 'https://www.mercadolivre.com.br/cartucho-hp-664-color-original-f6v28ab--2136-2676-3776-5076/up/MLBU1970364570#polycard_client=search-nordic&search_layout=grid&position=18&type=product&tracking_id=f0a2e483-4c16-4f1e-b25b-930b5118487a&wid=MLB2213829165&sid=search', 'ID_PRODUTO': 'N/A', 'PREÇO': 'R$ 105,89', 'PREÇO ANTERIOR': 'N/A', 'MARCA': 'N/A', 'IMAGEM': 'N/A (imagens desabilitadas)', 'VENDEDOR': 'N/A', 'MÉDIA AVALIAÇÕES': 'N/A', 'TOTAL AVALIAÇÕES': 'N/A', 'ENTREGA': 'Frete grátis', 'ENTREGA FULL': 'Não'}
2025-09-26 02:22:37,404 - DEBUG - Scraped from <200 https://lista.mercadolivre.com.br/cartucho-hp-664_Desde_102_NoIndex_True?sb=all_mercadolibre>
{'TITULO PRODUTO': 'Cartucho Hp 664 Xl Color Original 2136 2676 3776 5076 5276', 'LINK': 'https://click1.mercadolivre.com.br/mclics/clicks/external/MLB/count?a=ZKxGYp1aXnnU6jNq%2BJvJp6M8YfIOCIiO4Aj88s7u5LhE3T9BCssP1xs6mvT838LAWskaOv2HgQ5S1b2oqli%2F8aBNk2x8NyWwsdh1eFRnoVBAKljC7%2FfjFyCGRHqle6MbA2yQNyxFt%2FdQZ0HTf1I9MFytcpKCu0Y1ehji5OSxomoiqcgjtbjCdcO0H5fDJs6jhSQsGZ%2F6jCleiNV9b%2FNMva%2B29BzOYuqdC2zuKsunmwS%2Fi06zka4RfVmgP%2F6ltORrOsh2Fr0k2E1nKi0RmBhMluY6E6SrnEQj69yzwJARsd7LTYnn7VZWz9nrI4KVqAtHGV05EMGl%2FZn%2BcQuEAa%2BRS%2FXZENyX2fKWvxHWjlLptZmy0DYU8WsyStLmG7FLKOCC1vQmzMLNXE9toc9Oaoz81bRnUxjSjnFqBewYAvZQfiQH28WjVx%2BtcexkwkgvdwHxkI4DfX0AwrCWMzFhfg58O%2FcSrQ7uXFHtfK4wmUUtrxtFOvV4%2FEzlIhE387vPfPwMmF0UAUozT%2BFPyBn6BKdTWeb5GAf8DB24DcN8iRqwzWaRMVWT3rwecJmLxW%2F5OB803XHdPxUtFKnX7OmHTHpU4UizFJwI2XbBPvDWwqgK4o9EeSx1BpnUYQ%2BcNZikNGvGwzcMGQE5wRx%2Flhk9Iy3S45FvT9qvAB%2Fsh6meJDGO8yw8iHTYkXgcBvsIUv8bw9Wgtk3dv9MPRabcaVCc32rFGJpJ%2BWrDrZAMRrNAydfQcjMDqPwthRpBzNDVdn3yM5IQlwSTaN2EIjuuKH3EXFBkK%2B2klgIO9DPizZLzJZUj1dDF%2BVYc0J1z%2B3dQL2tJpQbgkHOKWXDk3eAVcfjj9A7yTIIh3%2FENQGcFiMYtzF%2BvFEDmKlhv4bh3TtEoVEI04Ju%2FB2Pw5N%2BfxobbnxQEGrmDMS6YhqoPWyaQyMw7DzxdVfcFx6biXCguUKbGO%2Bj8ModywVe000Aw51A%3D#polycard_client=search-nordic&is_advertising=true&searchVariation=MLBU2740458171&backend_model=search-backend&search_layout=grid&position=19&type=pad&tracking_id=f0a2e483-4c16-4f1e-b25b-930b5118487a&wid=MLB3905820037&sid=search', 'ID_PRODUTO': 'N/A', 'PREÇO': 'R$ 103,02', 'PREÇO ANTERIOR': 'R$ 112', 'MARCA': 'N/A', 'IMAGEM': 'N/A (imagens desabilitadas)', 'VENDEDOR': 'N/A', 'MÉDIA AVALIAÇÕES': '4.5', 'TOTAL AVALIAÇÕES': '47', 'ENTREGA': 'Frete grátis', 'ENTREGA FULL': 'Não'}
2025-09-26 02:22:37,404 - INFO - --- Processando container de produto 21/56 (total coletado: 121, pulados: 2) ---
2025-09-26 02:22:37,407 - INFO -   [TÍTULO] Encontrado: 'Kit 03 Cartucho Tinta Original Hp 664- 2 Preto / 1 Colorido'
2025-09-26 02:22:37,407 - INFO -   [LINK] Encontrado: 'https://click1.mercadolivre.com.br/mclics/clicks/external/MLB/count?a=kij%2Fi5kpwVQpTHkFkwazhS5fU389H226%2Fw9ZrV6gJY%2FNdalHGSPcSknMYWUhauRZZ5vqI4HrNyFMoXabhDxATH9JkoXCkztRWZrF7TwOs5B%2BV5r2b02U7IclVsWMbTNikDcPCXB02B0cWRNRRqxwwYwsytMo83uicSBFilgLYZzEY3Gho0DxTSy%2BRPV57O0bJpqy0aTnJ1XnKOxZNe7ecmXJBvCLwXQ0JkC7OBtugu654krbqxCevPeLmtqWH9L05Sx8SuCgGK5r3CfnrUrq5UUgH4H0xtAvpo5xAZ2SWFiYz%2FmUWMx90TYlHHSyVX804sr3Zil4064U9%2F%2BVjPZu86TXbeWevvOueBF8JtpZuyv7s6AYCN%2BvwqoOAuGP8RQQj1gXajdj1xoEYWcs8m8Taemz%2FcQ7a85xaNGSSzSCXrwTBopVMdqysnsrBImnC09pwG76ancCLRup91vqKRfIB77zAJPXL2R4hnJV5HVT7Wjb5iLNKp3gceRCu1dRpg9G54HuVEqpkEO0jZ978zM1pKrVjPukfC7Qk9tp2NsTyaD9QxNHNRra0ufTGxHXoLUo1ASsm9jsQrQm%2B4cnhaPbFsuUWVwISIiTuqv8ng%2BZHlvGU%2B0WepogFCRch2AOwY4ValWuWdzHrvv5P4cinrPRYOZofGHHYZTqUpkP5HOZcMxjsCj0v3tbkUS0ALihMhg7bKIhmmyIk86HowyWY%2F3adGe8mSx8YJjAvFvX3dPsTrInKGD39Q41NzM5bFrww4xNL8NNW4owL0tkC47nqGU8NPP02WCc0z%2Fr9PDWzL0pws52SIILSHiZCfyjCki5C5dBZ0NPJWqLDlJDUmJUdTvhQn7e7pszCPxBmOVq#polycard_client=search-nordic&is_advertising=true&backend_model=search-backend&search_layout=grid&position=21&type=pad&tracking_id=f0a2e483-4c16-4f1e-b25b-930b5118487a&wid=MLB1888944944&sid=search'
2025-09-26 02:22:37,408 - WARNING -   [ID PRODUTO] Não encontrado no link: https://click1.mercadolivre.com.br/mclics/clicks/external/MLB/count?a=kij%2Fi5kpwVQpTHkFkwazhS5fU389H226%2Fw9ZrV6gJY%2FNdalHGSPcSknMYWUhauRZZ5vqI4HrNyFMoXabhDxATH9JkoXCkztRWZrF7TwOs5B%2BV5r2b02U7IclVsWMbTNikDcPCXB02B0cWRNRRqxwwYwsytMo83uicSBFilgLYZzEY3Gho0DxTSy%2BRPV57O0bJpqy0aTnJ1XnKOxZNe7ecmXJBvCLwXQ0JkC7OBtugu654krbqxCevPeLmtqWH9L05Sx8SuCgGK5r3CfnrUrq5UUgH4H0xtAvpo5xAZ2SWFiYz%2FmUWMx90TYlHHSyVX804sr3Zil4064U9%2F%2BVjPZu86TXbeWevvOueBF8JtpZuyv7s6AYCN%2BvwqoOAuGP8RQQj1gXajdj1xoEYWcs8m8Taemz%2FcQ7a85xaNGSSzSCXrwTBopVMdqysnsrBImnC09pwG76ancCLRup91vqKRfIB77zAJPXL2R4hnJV5HVT7Wjb5iLNKp3gceRCu1dRpg9G54HuVEqpkEO0jZ978zM1pKrVjPukfC7Qk9tp2NsTyaD9QxNHNRra0ufTGxHXoLUo1ASsm9jsQrQm%2B4cnhaPbFsuUWVwISIiTuqv8ng%2BZHlvGU%2B0WepogFCRch2AOwY4ValWuWdzHrvv5P4cinrPRYOZofGHHYZTqUpkP5HOZcMxjsCj0v3tbkUS0ALihMhg7bKIhmmyIk86HowyWY%2F3adGe8mSx8YJjAvFvX3dPsTrInKGD39Q41NzM5bFrww4xNL8NNW4owL0tkC47nqGU8NPP02WCc0z%2Fr9PDWzL0pws52SIILSHiZCfyjCki5C5dBZ0NPJWqLDlJDUmJUdTvhQn7e7pszCPxBmOVq#polycard_client=search-nordic&is_advertising=true&backend_model=search-backend&search_layout=grid&position=21&type=pad&tracking_id=f0a2e483-4c16-4f1e-b25b-930b5118487a&wid=MLB1888944944&sid=search
2025-09-26 02:22:37,411 - INFO -   [PREÇO] Encontrado (poly-card fallback): 'R$ 254,90'
2025-09-26 02:22:37,413 - INFO -   [MARCA] Não encontrada (general/poly).
2025-09-26 02:22:37,414 - INFO -   [IMAGEM] Extração de imagens desabilitada pelo usuário.
2025-09-26 02:22:37,415 - INFO -   [VENDEDOR] Encontrado (poly-card fallback): 'Tec Print'
2025-09-26 02:22:37,416 - INFO -   [MÉDIA AVALIAÇÕES] Encontrada (poly-card fallback): '4.9'
2025-09-26 02:22:37,417 - INFO -   [TOTAL AVALIAÇÕES] Encontrado (poly-card fallback): '21'
2025-09-26 02:22:37,417 - INFO -   [ENTREGA] Texto encontrado (general alt): 'Chegará grátis amanhã sábado'
2025-09-26 02:22:37,418 - INFO - Produto processado: Kit 03 Cartucho Tinta Original Hp 664- 2 Preto / 1 Colorido
2025-09-26 02:22:37,418 - DEBUG - Scraped from <200 https://lista.mercadolivre.com.br/cartucho-hp-664_Desde_102_NoIndex_True?sb=all_mercadolibre>
{'TITULO PRODUTO': '3 Cartuchos Hp 664xl Preto 1 Color Genuíno', 'LINK': 'https://click1.mercadolivre.com.br/mclics/clicks/external/MLB/count?a=ct9zqZqh45GNwSZU%2BTceZjWVVtVtKO66Yf5Uh%2BsubsxqSjKxm1H9P7Tpuc59jxjqUS5kvwQrvJO6f0g5oHgO%2FuWCu1mxkoPRjJME9m9ApTgRvBuVOW8FRV1VB13jfOnqyaqP8LgubOcUWOBLABAZ2P3yIz1Wtjrs%2BnxlSUkjgfu6Ih%2BnnH0LkmnPEfeygxe%2FnpnEWFJDsonnOQ40HTASGc5AQAPHIS1tAHx3laNBl2aAqhqTfVR43JYcCR8PJTXah59Zs%2FTcxC6a7eABTgMu%2BrLaGOUyY9xRnmfsE%2F01Kp3U5k7BpNBgvqSgfJe5A%2FeBT6YgsBSnpuxYaujoo1f9yYYVWUxm1CNjqtBDSEuVRUf6d5GGtRUPF8rCYrocUCXlJhnRY%2BvKQMmDeanvklAwEgzNadr7ucIPUEGFoQ%2FucOeC5pwD7HBccOc0Zm%2BfGY0CG0atxO1QKvuoxKUTNzgz46S6wAVZnC5YjLTm374zQdX5JGUb0LZtuLMOqSrWBkOEqdXFNBI8SzO8zAdlo1PRGijVuoPnknfQ537Nys59DoLG%2BjLutiR8ZiO13a3d%2FEe4wBBm75aUFtgF6wgXYtf1BlqRUrKjRPlMbVdzkKzeDCaLfOGAtjYBxtr1yuXP8AhjY7SfzkGD7pd8hj39QEIDE2nIiTEruasNZyiO0%2Fd%2BlcAkZSi8J6kgAkjshEM9m5zmez7DlYZzGivk4rQAalNBb4TSyVoT2l82Sno5UDvTQu4Zoi1goZcfRB7kAbcfC1lZeAdyT2nHEJBO6CZ2vhskHYZQh%2FtvrBSKw1JdEdHj0S8LzImJPDJ6VZIiANrYxIZlqDjloP15Hid0IBj9x5s%2B%2BteT46rkWCAx0DYzRh4qe2cpS90LY9hbvPN73pEMnQ43FvoIf3m%2FrYdQiTvWeXmD9ZmZ%2Bv2ZTJdy2DQwLB5k0f8%3D#polycard_client=search-nordic&is_advertising=true&searchVariation=MLB47914809&backend_model=search-backend&search_layout=grid&position=20&type=pad&tracking_id=f0a2e483-4c16-4f1e-b25b-930b5118487a&wid=MLB5350029660&sid=search', 'ID_PRODUTO': 'N/A', 'PREÇO': 'R$ 495,50', 'PREÇO ANTERIOR': 'N/A', 'MARCA': 'N/A', 'IMAGEM': 'N/A (imagens desabilitadas)', 'VENDEDOR': 'Park Ecom', 'MÉDIA AVALIAÇÕES': '4.6', 'TOTAL AVALIAÇÕES': '111', 'ENTREGA': 'Frete grátis', 'ENTREGA FULL': 'Não'}
2025-09-26 02:22:37,419 - INFO - --- Processando container de produto 22/56 (total coletado: 122, pulados: 2) ---
2025-09-26 02:22:37,420 - INFO -   [TÍTULO] Encontrado: 'Cartucho Tinta Original Hp 664xl Deskjet 2136 2676 Preto'
2025-09-26 02:22:37,420 - INFO -   [LINK] Encontrado: 'https://produto.mercadolivre.com.br/MLB-1805269167-cartucho-tinta-original-hp-664xl-deskjet-2136-2676-preto-_JM#polycard_client=search-nordic&search_layout=grid&position=22&type=item&tracking_id=f0a2e483-4c16-4f1e-b25b-930b5118487a&wid=MLB1805269167&sid=search'
2025-09-26 02:22:37,420 - WARNING -   [ID PRODUTO] Não encontrado no link: https://produto.mercadolivre.com.br/MLB-1805269167-cartucho-tinta-original-hp-664xl-deskjet-2136-2676-preto-_JM#polycard_client=search-nordic&search_layout=grid&position=22&type=item&tracking_id=f0a2e483-4c16-4f1e-b25b-930b5118487a&wid=MLB1805269167&sid=search
2025-09-26 02:22:37,422 - INFO -   [PREÇO] Encontrado (poly-card fallback): 'R$ 239,90'
2025-09-26 02:22:37,424 - INFO -   [MARCA] Não encontrada (general/poly).
2025-09-26 02:22:37,424 - INFO -   [IMAGEM] Extração de imagens desabilitada pelo usuário.
2025-09-26 02:22:37,426 - INFO -   [VENDEDOR] Encontrado (poly-card fallback): 'Tec Print'
2025-09-26 02:22:37,427 - INFO -   [MÉDIA AVALIAÇÕES] Encontrada (poly-card fallback): '4.7'
2025-09-26 02:22:37,428 - INFO -   [TOTAL AVALIAÇÕES] Encontrado (poly-card fallback): '55'
2025-09-26 02:22:37,429 - INFO -   [ENTREGA] Texto encontrado (general alt): 'Chegará grátis amanhã sábado'
2025-09-26 02:22:37,430 - INFO - Produto processado: Cartucho Tinta Original Hp 664xl Deskjet 2136 2676 Preto
2025-09-26 02:22:37,431 - DEBUG - Scraped from <200 https://lista.mercadolivre.com.br/cartucho-hp-664_Desde_102_NoIndex_True?sb=all_mercadolibre>
{'TITULO PRODUTO': 'Kit 03 Cartucho Tinta Original Hp 664- 2 Preto / 1 Colorido', 'LINK': 'https://click1.mercadolivre.com.br/mclics/clicks/external/MLB/count?a=kij%2Fi5kpwVQpTHkFkwazhS5fU389H226%2Fw9ZrV6gJY%2FNdalHGSPcSknMYWUhauRZZ5vqI4HrNyFMoXabhDxATH9JkoXCkztRWZrF7TwOs5B%2BV5r2b02U7IclVsWMbTNikDcPCXB02B0cWRNRRqxwwYwsytMo83uicSBFilgLYZzEY3Gho0DxTSy%2BRPV57O0bJpqy0aTnJ1XnKOxZNe7ecmXJBvCLwXQ0JkC7OBtugu654krbqxCevPeLmtqWH9L05Sx8SuCgGK5r3CfnrUrq5UUgH4H0xtAvpo5xAZ2SWFiYz%2FmUWMx90TYlHHSyVX804sr3Zil4064U9%2F%2BVjPZu86TXbeWevvOueBF8JtpZuyv7s6AYCN%2BvwqoOAuGP8RQQj1gXajdj1xoEYWcs8m8Taemz%2FcQ7a85xaNGSSzSCXrwTBopVMdqysnsrBImnC09pwG76ancCLRup91vqKRfIB77zAJPXL2R4hnJV5HVT7Wjb5iLNKp3gceRCu1dRpg9G54HuVEqpkEO0jZ978zM1pKrVjPukfC7Qk9tp2NsTyaD9QxNHNRra0ufTGxHXoLUo1ASsm9jsQrQm%2B4cnhaPbFsuUWVwISIiTuqv8ng%2BZHlvGU%2B0WepogFCRch2AOwY4ValWuWdzHrvv5P4cinrPRYOZofGHHYZTqUpkP5HOZcMxjsCj0v3tbkUS0ALihMhg7bKIhmmyIk86HowyWY%2F3adGe8mSx8YJjAvFvX3dPsTrInKGD39Q41NzM5bFrww4xNL8NNW4owL0tkC47nqGU8NPP02WCc0z%2Fr9PDWzL0pws52SIILSHiZCfyjCki5C5dBZ0NPJWqLDlJDUmJUdTvhQn7e7pszCPxBmOVq#polycard_client=search-nordic&is_advertising=true&backend_model=search-backend&search_layout=grid&position=21&type=pad&tracking_id=f0a2e483-4c16-4f1e-b25b-930b5118487a&wid=MLB1888944944&sid=search', 'ID_PRODUTO': 'N/A', 'PREÇO': 'R$ 254,90', 'PREÇO ANTERIOR': 'N/A', 'MARCA': 'N/A', 'IMAGEM': 'N/A (imagens desabilitadas)', 'VENDEDOR': 'Tec Print', 'MÉDIA AVALIAÇÕES': '4.9', 'TOTAL AVALIAÇÕES': '21', 'ENTREGA': 'Chegará grátis amanhã sábado', 'ENTREGA FULL': 'Não'}
2025-09-26 02:22:37,432 - INFO - --- Processando container de produto 23/56 (total coletado: 123, pulados: 2) ---
2025-09-26 02:22:37,433 - INFO -   [TÍTULO] Encontrado: 'Cartucho Tinta Original Hp 664 Colorido F6v28ab 2136 2676'
2025-09-26 02:22:37,433 - INFO -   [LINK] Encontrado: 'https://produto.mercadolivre.com.br/MLB-3550207113-cartucho-tinta-original-hp-664-colorido-f6v28ab-2136-2676-_JM#polycard_client=search-nordic&search_layout=grid&position=23&type=item&tracking_id=f0a2e483-4c16-4f1e-b25b-930b5118487a&wid=MLB3550207113&sid=search'
2025-09-26 02:22:37,433 - WARNING -   [ID PRODUTO] Não encontrado no link: https://produto.mercadolivre.com.br/MLB-3550207113-cartucho-tinta-original-hp-664-colorido-f6v28ab-2136-2676-_JM#polycard_client=search-nordic&search_layout=grid&position=23&type=item&tracking_id=f0a2e483-4c16-4f1e-b25b-930b5118487a&wid=MLB3550207113&sid=search
2025-09-26 02:22:37,434 - INFO -   [PREÇO] Encontrado (poly-card fallback): 'R$ 78,99'
2025-09-26 02:22:37,435 - INFO -   [MARCA] Não encontrada (general/poly).
2025-09-26 02:22:37,436 - INFO -   [IMAGEM] Extração de imagens desabilitada pelo usuário.
2025-09-26 02:22:37,436 - INFO -   [VENDEDOR] Encontrado (poly-card fallback): 'Tec Print'
2025-09-26 02:22:37,437 - INFO -   [MÉDIA AVALIAÇÕES] Encontrada (poly-card fallback): '4.8'
2025-09-26 02:22:37,437 - INFO -   [TOTAL AVALIAÇÕES] Encontrado (poly-card fallback): '36'
2025-09-26 02:22:37,438 - INFO -   [ENTREGA] Texto encontrado (general alt): 'Chegará amanhã sábado'
2025-09-26 02:22:37,439 - INFO - Produto processado: Cartucho Tinta Original Hp 664 Colorido F6v28ab 2136 2676
2025-09-26 02:22:37,440 - INFO - --- Processando container de produto 24/56 (total coletado: 124, pulados: 2) ---
2025-09-26 02:22:37,442 - INFO -   [TÍTULO] Encontrado: 'Cartucho Hp 664 Preto Original Para A Impressora 2136 5276'
2025-09-26 02:22:37,443 - INFO -   [LINK] Encontrado: 'https://www.mercadolivre.com.br/cartucho-hp-664-preto-original-para-a-impressora-2136-5276/up/MLBU1701461217#polycard_client=search-nordic&search_layout=grid&position=24&type=product&tracking_id=f0a2e483-4c16-4f1e-b25b-930b5118487a&wid=MLB1776158721&sid=search'
2025-09-26 02:22:37,443 - WARNING -   [ID PRODUTO] Não encontrado no link: https://www.mercadolivre.com.br/cartucho-hp-664-preto-original-para-a-impressora-2136-5276/up/MLBU1701461217#polycard_client=search-nordic&search_layout=grid&position=24&type=product&tracking_id=f0a2e483-4c16-4f1e-b25b-930b5118487a&wid=MLB1776158721&sid=search
2025-09-26 02:22:37,445 - INFO -   [PREÇO] Encontrado (poly-card fallback): 'R$ 77,90'
2025-09-26 02:22:37,446 - INFO -   [MARCA] Não encontrada (general/poly).
2025-09-26 02:22:37,447 - INFO -   [IMAGEM] Extração de imagens desabilitada pelo usuário.
2025-09-26 02:22:37,448 - INFO -   [VENDEDOR] Não encontrado para o container 24.
2025-09-26 02:22:37,449 - INFO -   [MÉDIA AVALIAÇÕES] Encontrada (poly-card fallback): '4.3'
2025-09-26 02:22:37,449 - INFO -   [TOTAL AVALIAÇÕES] Encontrado (poly-card fallback): '55'
2025-09-26 02:22:37,450 - INFO -   [ENTREGA] Texto encontrado (poly-card fallback): 'Frete grátis'
2025-09-26 02:22:37,451 - INFO - Produto processado: Cartucho Hp 664 Preto Original Para A Impressora 2136 5276
2025-09-26 02:22:37,451 - DEBUG - Scraped from <200 https://lista.mercadolivre.com.br/cartucho-hp-664_Desde_102_NoIndex_True?sb=all_mercadolibre>
{'TITULO PRODUTO': 'Cartucho Tinta Original Hp 664xl Deskjet 2136 2676 Preto', 'LINK': 'https://produto.mercadolivre.com.br/MLB-1805269167-cartucho-tinta-original-hp-664xl-deskjet-2136-2676-preto-_JM#polycard_client=search-nordic&search_layout=grid&position=22&type=item&tracking_id=f0a2e483-4c16-4f1e-b25b-930b5118487a&wid=MLB1805269167&sid=search', 'ID_PRODUTO': 'N/A', 'PREÇO': 'R$ 239,90', 'PREÇO ANTERIOR': 'N/A', 'MARCA': 'N/A', 'IMAGEM': 'N/A (imagens desabilitadas)', 'VENDEDOR': 'Tec Print', 'MÉDIA AVALIAÇÕES': '4.7', 'TOTAL AVALIAÇÕES': '55', 'ENTREGA': 'Chegará grátis amanhã sábado', 'ENTREGA FULL': 'Não'}
2025-09-26 02:22:37,452 - INFO - --- Processando container de produto 25/56 (total coletado: 125, pulados: 2) ---
2025-09-26 02:22:37,453 - INFO -   [TÍTULO] Encontrado: 'Kit 2 Cartuchos 664 Original Preto + Color 1115 2135 3635'
2025-09-26 02:22:37,453 - INFO -   [LINK] Encontrado: 'https://www.mercadolivre.com.br/kit-cartucho-hp-664-preto-colorido-2136-2676-3636-3776/p/MLB2039723934#polycard_client=search-nordic&search_layout=grid&position=25&type=product&tracking_id=f0a2e483-4c16-4f1e-b25b-930b5118487a&wid=MLB1177422641&sid=search'
2025-09-26 02:22:37,453 - INFO -   [ID PRODUTO] Encontrado: 'MLB2039723934'
2025-09-26 02:22:37,455 - INFO -   [PREÇO] Encontrado (poly-card fallback): 'R$ 189'
2025-09-26 02:22:37,457 - INFO -   [MARCA] Não encontrada (general/poly).
2025-09-26 02:22:37,458 - INFO -   [IMAGEM] Extração de imagens desabilitada pelo usuário.
2025-09-26 02:22:37,459 - INFO -   [VENDEDOR] Não encontrado para o container 25.
2025-09-26 02:22:37,460 - INFO -   [MÉDIA AVALIAÇÕES] Encontrada (poly-card fallback): '5.0'
2025-09-26 02:22:37,461 - INFO -   [TOTAL AVALIAÇÕES] Encontrado (poly-card fallback): '5'
2025-09-26 02:22:37,463 - INFO -   [ENTREGA] Texto encontrado (poly-card fallback): 'Frete grátis'
2025-09-26 02:22:37,464 - INFO - Produto processado: Kit 2 Cartuchos 664 Original Preto + Color 1115 2135 3635
2025-09-26 02:22:37,465 - DEBUG - Scraped from <200 https://lista.mercadolivre.com.br/cartucho-hp-664_Desde_102_NoIndex_True?sb=all_mercadolibre>
{'TITULO PRODUTO': 'Cartucho Tinta Original Hp 664 Colorido F6v28ab 2136 2676', 'LINK': 'https://produto.mercadolivre.com.br/MLB-3550207113-cartucho-tinta-original-hp-664-colorido-f6v28ab-2136-2676-_JM#polycard_client=search-nordic&search_layout=grid&position=23&type=item&tracking_id=f0a2e483-4c16-4f1e-b25b-930b5118487a&wid=MLB3550207113&sid=search', 'ID_PRODUTO': 'N/A', 'PREÇO': 'R$ 78,99', 'PREÇO ANTERIOR': 'N/A', 'MARCA': 'N/A', 'IMAGEM': 'N/A (imagens desabilitadas)', 'VENDEDOR': 'Tec Print', 'MÉDIA AVALIAÇÕES': '4.8', 'TOTAL AVALIAÇÕES': '36', 'ENTREGA': 'Chegará amanhã sábado', 'ENTREGA FULL': 'Não'}
2025-09-26 02:22:37,465 - DEBUG - Scraped from <200 https://lista.mercadolivre.com.br/cartucho-hp-664_Desde_102_NoIndex_True?sb=all_mercadolibre>
{'TITULO PRODUTO': 'Cartucho Hp 664 Preto Original Para A Impressora 2136 5276', 'LINK': 'https://www.mercadolivre.com.br/cartucho-hp-664-preto-original-para-a-impressora-2136-5276/up/MLBU1701461217#polycard_client=search-nordic&search_layout=grid&position=24&type=product&tracking_id=f0a2e483-4c16-4f1e-b25b-930b5118487a&wid=MLB1776158721&sid=search', 'ID_PRODUTO': 'N/A', 'PREÇO': 'R$ 77,90', 'PREÇO ANTERIOR': 'N/A', 'MARCA': 'N/A', 'IMAGEM': 'N/A (imagens desabilitadas)', 'VENDEDOR': 'N/A', 'MÉDIA AVALIAÇÕES': '4.3', 'TOTAL AVALIAÇÕES': '55', 'ENTREGA': 'Frete grátis', 'ENTREGA FULL': 'Não'}
2025-09-26 02:22:37,466 - INFO - --- Processando container de produto 26/56 (total coletado: 126, pulados: 2) ---
2025-09-26 02:22:37,467 - INFO -   [TÍTULO] Encontrado: 'Kit 2 Cartuchos Preto Hp 664 Xl Original 2136 3776 3790 4676'
2025-09-26 02:22:37,467 - INFO -   [LINK] Encontrado: 'https://www.mercadolivre.com.br/kit-2-cartuchos-preto-hp-664-xl-original-2136-3776-3790-4676/up/MLBU1435930097#polycard_client=search-nordic&search_layout=grid&position=26&type=product&tracking_id=f0a2e483-4c16-4f1e-b25b-930b5118487a&wid=MLB3244334927&sid=search'
2025-09-26 02:22:37,468 - WARNING -   [ID PRODUTO] Não encontrado no link: https://www.mercadolivre.com.br/kit-2-cartuchos-preto-hp-664-xl-original-2136-3776-3790-4676/up/MLBU1435930097#polycard_client=search-nordic&search_layout=grid&position=26&type=product&tracking_id=f0a2e483-4c16-4f1e-b25b-930b5118487a&wid=MLB3244334927&sid=search
2025-09-26 02:22:37,469 - INFO -   [PREÇO] Encontrado (poly-card fallback): 'R$ 399,99'
2025-09-26 02:22:37,469 - INFO -   [MARCA] Não encontrada (general/poly).
2025-09-26 02:22:37,470 - INFO -   [IMAGEM] Extração de imagens desabilitada pelo usuário.
2025-09-26 02:22:37,470 - INFO -   [VENDEDOR] Não encontrado para o container 26.
2025-09-26 02:22:37,471 - INFO -   [MÉDIA AVALIAÇÕES] Encontrada (poly-card fallback): '5.0'
2025-09-26 02:22:37,472 - INFO -   [TOTAL AVALIAÇÕES] Encontrado (poly-card fallback): '6'
2025-09-26 02:22:37,473 - INFO -   [ENTREGA] Texto encontrado (general alt): 'Chegará grátis amanhã sábado'
2025-09-26 02:22:37,474 - INFO - Produto processado: Kit 2 Cartuchos Preto Hp 664 Xl Original 2136 3776 3790 4676
2025-09-26 02:22:37,475 - INFO - --- Processando container de produto 27/56 (total coletado: 127, pulados: 2) ---
2025-09-26 02:22:37,476 - INFO -   [TÍTULO] Encontrado: 'Kit Cartucho Hp 664 Preto E Colorido Original A4 100 Folhas'
2025-09-26 02:22:37,477 - INFO -   [LINK] Encontrado: 'https://www.mercadolivre.com.br/kit-cartucho-hp-664-preto-e-colorido-original-a4-100-folhas/up/MLBU3275337918#polycard_client=search-nordic&search_layout=grid&position=27&type=product&tracking_id=f0a2e483-4c16-4f1e-b25b-930b5118487a&wid=MLB4114105733&sid=search'
2025-09-26 02:22:37,478 - WARNING -   [ID PRODUTO] Não encontrado no link: https://www.mercadolivre.com.br/kit-cartucho-hp-664-preto-e-colorido-original-a4-100-folhas/up/MLBU3275337918#polycard_client=search-nordic&search_layout=grid&position=27&type=product&tracking_id=f0a2e483-4c16-4f1e-b25b-930b5118487a&wid=MLB4114105733&sid=search
2025-09-26 02:22:37,480 - INFO -   [PREÇO] Encontrado (poly-card fallback): 'R$ 183'
2025-09-26 02:22:37,481 - INFO -   [MARCA] Não encontrada (general/poly).
2025-09-26 02:22:37,481 - INFO -   [IMAGEM] Extração de imagens desabilitada pelo usuário.
2025-09-26 02:22:37,482 - INFO -   [VENDEDOR] Não encontrado para o container 27.
2025-09-26 02:22:37,483 - INFO -   [ENTREGA] Texto encontrado (general alt): 'Chegará grátis hoje'
2025-09-26 02:22:37,483 - INFO -   [ENTREGA FULL] Indicador FULL encontrado (poly-card fallback SVG).
2025-09-26 02:22:37,483 - INFO - Produto processado: Kit Cartucho Hp 664 Preto E Colorido Original A4 100 Folhas
2025-09-26 02:22:37,484 - DEBUG - Scraped from <200 https://lista.mercadolivre.com.br/cartucho-hp-664_Desde_102_NoIndex_True?sb=all_mercadolibre>
{'TITULO PRODUTO': 'Kit 2 Cartuchos 664 Original Preto + Color 1115 2135 3635', 'LINK': 'https://www.mercadolivre.com.br/kit-cartucho-hp-664-preto-colorido-2136-2676-3636-3776/p/MLB2039723934#polycard_client=search-nordic&search_layout=grid&position=25&type=product&tracking_id=f0a2e483-4c16-4f1e-b25b-930b5118487a&wid=MLB1177422641&sid=search', 'ID_PRODUTO': 'MLB2039723934', 'PREÇO': 'R$ 189', 'PREÇO ANTERIOR': 'N/A', 'MARCA': 'N/A', 'IMAGEM': 'N/A (imagens desabilitadas)', 'VENDEDOR': 'N/A', 'MÉDIA AVALIAÇÕES': '5.0', 'TOTAL AVALIAÇÕES': '5', 'ENTREGA': 'Frete grátis', 'ENTREGA FULL': 'Não'}
2025-09-26 02:22:37,484 - INFO - --- Processando container de produto 28/56 (total coletado: 128, pulados: 2) ---
2025-09-26 02:22:37,485 - INFO -   [TÍTULO] Encontrado: 'Kit 2 Cartuchos Hp 664 Xl Preto 2136 3776 3790 4676'
2025-09-26 02:22:37,486 - INFO -   [LINK] Encontrado: 'https://www.mercadolivre.com.br/kit-2-cartuchos-hp-664-xl-preto-2136-3776-3790-4676/p/MLB41548143#polycard_client=search-nordic&search_layout=grid&position=28&type=product&tracking_id=f0a2e483-4c16-4f1e-b25b-930b5118487a&wid=MLB5454828904&sid=search'
2025-09-26 02:22:37,486 - INFO -   [ID PRODUTO] Encontrado: 'MLB41548143'
2025-09-26 02:22:37,487 - INFO -   [PREÇO] Encontrado (poly-card fallback): 'R$ 191'
2025-09-26 02:22:37,488 - INFO -   [MARCA] Não encontrada (general/poly).
2025-09-26 02:22:37,489 - INFO -   [IMAGEM] Extração de imagens desabilitada pelo usuário.
2025-09-26 02:22:37,490 - INFO -   [VENDEDOR] Não encontrado para o container 28.
2025-09-26 02:22:37,491 - INFO -   [MÉDIA AVALIAÇÕES] Encontrada (poly-card fallback): '4.6'
2025-09-26 02:22:37,492 - INFO -   [TOTAL AVALIAÇÕES] Encontrado (poly-card fallback): '118'
2025-09-26 02:22:37,494 - INFO -   [ENTREGA] Texto encontrado (poly-card fallback): 'Frete grátis'
2025-09-26 02:22:37,495 - INFO - Produto processado: Kit 2 Cartuchos Hp 664 Xl Preto 2136 3776 3790 4676
2025-09-26 02:22:37,496 - DEBUG - Scraped from <200 https://lista.mercadolivre.com.br/cartucho-hp-664_Desde_102_NoIndex_True?sb=all_mercadolibre>
{'TITULO PRODUTO': 'Kit 2 Cartuchos Preto Hp 664 Xl Original 2136 3776 3790 4676', 'LINK': 'https://www.mercadolivre.com.br/kit-2-cartuchos-preto-hp-664-xl-original-2136-3776-3790-4676/up/MLBU1435930097#polycard_client=search-nordic&search_layout=grid&position=26&type=product&tracking_id=f0a2e483-4c16-4f1e-b25b-930b5118487a&wid=MLB3244334927&sid=search', 'ID_PRODUTO': 'N/A', 'PREÇO': 'R$ 399,99', 'PREÇO ANTERIOR': 'N/A', 'MARCA': 'N/A', 'IMAGEM': 'N/A (imagens desabilitadas)', 'VENDEDOR': 'N/A', 'MÉDIA AVALIAÇÕES': '5.0', 'TOTAL AVALIAÇÕES': '6', 'ENTREGA': 'Chegará grátis amanhã sábado', 'ENTREGA FULL': 'Não'}
2025-09-26 02:22:37,497 - DEBUG - Scraped from <200 https://lista.mercadolivre.com.br/cartucho-hp-664_Desde_102_NoIndex_True?sb=all_mercadolibre>
{'TITULO PRODUTO': 'Kit Cartucho Hp 664 Preto E Colorido Original A4 100 Folhas', 'LINK': 'https://www.mercadolivre.com.br/kit-cartucho-hp-664-preto-e-colorido-original-a4-100-folhas/up/MLBU3275337918#polycard_client=search-nordic&search_layout=grid&position=27&type=product&tracking_id=f0a2e483-4c16-4f1e-b25b-930b5118487a&wid=MLB4114105733&sid=search', 'ID_PRODUTO': 'N/A', 'PREÇO': 'R$ 183', 'PREÇO ANTERIOR': 'N/A', 'MARCA': 'N/A', 'IMAGEM': 'N/A (imagens desabilitadas)', 'VENDEDOR': 'N/A', 'MÉDIA AVALIAÇÕES': 'N/A', 'TOTAL AVALIAÇÕES': 'N/A', 'ENTREGA': 'Chegará grátis hoje', 'ENTREGA FULL': 'Sim'}
2025-09-26 02:22:37,498 - INFO - --- Processando container de produto 29/56 (total coletado: 129, pulados: 2) ---
2025-09-26 02:22:37,499 - INFO -   [TÍTULO] Encontrado: 'Cartucho Original Hp 664 Preto Deskjet 1115 2136 2676 4676'
2025-09-26 02:22:37,499 - INFO -   [LINK] Encontrado: 'https://www.mercadolivre.com.br/cartucho-original-hp-664-preto-deskjet-1115-2136-2676-4676/up/MLBU1440959153#polycard_client=search-nordic&search_layout=grid&position=29&type=product&tracking_id=f0a2e483-4c16-4f1e-b25b-930b5118487a&wid=MLB3243775077&sid=search'
2025-09-26 02:22:37,499 - WARNING -   [ID PRODUTO] Não encontrado no link: https://www.mercadolivre.com.br/cartucho-original-hp-664-preto-deskjet-1115-2136-2676-4676/up/MLBU1440959153#polycard_client=search-nordic&search_layout=grid&position=29&type=product&tracking_id=f0a2e483-4c16-4f1e-b25b-930b5118487a&wid=MLB3243775077&sid=search
2025-09-26 02:22:37,501 - INFO -   [PREÇO] Encontrado (poly-card fallback): 'R$ 78,99'
2025-09-26 02:22:37,502 - INFO -   [MARCA] Não encontrada (general/poly).
2025-09-26 02:22:37,502 - INFO -   [IMAGEM] Extração de imagens desabilitada pelo usuário.
2025-09-26 02:22:37,502 - INFO -   [VENDEDOR] Não encontrado para o container 29.
2025-09-26 02:22:37,503 - INFO -   [MÉDIA AVALIAÇÕES] Encontrada (poly-card fallback): '4.0'
2025-09-26 02:22:37,504 - INFO -   [TOTAL AVALIAÇÕES] Encontrado (poly-card fallback): '4'
2025-09-26 02:22:37,504 - INFO -   [ENTREGA] Texto encontrado (poly-card fallback): 'Frete grátis'
2025-09-26 02:22:37,505 - INFO - Produto processado: Cartucho Original Hp 664 Preto Deskjet 1115 2136 2676 4676
2025-09-26 02:22:37,506 - INFO - --- Processando container de produto 30/56 (total coletado: 130, pulados: 2) ---
2025-09-26 02:22:37,507 - INFO -   [TÍTULO] Encontrado: '02 Cartucho Tinta Original Hp 664xl Preto + 01 664xl Color'
2025-09-26 02:22:37,508 - INFO -   [LINK] Encontrado: 'https://produto.mercadolivre.com.br/MLB-2778512933-02-cartucho-tinta-original-hp-664xl-preto-01-664xl-color-_JM#polycard_client=search-nordic&search_layout=grid&position=30&type=item&tracking_id=f0a2e483-4c16-4f1e-b25b-930b5118487a&wid=MLB2778512933&sid=search'
2025-09-26 02:22:37,509 - WARNING -   [ID PRODUTO] Não encontrado no link: https://produto.mercadolivre.com.br/MLB-2778512933-02-cartucho-tinta-original-hp-664xl-preto-01-664xl-color-_JM#polycard_client=search-nordic&search_layout=grid&position=30&type=item&tracking_id=f0a2e483-4c16-4f1e-b25b-930b5118487a&wid=MLB2778512933&sid=search
2025-09-26 02:22:37,510 - INFO -   [PREÇO] Encontrado (poly-card fallback): 'R$ 714,90'
2025-09-26 02:22:37,512 - INFO -   [MARCA] Não encontrada (general/poly).
2025-09-26 02:22:37,512 - INFO -   [IMAGEM] Extração de imagens desabilitada pelo usuário.
2025-09-26 02:22:37,513 - INFO -   [VENDEDOR] Encontrado (poly-card fallback): 'Tec Print'
2025-09-26 02:22:37,515 - INFO -   [ENTREGA] Texto encontrado (general alt): 'Chegará grátis amanhã sábado'
2025-09-26 02:22:37,515 - INFO - Produto processado: 02 Cartucho Tinta Original Hp 664xl Preto + 01 664xl Color
2025-09-26 02:22:37,516 - DEBUG - Scraped from <200 https://lista.mercadolivre.com.br/cartucho-hp-664_Desde_102_NoIndex_True?sb=all_mercadolibre>
{'TITULO PRODUTO': 'Kit 2 Cartuchos Hp 664 Xl Preto 2136 3776 3790 4676', 'LINK': 'https://www.mercadolivre.com.br/kit-2-cartuchos-hp-664-xl-preto-2136-3776-3790-4676/p/MLB41548143#polycard_client=search-nordic&search_layout=grid&position=28&type=product&tracking_id=f0a2e483-4c16-4f1e-b25b-930b5118487a&wid=MLB5454828904&sid=search', 'ID_PRODUTO': 'MLB41548143', 'PREÇO': 'R$ 191', 'PREÇO ANTERIOR': 'N/A', 'MARCA': 'N/A', 'IMAGEM': 'N/A (imagens desabilitadas)', 'VENDEDOR': 'N/A', 'MÉDIA AVALIAÇÕES': '4.6', 'TOTAL AVALIAÇÕES': '118', 'ENTREGA': 'Frete grátis', 'ENTREGA FULL': 'Não'}
2025-09-26 02:22:37,516 - INFO - --- Processando container de produto 31/56 (total coletado: 131, pulados: 2) ---
2025-09-26 02:22:37,517 - INFO -   [TÍTULO] Encontrado: '2x Cartucho Tinta Original Hp Deskjet 2136 2676 664xl Preto'
2025-09-26 02:22:37,517 - INFO -   [LINK] Encontrado: 'https://produto.mercadolivre.com.br/MLB-4296880828-2x-cartucho-tinta-original-hp-deskjet-2136-2676-664xl-preto-_JM#polycard_client=search-nordic&search_layout=grid&position=31&type=item&tracking_id=f0a2e483-4c16-4f1e-b25b-930b5118487a&wid=MLB4296880828&sid=search'
2025-09-26 02:22:37,517 - WARNING -   [ID PRODUTO] Não encontrado no link: https://produto.mercadolivre.com.br/MLB-4296880828-2x-cartucho-tinta-original-hp-deskjet-2136-2676-664xl-preto-_JM#polycard_client=search-nordic&search_layout=grid&position=31&type=item&tracking_id=f0a2e483-4c16-4f1e-b25b-930b5118487a&wid=MLB4296880828&sid=search
2025-09-26 02:22:37,518 - INFO -   [PREÇO] Encontrado (poly-card fallback): 'R$ 499,90'
2025-09-26 02:22:37,520 - INFO -   [MARCA] Não encontrada (general/poly).
2025-09-26 02:22:37,520 - INFO -   [IMAGEM] Extração de imagens desabilitada pelo usuário.
2025-09-26 02:22:37,520 - INFO -   [VENDEDOR] Encontrado (poly-card fallback): 'Tec Print'
2025-09-26 02:22:37,521 - INFO -   [MÉDIA AVALIAÇÕES] Encontrada (poly-card fallback): '5.0'
2025-09-26 02:22:37,521 - INFO -   [TOTAL AVALIAÇÕES] Encontrado (poly-card fallback): '2'
2025-09-26 02:22:37,523 - INFO -   [ENTREGA] Texto encontrado (general alt): 'Chegará grátis amanhã sábado'
2025-09-26 02:22:37,523 - INFO - Produto processado: 2x Cartucho Tinta Original Hp Deskjet 2136 2676 664xl Preto
2025-09-26 02:22:37,524 - INFO - --- Processando container de produto 32/56 (total coletado: 132, pulados: 2) ---
2025-09-26 02:22:37,524 - INFO -   [TÍTULO] Encontrado: 'Kit Duas Unidades Cartuchos Hp 664 Preto 2136 3636  3776 Nfe'
2025-09-26 02:22:37,524 - INFO -   [LINK] Encontrado: 'https://www.mercadolivre.com.br/kit-duas-unidades-cartuchos-hp-664-preto-2136-3636--3776-nfe/up/MLBU2166716466#polycard_client=search-nordic&search_layout=grid&position=32&type=product&tracking_id=f0a2e483-4c16-4f1e-b25b-930b5118487a&wid=MLB2636880140&sid=search'
2025-09-26 02:22:37,526 - WARNING -   [ID PRODUTO] Não encontrado no link: https://www.mercadolivre.com.br/kit-duas-unidades-cartuchos-hp-664-preto-2136-3636--3776-nfe/up/MLBU2166716466#polycard_client=search-nordic&search_layout=grid&position=32&type=product&tracking_id=f0a2e483-4c16-4f1e-b25b-930b5118487a&wid=MLB2636880140&sid=search
2025-09-26 02:22:37,527 - INFO -   [PREÇO] Encontrado (poly-card fallback): 'R$ 164,69'
2025-09-26 02:22:37,528 - INFO -   [MARCA] Não encontrada (general/poly).
2025-09-26 02:22:37,528 - INFO -   [IMAGEM] Extração de imagens desabilitada pelo usuário.
2025-09-26 02:22:37,529 - INFO -   [VENDEDOR] Não encontrado para o container 32.
2025-09-26 02:22:37,530 - INFO -   [MÉDIA AVALIAÇÕES] Encontrada (poly-card fallback): '4.8'
2025-09-26 02:22:37,530 - INFO -   [TOTAL AVALIAÇÕES] Encontrado (poly-card fallback): '29'
2025-09-26 02:22:37,531 - INFO -   [ENTREGA] Texto encontrado (poly-card fallback): 'Frete grátis'
2025-09-26 02:22:37,532 - INFO - Produto processado: Kit Duas Unidades Cartuchos Hp 664 Preto 2136 3636  3776 Nfe
2025-09-26 02:22:37,532 - DEBUG - Scraped from <200 https://lista.mercadolivre.com.br/cartucho-hp-664_Desde_102_NoIndex_True?sb=all_mercadolibre>
{'TITULO PRODUTO': 'Cartucho Original Hp 664 Preto Deskjet 1115 2136 2676 4676', 'LINK': 'https://www.mercadolivre.com.br/cartucho-original-hp-664-preto-deskjet-1115-2136-2676-4676/up/MLBU1440959153#polycard_client=search-nordic&search_layout=grid&position=29&type=product&tracking_id=f0a2e483-4c16-4f1e-b25b-930b5118487a&wid=MLB3243775077&sid=search', 'ID_PRODUTO': 'N/A', 'PREÇO': 'R$ 78,99', 'PREÇO ANTERIOR': 'N/A', 'MARCA': 'N/A', 'IMAGEM': 'N/A (imagens desabilitadas)', 'VENDEDOR': 'N/A', 'MÉDIA AVALIAÇÕES': '4.0', 'TOTAL AVALIAÇÕES': '4', 'ENTREGA': 'Frete grátis', 'ENTREGA FULL': 'Não'}
2025-09-26 02:22:37,533 - DEBUG - Scraped from <200 https://lista.mercadolivre.com.br/cartucho-hp-664_Desde_102_NoIndex_True?sb=all_mercadolibre>
{'TITULO PRODUTO': '02 Cartucho Tinta Original Hp 664xl Preto + 01 664xl Color', 'LINK': 'https://produto.mercadolivre.com.br/MLB-2778512933-02-cartucho-tinta-original-hp-664xl-preto-01-664xl-color-_JM#polycard_client=search-nordic&search_layout=grid&position=30&type=item&tracking_id=f0a2e483-4c16-4f1e-b25b-930b5118487a&wid=MLB2778512933&sid=search', 'ID_PRODUTO': 'N/A', 'PREÇO': 'R$ 714,90', 'PREÇO ANTERIOR': 'N/A', 'MARCA': 'N/A', 'IMAGEM': 'N/A (imagens desabilitadas)', 'VENDEDOR': 'Tec Print', 'MÉDIA AVALIAÇÕES': 'N/A', 'TOTAL AVALIAÇÕES': 'N/A', 'ENTREGA': 'Chegará grátis amanhã sábado', 'ENTREGA FULL': 'Não'}
2025-09-26 02:22:37,533 - INFO - --- Processando container de produto 33/56 (total coletado: 133, pulados: 2) ---
2025-09-26 02:22:37,534 - INFO -   [TÍTULO] Encontrado: 'Cartucho Hp Cz106ab N 662xl Tricolor'
2025-09-26 02:22:37,535 - INFO -   [LINK] Encontrado: 'https://www.mercadolivre.com.br/cartucho-hp-cz106ab-n-662xl-tricolor/p/MLB36789684#polycard_client=search-nordic&search_layout=grid&position=33&type=product&tracking_id=f0a2e483-4c16-4f1e-b25b-930b5118487a&wid=MLB5738695584&sid=search'
2025-09-26 02:22:37,535 - INFO -   [ID PRODUTO] Encontrado: 'MLB36789684'
2025-09-26 02:22:37,537 - INFO -   [PREÇO] Encontrado (poly-card fallback): 'R$ 150'
2025-09-26 02:22:37,538 - INFO -   [MARCA] Não encontrada (general/poly).
2025-09-26 02:22:37,539 - INFO -   [IMAGEM] Extração de imagens desabilitada pelo usuário.
2025-09-26 02:22:37,540 - INFO -   [VENDEDOR] Não encontrado para o container 33.
2025-09-26 02:22:37,542 - INFO -   [MÉDIA AVALIAÇÕES] Encontrada (poly-card fallback): '4.6'
2025-09-26 02:22:37,543 - INFO -   [TOTAL AVALIAÇÕES] Encontrado (poly-card fallback): '162'
2025-09-26 02:22:37,544 - INFO -   [ENTREGA] Texto encontrado (poly-card fallback): 'Frete grátis'
2025-09-26 02:22:37,544 - INFO - Produto processado: Cartucho Hp Cz106ab N 662xl Tricolor
2025-09-26 02:22:37,545 - DEBUG - Scraped from <200 https://lista.mercadolivre.com.br/cartucho-hp-664_Desde_102_NoIndex_True?sb=all_mercadolibre>
{'TITULO PRODUTO': '2x Cartucho Tinta Original Hp Deskjet 2136 2676 664xl Preto', 'LINK': 'https://produto.mercadolivre.com.br/MLB-4296880828-2x-cartucho-tinta-original-hp-deskjet-2136-2676-664xl-preto-_JM#polycard_client=search-nordic&search_layout=grid&position=31&type=item&tracking_id=f0a2e483-4c16-4f1e-b25b-930b5118487a&wid=MLB4296880828&sid=search', 'ID_PRODUTO': 'N/A', 'PREÇO': 'R$ 499,90', 'PREÇO ANTERIOR': 'N/A', 'MARCA': 'N/A', 'IMAGEM': 'N/A (imagens desabilitadas)', 'VENDEDOR': 'Tec Print', 'MÉDIA AVALIAÇÕES': '5.0', 'TOTAL AVALIAÇÕES': '2', 'ENTREGA': 'Chegará grátis amanhã sábado', 'ENTREGA FULL': 'Não'}
2025-09-26 02:22:37,546 - DEBUG - Scraped from <200 https://lista.mercadolivre.com.br/cartucho-hp-664_Desde_102_NoIndex_True?sb=all_mercadolibre>
{'TITULO PRODUTO': 'Kit Duas Unidades Cartuchos Hp 664 Preto 2136 3636  3776 Nfe', 'LINK': 'https://www.mercadolivre.com.br/kit-duas-unidades-cartuchos-hp-664-preto-2136-3636--3776-nfe/up/MLBU2166716466#polycard_client=search-nordic&search_layout=grid&position=32&type=product&tracking_id=f0a2e483-4c16-4f1e-b25b-930b5118487a&wid=MLB2636880140&sid=search', 'ID_PRODUTO': 'N/A', 'PREÇO': 'R$ 164,69', 'PREÇO ANTERIOR': 'N/A', 'MARCA': 'N/A', 'IMAGEM': 'N/A (imagens desabilitadas)', 'VENDEDOR': 'N/A', 'MÉDIA AVALIAÇÕES': '4.8', 'TOTAL AVALIAÇÕES': '29', 'ENTREGA': 'Frete grátis', 'ENTREGA FULL': 'Não'}
2025-09-26 02:22:37,547 - INFO - --- Processando container de produto 34/56 (total coletado: 134, pulados: 2) ---
2025-09-26 02:22:37,548 - INFO -   [TÍTULO] Encontrado: 'Cartucho  Advantage 664xl Preto Novo Lacrado Original'
2025-09-26 02:22:37,549 - INFO -   [LINK] Encontrado: 'https://www.mercadolivre.com.br/cartucho--advantage-664xl-preto-novo-lacrado-original/up/MLBU1993851118#polycard_client=search-nordic&search_layout=grid&position=34&type=product&tracking_id=f0a2e483-4c16-4f1e-b25b-930b5118487a&wid=MLB5065080942&sid=search'
2025-09-26 02:22:37,549 - WARNING -   [ID PRODUTO] Não encontrado no link: https://www.mercadolivre.com.br/cartucho--advantage-664xl-preto-novo-lacrado-original/up/MLBU1993851118#polycard_client=search-nordic&search_layout=grid&position=34&type=product&tracking_id=f0a2e483-4c16-4f1e-b25b-930b5118487a&wid=MLB5065080942&sid=search
2025-09-26 02:22:37,550 - INFO -   [PREÇO] Encontrado (poly-card fallback): 'R$ 189,80'
2025-09-26 02:22:37,551 - INFO -   [MARCA] Não encontrada (general/poly).
2025-09-26 02:22:37,551 - INFO -   [IMAGEM] Extração de imagens desabilitada pelo usuário.
2025-09-26 02:22:37,552 - INFO -   [VENDEDOR] Não encontrado para o container 34.
2025-09-26 02:22:37,553 - INFO -   [ENTREGA] Texto encontrado (poly-card fallback): 'Frete grátis'
2025-09-26 02:22:37,553 - INFO - Produto processado: Cartucho  Advantage 664xl Preto Novo Lacrado Original
2025-09-26 02:22:37,553 - INFO - --- Processando container de produto 35/56 (total coletado: 135, pulados: 2) ---
2025-09-26 02:22:37,554 - INFO -   [TÍTULO] Encontrado: 'Cartucho Hp 664 Preto Para Deskjet 2676 4675 1115 Original'
2025-09-26 02:22:37,555 - INFO -   [LINK] Encontrado: 'https://produto.mercadolivre.com.br/MLB-4040719989-cartucho-hp-664-preto-para-deskjet-2676-4675-1115-original-_JM#polycard_client=search-nordic&search_layout=grid&position=35&type=item&tracking_id=f0a2e483-4c16-4f1e-b25b-930b5118487a&wid=MLB4040719989&sid=search'
2025-09-26 02:22:37,556 - WARNING -   [ID PRODUTO] Não encontrado no link: https://produto.mercadolivre.com.br/MLB-4040719989-cartucho-hp-664-preto-para-deskjet-2676-4675-1115-original-_JM#polycard_client=search-nordic&search_layout=grid&position=35&type=item&tracking_id=f0a2e483-4c16-4f1e-b25b-930b5118487a&wid=MLB4040719989&sid=search
2025-09-26 02:22:37,557 - INFO -   [PREÇO] Encontrado (poly-card fallback): 'R$ 77'
2025-09-26 02:22:37,558 - INFO -   [MARCA] Não encontrada (general/poly).
2025-09-26 02:22:37,558 - INFO -   [IMAGEM] Extração de imagens desabilitada pelo usuário.
2025-09-26 02:22:37,559 - INFO -   [VENDEDOR] Não encontrado para o container 35.
2025-09-26 02:22:37,560 - INFO -   [ENTREGA] Texto encontrado (poly-card fallback): 'Frete grátis'
2025-09-26 02:22:37,561 - INFO - Produto processado: Cartucho Hp 664 Preto Para Deskjet 2676 4675 1115 Original
2025-09-26 02:22:37,562 - DEBUG - Scraped from <200 https://lista.mercadolivre.com.br/cartucho-hp-664_Desde_102_NoIndex_True?sb=all_mercadolibre>
{'TITULO PRODUTO': 'Cartucho Hp Cz106ab N 662xl Tricolor', 'LINK': 'https://www.mercadolivre.com.br/cartucho-hp-cz106ab-n-662xl-tricolor/p/MLB36789684#polycard_client=search-nordic&search_layout=grid&position=33&type=product&tracking_id=f0a2e483-4c16-4f1e-b25b-930b5118487a&wid=MLB5738695584&sid=search', 'ID_PRODUTO': 'MLB36789684', 'PREÇO': 'R$ 150', 'PREÇO ANTERIOR': 'N/A', 'MARCA': 'N/A', 'IMAGEM': 'N/A (imagens desabilitadas)', 'VENDEDOR': 'N/A', 'MÉDIA AVALIAÇÕES': '4.6', 'TOTAL AVALIAÇÕES': '162', 'ENTREGA': 'Frete grátis', 'ENTREGA FULL': 'Não'}
2025-09-26 02:22:37,563 - INFO - --- Processando container de produto 36/56 (total coletado: 136, pulados: 2) ---
2025-09-26 02:22:37,564 - INFO -   [TÍTULO] Encontrado: 'Cartucho Hp 664 Preto Original - 2136 2676 3776 5076 5276'
2025-09-26 02:22:37,564 - INFO -   [LINK] Encontrado: 'https://produto.mercadolivre.com.br/MLB-1791326315-cartucho-hp-664-preto-original-2136-2676-3776-5076-5276-_JM?searchVariation=180743343517#polycard_client=search-nordic&searchVariation=180743343517&search_layout=grid&position=36&type=item&tracking_id=f0a2e483-4c16-4f1e-b25b-930b5118487a'
2025-09-26 02:22:37,565 - WARNING -   [ID PRODUTO] Não encontrado no link: https://produto.mercadolivre.com.br/MLB-1791326315-cartucho-hp-664-preto-original-2136-2676-3776-5076-5276-_JM?searchVariation=180743343517#polycard_client=search-nordic&searchVariation=180743343517&search_layout=grid&position=36&type=item&tracking_id=f0a2e483-4c16-4f1e-b25b-930b5118487a
2025-09-26 02:22:37,566 - INFO -   [PREÇO] Encontrado (poly-card fallback): 'R$ 122,99'
2025-09-26 02:22:37,567 - INFO -   [MARCA] Não encontrada (general/poly).
2025-09-26 02:22:37,567 - INFO -   [IMAGEM] Extração de imagens desabilitada pelo usuário.
2025-09-26 02:22:37,567 - INFO -   [VENDEDOR] Não encontrado para o container 36.
2025-09-26 02:22:37,568 - INFO -   [MÉDIA AVALIAÇÕES] Encontrada (poly-card fallback): '4.5'
2025-09-26 02:22:37,569 - INFO -   [TOTAL AVALIAÇÕES] Encontrado (poly-card fallback): '31'
2025-09-26 02:22:37,569 - INFO -   [ENTREGA] Texto encontrado (general alt): 'Chegará grátis amanhã sábado'
2025-09-26 02:22:37,570 - INFO - Produto processado: Cartucho Hp 664 Preto Original - 2136 2676 3776 5076 5276
2025-09-26 02:22:37,570 - INFO - --- Processando container de produto 37/56 (total coletado: 137, pulados: 2) ---
2025-09-26 02:22:37,572 - INFO -   [TÍTULO] Encontrado: 'Cartucho Hp 662 Original Preto Ou Colorido - Revenda Oficial'
2025-09-26 02:22:37,573 - INFO -   [LINK] Encontrado: 'https://produto.mercadolivre.com.br/MLB-2030948541-cartucho-hp-662-original-preto-ou-colorido-revenda-oficial-_JM?searchVariation=173697350132#polycard_client=search-nordic&searchVariation=173697350132&search_layout=grid&position=37&type=item&tracking_id=f0a2e483-4c16-4f1e-b25b-930b5118487a'
2025-09-26 02:22:37,573 - WARNING -   [ID PRODUTO] Não encontrado no link: https://produto.mercadolivre.com.br/MLB-2030948541-cartucho-hp-662-original-preto-ou-colorido-revenda-oficial-_JM?searchVariation=173697350132#polycard_client=search-nordic&searchVariation=173697350132&search_layout=grid&position=37&type=item&tracking_id=f0a2e483-4c16-4f1e-b25b-930b5118487a
2025-09-26 02:22:37,575 - INFO -   [PREÇO] Encontrado (poly-card fallback): 'R$ 108,99'
2025-09-26 02:22:37,577 - INFO -   [MARCA] Não encontrada (general/poly).
2025-09-26 02:22:37,578 - INFO -   [IMAGEM] Extração de imagens desabilitada pelo usuário.
2025-09-26 02:22:37,579 - INFO -   [VENDEDOR] Não encontrado para o container 37.
2025-09-26 02:22:37,580 - INFO -   [MÉDIA AVALIAÇÕES] Encontrada (poly-card fallback): '4.2'
2025-09-26 02:22:37,581 - INFO -   [TOTAL AVALIAÇÕES] Encontrado (poly-card fallback): '6'
2025-09-26 02:22:37,582 - INFO -   [ENTREGA] Texto encontrado (general alt): 'Chegará grátis amanhã sábado'
2025-09-26 02:22:37,582 - INFO - Produto processado: Cartucho Hp 662 Original Preto Ou Colorido - Revenda Oficial
2025-09-26 02:22:37,583 - DEBUG - Scraped from <200 https://lista.mercadolivre.com.br/cartucho-hp-664_Desde_102_NoIndex_True?sb=all_mercadolibre>
{'TITULO PRODUTO': 'Cartucho  Advantage 664xl Preto Novo Lacrado Original', 'LINK': 'https://www.mercadolivre.com.br/cartucho--advantage-664xl-preto-novo-lacrado-original/up/MLBU1993851118#polycard_client=search-nordic&search_layout=grid&position=34&type=product&tracking_id=f0a2e483-4c16-4f1e-b25b-930b5118487a&wid=MLB5065080942&sid=search', 'ID_PRODUTO': 'N/A', 'PREÇO': 'R$ 189,80', 'PREÇO ANTERIOR': 'N/A', 'MARCA': 'N/A', 'IMAGEM': 'N/A (imagens desabilitadas)', 'VENDEDOR': 'N/A', 'MÉDIA AVALIAÇÕES': 'N/A', 'TOTAL AVALIAÇÕES': 'N/A', 'ENTREGA': 'Frete grátis', 'ENTREGA FULL': 'Não'}
2025-09-26 02:22:37,583 - DEBUG - Scraped from <200 https://lista.mercadolivre.com.br/cartucho-hp-664_Desde_102_NoIndex_True?sb=all_mercadolibre>
{'TITULO PRODUTO': 'Cartucho Hp 664 Preto Para Deskjet 2676 4675 1115 Original', 'LINK': 'https://produto.mercadolivre.com.br/MLB-4040719989-cartucho-hp-664-preto-para-deskjet-2676-4675-1115-original-_JM#polycard_client=search-nordic&search_layout=grid&position=35&type=item&tracking_id=f0a2e483-4c16-4f1e-b25b-930b5118487a&wid=MLB4040719989&sid=search', 'ID_PRODUTO': 'N/A', 'PREÇO': 'R$ 77', 'PREÇO ANTERIOR': 'N/A', 'MARCA': 'N/A', 'IMAGEM': 'N/A (imagens desabilitadas)', 'VENDEDOR': 'N/A', 'MÉDIA AVALIAÇÕES': 'N/A', 'TOTAL AVALIAÇÕES': 'N/A', 'ENTREGA': 'Frete grátis', 'ENTREGA FULL': 'Não'}
2025-09-26 02:22:37,584 - INFO - --- Processando container de produto 38/56 (total coletado: 138, pulados: 2) ---
2025-09-26 02:22:37,584 - INFO -   [TÍTULO] Encontrado: '2 Cartuchos 664 Preto Black Impressora Hp Deskjet 1115 3636'
2025-09-26 02:22:37,585 - INFO -   [LINK] Encontrado: 'https://www.mercadolivre.com.br/2-cartuchos-664-preto-black-impressora-hp-deskjet-1115-3636/up/MLBU1120942970#polycard_client=search-nordic&search_layout=grid&position=38&type=product&tracking_id=f0a2e483-4c16-4f1e-b25b-930b5118487a&wid=MLB3070267695&sid=search'
2025-09-26 02:22:37,585 - WARNING -   [ID PRODUTO] Não encontrado no link: https://www.mercadolivre.com.br/2-cartuchos-664-preto-black-impressora-hp-deskjet-1115-3636/up/MLBU1120942970#polycard_client=search-nordic&search_layout=grid&position=38&type=product&tracking_id=f0a2e483-4c16-4f1e-b25b-930b5118487a&wid=MLB3070267695&sid=search
2025-09-26 02:22:37,586 - INFO -   [PREÇO] Encontrado (poly-card fallback): 'R$ 139,90'
2025-09-26 02:22:37,588 - INFO -   [MARCA] Não encontrada (general/poly).
2025-09-26 02:22:37,589 - INFO -   [IMAGEM] Extração de imagens desabilitada pelo usuário.
2025-09-26 02:22:37,590 - INFO -   [VENDEDOR] Não encontrado para o container 38.
2025-09-26 02:22:37,592 - INFO -   [MÉDIA AVALIAÇÕES] Encontrada (poly-card fallback): '4.6'
2025-09-26 02:22:37,593 - INFO -   [TOTAL AVALIAÇÕES] Encontrado (poly-card fallback): '91'
2025-09-26 02:22:37,594 - INFO -   [ENTREGA] Texto encontrado (general alt): 'Chegará grátis hoje'
2025-09-26 02:22:37,595 - INFO -   [ENTREGA FULL] Indicador FULL encontrado (poly-card fallback SVG).
2025-09-26 02:22:37,595 - INFO - Produto processado: 2 Cartuchos 664 Preto Black Impressora Hp Deskjet 1115 3636
2025-09-26 02:22:37,597 - DEBUG - Scraped from <200 https://lista.mercadolivre.com.br/cartucho-hp-664_Desde_102_NoIndex_True?sb=all_mercadolibre>
{'TITULO PRODUTO': 'Cartucho Hp 664 Preto Original - 2136 2676 3776 5076 5276', 'LINK': 'https://produto.mercadolivre.com.br/MLB-1791326315-cartucho-hp-664-preto-original-2136-2676-3776-5076-5276-_JM?searchVariation=180743343517#polycard_client=search-nordic&searchVariation=180743343517&search_layout=grid&position=36&type=item&tracking_id=f0a2e483-4c16-4f1e-b25b-930b5118487a', 'ID_PRODUTO': 'N/A', 'PREÇO': 'R$ 122,99', 'PREÇO ANTERIOR': 'N/A', 'MARCA': 'N/A', 'IMAGEM': 'N/A (imagens desabilitadas)', 'VENDEDOR': 'N/A', 'MÉDIA AVALIAÇÕES': '4.5', 'TOTAL AVALIAÇÕES': '31', 'ENTREGA': 'Chegará grátis amanhã sábado', 'ENTREGA FULL': 'Não'}
2025-09-26 02:22:37,598 - DEBUG - Scraped from <200 https://lista.mercadolivre.com.br/cartucho-hp-664_Desde_102_NoIndex_True?sb=all_mercadolibre>
{'TITULO PRODUTO': 'Cartucho Hp 662 Original Preto Ou Colorido - Revenda Oficial', 'LINK': 'https://produto.mercadolivre.com.br/MLB-2030948541-cartucho-hp-662-original-preto-ou-colorido-revenda-oficial-_JM?searchVariation=173697350132#polycard_client=search-nordic&searchVariation=173697350132&search_layout=grid&position=37&type=item&tracking_id=f0a2e483-4c16-4f1e-b25b-930b5118487a', 'ID_PRODUTO': 'N/A', 'PREÇO': 'R$ 108,99', 'PREÇO ANTERIOR': 'N/A', 'MARCA': 'N/A', 'IMAGEM': 'N/A (imagens desabilitadas)', 'VENDEDOR': 'N/A', 'MÉDIA AVALIAÇÕES': '4.2', 'TOTAL AVALIAÇÕES': '6', 'ENTREGA': 'Chegará grátis amanhã sábado', 'ENTREGA FULL': 'Não'}
2025-09-26 02:22:37,599 - INFO - --- Processando container de produto 39/56 (total coletado: 139, pulados: 2) ---
2025-09-26 02:22:37,600 - INFO -   [TÍTULO] Encontrado: 'Kit 2 Cartuchos Pretos Hp 664 2136 2676 3636 3776 3790 4676'
2025-09-26 02:22:37,600 - INFO -   [LINK] Encontrado: 'https://www.mercadolivre.com.br/kit-2-cartuchos-pretos-hp-664-2136-2676-3636-3776-3790-4676/up/MLBU1419776794#polycard_client=search-nordic&search_layout=grid&position=39&type=product&tracking_id=f0a2e483-4c16-4f1e-b25b-930b5118487a&wid=MLB1647013560&sid=search'
2025-09-26 02:22:37,601 - WARNING -   [ID PRODUTO] Não encontrado no link: https://www.mercadolivre.com.br/kit-2-cartuchos-pretos-hp-664-2136-2676-3636-3776-3790-4676/up/MLBU1419776794#polycard_client=search-nordic&search_layout=grid&position=39&type=product&tracking_id=f0a2e483-4c16-4f1e-b25b-930b5118487a&wid=MLB1647013560&sid=search
2025-09-26 02:22:37,602 - INFO -   [PREÇO] Encontrado (poly-card fallback): 'R$ 179,99'
2025-09-26 02:22:37,603 - INFO -   [MARCA] Não encontrada (general/poly).
2025-09-26 02:22:37,603 - INFO -   [IMAGEM] Extração de imagens desabilitada pelo usuário.
2025-09-26 02:22:37,604 - INFO -   [VENDEDOR] Não encontrado para o container 39.
2025-09-26 02:22:37,605 - INFO -   [MÉDIA AVALIAÇÕES] Encontrada (poly-card fallback): '4.8'
2025-09-26 02:22:37,606 - INFO -   [TOTAL AVALIAÇÕES] Encontrado (poly-card fallback): '38'
2025-09-26 02:22:37,607 - INFO -   [ENTREGA] Texto encontrado (general alt): 'Chegará grátis amanhã sábado'
2025-09-26 02:22:37,608 - INFO - Produto processado: Kit 2 Cartuchos Pretos Hp 664 2136 2676 3636 3776 3790 4676
2025-09-26 02:22:37,608 - INFO - --- Processando container de produto 40/56 (total coletado: 140, pulados: 2) ---
2025-09-26 02:22:37,611 - INFO -   [TÍTULO] Encontrado: 'Cartucho Hp 664 Xl Color Original 2136 2676 3776 5076 5276'
2025-09-26 02:22:37,612 - INFO -   [LINK] Encontrado: 'https://www.mercadolivre.com.br/cartucho-hp-664-xl-color-original-2136-2676-3776-5076-5276/up/MLBU2740458171#polycard_client=search-nordic&search_layout=grid&position=40&type=product&tracking_id=f0a2e483-4c16-4f1e-b25b-930b5118487a&wid=MLB3905820037&sid=search'
2025-09-26 02:22:37,613 - WARNING -   [ID PRODUTO] Não encontrado no link: https://www.mercadolivre.com.br/cartucho-hp-664-xl-color-original-2136-2676-3776-5076-5276/up/MLBU2740458171#polycard_client=search-nordic&search_layout=grid&position=40&type=product&tracking_id=f0a2e483-4c16-4f1e-b25b-930b5118487a&wid=MLB3905820037&sid=search
2025-09-26 02:22:37,615 - INFO -   [PREÇO] Encontrado (poly-card fallback): 'R$ 103,02'
2025-09-26 02:22:37,615 - INFO -   [PREÇO ANTERIOR] Encontrado (poly-card fallback): 'R$ 112'
2025-09-26 02:22:37,616 - INFO -   [MARCA] Não encontrada (general/poly).
2025-09-26 02:22:37,617 - INFO -   [IMAGEM] Extração de imagens desabilitada pelo usuário.
2025-09-26 02:22:37,617 - INFO -   [VENDEDOR] Não encontrado para o container 40.
2025-09-26 02:22:37,618 - INFO -   [MÉDIA AVALIAÇÕES] Encontrada (poly-card fallback): '4.5'
2025-09-26 02:22:37,618 - INFO -   [TOTAL AVALIAÇÕES] Encontrado (poly-card fallback): '47'
2025-09-26 02:22:37,619 - INFO -   [ENTREGA] Texto encontrado (poly-card fallback): 'Frete grátis'
2025-09-26 02:22:37,620 - INFO - Produto processado: Cartucho Hp 664 Xl Color Original 2136 2676 3776 5076 5276
2025-09-26 02:22:37,621 - DEBUG - Scraped from <200 https://lista.mercadolivre.com.br/cartucho-hp-664_Desde_102_NoIndex_True?sb=all_mercadolibre>
{'TITULO PRODUTO': '2 Cartuchos 664 Preto Black Impressora Hp Deskjet 1115 3636', 'LINK': 'https://www.mercadolivre.com.br/2-cartuchos-664-preto-black-impressora-hp-deskjet-1115-3636/up/MLBU1120942970#polycard_client=search-nordic&search_layout=grid&position=38&type=product&tracking_id=f0a2e483-4c16-4f1e-b25b-930b5118487a&wid=MLB3070267695&sid=search', 'ID_PRODUTO': 'N/A', 'PREÇO': 'R$ 139,90', 'PREÇO ANTERIOR': 'N/A', 'MARCA': 'N/A', 'IMAGEM': 'N/A (imagens desabilitadas)', 'VENDEDOR': 'N/A', 'MÉDIA AVALIAÇÕES': '4.6', 'TOTAL AVALIAÇÕES': '91', 'ENTREGA': 'Chegará grátis hoje', 'ENTREGA FULL': 'Sim'}
2025-09-26 02:22:37,622 - INFO - --- Processando container de produto 41/56 (total coletado: 141, pulados: 2) ---
2025-09-26 02:22:37,624 - INFO -   [TÍTULO] Encontrado: 'Cartucho Hp 664xl Color Original (f6v30ab) - 2136 2676 3776'
2025-09-26 02:22:37,624 - INFO -   [LINK] Encontrado: 'https://www.mercadolivre.com.br/cartucho-hp-664xl-color-original-f6v30ab--2136-2676-3776/up/MLBU759924368#polycard_client=search-nordic&search_layout=grid&position=41&type=product&tracking_id=f0a2e483-4c16-4f1e-b25b-930b5118487a&wid=MLB3207911662&sid=search'
2025-09-26 02:22:37,625 - WARNING -   [ID PRODUTO] Não encontrado no link: https://www.mercadolivre.com.br/cartucho-hp-664xl-color-original-f6v30ab--2136-2676-3776/up/MLBU759924368#polycard_client=search-nordic&search_layout=grid&position=41&type=product&tracking_id=f0a2e483-4c16-4f1e-b25b-930b5118487a&wid=MLB3207911662&sid=search
2025-09-26 02:22:37,627 - INFO -   [PREÇO] Encontrado (poly-card fallback): 'R$ 112,52'
2025-09-26 02:22:37,629 - INFO -   [MARCA] Não encontrada (general/poly).
2025-09-26 02:22:37,629 - INFO -   [IMAGEM] Extração de imagens desabilitada pelo usuário.
2025-09-26 02:22:37,631 - INFO -   [VENDEDOR] Encontrado (poly-card fallback): 'Park Ecom'
2025-09-26 02:22:37,632 - INFO -   [MÉDIA AVALIAÇÕES] Encontrada (poly-card fallback): '3.9'
2025-09-26 02:22:37,632 - INFO -   [TOTAL AVALIAÇÕES] Encontrado (poly-card fallback): '22'
2025-09-26 02:22:37,633 - INFO -   [ENTREGA] Texto encontrado (poly-card fallback): 'Frete grátis'
2025-09-26 02:22:37,633 - INFO - Produto processado: Cartucho Hp 664xl Color Original (f6v30ab) - 2136 2676 3776
2025-09-26 02:22:37,634 - DEBUG - Scraped from <200 https://lista.mercadolivre.com.br/cartucho-hp-664_Desde_102_NoIndex_True?sb=all_mercadolibre>
{'TITULO PRODUTO': 'Kit 2 Cartuchos Pretos Hp 664 2136 2676 3636 3776 3790 4676', 'LINK': 'https://www.mercadolivre.com.br/kit-2-cartuchos-pretos-hp-664-2136-2676-3636-3776-3790-4676/up/MLBU1419776794#polycard_client=search-nordic&search_layout=grid&position=39&type=product&tracking_id=f0a2e483-4c16-4f1e-b25b-930b5118487a&wid=MLB1647013560&sid=search', 'ID_PRODUTO': 'N/A', 'PREÇO': 'R$ 179,99', 'PREÇO ANTERIOR': 'N/A', 'MARCA': 'N/A', 'IMAGEM': 'N/A (imagens desabilitadas)', 'VENDEDOR': 'N/A', 'MÉDIA AVALIAÇÕES': '4.8', 'TOTAL AVALIAÇÕES': '38', 'ENTREGA': 'Chegará grátis amanhã sábado', 'ENTREGA FULL': 'Não'}
2025-09-26 02:22:37,634 - DEBUG - Scraped from <200 https://lista.mercadolivre.com.br/cartucho-hp-664_Desde_102_NoIndex_True?sb=all_mercadolibre>
{'TITULO PRODUTO': 'Cartucho Hp 664 Xl Color Original 2136 2676 3776 5076 5276', 'LINK': 'https://www.mercadolivre.com.br/cartucho-hp-664-xl-color-original-2136-2676-3776-5076-5276/up/MLBU2740458171#polycard_client=search-nordic&search_layout=grid&position=40&type=product&tracking_id=f0a2e483-4c16-4f1e-b25b-930b5118487a&wid=MLB3905820037&sid=search', 'ID_PRODUTO': 'N/A', 'PREÇO': 'R$ 103,02', 'PREÇO ANTERIOR': 'R$ 112', 'MARCA': 'N/A', 'IMAGEM': 'N/A (imagens desabilitadas)', 'VENDEDOR': 'N/A', 'MÉDIA AVALIAÇÕES': '4.5', 'TOTAL AVALIAÇÕES': '47', 'ENTREGA': 'Frete grátis', 'ENTREGA FULL': 'Não'}
2025-09-26 02:22:37,635 - INFO - --- Processando container de produto 42/56 (total coletado: 142, pulados: 2) ---
2025-09-26 02:22:37,636 - INFO -   [TÍTULO] Encontrado: 'Cartucho Tinta Hp 664 Color F6v28ab F6v28a 1115 4536 2136'
2025-09-26 02:22:37,637 - INFO -   [LINK] Encontrado: 'https://produto.mercadolivre.com.br/MLB-4316309866-cartucho-tinta-hp-664-color-f6v28ab-f6v28a-1115-4536-2136-_JM#polycard_client=search-nordic&search_layout=grid&position=42&type=item&tracking_id=f0a2e483-4c16-4f1e-b25b-930b5118487a&wid=MLB4316309866&sid=search'
2025-09-26 02:22:37,637 - WARNING -   [ID PRODUTO] Não encontrado no link: https://produto.mercadolivre.com.br/MLB-4316309866-cartucho-tinta-hp-664-color-f6v28ab-f6v28a-1115-4536-2136-_JM#polycard_client=search-nordic&search_layout=grid&position=42&type=item&tracking_id=f0a2e483-4c16-4f1e-b25b-930b5118487a&wid=MLB4316309866&sid=search
2025-09-26 02:22:37,639 - INFO -   [PREÇO] Encontrado (poly-card fallback): 'R$ 121,58'
2025-09-26 02:22:37,640 - INFO -   [MARCA] Não encontrada (general/poly).
2025-09-26 02:22:37,640 - INFO -   [IMAGEM] Extração de imagens desabilitada pelo usuário.
2025-09-26 02:22:37,641 - INFO -   [VENDEDOR] Encontrado (poly-card fallback): 'Tec Print'
2025-09-26 02:22:37,642 - INFO -   [MÉDIA AVALIAÇÕES] Encontrada (poly-card fallback): '3.7'
2025-09-26 02:22:37,643 - INFO -   [TOTAL AVALIAÇÕES] Encontrado (poly-card fallback): '3'
2025-09-26 02:22:37,644 - INFO -   [ENTREGA] Texto encontrado (general alt): 'Chegará grátis amanhã sábado'
2025-09-26 02:22:37,645 - INFO - Produto processado: Cartucho Tinta Hp 664 Color F6v28ab F6v28a 1115 4536 2136
2025-09-26 02:22:37,646 - DEBUG - Scraped from <200 https://lista.mercadolivre.com.br/cartucho-hp-664_Desde_102_NoIndex_True?sb=all_mercadolibre>
{'TITULO PRODUTO': 'Cartucho Hp 664xl Color Original (f6v30ab) - 2136 2676 3776', 'LINK': 'https://www.mercadolivre.com.br/cartucho-hp-664xl-color-original-f6v30ab--2136-2676-3776/up/MLBU759924368#polycard_client=search-nordic&search_layout=grid&position=41&type=product&tracking_id=f0a2e483-4c16-4f1e-b25b-930b5118487a&wid=MLB3207911662&sid=search', 'ID_PRODUTO': 'N/A', 'PREÇO': 'R$ 112,52', 'PREÇO ANTERIOR': 'N/A', 'MARCA': 'N/A', 'IMAGEM': 'N/A (imagens desabilitadas)', 'VENDEDOR': 'Park Ecom', 'MÉDIA AVALIAÇÕES': '3.9', 'TOTAL AVALIAÇÕES': '22', 'ENTREGA': 'Frete grátis', 'ENTREGA FULL': 'Não'}
2025-09-26 02:22:37,647 - INFO - --- Processando container de produto 43/56 (total coletado: 143, pulados: 2) ---
2025-09-26 02:22:37,648 - INFO -   [TÍTULO] Encontrado: 'Cartucho De Tinta  Hp 664 Preto  Original'
2025-09-26 02:22:37,648 - INFO -   [LINK] Encontrado: 'https://www.mercadolivre.com.br/cartucho-de-tinta--hp-664-preto--original/up/MLBU1111040948#polycard_client=search-nordic&search_layout=grid&position=43&type=product&tracking_id=f0a2e483-4c16-4f1e-b25b-930b5118487a&wid=MLB2671524680&sid=search'
2025-09-26 02:22:37,649 - WARNING -   [ID PRODUTO] Não encontrado no link: https://www.mercadolivre.com.br/cartucho-de-tinta--hp-664-preto--original/up/MLBU1111040948#polycard_client=search-nordic&search_layout=grid&position=43&type=product&tracking_id=f0a2e483-4c16-4f1e-b25b-930b5118487a&wid=MLB2671524680&sid=search
2025-09-26 02:22:37,650 - INFO -   [PREÇO] Encontrado (poly-card fallback): 'R$ 64,90'
2025-09-26 02:22:37,651 - INFO -   [MARCA] Não encontrada (general/poly).
2025-09-26 02:22:37,652 - INFO -   [IMAGEM] Extração de imagens desabilitada pelo usuário.
2025-09-26 02:22:37,652 - INFO -   [VENDEDOR] Não encontrado para o container 43.
2025-09-26 02:22:37,653 - INFO -   [MÉDIA AVALIAÇÕES] Encontrada (poly-card fallback): '5.0'
2025-09-26 02:22:37,653 - INFO -   [TOTAL AVALIAÇÕES] Encontrado (poly-card fallback): '2'
2025-09-26 02:22:37,654 - INFO -   [ENTREGA] Texto encontrado (poly-card fallback): 'Frete grátis'
2025-09-26 02:22:37,655 - INFO - Produto processado: Cartucho De Tinta  Hp 664 Preto  Original
2025-09-26 02:22:37,656 - INFO - --- Processando container de produto 44/56 (total coletado: 144, pulados: 2) ---
2025-09-26 02:22:37,657 - INFO -   [TÍTULO] Encontrado: 'Kit Cartuchos Originais Hp 664 Preto + Color Deskjet 1115 2136 2676 3636 3776 3790 4676'
2025-09-26 02:22:37,658 - INFO -   [LINK] Encontrado: 'https://www.mercadolivre.com.br/kit-cartuchos-originais-hp-664-preto--color-deskjet-1115-2136-2676-3636-3776-3790-4676/up/MLBU1410933099#polycard_client=search-nordic&search_layout=grid&position=44&type=product&tracking_id=f0a2e483-4c16-4f1e-b25b-930b5118487a&wid=MLB1274950269&sid=search'
2025-09-26 02:22:37,658 - WARNING -   [ID PRODUTO] Não encontrado no link: https://www.mercadolivre.com.br/kit-cartuchos-originais-hp-664-preto--color-deskjet-1115-2136-2676-3636-3776-3790-4676/up/MLBU1410933099#polycard_client=search-nordic&search_layout=grid&position=44&type=product&tracking_id=f0a2e483-4c16-4f1e-b25b-930b5118487a&wid=MLB1274950269&sid=search
2025-09-26 02:22:37,660 - INFO -   [PREÇO] Encontrado (poly-card fallback): 'R$ 199,99'
2025-09-26 02:22:37,662 - INFO -   [MARCA] Não encontrada (general/poly).
2025-09-26 02:22:37,662 - INFO -   [IMAGEM] Extração de imagens desabilitada pelo usuário.
2025-09-26 02:22:37,663 - INFO -   [VENDEDOR] Não encontrado para o container 44.
2025-09-26 02:22:37,664 - INFO -   [MÉDIA AVALIAÇÕES] Encontrada (poly-card fallback): '4.8'
2025-09-26 02:22:37,665 - INFO -   [TOTAL AVALIAÇÕES] Encontrado (poly-card fallback): '13'
2025-09-26 02:22:37,665 - INFO -   [ENTREGA] Texto encontrado (general alt): 'Chegará grátis amanhã sábado'
2025-09-26 02:22:37,666 - INFO - Produto processado: Kit Cartuchos Originais Hp 664 Preto + Color Deskjet 1115 2136 2676 3636 3776 3790 4676
2025-09-26 02:22:37,667 - DEBUG - Scraped from <200 https://lista.mercadolivre.com.br/cartucho-hp-664_Desde_102_NoIndex_True?sb=all_mercadolibre>
{'TITULO PRODUTO': 'Cartucho Tinta Hp 664 Color F6v28ab F6v28a 1115 4536 2136', 'LINK': 'https://produto.mercadolivre.com.br/MLB-4316309866-cartucho-tinta-hp-664-color-f6v28ab-f6v28a-1115-4536-2136-_JM#polycard_client=search-nordic&search_layout=grid&position=42&type=item&tracking_id=f0a2e483-4c16-4f1e-b25b-930b5118487a&wid=MLB4316309866&sid=search', 'ID_PRODUTO': 'N/A', 'PREÇO': 'R$ 121,58', 'PREÇO ANTERIOR': 'N/A', 'MARCA': 'N/A', 'IMAGEM': 'N/A (imagens desabilitadas)', 'VENDEDOR': 'Tec Print', 'MÉDIA AVALIAÇÕES': '3.7', 'TOTAL AVALIAÇÕES': '3', 'ENTREGA': 'Chegará grátis amanhã sábado', 'ENTREGA FULL': 'Não'}
2025-09-26 02:22:37,668 - INFO - --- Processando container de produto 45/56 (total coletado: 145, pulados: 2) ---
2025-09-26 02:22:37,668 - INFO -   [TÍTULO] Encontrado: '2x Cartucho Tinta Preto Original Hp 664 2136 2676 F6v29ab'
2025-09-26 02:22:37,669 - INFO -   [LINK] Encontrado: 'https://produto.mercadolivre.com.br/MLB-2143143351-2x-cartucho-tinta-preto-original-hp-664-2136-2676-f6v29ab-_JM#polycard_client=search-nordic&search_layout=grid&position=45&type=item&tracking_id=f0a2e483-4c16-4f1e-b25b-930b5118487a&wid=MLB2143143351&sid=search'
2025-09-26 02:22:37,669 - WARNING -   [ID PRODUTO] Não encontrado no link: https://produto.mercadolivre.com.br/MLB-2143143351-2x-cartucho-tinta-preto-original-hp-664-2136-2676-f6v29ab-_JM#polycard_client=search-nordic&search_layout=grid&position=45&type=item&tracking_id=f0a2e483-4c16-4f1e-b25b-930b5118487a&wid=MLB2143143351&sid=search
2025-09-26 02:22:37,670 - INFO -   [PREÇO] Encontrado (poly-card fallback): 'R$ 182,94'
2025-09-26 02:22:37,671 - INFO -   [MARCA] Não encontrada (general/poly).
2025-09-26 02:22:37,671 - INFO -   [IMAGEM] Extração de imagens desabilitada pelo usuário.
2025-09-26 02:22:37,672 - INFO -   [VENDEDOR] Encontrado (poly-card fallback): 'Tec Print'
2025-09-26 02:22:37,673 - INFO -   [MÉDIA AVALIAÇÕES] Encontrada (poly-card fallback): '4.7'
2025-09-26 02:22:37,673 - INFO -   [TOTAL AVALIAÇÕES] Encontrado (poly-card fallback): '105'
2025-09-26 02:22:37,674 - INFO -   [ENTREGA] Texto encontrado (general alt): 'Chegará grátis amanhã sábado'
2025-09-26 02:22:37,675 - INFO - Produto processado: 2x Cartucho Tinta Preto Original Hp 664 2136 2676 F6v29ab
2025-09-26 02:22:37,676 - INFO - --- Processando container de produto 46/56 (total coletado: 146, pulados: 2) ---
2025-09-26 02:22:37,677 - INFO -   [TÍTULO] Encontrado: 'Combo Cartucho Hp 664xl Preto Color Originais 2676 3776 4676'
2025-09-26 02:22:37,678 - INFO -   [LINK] Encontrado: 'https://www.mercadolivre.com.br/combo-cartucho-hp-664xl-preto-color-originais-2676-3776-4676/up/MLBU1436479505#polycard_client=search-nordic&search_layout=grid&position=46&type=product&tracking_id=f0a2e483-4c16-4f1e-b25b-930b5118487a&wid=MLB2940368555&sid=search'
2025-09-26 02:22:37,678 - WARNING -   [ID PRODUTO] Não encontrado no link: https://www.mercadolivre.com.br/combo-cartucho-hp-664xl-preto-color-originais-2676-3776-4676/up/MLBU1436479505#polycard_client=search-nordic&search_layout=grid&position=46&type=product&tracking_id=f0a2e483-4c16-4f1e-b25b-930b5118487a&wid=MLB2940368555&sid=search
2025-09-26 02:22:37,680 - INFO -   [PREÇO] Encontrado (poly-card fallback): 'R$ 284,35'
2025-09-26 02:22:37,681 - INFO -   [MARCA] Não encontrada (general/poly).
2025-09-26 02:22:37,681 - INFO -   [IMAGEM] Extração de imagens desabilitada pelo usuário.
2025-09-26 02:22:37,682 - INFO -   [VENDEDOR] Não encontrado para o container 46.
2025-09-26 02:22:37,683 - INFO -   [MÉDIA AVALIAÇÕES] Encontrada (poly-card fallback): '4.3'
2025-09-26 02:22:37,684 - INFO -   [TOTAL AVALIAÇÕES] Encontrado (poly-card fallback): '92'
2025-09-26 02:22:37,685 - INFO -   [ENTREGA] Texto encontrado (poly-card fallback): 'Frete grátis'
2025-09-26 02:22:37,685 - INFO - Produto processado: Combo Cartucho Hp 664xl Preto Color Originais 2676 3776 4676
2025-09-26 02:22:37,686 - DEBUG - Scraped from <200 https://lista.mercadolivre.com.br/cartucho-hp-664_Desde_102_NoIndex_True?sb=all_mercadolibre>
{'TITULO PRODUTO': 'Cartucho De Tinta  Hp 664 Preto  Original', 'LINK': 'https://www.mercadolivre.com.br/cartucho-de-tinta--hp-664-preto--original/up/MLBU1111040948#polycard_client=search-nordic&search_layout=grid&position=43&type=product&tracking_id=f0a2e483-4c16-4f1e-b25b-930b5118487a&wid=MLB2671524680&sid=search', 'ID_PRODUTO': 'N/A', 'PREÇO': 'R$ 64,90', 'PREÇO ANTERIOR': 'N/A', 'MARCA': 'N/A', 'IMAGEM': 'N/A (imagens desabilitadas)', 'VENDEDOR': 'N/A', 'MÉDIA AVALIAÇÕES': '5.0', 'TOTAL AVALIAÇÕES': '2', 'ENTREGA': 'Frete grátis', 'ENTREGA FULL': 'Não'}
2025-09-26 02:22:37,686 - DEBUG - Scraped from <200 https://lista.mercadolivre.com.br/cartucho-hp-664_Desde_102_NoIndex_True?sb=all_mercadolibre>
{'TITULO PRODUTO': 'Kit Cartuchos Originais Hp 664 Preto + Color Deskjet 1115 2136 2676 3636 3776 3790 4676', 'LINK': 'https://www.mercadolivre.com.br/kit-cartuchos-originais-hp-664-preto--color-deskjet-1115-2136-2676-3636-3776-3790-4676/up/MLBU1410933099#polycard_client=search-nordic&search_layout=grid&position=44&type=product&tracking_id=f0a2e483-4c16-4f1e-b25b-930b5118487a&wid=MLB1274950269&sid=search', 'ID_PRODUTO': 'N/A', 'PREÇO': 'R$ 199,99', 'PREÇO ANTERIOR': 'N/A', 'MARCA': 'N/A', 'IMAGEM': 'N/A (imagens desabilitadas)', 'VENDEDOR': 'N/A', 'MÉDIA AVALIAÇÕES': '4.8', 'TOTAL AVALIAÇÕES': '13', 'ENTREGA': 'Chegará grátis amanhã sábado', 'ENTREGA FULL': 'Não'}
2025-09-26 02:22:37,687 - INFO - --- Processando container de produto 47/56 (total coletado: 147, pulados: 2) ---
2025-09-26 02:22:37,688 - INFO -   [TÍTULO] Encontrado: 'Cartucho Tinta Original Hp 667 Colorido Advantage 2376 2776'
2025-09-26 02:22:37,689 - INFO -   [LINK] Encontrado: 'https://produto.mercadolivre.com.br/MLB-1757242271-cartucho-tinta-original-hp-667-colorido-advantage-2376-2776-_JM#polycard_client=search-nordic&search_layout=grid&position=47&type=item&tracking_id=f0a2e483-4c16-4f1e-b25b-930b5118487a&wid=MLB1757242271&sid=search'
2025-09-26 02:22:37,689 - WARNING -   [ID PRODUTO] Não encontrado no link: https://produto.mercadolivre.com.br/MLB-1757242271-cartucho-tinta-original-hp-667-colorido-advantage-2376-2776-_JM#polycard_client=search-nordic&search_layout=grid&position=47&type=item&tracking_id=f0a2e483-4c16-4f1e-b25b-930b5118487a&wid=MLB1757242271&sid=search
2025-09-26 02:22:37,691 - INFO -   [PREÇO] Encontrado (poly-card fallback): 'R$ 78,99'
2025-09-26 02:22:37,691 - INFO -   [MARCA] Não encontrada (general/poly).
2025-09-26 02:22:37,692 - INFO -   [IMAGEM] Extração de imagens desabilitada pelo usuário.
2025-09-26 02:22:37,692 - INFO -   [VENDEDOR] Encontrado (poly-card fallback): 'Tec Print'
2025-09-26 02:22:37,693 - INFO -   [MÉDIA AVALIAÇÕES] Encontrada (poly-card fallback): '4.6'
2025-09-26 02:22:37,694 - INFO -   [TOTAL AVALIAÇÕES] Encontrado (poly-card fallback): '64'
2025-09-26 02:22:37,695 - INFO -   [ENTREGA] Texto encontrado (poly-card fallback): 'Frete grátis'
2025-09-26 02:22:37,696 - INFO - Produto processado: Cartucho Tinta Original Hp 667 Colorido Advantage 2376 2776
2025-09-26 02:22:37,697 - DEBUG - Scraped from <200 https://lista.mercadolivre.com.br/cartucho-hp-664_Desde_102_NoIndex_True?sb=all_mercadolibre>
{'TITULO PRODUTO': '2x Cartucho Tinta Preto Original Hp 664 2136 2676 F6v29ab', 'LINK': 'https://produto.mercadolivre.com.br/MLB-2143143351-2x-cartucho-tinta-preto-original-hp-664-2136-2676-f6v29ab-_JM#polycard_client=search-nordic&search_layout=grid&position=45&type=item&tracking_id=f0a2e483-4c16-4f1e-b25b-930b5118487a&wid=MLB2143143351&sid=search', 'ID_PRODUTO': 'N/A', 'PREÇO': 'R$ 182,94', 'PREÇO ANTERIOR': 'N/A', 'MARCA': 'N/A', 'IMAGEM': 'N/A (imagens desabilitadas)', 'VENDEDOR': 'Tec Print', 'MÉDIA AVALIAÇÕES': '4.7', 'TOTAL AVALIAÇÕES': '105', 'ENTREGA': 'Chegará grátis amanhã sábado', 'ENTREGA FULL': 'Não'}
2025-09-26 02:22:37,697 - DEBUG - Scraped from <200 https://lista.mercadolivre.com.br/cartucho-hp-664_Desde_102_NoIndex_True?sb=all_mercadolibre>
{'TITULO PRODUTO': 'Combo Cartucho Hp 664xl Preto Color Originais 2676 3776 4676', 'LINK': 'https://www.mercadolivre.com.br/combo-cartucho-hp-664xl-preto-color-originais-2676-3776-4676/up/MLBU1436479505#polycard_client=search-nordic&search_layout=grid&position=46&type=product&tracking_id=f0a2e483-4c16-4f1e-b25b-930b5118487a&wid=MLB2940368555&sid=search', 'ID_PRODUTO': 'N/A', 'PREÇO': 'R$ 284,35', 'PREÇO ANTERIOR': 'N/A', 'MARCA': 'N/A', 'IMAGEM': 'N/A (imagens desabilitadas)', 'VENDEDOR': 'N/A', 'MÉDIA AVALIAÇÕES': '4.3', 'TOTAL AVALIAÇÕES': '92', 'ENTREGA': 'Frete grátis', 'ENTREGA FULL': 'Não'}
2025-09-26 02:22:37,698 - INFO - --- Processando container de produto 48/56 (total coletado: 148, pulados: 2) ---
2025-09-26 02:22:37,698 - INFO -   [TÍTULO] Encontrado: 'Kit 2 Cartuchos Originais Hp 664 Hp 2136 3636 3836 4536 4676'
2025-09-26 02:22:37,699 - INFO -   [LINK] Encontrado: 'https://produto.mercadolivre.com.br/MLB-765616183-kit-2-cartuchos-originais-hp-664-hp-2136-3636-3836-4536-4676-_JM#polycard_client=search-nordic&search_layout=grid&position=48&type=item&tracking_id=f0a2e483-4c16-4f1e-b25b-930b5118487a&wid=MLB765616183&sid=search'
2025-09-26 02:22:37,699 - WARNING -   [ID PRODUTO] Não encontrado no link: https://produto.mercadolivre.com.br/MLB-765616183-kit-2-cartuchos-originais-hp-664-hp-2136-3636-3836-4536-4676-_JM#polycard_client=search-nordic&search_layout=grid&position=48&type=item&tracking_id=f0a2e483-4c16-4f1e-b25b-930b5118487a&wid=MLB765616183&sid=search
2025-09-26 02:22:37,701 - INFO -   [PREÇO] Encontrado (poly-card fallback): 'R$ 227,51'
2025-09-26 02:22:37,701 - INFO -   [MARCA] Não encontrada (general/poly).
2025-09-26 02:22:37,702 - INFO -   [IMAGEM] Extração de imagens desabilitada pelo usuário.
2025-09-26 02:22:37,702 - INFO -   [VENDEDOR] Encontrado (poly-card fallback): 'MERCADAO DA INFORMATICA'
2025-09-26 02:22:37,703 - INFO -   [MÉDIA AVALIAÇÕES] Encontrada (poly-card fallback): '4.8'
2025-09-26 02:22:37,703 - INFO -   [TOTAL AVALIAÇÕES] Encontrado (poly-card fallback): '37'
2025-09-26 02:22:37,704 - INFO -   [ENTREGA] Texto encontrado (poly-card fallback): 'Frete grátis'
2025-09-26 02:22:37,704 - INFO - Produto processado: Kit 2 Cartuchos Originais Hp 664 Hp 2136 3636 3836 4536 4676
2025-09-26 02:22:37,705 - INFO - --- Processando container de produto 49/56 (total coletado: 149, pulados: 2) ---
2025-09-26 02:22:37,706 - INFO -   [TÍTULO] Encontrado: '3 Cartuchos Hp 664xl 664 Xl Preto Genuínos'
2025-09-26 02:22:37,707 - INFO -   [LINK] Encontrado: 'https://www.mercadolivre.com.br/3-cartuchos-hp-664xl-664-xl-preto-genuinos/p/MLB48597775#polycard_client=search-nordic&search_layout=grid&position=49&type=product&tracking_id=f0a2e483-4c16-4f1e-b25b-930b5118487a&wid=MLB5355055414&sid=search'
2025-09-26 02:22:37,707 - INFO -   [ID PRODUTO] Encontrado: 'MLB48597775'
2025-09-26 02:22:37,708 - INFO -   [PREÇO] Encontrado (poly-card fallback): 'R$ 289,55'
2025-09-26 02:22:37,710 - INFO -   [MARCA] Não encontrada (general/poly).
2025-09-26 02:22:37,710 - INFO -   [IMAGEM] Extração de imagens desabilitada pelo usuário.
2025-09-26 02:22:37,711 - INFO -   [VENDEDOR] Encontrado (poly-card fallback): 'Park Ecom'
2025-09-26 02:22:37,713 - INFO -   [MÉDIA AVALIAÇÕES] Encontrada (poly-card fallback): '4.6'
2025-09-26 02:22:37,713 - INFO -   [TOTAL AVALIAÇÕES] Encontrado (poly-card fallback): '14'
2025-09-26 02:22:37,714 - INFO -   [ENTREGA] Texto encontrado (poly-card fallback): 'Frete grátis'
2025-09-26 02:22:37,715 - INFO - Produto processado: 3 Cartuchos Hp 664xl 664 Xl Preto Genuínos
2025-09-26 02:22:37,715 - DEBUG - Scraped from <200 https://lista.mercadolivre.com.br/cartucho-hp-664_Desde_102_NoIndex_True?sb=all_mercadolibre>
{'TITULO PRODUTO': 'Cartucho Tinta Original Hp 667 Colorido Advantage 2376 2776', 'LINK': 'https://produto.mercadolivre.com.br/MLB-1757242271-cartucho-tinta-original-hp-667-colorido-advantage-2376-2776-_JM#polycard_client=search-nordic&search_layout=grid&position=47&type=item&tracking_id=f0a2e483-4c16-4f1e-b25b-930b5118487a&wid=MLB1757242271&sid=search', 'ID_PRODUTO': 'N/A', 'PREÇO': 'R$ 78,99', 'PREÇO ANTERIOR': 'N/A', 'MARCA': 'N/A', 'IMAGEM': 'N/A (imagens desabilitadas)', 'VENDEDOR': 'Tec Print', 'MÉDIA AVALIAÇÕES': '4.6', 'TOTAL AVALIAÇÕES': '64', 'ENTREGA': 'Frete grátis', 'ENTREGA FULL': 'Não'}
2025-09-26 02:22:37,715 - INFO - --- Processando container de produto 50/56 (total coletado: 150, pulados: 2) ---
2025-09-26 02:22:37,716 - INFO -   [TÍTULO] Encontrado: 'Kit 2 Cartuchos Hp 664 Preto'
2025-09-26 02:22:37,716 - INFO -   [LINK] Encontrado: 'https://www.mercadolivre.com.br/kit-2-cartuchos-hp-664-preto/p/MLB39126028#polycard_client=search-nordic&search_layout=grid&position=50&type=product&tracking_id=f0a2e483-4c16-4f1e-b25b-930b5118487a&wid=MLB4124458661&sid=search'
2025-09-26 02:22:37,717 - INFO -   [ID PRODUTO] Encontrado: 'MLB39126028'
2025-09-26 02:22:37,718 - INFO -   [PREÇO] Encontrado (poly-card fallback): 'R$ 147'
2025-09-26 02:22:37,718 - INFO -   [MARCA] Não encontrada (general/poly).
2025-09-26 02:22:37,719 - INFO -   [IMAGEM] Extração de imagens desabilitada pelo usuário.
2025-09-26 02:22:37,719 - INFO -   [VENDEDOR] Não encontrado para o container 50.
2025-09-26 02:22:37,720 - INFO -   [MÉDIA AVALIAÇÕES] Encontrada (poly-card fallback): '4.9'
2025-09-26 02:22:37,720 - INFO -   [TOTAL AVALIAÇÕES] Encontrado (poly-card fallback): '87'
2025-09-26 02:22:37,721 - INFO -   [ENTREGA] Texto encontrado (poly-card fallback): 'Frete grátis'
2025-09-26 02:22:37,722 - INFO - Produto processado: Kit 2 Cartuchos Hp 664 Preto
2025-09-26 02:22:37,722 - INFO - --- Processando container de produto 51/56 (total coletado: 151, pulados: 2) ---
2025-09-26 02:22:37,723 - INFO -   [TÍTULO] Encontrado: 'Cartucho Hp 664 Colorido 2ml Original'
2025-09-26 02:22:37,724 - INFO -   [LINK] Encontrado: 'https://produto.mercadolivre.com.br/MLB-5377680162-cartucho-hp-664-colorido-2ml-original-_JM#polycard_client=search-nordic&search_layout=grid&position=51&type=item&tracking_id=f0a2e483-4c16-4f1e-b25b-930b5118487a&wid=MLB5377680162&sid=search'
2025-09-26 02:22:37,724 - WARNING -   [ID PRODUTO] Não encontrado no link: https://produto.mercadolivre.com.br/MLB-5377680162-cartucho-hp-664-colorido-2ml-original-_JM#polycard_client=search-nordic&search_layout=grid&position=51&type=item&tracking_id=f0a2e483-4c16-4f1e-b25b-930b5118487a&wid=MLB5377680162&sid=search
2025-09-26 02:22:37,725 - INFO -   [PREÇO] Encontrado (poly-card fallback): 'R$ 118,71'
2025-09-26 02:22:37,726 - INFO -   [MARCA] Não encontrada (general/poly).
2025-09-26 02:22:37,727 - INFO -   [IMAGEM] Extração de imagens desabilitada pelo usuário.
2025-09-26 02:22:37,729 - INFO -   [VENDEDOR] Não encontrado para o container 51.
2025-09-26 02:22:37,730 - INFO -   [ENTREGA] Texto encontrado (poly-card fallback): 'Frete grátis'
2025-09-26 02:22:37,731 - INFO - Produto processado: Cartucho Hp 664 Colorido 2ml Original
2025-09-26 02:22:37,731 - DEBUG - Scraped from <200 https://lista.mercadolivre.com.br/cartucho-hp-664_Desde_102_NoIndex_True?sb=all_mercadolibre>
{'TITULO PRODUTO': 'Kit 2 Cartuchos Originais Hp 664 Hp 2136 3636 3836 4536 4676', 'LINK': 'https://produto.mercadolivre.com.br/MLB-765616183-kit-2-cartuchos-originais-hp-664-hp-2136-3636-3836-4536-4676-_JM#polycard_client=search-nordic&search_layout=grid&position=48&type=item&tracking_id=f0a2e483-4c16-4f1e-b25b-930b5118487a&wid=MLB765616183&sid=search', 'ID_PRODUTO': 'N/A', 'PREÇO': 'R$ 227,51', 'PREÇO ANTERIOR': 'N/A', 'MARCA': 'N/A', 'IMAGEM': 'N/A (imagens desabilitadas)', 'VENDEDOR': 'MERCADAO DA INFORMATICA', 'MÉDIA AVALIAÇÕES': '4.8', 'TOTAL AVALIAÇÕES': '37', 'ENTREGA': 'Frete grátis', 'ENTREGA FULL': 'Não'}
2025-09-26 02:22:37,732 - DEBUG - Scraped from <200 https://lista.mercadolivre.com.br/cartucho-hp-664_Desde_102_NoIndex_True?sb=all_mercadolibre>
{'TITULO PRODUTO': '3 Cartuchos Hp 664xl 664 Xl Preto Genuínos', 'LINK': 'https://www.mercadolivre.com.br/3-cartuchos-hp-664xl-664-xl-preto-genuinos/p/MLB48597775#polycard_client=search-nordic&search_layout=grid&position=49&type=product&tracking_id=f0a2e483-4c16-4f1e-b25b-930b5118487a&wid=MLB5355055414&sid=search', 'ID_PRODUTO': 'MLB48597775', 'PREÇO': 'R$ 289,55', 'PREÇO ANTERIOR': 'N/A', 'MARCA': 'N/A', 'IMAGEM': 'N/A (imagens desabilitadas)', 'VENDEDOR': 'Park Ecom', 'MÉDIA AVALIAÇÕES': '4.6', 'TOTAL AVALIAÇÕES': '14', 'ENTREGA': 'Frete grátis', 'ENTREGA FULL': 'Não'}
2025-09-26 02:22:37,732 - INFO - --- Processando container de produto 52/56 (total coletado: 152, pulados: 2) ---
2025-09-26 02:22:37,733 - INFO -   [TÍTULO] Encontrado: 'Cartucho Hp 664 Color Original F6v28ab - 2136 2676 3776 5076'
2025-09-26 02:22:37,733 - INFO -   [LINK] Encontrado: 'https://www.mercadolivre.com.br/cartucho-hp-664-color-original-f6v28ab--2136-2676-3776-5076/up/MLBU1130381271#polycard_client=search-nordic&search_layout=grid&position=52&type=product&tracking_id=f0a2e483-4c16-4f1e-b25b-930b5118487a&wid=MLB3456090878&sid=search'
2025-09-26 02:22:37,733 - WARNING -   [ID PRODUTO] Não encontrado no link: https://www.mercadolivre.com.br/cartucho-hp-664-color-original-f6v28ab--2136-2676-3776-5076/up/MLBU1130381271#polycard_client=search-nordic&search_layout=grid&position=52&type=product&tracking_id=f0a2e483-4c16-4f1e-b25b-930b5118487a&wid=MLB3456090878&sid=search
2025-09-26 02:22:37,734 - INFO -   [PREÇO] Encontrado (poly-card fallback): 'R$ 77'
2025-09-26 02:22:37,735 - INFO -   [MARCA] Não encontrada (general/poly).
2025-09-26 02:22:37,735 - INFO -   [IMAGEM] Extração de imagens desabilitada pelo usuário.
2025-09-26 02:22:37,736 - INFO -   [VENDEDOR] Encontrado (poly-card fallback): 'Park Ecom'
2025-09-26 02:22:37,737 - INFO -   [MÉDIA AVALIAÇÕES] Encontrada (poly-card fallback): '4.8'
2025-09-26 02:22:37,737 - INFO -   [TOTAL AVALIAÇÕES] Encontrado (poly-card fallback): '13'
2025-09-26 02:22:37,738 - INFO -   [ENTREGA] Texto encontrado (poly-card fallback): 'Frete grátis'
2025-09-26 02:22:37,739 - INFO - Produto processado: Cartucho Hp 664 Color Original F6v28ab - 2136 2676 3776 5076
2025-09-26 02:22:37,739 - INFO - --- Processando container de produto 53/56 (total coletado: 153, pulados: 2) ---
2025-09-26 02:22:37,741 - INFO -   [TÍTULO] Encontrado: 'Cartucho Tinta Original Hp 667 Colorido 2776 2376 6476'
2025-09-26 02:22:37,741 - INFO -   [LINK] Encontrado: 'https://produto.mercadolivre.com.br/MLB-1757250219-cartucho-tinta-original-hp-667-colorido-2776-2376-6476-_JM#polycard_client=search-nordic&search_layout=grid&position=53&type=item&tracking_id=f0a2e483-4c16-4f1e-b25b-930b5118487a&wid=MLB1757250219&sid=search'
2025-09-26 02:22:37,741 - WARNING -   [ID PRODUTO] Não encontrado no link: https://produto.mercadolivre.com.br/MLB-1757250219-cartucho-tinta-original-hp-667-colorido-2776-2376-6476-_JM#polycard_client=search-nordic&search_layout=grid&position=53&type=item&tracking_id=f0a2e483-4c16-4f1e-b25b-930b5118487a&wid=MLB1757250219&sid=search
2025-09-26 02:22:37,744 - INFO -   [PREÇO] Encontrado (poly-card fallback): 'R$ 78,77'
2025-09-26 02:22:37,745 - INFO -   [MARCA] Não encontrada (general/poly).
2025-09-26 02:22:37,746 - INFO -   [IMAGEM] Extração de imagens desabilitada pelo usuário.
2025-09-26 02:22:37,746 - INFO -   [VENDEDOR] Encontrado (poly-card fallback): 'Tec Print'
2025-09-26 02:22:37,747 - INFO -   [MÉDIA AVALIAÇÕES] Encontrada (poly-card fallback): '4.6'
2025-09-26 02:22:37,747 - INFO -   [TOTAL AVALIAÇÕES] Encontrado (poly-card fallback): '35'
2025-09-26 02:22:37,748 - INFO -   [ENTREGA] Texto encontrado (poly-card fallback): 'Frete grátis'
2025-09-26 02:22:37,749 - INFO - Produto processado: Cartucho Tinta Original Hp 667 Colorido 2776 2376 6476
2025-09-26 02:22:37,749 - DEBUG - Scraped from <200 https://lista.mercadolivre.com.br/cartucho-hp-664_Desde_102_NoIndex_True?sb=all_mercadolibre>
{'TITULO PRODUTO': 'Kit 2 Cartuchos Hp 664 Preto', 'LINK': 'https://www.mercadolivre.com.br/kit-2-cartuchos-hp-664-preto/p/MLB39126028#polycard_client=search-nordic&search_layout=grid&position=50&type=product&tracking_id=f0a2e483-4c16-4f1e-b25b-930b5118487a&wid=MLB4124458661&sid=search', 'ID_PRODUTO': 'MLB39126028', 'PREÇO': 'R$ 147', 'PREÇO ANTERIOR': 'N/A', 'MARCA': 'N/A', 'IMAGEM': 'N/A (imagens desabilitadas)', 'VENDEDOR': 'N/A', 'MÉDIA AVALIAÇÕES': '4.9', 'TOTAL AVALIAÇÕES': '87', 'ENTREGA': 'Frete grátis', 'ENTREGA FULL': 'Não'}
2025-09-26 02:22:37,749 - DEBUG - Scraped from <200 https://lista.mercadolivre.com.br/cartucho-hp-664_Desde_102_NoIndex_True?sb=all_mercadolibre>
{'TITULO PRODUTO': 'Cartucho Hp 664 Colorido 2ml Original', 'LINK': 'https://produto.mercadolivre.com.br/MLB-5377680162-cartucho-hp-664-colorido-2ml-original-_JM#polycard_client=search-nordic&search_layout=grid&position=51&type=item&tracking_id=f0a2e483-4c16-4f1e-b25b-930b5118487a&wid=MLB5377680162&sid=search', 'ID_PRODUTO': 'N/A', 'PREÇO': 'R$ 118,71', 'PREÇO ANTERIOR': 'N/A', 'MARCA': 'N/A', 'IMAGEM': 'N/A (imagens desabilitadas)', 'VENDEDOR': 'N/A', 'MÉDIA AVALIAÇÕES': 'N/A', 'TOTAL AVALIAÇÕES': 'N/A', 'ENTREGA': 'Frete grátis', 'ENTREGA FULL': 'Não'}
2025-09-26 02:22:37,750 - INFO - --- Processando container de produto 54/56 (total coletado: 154, pulados: 2) ---
2025-09-26 02:22:37,751 - INFO -   [TÍTULO] Encontrado: 'Kit Cartucho De Tinta Original Hp Preto E Colorido 664'
2025-09-26 02:22:37,751 - INFO -   [LINK] Encontrado: 'https://produto.mercadolivre.com.br/MLB-1405822963-kit-cartucho-de-tinta-original-hp-preto-e-colorido-664-_JM#polycard_client=search-nordic&search_layout=grid&position=54&type=item&tracking_id=f0a2e483-4c16-4f1e-b25b-930b5118487a&wid=MLB1405822963&sid=search'
2025-09-26 02:22:37,751 - WARNING -   [ID PRODUTO] Não encontrado no link: https://produto.mercadolivre.com.br/MLB-1405822963-kit-cartucho-de-tinta-original-hp-preto-e-colorido-664-_JM#polycard_client=search-nordic&search_layout=grid&position=54&type=item&tracking_id=f0a2e483-4c16-4f1e-b25b-930b5118487a&wid=MLB1405822963&sid=search
2025-09-26 02:22:37,753 - INFO -   [PREÇO] Encontrado (poly-card fallback): 'R$ 226,99'
2025-09-26 02:22:37,753 - INFO -   [MARCA] Não encontrada (general/poly).
2025-09-26 02:22:37,754 - INFO -   [IMAGEM] Extração de imagens desabilitada pelo usuário.
2025-09-26 02:22:37,755 - INFO -   [VENDEDOR] Não encontrado para o container 54.
2025-09-26 02:22:37,758 - INFO -   [MÉDIA AVALIAÇÕES] Encontrada (poly-card fallback): '4.5'
2025-09-26 02:22:37,759 - INFO -   [TOTAL AVALIAÇÕES] Encontrado (poly-card fallback): '147'
2025-09-26 02:22:37,761 - INFO -   [ENTREGA] Texto encontrado (general alt): 'Chegará grátis amanhã sábado'
2025-09-26 02:22:37,763 - INFO - Produto processado: Kit Cartucho De Tinta Original Hp Preto E Colorido 664
2025-09-26 02:22:37,764 - DEBUG - Scraped from <200 https://lista.mercadolivre.com.br/cartucho-hp-664_Desde_102_NoIndex_True?sb=all_mercadolibre>
{'TITULO PRODUTO': 'Cartucho Hp 664 Color Original F6v28ab - 2136 2676 3776 5076', 'LINK': 'https://www.mercadolivre.com.br/cartucho-hp-664-color-original-f6v28ab--2136-2676-3776-5076/up/MLBU1130381271#polycard_client=search-nordic&search_layout=grid&position=52&type=product&tracking_id=f0a2e483-4c16-4f1e-b25b-930b5118487a&wid=MLB3456090878&sid=search', 'ID_PRODUTO': 'N/A', 'PREÇO': 'R$ 77', 'PREÇO ANTERIOR': 'N/A', 'MARCA': 'N/A', 'IMAGEM': 'N/A (imagens desabilitadas)', 'VENDEDOR': 'Park Ecom', 'MÉDIA AVALIAÇÕES': '4.8', 'TOTAL AVALIAÇÕES': '13', 'ENTREGA': 'Frete grátis', 'ENTREGA FULL': 'Não'}
2025-09-26 02:22:37,765 - DEBUG - Scraped from <200 https://lista.mercadolivre.com.br/cartucho-hp-664_Desde_102_NoIndex_True?sb=all_mercadolibre>
{'TITULO PRODUTO': 'Cartucho Tinta Original Hp 667 Colorido 2776 2376 6476', 'LINK': 'https://produto.mercadolivre.com.br/MLB-1757250219-cartucho-tinta-original-hp-667-colorido-2776-2376-6476-_JM#polycard_client=search-nordic&search_layout=grid&position=53&type=item&tracking_id=f0a2e483-4c16-4f1e-b25b-930b5118487a&wid=MLB1757250219&sid=search', 'ID_PRODUTO': 'N/A', 'PREÇO': 'R$ 78,77', 'PREÇO ANTERIOR': 'N/A', 'MARCA': 'N/A', 'IMAGEM': 'N/A (imagens desabilitadas)', 'VENDEDOR': 'Tec Print', 'MÉDIA AVALIAÇÕES': '4.6', 'TOTAL AVALIAÇÕES': '35', 'ENTREGA': 'Frete grátis', 'ENTREGA FULL': 'Não'}
2025-09-26 02:22:37,766 - INFO - --- Processando container de produto 55/56 (total coletado: 155, pulados: 2) ---
2025-09-26 02:22:37,767 - INFO -   [TÍTULO] Encontrado: 'Kit 2 Cartuchos Hp 664 Color Original 1115 2136 2676 3636'
2025-09-26 02:22:37,767 - INFO -   [LINK] Encontrado: 'https://www.mercadolivre.com.br/kit-2-cartuchos-hp-664-color-original-1115-2136-2676-3636/up/MLBU1466949096#polycard_client=search-nordic&search_layout=grid&position=55&type=product&tracking_id=f0a2e483-4c16-4f1e-b25b-930b5118487a&wid=MLB3832339680&sid=search'
2025-09-26 02:22:37,768 - WARNING -   [ID PRODUTO] Não encontrado no link: https://www.mercadolivre.com.br/kit-2-cartuchos-hp-664-color-original-1115-2136-2676-3636/up/MLBU1466949096#polycard_client=search-nordic&search_layout=grid&position=55&type=product&tracking_id=f0a2e483-4c16-4f1e-b25b-930b5118487a&wid=MLB3832339680&sid=search
2025-09-26 02:22:37,769 - INFO -   [PREÇO] Encontrado (poly-card fallback): 'R$ 179,99'
2025-09-26 02:22:37,770 - INFO -   [MARCA] Não encontrada (general/poly).
2025-09-26 02:22:37,770 - INFO -   [IMAGEM] Extração de imagens desabilitada pelo usuário.
2025-09-26 02:22:37,771 - INFO -   [VENDEDOR] Não encontrado para o container 55.
2025-09-26 02:22:37,774 - INFO -   [MÉDIA AVALIAÇÕES] Encontrada (poly-card fallback): '4.8'
2025-09-26 02:22:37,777 - INFO -   [TOTAL AVALIAÇÕES] Encontrado (poly-card fallback): '6'
2025-09-26 02:22:37,779 - INFO -   [ENTREGA] Texto encontrado (general alt): 'Chegará grátis amanhã sábado'
2025-09-26 02:22:37,781 - INFO - Produto processado: Kit 2 Cartuchos Hp 664 Color Original 1115 2136 2676 3636
2025-09-26 02:22:37,783 - DEBUG - Scraped from <200 https://lista.mercadolivre.com.br/cartucho-hp-664_Desde_102_NoIndex_True?sb=all_mercadolibre>
{'TITULO PRODUTO': 'Kit Cartucho De Tinta Original Hp Preto E Colorido 664', 'LINK': 'https://produto.mercadolivre.com.br/MLB-1405822963-kit-cartucho-de-tinta-original-hp-preto-e-colorido-664-_JM#polycard_client=search-nordic&search_layout=grid&position=54&type=item&tracking_id=f0a2e483-4c16-4f1e-b25b-930b5118487a&wid=MLB1405822963&sid=search', 'ID_PRODUTO': 'N/A', 'PREÇO': 'R$ 226,99', 'PREÇO ANTERIOR': 'N/A', 'MARCA': 'N/A', 'IMAGEM': 'N/A (imagens desabilitadas)', 'VENDEDOR': 'N/A', 'MÉDIA AVALIAÇÕES': '4.5', 'TOTAL AVALIAÇÕES': '147', 'ENTREGA': 'Chegará grátis amanhã sábado', 'ENTREGA FULL': 'Não'}
2025-09-26 02:22:37,784 - INFO - --- Processando container de produto 56/56 (total coletado: 156, pulados: 2) ---
2025-09-26 02:22:37,786 - INFO -   [TÍTULO] Encontrado: 'Cartuchos Hp 664xl Preto E Colorido Originais Hp E Lacrados'
2025-09-26 02:22:37,787 - INFO -   [LINK] Encontrado: 'https://www.mercadolivre.com.br/cartuchos-hp-664xl-preto-e-colorido-originais-hp-e-lacrados/up/MLBU756862979#polycard_client=search-nordic&search_layout=grid&position=56&type=product&tracking_id=f0a2e483-4c16-4f1e-b25b-930b5118487a&wid=MLB3208193567&sid=search'
2025-09-26 02:22:37,788 - WARNING -   [ID PRODUTO] Não encontrado no link: https://www.mercadolivre.com.br/cartuchos-hp-664xl-preto-e-colorido-originais-hp-e-lacrados/up/MLBU756862979#polycard_client=search-nordic&search_layout=grid&position=56&type=product&tracking_id=f0a2e483-4c16-4f1e-b25b-930b5118487a&wid=MLB3208193567&sid=search
2025-09-26 02:22:37,790 - INFO -   [PREÇO] Encontrado (poly-card fallback): 'R$ 298,50'
2025-09-26 02:22:37,792 - INFO -   [MARCA] Não encontrada (general/poly).
2025-09-26 02:22:37,793 - INFO -   [IMAGEM] Extração de imagens desabilitada pelo usuário.
2025-09-26 02:22:37,795 - INFO -   [VENDEDOR] Encontrado (poly-card fallback): 'Park Ecom'
2025-09-26 02:22:37,797 - INFO -   [MÉDIA AVALIAÇÕES] Encontrada (poly-card fallback): '4.0'
2025-09-26 02:22:37,797 - INFO -   [TOTAL AVALIAÇÕES] Encontrado (poly-card fallback): '29'
2025-09-26 02:22:37,798 - INFO -   [ENTREGA] Texto encontrado (poly-card fallback): 'Frete grátis'
2025-09-26 02:22:37,800 - INFO - Produto processado: Cartuchos Hp 664xl Preto E Colorido Originais Hp E Lacrados
2025-09-26 02:22:37,800 - DEBUG - Scraped from <200 https://lista.mercadolivre.com.br/cartucho-hp-664_Desde_102_NoIndex_True?sb=all_mercadolibre>
{'TITULO PRODUTO': 'Kit 2 Cartuchos Hp 664 Color Original 1115 2136 2676 3636', 'LINK': 'https://www.mercadolivre.com.br/kit-2-cartuchos-hp-664-color-original-1115-2136-2676-3636/up/MLBU1466949096#polycard_client=search-nordic&search_layout=grid&position=55&type=product&tracking_id=f0a2e483-4c16-4f1e-b25b-930b5118487a&wid=MLB3832339680&sid=search', 'ID_PRODUTO': 'N/A', 'PREÇO': 'R$ 179,99', 'PREÇO ANTERIOR': 'N/A', 'MARCA': 'N/A', 'IMAGEM': 'N/A (imagens desabilitadas)', 'VENDEDOR': 'N/A', 'MÉDIA AVALIAÇÕES': '4.8', 'TOTAL AVALIAÇÕES': '6', 'ENTREGA': 'Chegará grátis amanhã sábado', 'ENTREGA FULL': 'Não'}
2025-09-26 02:22:37,801 - INFO - Total de 54 itens processados e yieldados nesta página (https://lista.mercadolivre.com.br/cartucho-hp-664_Desde_102_NoIndex_True?sb=all_mercadolibre).
2025-09-26 02:22:37,801 - INFO - Próxima página gerada: https://lista.mercadolivre.com.br/cartucho-hp-664_Desde_153_NoIndex_True?sb=all_mercadolibre
2025-09-26 02:22:37,803 - DEBUG - Scraped from <200 https://lista.mercadolivre.com.br/cartucho-hp-664_Desde_102_NoIndex_True?sb=all_mercadolibre>
{'TITULO PRODUTO': 'Cartuchos Hp 664xl Preto E Colorido Originais Hp E Lacrados', 'LINK': 'https://www.mercadolivre.com.br/cartuchos-hp-664xl-preto-e-colorido-originais-hp-e-lacrados/up/MLBU756862979#polycard_client=search-nordic&search_layout=grid&position=56&type=product&tracking_id=f0a2e483-4c16-4f1e-b25b-930b5118487a&wid=MLB3208193567&sid=search', 'ID_PRODUTO': 'N/A', 'PREÇO': 'R$ 298,50', 'PREÇO ANTERIOR': 'N/A', 'MARCA': 'N/A', 'IMAGEM': 'N/A (imagens desabilitadas)', 'VENDEDOR': 'Park Ecom', 'MÉDIA AVALIAÇÕES': '4.0', 'TOTAL AVALIAÇÕES': '29', 'ENTREGA': 'Frete grátis', 'ENTREGA FULL': 'Não'}
2025-09-26 02:22:43,027 - DEBUG - Crawled (200) <GET https://lista.mercadolivre.com.br/cartucho-hp-664_Desde_153_NoIndex_True?sb=all_mercadolibre> (referer: https://lista.mercadolivre.com.br/cartucho-hp-664_Desde_102_NoIndex_True?sb=all_mercadolibre)
2025-09-26 02:22:43,130 - INFO - Processing URL: https://lista.mercadolivre.com.br/cartucho-hp-664_Desde_153_NoIndex_True?sb=all_mercadolibre (Page 4)
2025-09-26 02:22:43,210 - INFO - Encontrados 54 produtos com seletor: .ui-search-layout__item .andes-card.poly-card
2025-09-26 02:22:43,210 - INFO - Usando seletor bem-sucedido: .ui-search-layout__item .andes-card.poly-card
2025-09-26 02:22:43,212 - INFO - Processando 54 containers de produto encontrados em https://lista.mercadolivre.com.br/cartucho-hp-664_Desde_153_NoIndex_True?sb=all_mercadolibre
2025-09-26 02:22:43,212 - INFO - --- Pulando container 1 (item patrocinado 1/2) ---
2025-09-26 02:22:43,212 - INFO - --- Pulando container 2 (item patrocinado 2/2) ---
2025-09-26 02:22:43,212 - INFO - --- Processando container de produto 3/54 (total coletado: 157, pulados: 2) ---
2025-09-26 02:22:43,214 - INFO -   [TÍTULO] Encontrado: 'Cartucho Hp 664 Xl Color Original 2136 2676 3776 5076 5276'
2025-09-26 02:22:43,215 - INFO -   [LINK] Encontrado: 'https://click1.mercadolivre.com.br/mclics/clicks/external/MLB/count?a=0Y5L5ofpBwGRBIvb74rq6TmkQQUwF6QRxJLAHxxGhUC7l4pEHDfDOweRyiKk287AOb0uUrwgLSk7CbABS78M4bAGpxnvAilApRioAtRpxN%2BHNhbH5fAR06WQ7lPncrvo2l5eO3r1rD5AsusTYzVgOJsel1qB5ciyjpPo3C4PIeXtIwQaQ88dHHPWkWjDi%2BuJRxQ7Jgzj1NNvVvzjfOLIagKTKfrf1eUOPhO6DSiCi5osIwApIuNJS78A3mUB%2Fy4crd9%2BwHgL5UlB6WUbgp6dPcRc0fxsyvSysYCoqaqp2W2efrVPJq6zJVprVEGsVHsP3Jyv%2BEHQtLrrsS2NrRLqwTpfICxlDPBCjozIf6T5PApb62GoouTjmL2HT8Mof4qjz1P09P2JbN9A%2FRZbiyduGj5ieNNdGsSe2M5ZmShGdROt8gfQZKwXMk2P1sJAuYbLQ%2BQzVgk8UGXpds5cLVtWYlIcVzKi4AxYtDPQxtgKNivIhQo3xtZIAVN9BFGYVsGSYhG4bE8QDnQYS0wo3hQsxNsn%2FrTC6tMGqJRPRzFBTuIco5Yu3zbc8vjsb9SWP8IucWz4WmIugLsm4H%2FngwC36XDnlrV72a04CNSSxq2ds5gMGG82GdmqxQx4vGzlGwjse68wxCDXKPJs8OiGR%2BepFGgPbtS5blhFr5aoMx%2FwyKikkogSO4yCqfOklsnd47Jy4BR66lv90RzvdE37FIpF6k4%2Bfg7j8kXQITz5HykbsaW9bkzomIKKM%2FjGnZKoVaCuYCiU0XUc3idIjZTZCT4OlNP2g7FjKfE7tmA4UkS1Vi8wobac8VzywsSprpPbuQkS%2B3XvCsXvMiftzccGSp7F5yzrqfMiZtjdYslierpx4N2l15urHKJUPuqLNoJIggl64MPttTf6c1C3dcHEZcm4SErnuzgD16oO2ussupV%2Bg5uO2DP3pPgMJ4smI5ER7Y%2BlPCqzSgYGJQePuUSr#polycard_client=search-nordic&is_advertising=true&searchVariation=MLBU2740458171&backend_model=search-backend&search_layout=grid&position=3&type=pad&tracking_id=41905e96-a3cb-4e57-b824-4b5229820d7f&wid=MLB3905820037&sid=search'
2025-09-26 02:22:43,215 - WARNING -   [ID PRODUTO] Não encontrado no link: https://click1.mercadolivre.com.br/mclics/clicks/external/MLB/count?a=0Y5L5ofpBwGRBIvb74rq6TmkQQUwF6QRxJLAHxxGhUC7l4pEHDfDOweRyiKk287AOb0uUrwgLSk7CbABS78M4bAGpxnvAilApRioAtRpxN%2BHNhbH5fAR06WQ7lPncrvo2l5eO3r1rD5AsusTYzVgOJsel1qB5ciyjpPo3C4PIeXtIwQaQ88dHHPWkWjDi%2BuJRxQ7Jgzj1NNvVvzjfOLIagKTKfrf1eUOPhO6DSiCi5osIwApIuNJS78A3mUB%2Fy4crd9%2BwHgL5UlB6WUbgp6dPcRc0fxsyvSysYCoqaqp2W2efrVPJq6zJVprVEGsVHsP3Jyv%2BEHQtLrrsS2NrRLqwTpfICxlDPBCjozIf6T5PApb62GoouTjmL2HT8Mof4qjz1P09P2JbN9A%2FRZbiyduGj5ieNNdGsSe2M5ZmShGdROt8gfQZKwXMk2P1sJAuYbLQ%2BQzVgk8UGXpds5cLVtWYlIcVzKi4AxYtDPQxtgKNivIhQo3xtZIAVN9BFGYVsGSYhG4bE8QDnQYS0wo3hQsxNsn%2FrTC6tMGqJRPRzFBTuIco5Yu3zbc8vjsb9SWP8IucWz4WmIugLsm4H%2FngwC36XDnlrV72a04CNSSxq2ds5gMGG82GdmqxQx4vGzlGwjse68wxCDXKPJs8OiGR%2BepFGgPbtS5blhFr5aoMx%2FwyKikkogSO4yCqfOklsnd47Jy4BR66lv90RzvdE37FIpF6k4%2Bfg7j8kXQITz5HykbsaW9bkzomIKKM%2FjGnZKoVaCuYCiU0XUc3idIjZTZCT4OlNP2g7FjKfE7tmA4UkS1Vi8wobac8VzywsSprpPbuQkS%2B3XvCsXvMiftzccGSp7F5yzrqfMiZtjdYslierpx4N2l15urHKJUPuqLNoJIggl64MPttTf6c1C3dcHEZcm4SErnuzgD16oO2ussupV%2Bg5uO2DP3pPgMJ4smI5ER7Y%2BlPCqzSgYGJQePuUSr#polycard_client=search-nordic&is_advertising=true&searchVariation=MLBU2740458171&backend_model=search-backend&search_layout=grid&position=3&type=pad&tracking_id=41905e96-a3cb-4e57-b824-4b5229820d7f&wid=MLB3905820037&sid=search
2025-09-26 02:22:43,217 - INFO -   [PREÇO] Encontrado (poly-card fallback): 'R$ 103,02'
2025-09-26 02:22:43,218 - INFO -   [PREÇO ANTERIOR] Encontrado (poly-card fallback): 'R$ 112'
2025-09-26 02:22:43,219 - INFO -   [MARCA] Não encontrada (general/poly).
2025-09-26 02:22:43,219 - INFO -   [IMAGEM] Extração de imagens desabilitada pelo usuário.
2025-09-26 02:22:43,220 - INFO -   [VENDEDOR] Não encontrado para o container 3.
2025-09-26 02:22:43,222 - INFO -   [MÉDIA AVALIAÇÕES] Encontrada (poly-card fallback): '4.5'
2025-09-26 02:22:43,223 - INFO -   [TOTAL AVALIAÇÕES] Encontrado (poly-card fallback): '47'
2025-09-26 02:22:43,226 - INFO -   [ENTREGA] Texto encontrado (poly-card fallback): 'Frete grátis'
2025-09-26 02:22:43,227 - INFO - Produto processado: Cartucho Hp 664 Xl Color Original 2136 2676 3776 5076 5276
2025-09-26 02:22:43,228 - INFO - --- Processando container de produto 4/54 (total coletado: 158, pulados: 2) ---
2025-09-26 02:22:43,230 - INFO -   [TÍTULO] Encontrado: 'Cartucho Hp 664 Xl Color Original 2136 2676 3776 5076 5276'
2025-09-26 02:22:43,230 - INFO -   [LINK] Encontrado: 'https://www.mercadolivre.com.br/cartucho-hp-664-xl-color-original-2136-2676-3776-5076-5276/up/MLBU1406639393#polycard_client=search-nordic&search_layout=grid&position=4&type=product&tracking_id=41905e96-a3cb-4e57-b824-4b5229820d7f&wid=MLB1811659006&sid=search'
2025-09-26 02:22:43,231 - WARNING -   [ID PRODUTO] Não encontrado no link: https://www.mercadolivre.com.br/cartucho-hp-664-xl-color-original-2136-2676-3776-5076-5276/up/MLBU1406639393#polycard_client=search-nordic&search_layout=grid&position=4&type=product&tracking_id=41905e96-a3cb-4e57-b824-4b5229820d7f&wid=MLB1811659006&sid=search
2025-09-26 02:22:43,234 - INFO -   [PREÇO] Encontrado (poly-card fallback): 'R$ 139,99'
2025-09-26 02:22:43,235 - INFO -   [MARCA] Não encontrada (general/poly).
2025-09-26 02:22:43,235 - INFO -   [IMAGEM] Extração de imagens desabilitada pelo usuário.
2025-09-26 02:22:43,236 - INFO -   [VENDEDOR] Não encontrado para o container 4.
2025-09-26 02:22:43,237 - INFO -   [MÉDIA AVALIAÇÕES] Encontrada (poly-card fallback): '4.5'
2025-09-26 02:22:43,238 - INFO -   [TOTAL AVALIAÇÕES] Encontrado (poly-card fallback): '2'
2025-09-26 02:22:43,240 - INFO -   [ENTREGA] Texto encontrado (general alt): 'Chegará grátis amanhã sábado'
2025-09-26 02:22:43,242 - INFO - Produto processado: Cartucho Hp 664 Xl Color Original 2136 2676 3776 5076 5276
2025-09-26 02:22:43,243 - DEBUG - Scraped from <200 https://lista.mercadolivre.com.br/cartucho-hp-664_Desde_153_NoIndex_True?sb=all_mercadolibre>
{'TITULO PRODUTO': 'Cartucho Hp 664 Xl Color Original 2136 2676 3776 5076 5276', 'LINK': 'https://click1.mercadolivre.com.br/mclics/clicks/external/MLB/count?a=0Y5L5ofpBwGRBIvb74rq6TmkQQUwF6QRxJLAHxxGhUC7l4pEHDfDOweRyiKk287AOb0uUrwgLSk7CbABS78M4bAGpxnvAilApRioAtRpxN%2BHNhbH5fAR06WQ7lPncrvo2l5eO3r1rD5AsusTYzVgOJsel1qB5ciyjpPo3C4PIeXtIwQaQ88dHHPWkWjDi%2BuJRxQ7Jgzj1NNvVvzjfOLIagKTKfrf1eUOPhO6DSiCi5osIwApIuNJS78A3mUB%2Fy4crd9%2BwHgL5UlB6WUbgp6dPcRc0fxsyvSysYCoqaqp2W2efrVPJq6zJVprVEGsVHsP3Jyv%2BEHQtLrrsS2NrRLqwTpfICxlDPBCjozIf6T5PApb62GoouTjmL2HT8Mof4qjz1P09P2JbN9A%2FRZbiyduGj5ieNNdGsSe2M5ZmShGdROt8gfQZKwXMk2P1sJAuYbLQ%2BQzVgk8UGXpds5cLVtWYlIcVzKi4AxYtDPQxtgKNivIhQo3xtZIAVN9BFGYVsGSYhG4bE8QDnQYS0wo3hQsxNsn%2FrTC6tMGqJRPRzFBTuIco5Yu3zbc8vjsb9SWP8IucWz4WmIugLsm4H%2FngwC36XDnlrV72a04CNSSxq2ds5gMGG82GdmqxQx4vGzlGwjse68wxCDXKPJs8OiGR%2BepFGgPbtS5blhFr5aoMx%2FwyKikkogSO4yCqfOklsnd47Jy4BR66lv90RzvdE37FIpF6k4%2Bfg7j8kXQITz5HykbsaW9bkzomIKKM%2FjGnZKoVaCuYCiU0XUc3idIjZTZCT4OlNP2g7FjKfE7tmA4UkS1Vi8wobac8VzywsSprpPbuQkS%2B3XvCsXvMiftzccGSp7F5yzrqfMiZtjdYslierpx4N2l15urHKJUPuqLNoJIggl64MPttTf6c1C3dcHEZcm4SErnuzgD16oO2ussupV%2Bg5uO2DP3pPgMJ4smI5ER7Y%2BlPCqzSgYGJQePuUSr#polycard_client=search-nordic&is_advertising=true&searchVariation=MLBU2740458171&backend_model=search-backend&search_layout=grid&position=3&type=pad&tracking_id=41905e96-a3cb-4e57-b824-4b5229820d7f&wid=MLB3905820037&sid=search', 'ID_PRODUTO': 'N/A', 'PREÇO': 'R$ 103,02', 'PREÇO ANTERIOR': 'R$ 112', 'MARCA': 'N/A', 'IMAGEM': 'N/A (imagens desabilitadas)', 'VENDEDOR': 'N/A', 'MÉDIA AVALIAÇÕES': '4.5', 'TOTAL AVALIAÇÕES': '47', 'ENTREGA': 'Frete grátis', 'ENTREGA FULL': 'Não'}
2025-09-26 02:22:43,244 - INFO - --- Processando container de produto 5/54 (total coletado: 159, pulados: 2) ---
2025-09-26 02:22:43,246 - INFO -   [TÍTULO] Encontrado: 'Kit Tinta Original Hp 664 Preto Impressora 2676 2136 1115'
2025-09-26 02:22:43,247 - INFO -   [LINK] Encontrado: 'https://www.mercadolivre.com.br/kit-de-cartuchos-hp-664-f6v28ab-f6v29ab-preto-colorido/p/MLB2039723918#polycard_client=search-nordic&search_layout=grid&position=5&type=product&tracking_id=41905e96-a3cb-4e57-b824-4b5229820d7f&wid=MLB2788485151&sid=search'
2025-09-26 02:22:43,248 - INFO -   [ID PRODUTO] Encontrado: 'MLB2039723918'
2025-09-26 02:22:43,250 - INFO -   [PREÇO] Encontrado (poly-card fallback): 'R$ 179,74'
2025-09-26 02:22:43,252 - INFO -   [MARCA] Não encontrada (general/poly).
2025-09-26 02:22:43,253 - INFO -   [IMAGEM] Extração de imagens desabilitada pelo usuário.
2025-09-26 02:22:43,254 - INFO -   [VENDEDOR] Não encontrado para o container 5.
2025-09-26 02:22:43,257 - INFO -   [MÉDIA AVALIAÇÕES] Encontrada (poly-card fallback): '4.8'
2025-09-26 02:22:43,258 - INFO -   [TOTAL AVALIAÇÕES] Encontrado (poly-card fallback): '36'
2025-09-26 02:22:43,261 - INFO -   [ENTREGA] Texto encontrado (poly-card fallback): 'Frete grátis'
2025-09-26 02:22:43,262 - INFO - Produto processado: Kit Tinta Original Hp 664 Preto Impressora 2676 2136 1115
2025-09-26 02:22:43,263 - DEBUG - Scraped from <200 https://lista.mercadolivre.com.br/cartucho-hp-664_Desde_153_NoIndex_True?sb=all_mercadolibre>
{'TITULO PRODUTO': 'Cartucho Hp 664 Xl Color Original 2136 2676 3776 5076 5276', 'LINK': 'https://www.mercadolivre.com.br/cartucho-hp-664-xl-color-original-2136-2676-3776-5076-5276/up/MLBU1406639393#polycard_client=search-nordic&search_layout=grid&position=4&type=product&tracking_id=41905e96-a3cb-4e57-b824-4b5229820d7f&wid=MLB1811659006&sid=search', 'ID_PRODUTO': 'N/A', 'PREÇO': 'R$ 139,99', 'PREÇO ANTERIOR': 'N/A', 'MARCA': 'N/A', 'IMAGEM': 'N/A (imagens desabilitadas)', 'VENDEDOR': 'N/A', 'MÉDIA AVALIAÇÕES': '4.5', 'TOTAL AVALIAÇÕES': '2', 'ENTREGA': 'Chegará grátis amanhã sábado', 'ENTREGA FULL': 'Não'}
2025-09-26 02:22:43,264 - INFO - --- Processando container de produto 6/54 (total coletado: 160, pulados: 2) ---
2025-09-26 02:22:43,266 - INFO -   [TÍTULO] Encontrado: 'Kit Cartucho Original 664 Preto E Tricolor'
2025-09-26 02:22:43,266 - INFO -   [LINK] Encontrado: 'https://produto.mercadolivre.com.br/MLB-3449460747-kit-cartucho-original-664-preto-e-tricolor-_JM#polycard_client=search-nordic&search_layout=grid&position=6&type=item&tracking_id=41905e96-a3cb-4e57-b824-4b5229820d7f&wid=MLB3449460747&sid=search'
2025-09-26 02:22:43,267 - WARNING -   [ID PRODUTO] Não encontrado no link: https://produto.mercadolivre.com.br/MLB-3449460747-kit-cartucho-original-664-preto-e-tricolor-_JM#polycard_client=search-nordic&search_layout=grid&position=6&type=item&tracking_id=41905e96-a3cb-4e57-b824-4b5229820d7f&wid=MLB3449460747&sid=search
2025-09-26 02:22:43,269 - INFO -   [PREÇO] Encontrado (poly-card fallback): 'R$ 220'
2025-09-26 02:22:43,271 - INFO -   [MARCA] Não encontrada (general/poly).
2025-09-26 02:22:43,272 - INFO -   [IMAGEM] Extração de imagens desabilitada pelo usuário.
2025-09-26 02:22:43,273 - INFO -   [VENDEDOR] Não encontrado para o container 6.
2025-09-26 02:22:43,275 - INFO -   [MÉDIA AVALIAÇÕES] Encontrada (poly-card fallback): '4.6'
2025-09-26 02:22:43,276 - INFO -   [TOTAL AVALIAÇÕES] Encontrado (poly-card fallback): '7'
2025-09-26 02:22:43,277 - INFO -   [ENTREGA] Texto encontrado (general alt): 'Chegará grátis amanhã sábado'
2025-09-26 02:22:43,277 - INFO - Produto processado: Kit Cartucho Original 664 Preto E Tricolor
2025-09-26 02:22:43,278 - DEBUG - Scraped from <200 https://lista.mercadolivre.com.br/cartucho-hp-664_Desde_153_NoIndex_True?sb=all_mercadolibre>
{'TITULO PRODUTO': 'Kit Tinta Original Hp 664 Preto Impressora 2676 2136 1115', 'LINK': 'https://www.mercadolivre.com.br/kit-de-cartuchos-hp-664-f6v28ab-f6v29ab-preto-colorido/p/MLB2039723918#polycard_client=search-nordic&search_layout=grid&position=5&type=product&tracking_id=41905e96-a3cb-4e57-b824-4b5229820d7f&wid=MLB2788485151&sid=search', 'ID_PRODUTO': 'MLB2039723918', 'PREÇO': 'R$ 179,74', 'PREÇO ANTERIOR': 'N/A', 'MARCA': 'N/A', 'IMAGEM': 'N/A (imagens desabilitadas)', 'VENDEDOR': 'N/A', 'MÉDIA AVALIAÇÕES': '4.8', 'TOTAL AVALIAÇÕES': '36', 'ENTREGA': 'Frete grátis', 'ENTREGA FULL': 'Não'}
2025-09-26 02:22:43,279 - INFO - --- Processando container de produto 7/54 (total coletado: 161, pulados: 2) ---
2025-09-26 02:22:43,282 - INFO -   [TÍTULO] Encontrado: 'Cartucho Hp 664 Preto(f6v29ab) Para Deskjet 4535, 4675, 1115, 2135, 3775'
2025-09-26 02:22:43,282 - INFO -   [LINK] Encontrado: 'https://produto.mercadolivre.com.br/MLB-3782712605-cartucho-hp-664-pretof6v29ab-para-deskjet-4535-4675-1115-2135-3775-_JM#polycard_client=search-nordic&search_layout=grid&position=7&type=item&tracking_id=41905e96-a3cb-4e57-b824-4b5229820d7f&wid=MLB3782712605&sid=search'
2025-09-26 02:22:43,283 - WARNING -   [ID PRODUTO] Não encontrado no link: https://produto.mercadolivre.com.br/MLB-3782712605-cartucho-hp-664-pretof6v29ab-para-deskjet-4535-4675-1115-2135-3775-_JM#polycard_client=search-nordic&search_layout=grid&position=7&type=item&tracking_id=41905e96-a3cb-4e57-b824-4b5229820d7f&wid=MLB3782712605&sid=search
2025-09-26 02:22:43,285 - INFO -   [PREÇO] Encontrado (poly-card fallback): 'R$ 78,90'
2025-09-26 02:22:43,287 - INFO -   [MARCA] Não encontrada (general/poly).
2025-09-26 02:22:43,287 - INFO -   [IMAGEM] Extração de imagens desabilitada pelo usuário.
2025-09-26 02:22:43,289 - INFO -   [VENDEDOR] Não encontrado para o container 7.
2025-09-26 02:22:43,291 - INFO -   [MÉDIA AVALIAÇÕES] Encontrada (poly-card fallback): '5.0'
2025-09-26 02:22:43,292 - INFO -   [TOTAL AVALIAÇÕES] Encontrado (poly-card fallback): '1'
2025-09-26 02:22:43,293 - INFO -   [ENTREGA] Texto encontrado (poly-card fallback): 'Frete grátis'
2025-09-26 02:22:43,293 - INFO - Produto processado: Cartucho Hp 664 Preto(f6v29ab) Para Deskjet 4535, 4675, 1115, 2135, 3775
2025-09-26 02:22:43,294 - DEBUG - Scraped from <200 https://lista.mercadolivre.com.br/cartucho-hp-664_Desde_153_NoIndex_True?sb=all_mercadolibre>
{'TITULO PRODUTO': 'Kit Cartucho Original 664 Preto E Tricolor', 'LINK': 'https://produto.mercadolivre.com.br/MLB-3449460747-kit-cartucho-original-664-preto-e-tricolor-_JM#polycard_client=search-nordic&search_layout=grid&position=6&type=item&tracking_id=41905e96-a3cb-4e57-b824-4b5229820d7f&wid=MLB3449460747&sid=search', 'ID_PRODUTO': 'N/A', 'PREÇO': 'R$ 220', 'PREÇO ANTERIOR': 'N/A', 'MARCA': 'N/A', 'IMAGEM': 'N/A (imagens desabilitadas)', 'VENDEDOR': 'N/A', 'MÉDIA AVALIAÇÕES': '4.6', 'TOTAL AVALIAÇÕES': '7', 'ENTREGA': 'Chegará grátis amanhã sábado', 'ENTREGA FULL': 'Não'}
2025-09-26 02:22:43,295 - INFO - --- Processando container de produto 8/54 (total coletado: 162, pulados: 2) ---
2025-09-26 02:22:43,296 - INFO -   [TÍTULO] Encontrado: 'Cartucho Hp Original (664xl)f6v31ab Preto Rend.480pgs'
2025-09-26 02:22:43,297 - INFO -   [LINK] Encontrado: 'https://www.mercadolivre.com.br/cartucho-hp-original-664xlf6v31ab-preto-rend480pgs/up/MLBU755076190#polycard_client=search-nordic&search_layout=grid&position=8&type=product&tracking_id=41905e96-a3cb-4e57-b824-4b5229820d7f&wid=MLB2770834528&sid=search'
2025-09-26 02:22:43,297 - WARNING -   [ID PRODUTO] Não encontrado no link: https://www.mercadolivre.com.br/cartucho-hp-original-664xlf6v31ab-preto-rend480pgs/up/MLBU755076190#polycard_client=search-nordic&search_layout=grid&position=8&type=product&tracking_id=41905e96-a3cb-4e57-b824-4b5229820d7f&wid=MLB2770834528&sid=search
2025-09-26 02:22:43,298 - INFO -   [PREÇO] Encontrado (poly-card fallback): 'R$ 185'
2025-09-26 02:22:43,300 - INFO -   [MARCA] Não encontrada (general/poly).
2025-09-26 02:22:43,301 - INFO -   [IMAGEM] Extração de imagens desabilitada pelo usuário.
2025-09-26 02:22:43,302 - INFO -   [VENDEDOR] Encontrado (poly-card fallback): 'Lepok'
2025-09-26 02:22:43,303 - INFO -   [ENTREGA] Texto encontrado (poly-card fallback): 'Frete grátis'
2025-09-26 02:22:43,304 - INFO - Produto processado: Cartucho Hp Original (664xl)f6v31ab Preto Rend.480pgs
2025-09-26 02:22:43,304 - INFO - --- Processando container de produto 9/54 (total coletado: 163, pulados: 2) ---
2025-09-26 02:22:43,308 - INFO -   [TÍTULO] Encontrado: 'Kit 2 Cartuchos Preto Hp 664 Xl Original 2136 2676 3776 5076'
2025-09-26 02:22:43,308 - INFO -   [LINK] Encontrado: 'https://www.mercadolivre.com.br/kit-2-cartuchos-preto-hp-664-xl-original-2136-2676-3776-5076/up/MLBU1464289370#polycard_client=search-nordic&search_layout=grid&position=9&type=product&tracking_id=41905e96-a3cb-4e57-b824-4b5229820d7f&wid=MLB3800828438&sid=search'
2025-09-26 02:22:43,308 - WARNING -   [ID PRODUTO] Não encontrado no link: https://www.mercadolivre.com.br/kit-2-cartuchos-preto-hp-664-xl-original-2136-2676-3776-5076/up/MLBU1464289370#polycard_client=search-nordic&search_layout=grid&position=9&type=product&tracking_id=41905e96-a3cb-4e57-b824-4b5229820d7f&wid=MLB3800828438&sid=search
2025-09-26 02:22:43,310 - INFO -   [PREÇO] Encontrado (poly-card fallback): 'R$ 399,99'
2025-09-26 02:22:43,312 - INFO -   [MARCA] Não encontrada (general/poly).
2025-09-26 02:22:43,312 - INFO -   [IMAGEM] Extração de imagens desabilitada pelo usuário.
2025-09-26 02:22:43,314 - INFO -   [VENDEDOR] Não encontrado para o container 9.
2025-09-26 02:22:43,314 - INFO -   [MÉDIA AVALIAÇÕES] Encontrada (poly-card fallback): '5.0'
2025-09-26 02:22:43,314 - INFO -   [TOTAL AVALIAÇÕES] Encontrado (poly-card fallback): '1'
2025-09-26 02:22:43,317 - INFO -   [ENTREGA] Texto encontrado (general alt): 'Chegará grátis amanhã sábado'
2025-09-26 02:22:43,318 - INFO - Produto processado: Kit 2 Cartuchos Preto Hp 664 Xl Original 2136 2676 3776 5076
2025-09-26 02:22:43,318 - DEBUG - Scraped from <200 https://lista.mercadolivre.com.br/cartucho-hp-664_Desde_153_NoIndex_True?sb=all_mercadolibre>
{'TITULO PRODUTO': 'Cartucho Hp 664 Preto(f6v29ab) Para Deskjet 4535, 4675, 1115, 2135, 3775', 'LINK': 'https://produto.mercadolivre.com.br/MLB-3782712605-cartucho-hp-664-pretof6v29ab-para-deskjet-4535-4675-1115-2135-3775-_JM#polycard_client=search-nordic&search_layout=grid&position=7&type=item&tracking_id=41905e96-a3cb-4e57-b824-4b5229820d7f&wid=MLB3782712605&sid=search', 'ID_PRODUTO': 'N/A', 'PREÇO': 'R$ 78,90', 'PREÇO ANTERIOR': 'N/A', 'MARCA': 'N/A', 'IMAGEM': 'N/A (imagens desabilitadas)', 'VENDEDOR': 'N/A', 'MÉDIA AVALIAÇÕES': '5.0', 'TOTAL AVALIAÇÕES': '1', 'ENTREGA': 'Frete grátis', 'ENTREGA FULL': 'Não'}
2025-09-26 02:22:43,319 - INFO - --- Processando container de produto 10/54 (total coletado: 164, pulados: 2) ---
2025-09-26 02:22:43,320 - INFO -   [TÍTULO] Encontrado: 'Cartucho Hp 664 Xl Preto Original 2136 2676 3776 5076 5276'
2025-09-26 02:22:43,321 - INFO -   [LINK] Encontrado: 'https://click1.mercadolivre.com.br/mclics/clicks/external/MLB/count?a=96u9JtABCn71eQyTLJNM6p7BdwQKXncDIVtJY1Fg8mFPSiti7FC%2FSGJab0yljjxqowwd7hcFJGiUy7XbjvHi4Fu%2ByXc3ZMzX3rnr1Bb6V9%2BpernFDn87EBmkmqAAUIqTzasylX3kC1rX8jNmgxRlQ8PRD27uwA2RxoonvDqR7pqKtM9VpP0UqOXvqkRR%2FpFOweIr2jrtmUDIqMpx%2FfipK7uG%2Bq464T8l5an7BvVbRUNBKJ1%2FMbgIzqJiTSuekpBkVIyUlNVfh%2Fu01iSK7XwYGa0iZX3LmPy5T7Aw20%2BeHxOZRRSIu5gNQLfl7K%2BY5984h7B95WzWHIFGh%2FB8OVbIZxOVOaxcr7eiVTTGEPFo62XpwlZECHDzEl4zXBwi2M7DwnaKoNRsg5bYJsphU%2FfkiYhu2EBU%2Fq%2BfuSBJ7PbjD0pYDmpidExCbHOhJQKac4t1UcQL1cQ1vKGNC3Z1PqcdBWT0wvIjoO7KJwX14cVYQuweSznBfUWk9v6plvHYiEXRhAw2Yn02kW6sstdGFnGRImwdSrfR3vwWblG%2F%2FFoCOZdHlyBlZZIN4HVFW8VvK1J1S4c8ibvDITNmyp2qhC05YJvOk4%2Fe3bA%2BUs8ry3WXcONkaUYjNurIV5xmrWuRg5gBw6m7WyZFYl9cNCdqkL%2Byj%2FY4pCGskSGvbBDI8M25qr6wUo8qhWf6d6JH4FQYkD78tU%2FuDlLMCrkrbofFCeZYOV4UQe9QgxpE00kVg6UWMrc1mTsenag2DnF%2B0z3QWuSkEwHjg8umrB3sqHcWrGpeo7ykEmcTRAqBRYiUgRQ2OHZwfPwFlO90qeZLw5BHAPkgpyLbsUONYMVDPcPYsiCkbwQNuo4meUBOFVJFx9vDzqWZKEY2i%2Bri4SJiajQktHqn6t8yrNLPKeErzpXKVLXDorq7i%2B6dWclRkV6CiGz8tgHjfNKfwcatAXmPGl8B8BwyNM9xKKTQP0t%2FdyhrPg%3D%3D#polycard_client=search-nordic&is_advertising=true&searchVariation=MLBU1404143853&backend_model=search-backend&search_layout=grid&position=10&type=pad&tracking_id=41905e96-a3cb-4e57-b824-4b5229820d7f&wid=MLB1625643846&sid=search'
2025-09-26 02:22:43,322 - WARNING -   [ID PRODUTO] Não encontrado no link: https://click1.mercadolivre.com.br/mclics/clicks/external/MLB/count?a=96u9JtABCn71eQyTLJNM6p7BdwQKXncDIVtJY1Fg8mFPSiti7FC%2FSGJab0yljjxqowwd7hcFJGiUy7XbjvHi4Fu%2ByXc3ZMzX3rnr1Bb6V9%2BpernFDn87EBmkmqAAUIqTzasylX3kC1rX8jNmgxRlQ8PRD27uwA2RxoonvDqR7pqKtM9VpP0UqOXvqkRR%2FpFOweIr2jrtmUDIqMpx%2FfipK7uG%2Bq464T8l5an7BvVbRUNBKJ1%2FMbgIzqJiTSuekpBkVIyUlNVfh%2Fu01iSK7XwYGa0iZX3LmPy5T7Aw20%2BeHxOZRRSIu5gNQLfl7K%2BY5984h7B95WzWHIFGh%2FB8OVbIZxOVOaxcr7eiVTTGEPFo62XpwlZECHDzEl4zXBwi2M7DwnaKoNRsg5bYJsphU%2FfkiYhu2EBU%2Fq%2BfuSBJ7PbjD0pYDmpidExCbHOhJQKac4t1UcQL1cQ1vKGNC3Z1PqcdBWT0wvIjoO7KJwX14cVYQuweSznBfUWk9v6plvHYiEXRhAw2Yn02kW6sstdGFnGRImwdSrfR3vwWblG%2F%2FFoCOZdHlyBlZZIN4HVFW8VvK1J1S4c8ibvDITNmyp2qhC05YJvOk4%2Fe3bA%2BUs8ry3WXcONkaUYjNurIV5xmrWuRg5gBw6m7WyZFYl9cNCdqkL%2Byj%2FY4pCGskSGvbBDI8M25qr6wUo8qhWf6d6JH4FQYkD78tU%2FuDlLMCrkrbofFCeZYOV4UQe9QgxpE00kVg6UWMrc1mTsenag2DnF%2B0z3QWuSkEwHjg8umrB3sqHcWrGpeo7ykEmcTRAqBRYiUgRQ2OHZwfPwFlO90qeZLw5BHAPkgpyLbsUONYMVDPcPYsiCkbwQNuo4meUBOFVJFx9vDzqWZKEY2i%2Bri4SJiajQktHqn6t8yrNLPKeErzpXKVLXDorq7i%2B6dWclRkV6CiGz8tgHjfNKfwcatAXmPGl8B8BwyNM9xKKTQP0t%2FdyhrPg%3D%3D#polycard_client=search-nordic&is_advertising=true&searchVariation=MLBU1404143853&backend_model=search-backend&search_layout=grid&position=10&type=pad&tracking_id=41905e96-a3cb-4e57-b824-4b5229820d7f&wid=MLB1625643846&sid=search
2025-09-26 02:22:43,325 - INFO -   [PREÇO] Encontrado (poly-card fallback): 'R$ 235'
2025-09-26 02:22:43,327 - INFO -   [MARCA] Não encontrada (general/poly).
2025-09-26 02:22:43,328 - INFO -   [IMAGEM] Extração de imagens desabilitada pelo usuário.
2025-09-26 02:22:43,329 - INFO -   [VENDEDOR] Não encontrado para o container 10.
2025-09-26 02:22:43,330 - INFO -   [MÉDIA AVALIAÇÕES] Encontrada (poly-card fallback): '5.0'
2025-09-26 02:22:43,331 - INFO -   [TOTAL AVALIAÇÕES] Encontrado (poly-card fallback): '5'
2025-09-26 02:22:43,332 - INFO -   [ENTREGA] Texto encontrado (general alt): 'Chegará grátis hoje'
2025-09-26 02:22:43,332 - INFO -   [ENTREGA FULL] Indicador FULL encontrado (poly-card fallback SVG).
2025-09-26 02:22:43,333 - INFO - Produto processado: Cartucho Hp 664 Xl Preto Original 2136 2676 3776 5076 5276
2025-09-26 02:22:43,335 - DEBUG - Scraped from <200 https://lista.mercadolivre.com.br/cartucho-hp-664_Desde_153_NoIndex_True?sb=all_mercadolibre>
{'TITULO PRODUTO': 'Cartucho Hp Original (664xl)f6v31ab Preto Rend.480pgs', 'LINK': 'https://www.mercadolivre.com.br/cartucho-hp-original-664xlf6v31ab-preto-rend480pgs/up/MLBU755076190#polycard_client=search-nordic&search_layout=grid&position=8&type=product&tracking_id=41905e96-a3cb-4e57-b824-4b5229820d7f&wid=MLB2770834528&sid=search', 'ID_PRODUTO': 'N/A', 'PREÇO': 'R$ 185', 'PREÇO ANTERIOR': 'N/A', 'MARCA': 'N/A', 'IMAGEM': 'N/A (imagens desabilitadas)', 'VENDEDOR': 'Lepok', 'MÉDIA AVALIAÇÕES': 'N/A', 'TOTAL AVALIAÇÕES': 'N/A', 'ENTREGA': 'Frete grátis', 'ENTREGA FULL': 'Não'}
2025-09-26 02:22:43,335 - DEBUG - Scraped from <200 https://lista.mercadolivre.com.br/cartucho-hp-664_Desde_153_NoIndex_True?sb=all_mercadolibre>
{'TITULO PRODUTO': 'Kit 2 Cartuchos Preto Hp 664 Xl Original 2136 2676 3776 5076', 'LINK': 'https://www.mercadolivre.com.br/kit-2-cartuchos-preto-hp-664-xl-original-2136-2676-3776-5076/up/MLBU1464289370#polycard_client=search-nordic&search_layout=grid&position=9&type=product&tracking_id=41905e96-a3cb-4e57-b824-4b5229820d7f&wid=MLB3800828438&sid=search', 'ID_PRODUTO': 'N/A', 'PREÇO': 'R$ 399,99', 'PREÇO ANTERIOR': 'N/A', 'MARCA': 'N/A', 'IMAGEM': 'N/A (imagens desabilitadas)', 'VENDEDOR': 'N/A', 'MÉDIA AVALIAÇÕES': '5.0', 'TOTAL AVALIAÇÕES': '1', 'ENTREGA': 'Chegará grátis amanhã sábado', 'ENTREGA FULL': 'Não'}
2025-09-26 02:22:43,335 - INFO - --- Processando container de produto 11/54 (total coletado: 165, pulados: 2) ---
2025-09-26 02:22:43,337 - INFO -   [TÍTULO] Encontrado: 'Kit Cartucho Hp 664 Preto E Colorido 2135 2674 2676 Original'
2025-09-26 02:22:43,340 - INFO -   [LINK] Encontrado: 'https://click1.mercadolivre.com.br/mclics/clicks/external/MLB/count?a=WRG9XXWWcSGeajIPj8yb7DtQ3CBfi%2F61Wk87195go3N2ec8GxuxMTb4IZQo1WwOqq29LR8%2FkGHhFYNB%2FeqMCqcYJL4xL%2BLLj2tKONH3UORp%2F%2FuOg7hbvjYFPM18Y5n3T26Ie9rTp4d7SDvUyOgPJ%2FjvhjE2jV0dwN3ND1iX6dfxbiG8tiiwqGE%2BJC9uSM%2BVoiQcfx4oVcuA4wXHp4zUe060afCttIFOn2rh2hQNGqf1zTNBSB%2FSeGcoWlnJSXShuKBt6KxWl1ZgYqt4qftQopNS7tpDoZMCPE1DB%2BvoEeY0bpAen6eKLiG3bMzTZtLgrRhxsiqk%2B4po1%2F5tsd%2FtNTpqwBx6DyyJb6Bm%2F4aIKxDMgmWukIuhODLOtnVr%2F8PmifkpNXAj6%2BVmghrT7IsNxrwaRTofnPqbaVATuXxGdoQ1%2BD1vs2oolR6kGD%2BwEded3%2F9QMV8V5wj7pjW9EWn%2BZiZCOo1q4IFNv3Jwcn5zQMs2zbBW%2FKrA6h638PT5AGwdyEo0kdF4AUJUbBbCBF%2Bbt5o0%2BMcytaJdkn4AFRNLsouSwh%2FVdOK3A1bp2tgArB%2Bf3N48ZAYCZjbcsvU9ykVSld%2B%2F5XuIYXWKJC7rvoAhZICajfsTuIV%2F33q0wRfRBEoSSkqo%2FzpIQS9MVBPvUDn45nzify1VJ%2BUdUWCHFyCulHUzkrC0Ci8YhcxAZKCvc%2FTGCua1l8wPXdgDdiFMBP6VgiSGvn8obGnSRh0NNJwVizxqxmS1QKdSaN7V2gciGj6oahJFfh%2FWbJj%2BVXyyZA%2BO8uNqGocmCG2aL%2F083zGbDyRLE2AcZ%2BWjpasRPaf8%2FSSTAcgPzHy%2Bw66%2BWQIXzxDmhmHPg3c9L7D7E13518xtO#polycard_client=search-nordic&is_advertising=true&backend_model=search-backend&search_layout=grid&position=11&type=pad&tracking_id=41905e96-a3cb-4e57-b824-4b5229820d7f&wid=MLB3675840479&sid=search'
2025-09-26 02:22:43,340 - WARNING -   [ID PRODUTO] Não encontrado no link: https://click1.mercadolivre.com.br/mclics/clicks/external/MLB/count?a=WRG9XXWWcSGeajIPj8yb7DtQ3CBfi%2F61Wk87195go3N2ec8GxuxMTb4IZQo1WwOqq29LR8%2FkGHhFYNB%2FeqMCqcYJL4xL%2BLLj2tKONH3UORp%2F%2FuOg7hbvjYFPM18Y5n3T26Ie9rTp4d7SDvUyOgPJ%2FjvhjE2jV0dwN3ND1iX6dfxbiG8tiiwqGE%2BJC9uSM%2BVoiQcfx4oVcuA4wXHp4zUe060afCttIFOn2rh2hQNGqf1zTNBSB%2FSeGcoWlnJSXShuKBt6KxWl1ZgYqt4qftQopNS7tpDoZMCPE1DB%2BvoEeY0bpAen6eKLiG3bMzTZtLgrRhxsiqk%2B4po1%2F5tsd%2FtNTpqwBx6DyyJb6Bm%2F4aIKxDMgmWukIuhODLOtnVr%2F8PmifkpNXAj6%2BVmghrT7IsNxrwaRTofnPqbaVATuXxGdoQ1%2BD1vs2oolR6kGD%2BwEded3%2F9QMV8V5wj7pjW9EWn%2BZiZCOo1q4IFNv3Jwcn5zQMs2zbBW%2FKrA6h638PT5AGwdyEo0kdF4AUJUbBbCBF%2Bbt5o0%2BMcytaJdkn4AFRNLsouSwh%2FVdOK3A1bp2tgArB%2Bf3N48ZAYCZjbcsvU9ykVSld%2B%2F5XuIYXWKJC7rvoAhZICajfsTuIV%2F33q0wRfRBEoSSkqo%2FzpIQS9MVBPvUDn45nzify1VJ%2BUdUWCHFyCulHUzkrC0Ci8YhcxAZKCvc%2FTGCua1l8wPXdgDdiFMBP6VgiSGvn8obGnSRh0NNJwVizxqxmS1QKdSaN7V2gciGj6oahJFfh%2FWbJj%2BVXyyZA%2BO8uNqGocmCG2aL%2F083zGbDyRLE2AcZ%2BWjpasRPaf8%2FSSTAcgPzHy%2Bw66%2BWQIXzxDmhmHPg3c9L7D7E13518xtO#polycard_client=search-nordic&is_advertising=true&backend_model=search-backend&search_layout=grid&position=11&type=pad&tracking_id=41905e96-a3cb-4e57-b824-4b5229820d7f&wid=MLB3675840479&sid=search
2025-09-26 02:22:43,342 - INFO -   [PREÇO] Encontrado (poly-card fallback): 'R$ 141,90'
2025-09-26 02:22:43,343 - INFO -   [MARCA] Não encontrada (general/poly).
2025-09-26 02:22:43,344 - INFO -   [IMAGEM] Extração de imagens desabilitada pelo usuário.
2025-09-26 02:22:43,345 - INFO -   [VENDEDOR] Não encontrado para o container 11.
2025-09-26 02:22:43,346 - INFO -   [MÉDIA AVALIAÇÕES] Encontrada (poly-card fallback): '5.0'
2025-09-26 02:22:43,347 - INFO -   [TOTAL AVALIAÇÕES] Encontrado (poly-card fallback): '18'
2025-09-26 02:22:43,349 - INFO -   [ENTREGA] Texto encontrado (poly-card fallback): 'Frete grátis'
2025-09-26 02:22:43,350 - INFO - Produto processado: Kit Cartucho Hp 664 Preto E Colorido 2135 2674 2676 Original
2025-09-26 02:22:43,350 - DEBUG - Scraped from <200 https://lista.mercadolivre.com.br/cartucho-hp-664_Desde_153_NoIndex_True?sb=all_mercadolibre>
{'TITULO PRODUTO': 'Cartucho Hp 664 Xl Preto Original 2136 2676 3776 5076 5276', 'LINK': 'https://click1.mercadolivre.com.br/mclics/clicks/external/MLB/count?a=96u9JtABCn71eQyTLJNM6p7BdwQKXncDIVtJY1Fg8mFPSiti7FC%2FSGJab0yljjxqowwd7hcFJGiUy7XbjvHi4Fu%2ByXc3ZMzX3rnr1Bb6V9%2BpernFDn87EBmkmqAAUIqTzasylX3kC1rX8jNmgxRlQ8PRD27uwA2RxoonvDqR7pqKtM9VpP0UqOXvqkRR%2FpFOweIr2jrtmUDIqMpx%2FfipK7uG%2Bq464T8l5an7BvVbRUNBKJ1%2FMbgIzqJiTSuekpBkVIyUlNVfh%2Fu01iSK7XwYGa0iZX3LmPy5T7Aw20%2BeHxOZRRSIu5gNQLfl7K%2BY5984h7B95WzWHIFGh%2FB8OVbIZxOVOaxcr7eiVTTGEPFo62XpwlZECHDzEl4zXBwi2M7DwnaKoNRsg5bYJsphU%2FfkiYhu2EBU%2Fq%2BfuSBJ7PbjD0pYDmpidExCbHOhJQKac4t1UcQL1cQ1vKGNC3Z1PqcdBWT0wvIjoO7KJwX14cVYQuweSznBfUWk9v6plvHYiEXRhAw2Yn02kW6sstdGFnGRImwdSrfR3vwWblG%2F%2FFoCOZdHlyBlZZIN4HVFW8VvK1J1S4c8ibvDITNmyp2qhC05YJvOk4%2Fe3bA%2BUs8ry3WXcONkaUYjNurIV5xmrWuRg5gBw6m7WyZFYl9cNCdqkL%2Byj%2FY4pCGskSGvbBDI8M25qr6wUo8qhWf6d6JH4FQYkD78tU%2FuDlLMCrkrbofFCeZYOV4UQe9QgxpE00kVg6UWMrc1mTsenag2DnF%2B0z3QWuSkEwHjg8umrB3sqHcWrGpeo7ykEmcTRAqBRYiUgRQ2OHZwfPwFlO90qeZLw5BHAPkgpyLbsUONYMVDPcPYsiCkbwQNuo4meUBOFVJFx9vDzqWZKEY2i%2Bri4SJiajQktHqn6t8yrNLPKeErzpXKVLXDorq7i%2B6dWclRkV6CiGz8tgHjfNKfwcatAXmPGl8B8BwyNM9xKKTQP0t%2FdyhrPg%3D%3D#polycard_client=search-nordic&is_advertising=true&searchVariation=MLBU1404143853&backend_model=search-backend&search_layout=grid&position=10&type=pad&tracking_id=41905e96-a3cb-4e57-b824-4b5229820d7f&wid=MLB1625643846&sid=search', 'ID_PRODUTO': 'N/A', 'PREÇO': 'R$ 235', 'PREÇO ANTERIOR': 'N/A', 'MARCA': 'N/A', 'IMAGEM': 'N/A (imagens desabilitadas)', 'VENDEDOR': 'N/A', 'MÉDIA AVALIAÇÕES': '5.0', 'TOTAL AVALIAÇÕES': '5', 'ENTREGA': 'Chegará grátis hoje', 'ENTREGA FULL': 'Sim'}
2025-09-26 02:22:43,351 - INFO - --- Processando container de produto 12/54 (total coletado: 166, pulados: 2) ---
2025-09-26 02:22:43,353 - INFO -   [TÍTULO] Encontrado: 'Kit Cartucho Hp 664xl Preto E Color'
2025-09-26 02:22:43,353 - INFO -   [LINK] Encontrado: 'https://click1.mercadolivre.com.br/mclics/clicks/external/MLB/count?a=xeFuJ1yK1scE8Nzx4nrQKE5iy4Bib97AXZwjm%2BC0MKpkaOS58bXKfz12yqB%2FQrL1FXmYj1Pf7sL7V5Ee20yP2M7%2BnkmdoIokhfmpObpjYhaAxYjMy3zPVXZZpsnJw1GAJ2K2OxY6ZeHGzrT7gXRy%2BsGVf8RDJ1S37Dmj3WTf2%2FqHhDkCKRBrbGp8Abq7P4dht2gRx3mcn7njBTI5%2BEZrGh%2BnUaV2Ld7pX4KsZrrgmp9HhQNmWuC9LxFfCyjrq3jCDxU%2F%2BafxAIy%2FADaRvNeNh%2FYaPTTMgzOiZQi91cxMRmIClx1jGB2aszFnE02MiNGpeC3kHhHqnbqHh8i4HRYn%2FXmxIeKzIPxHqvXIIQg8W%2BYJFSCDONUnMqn6EACo8PQa7b%2B7yl1Ph0gatv2GR33akmDksvkBVb6rBOby2LDgnz0LsxXFEzCCpdFbz6ynHPZbsZ5Wi2KvbxnCXmqO%2BpMYwFH5V4xETHmfHgFME0kCSReqWvOM%2B%2FzjYhmd6A2IkB9iXPvjqRu29eqkL%2BRljT84X2VL1gqLpHY32DJthKGazP6rU7ukQY%2BrJ8ZrO0AP%2F8wl2eSYG5PvLiy%2F4q%2Fv5Iey1Z9yKT%2B%2BMFqufXhocgLmhJ1gxv1714fLb0H4pv2Pe7nUeenGrp5kagdiiTsRCCiaBbyiTIgLLfoF4W62FU8O3mzIS9pBcpBc0AgFwUEl9oSiG4WLWCG6Bwv1lZ1rid7sMPdmcnWxrjkpIQFeEqLYow1A%2FuP2yXnSy1%2FwiwYJfMkTMU65I%2BvB5dXJzPO%2B2VQSonoleqfNax3of0JWNp%2FonXpOYEXVflEvYc4P0n7H6kGSrUEralr3ZgnUCb0qn%2FEUihqtACXXyFLojjtgQl32BiDqwcnjOKIxgpQNA0E2rdmhKaIjhqt0nvPt%2Fd4JXFBWkCq6SeWBfVi%2BoUVTLSBnqouyQqyJaCMheqV%2BmBl9RdmLFSaP8NYi%2BRyp#polycard_client=search-nordic&is_advertising=true&searchVariation=MLB2039757822&backend_model=search-backend&search_layout=grid&position=12&type=pad&tracking_id=41905e96-a3cb-4e57-b824-4b5229820d7f&wid=MLB3905832829&sid=search'
2025-09-26 02:22:43,354 - WARNING -   [ID PRODUTO] Não encontrado no link: https://click1.mercadolivre.com.br/mclics/clicks/external/MLB/count?a=xeFuJ1yK1scE8Nzx4nrQKE5iy4Bib97AXZwjm%2BC0MKpkaOS58bXKfz12yqB%2FQrL1FXmYj1Pf7sL7V5Ee20yP2M7%2BnkmdoIokhfmpObpjYhaAxYjMy3zPVXZZpsnJw1GAJ2K2OxY6ZeHGzrT7gXRy%2BsGVf8RDJ1S37Dmj3WTf2%2FqHhDkCKRBrbGp8Abq7P4dht2gRx3mcn7njBTI5%2BEZrGh%2BnUaV2Ld7pX4KsZrrgmp9HhQNmWuC9LxFfCyjrq3jCDxU%2F%2BafxAIy%2FADaRvNeNh%2FYaPTTMgzOiZQi91cxMRmIClx1jGB2aszFnE02MiNGpeC3kHhHqnbqHh8i4HRYn%2FXmxIeKzIPxHqvXIIQg8W%2BYJFSCDONUnMqn6EACo8PQa7b%2B7yl1Ph0gatv2GR33akmDksvkBVb6rBOby2LDgnz0LsxXFEzCCpdFbz6ynHPZbsZ5Wi2KvbxnCXmqO%2BpMYwFH5V4xETHmfHgFME0kCSReqWvOM%2B%2FzjYhmd6A2IkB9iXPvjqRu29eqkL%2BRljT84X2VL1gqLpHY32DJthKGazP6rU7ukQY%2BrJ8ZrO0AP%2F8wl2eSYG5PvLiy%2F4q%2Fv5Iey1Z9yKT%2B%2BMFqufXhocgLmhJ1gxv1714fLb0H4pv2Pe7nUeenGrp5kagdiiTsRCCiaBbyiTIgLLfoF4W62FU8O3mzIS9pBcpBc0AgFwUEl9oSiG4WLWCG6Bwv1lZ1rid7sMPdmcnWxrjkpIQFeEqLYow1A%2FuP2yXnSy1%2FwiwYJfMkTMU65I%2BvB5dXJzPO%2B2VQSonoleqfNax3of0JWNp%2FonXpOYEXVflEvYc4P0n7H6kGSrUEralr3ZgnUCb0qn%2FEUihqtACXXyFLojjtgQl32BiDqwcnjOKIxgpQNA0E2rdmhKaIjhqt0nvPt%2Fd4JXFBWkCq6SeWBfVi%2BoUVTLSBnqouyQqyJaCMheqV%2BmBl9RdmLFSaP8NYi%2BRyp#polycard_client=search-nordic&is_advertising=true&searchVariation=MLB2039757822&backend_model=search-backend&search_layout=grid&position=12&type=pad&tracking_id=41905e96-a3cb-4e57-b824-4b5229820d7f&wid=MLB3905832829&sid=search
2025-09-26 02:22:43,357 - INFO -   [PREÇO] Encontrado (poly-card fallback): 'R$ 219,90'
2025-09-26 02:22:43,359 - INFO -   [MARCA] Não encontrada (general/poly).
2025-09-26 02:22:43,359 - INFO -   [IMAGEM] Extração de imagens desabilitada pelo usuário.
2025-09-26 02:22:43,360 - INFO -   [VENDEDOR] Não encontrado para o container 12.
2025-09-26 02:22:43,361 - INFO -   [MÉDIA AVALIAÇÕES] Encontrada (poly-card fallback): '4.6'
2025-09-26 02:22:43,362 - INFO -   [TOTAL AVALIAÇÕES] Encontrado (poly-card fallback): '64'
2025-09-26 02:22:43,363 - INFO -   [ENTREGA] Texto encontrado (poly-card fallback): 'Frete grátis'
2025-09-26 02:22:43,366 - INFO - Produto processado: Kit Cartucho Hp 664xl Preto E Color
2025-09-26 02:22:43,367 - DEBUG - Scraped from <200 https://lista.mercadolivre.com.br/cartucho-hp-664_Desde_153_NoIndex_True?sb=all_mercadolibre>
{'TITULO PRODUTO': 'Kit Cartucho Hp 664 Preto E Colorido 2135 2674 2676 Original', 'LINK': 'https://click1.mercadolivre.com.br/mclics/clicks/external/MLB/count?a=WRG9XXWWcSGeajIPj8yb7DtQ3CBfi%2F61Wk87195go3N2ec8GxuxMTb4IZQo1WwOqq29LR8%2FkGHhFYNB%2FeqMCqcYJL4xL%2BLLj2tKONH3UORp%2F%2FuOg7hbvjYFPM18Y5n3T26Ie9rTp4d7SDvUyOgPJ%2FjvhjE2jV0dwN3ND1iX6dfxbiG8tiiwqGE%2BJC9uSM%2BVoiQcfx4oVcuA4wXHp4zUe060afCttIFOn2rh2hQNGqf1zTNBSB%2FSeGcoWlnJSXShuKBt6KxWl1ZgYqt4qftQopNS7tpDoZMCPE1DB%2BvoEeY0bpAen6eKLiG3bMzTZtLgrRhxsiqk%2B4po1%2F5tsd%2FtNTpqwBx6DyyJb6Bm%2F4aIKxDMgmWukIuhODLOtnVr%2F8PmifkpNXAj6%2BVmghrT7IsNxrwaRTofnPqbaVATuXxGdoQ1%2BD1vs2oolR6kGD%2BwEded3%2F9QMV8V5wj7pjW9EWn%2BZiZCOo1q4IFNv3Jwcn5zQMs2zbBW%2FKrA6h638PT5AGwdyEo0kdF4AUJUbBbCBF%2Bbt5o0%2BMcytaJdkn4AFRNLsouSwh%2FVdOK3A1bp2tgArB%2Bf3N48ZAYCZjbcsvU9ykVSld%2B%2F5XuIYXWKJC7rvoAhZICajfsTuIV%2F33q0wRfRBEoSSkqo%2FzpIQS9MVBPvUDn45nzify1VJ%2BUdUWCHFyCulHUzkrC0Ci8YhcxAZKCvc%2FTGCua1l8wPXdgDdiFMBP6VgiSGvn8obGnSRh0NNJwVizxqxmS1QKdSaN7V2gciGj6oahJFfh%2FWbJj%2BVXyyZA%2BO8uNqGocmCG2aL%2F083zGbDyRLE2AcZ%2BWjpasRPaf8%2FSSTAcgPzHy%2Bw66%2BWQIXzxDmhmHPg3c9L7D7E13518xtO#polycard_client=search-nordic&is_advertising=true&backend_model=search-backend&search_layout=grid&position=11&type=pad&tracking_id=41905e96-a3cb-4e57-b824-4b5229820d7f&wid=MLB3675840479&sid=search', 'ID_PRODUTO': 'N/A', 'PREÇO': 'R$ 141,90', 'PREÇO ANTERIOR': 'N/A', 'MARCA': 'N/A', 'IMAGEM': 'N/A (imagens desabilitadas)', 'VENDEDOR': 'N/A', 'MÉDIA AVALIAÇÕES': '5.0', 'TOTAL AVALIAÇÕES': '18', 'ENTREGA': 'Frete grátis', 'ENTREGA FULL': 'Não'}
2025-09-26 02:22:43,367 - INFO - --- Processando container de produto 13/54 (total coletado: 167, pulados: 2) ---
2025-09-26 02:22:43,369 - INFO -   [TÍTULO] Encontrado: 'Cartucho Hp 664 Colorido 2ml Original'
2025-09-26 02:22:43,369 - INFO -   [LINK] Encontrado: 'https://produto.mercadolivre.com.br/MLB-5377755886-cartucho-hp-664-colorido-2ml-original-_JM#polycard_client=search-nordic&search_layout=grid&position=13&type=item&tracking_id=41905e96-a3cb-4e57-b824-4b5229820d7f&wid=MLB5377755886&sid=search'
2025-09-26 02:22:43,370 - WARNING -   [ID PRODUTO] Não encontrado no link: https://produto.mercadolivre.com.br/MLB-5377755886-cartucho-hp-664-colorido-2ml-original-_JM#polycard_client=search-nordic&search_layout=grid&position=13&type=item&tracking_id=41905e96-a3cb-4e57-b824-4b5229820d7f&wid=MLB5377755886&sid=search
2025-09-26 02:22:43,373 - INFO -   [PREÇO] Encontrado (poly-card fallback): 'R$ 78,25'
2025-09-26 02:22:43,374 - INFO -   [MARCA] Não encontrada (general/poly).
2025-09-26 02:22:43,375 - INFO -   [IMAGEM] Extração de imagens desabilitada pelo usuário.
2025-09-26 02:22:43,376 - INFO -   [VENDEDOR] Não encontrado para o container 13.
2025-09-26 02:22:43,378 - INFO -   [ENTREGA] Texto encontrado (poly-card fallback): 'Frete grátis'
2025-09-26 02:22:43,378 - INFO - Produto processado: Cartucho Hp 664 Colorido 2ml Original
2025-09-26 02:22:43,380 - DEBUG - Scraped from <200 https://lista.mercadolivre.com.br/cartucho-hp-664_Desde_153_NoIndex_True?sb=all_mercadolibre>
{'TITULO PRODUTO': 'Kit Cartucho Hp 664xl Preto E Color', 'LINK': 'https://click1.mercadolivre.com.br/mclics/clicks/external/MLB/count?a=xeFuJ1yK1scE8Nzx4nrQKE5iy4Bib97AXZwjm%2BC0MKpkaOS58bXKfz12yqB%2FQrL1FXmYj1Pf7sL7V5Ee20yP2M7%2BnkmdoIokhfmpObpjYhaAxYjMy3zPVXZZpsnJw1GAJ2K2OxY6ZeHGzrT7gXRy%2BsGVf8RDJ1S37Dmj3WTf2%2FqHhDkCKRBrbGp8Abq7P4dht2gRx3mcn7njBTI5%2BEZrGh%2BnUaV2Ld7pX4KsZrrgmp9HhQNmWuC9LxFfCyjrq3jCDxU%2F%2BafxAIy%2FADaRvNeNh%2FYaPTTMgzOiZQi91cxMRmIClx1jGB2aszFnE02MiNGpeC3kHhHqnbqHh8i4HRYn%2FXmxIeKzIPxHqvXIIQg8W%2BYJFSCDONUnMqn6EACo8PQa7b%2B7yl1Ph0gatv2GR33akmDksvkBVb6rBOby2LDgnz0LsxXFEzCCpdFbz6ynHPZbsZ5Wi2KvbxnCXmqO%2BpMYwFH5V4xETHmfHgFME0kCSReqWvOM%2B%2FzjYhmd6A2IkB9iXPvjqRu29eqkL%2BRljT84X2VL1gqLpHY32DJthKGazP6rU7ukQY%2BrJ8ZrO0AP%2F8wl2eSYG5PvLiy%2F4q%2Fv5Iey1Z9yKT%2B%2BMFqufXhocgLmhJ1gxv1714fLb0H4pv2Pe7nUeenGrp5kagdiiTsRCCiaBbyiTIgLLfoF4W62FU8O3mzIS9pBcpBc0AgFwUEl9oSiG4WLWCG6Bwv1lZ1rid7sMPdmcnWxrjkpIQFeEqLYow1A%2FuP2yXnSy1%2FwiwYJfMkTMU65I%2BvB5dXJzPO%2B2VQSonoleqfNax3of0JWNp%2FonXpOYEXVflEvYc4P0n7H6kGSrUEralr3ZgnUCb0qn%2FEUihqtACXXyFLojjtgQl32BiDqwcnjOKIxgpQNA0E2rdmhKaIjhqt0nvPt%2Fd4JXFBWkCq6SeWBfVi%2BoUVTLSBnqouyQqyJaCMheqV%2BmBl9RdmLFSaP8NYi%2BRyp#polycard_client=search-nordic&is_advertising=true&searchVariation=MLB2039757822&backend_model=search-backend&search_layout=grid&position=12&type=pad&tracking_id=41905e96-a3cb-4e57-b824-4b5229820d7f&wid=MLB3905832829&sid=search', 'ID_PRODUTO': 'N/A', 'PREÇO': 'R$ 219,90', 'PREÇO ANTERIOR': 'N/A', 'MARCA': 'N/A', 'IMAGEM': 'N/A (imagens desabilitadas)', 'VENDEDOR': 'N/A', 'MÉDIA AVALIAÇÕES': '4.6', 'TOTAL AVALIAÇÕES': '64', 'ENTREGA': 'Frete grátis', 'ENTREGA FULL': 'Não'}
2025-09-26 02:22:43,381 - INFO - --- Processando container de produto 14/54 (total coletado: 168, pulados: 2) ---
2025-09-26 02:22:43,383 - INFO -   [TÍTULO] Encontrado: 'Cartucho Hp 664xl F6v30ab F6v30a Colorido Original 2676 3636'
2025-09-26 02:22:43,384 - INFO -   [LINK] Encontrado: 'https://www.mercadolivre.com.br/cartucho-hp-664xl-f6v30ab-f6v30a-colorido-original-2676-3636/up/MLBU752804412#polycard_client=search-nordic&search_layout=grid&position=14&type=product&tracking_id=41905e96-a3cb-4e57-b824-4b5229820d7f&wid=MLB2664360134&sid=search'
2025-09-26 02:22:43,385 - WARNING -   [ID PRODUTO] Não encontrado no link: https://www.mercadolivre.com.br/cartucho-hp-664xl-f6v30ab-f6v30a-colorido-original-2676-3636/up/MLBU752804412#polycard_client=search-nordic&search_layout=grid&position=14&type=product&tracking_id=41905e96-a3cb-4e57-b824-4b5229820d7f&wid=MLB2664360134&sid=search
2025-09-26 02:22:43,388 - INFO -   [PREÇO] Encontrado (poly-card fallback): 'R$ 246,50'
2025-09-26 02:22:43,391 - INFO -   [MARCA] Não encontrada (general/poly).
2025-09-26 02:22:43,392 - INFO -   [IMAGEM] Extração de imagens desabilitada pelo usuário.
2025-09-26 02:22:43,393 - INFO -   [VENDEDOR] Encontrado (poly-card fallback): 'Mundoware'
2025-09-26 02:22:43,394 - INFO -   [ENTREGA] Texto encontrado (general alt): 'Chegará grátis amanhã sábado'
2025-09-26 02:22:43,395 - INFO - Produto processado: Cartucho Hp 664xl F6v30ab F6v30a Colorido Original 2676 3636
2025-09-26 02:22:43,396 - DEBUG - Scraped from <200 https://lista.mercadolivre.com.br/cartucho-hp-664_Desde_153_NoIndex_True?sb=all_mercadolibre>
{'TITULO PRODUTO': 'Cartucho Hp 664 Colorido 2ml Original', 'LINK': 'https://produto.mercadolivre.com.br/MLB-5377755886-cartucho-hp-664-colorido-2ml-original-_JM#polycard_client=search-nordic&search_layout=grid&position=13&type=item&tracking_id=41905e96-a3cb-4e57-b824-4b5229820d7f&wid=MLB5377755886&sid=search', 'ID_PRODUTO': 'N/A', 'PREÇO': 'R$ 78,25', 'PREÇO ANTERIOR': 'N/A', 'MARCA': 'N/A', 'IMAGEM': 'N/A (imagens desabilitadas)', 'VENDEDOR': 'N/A', 'MÉDIA AVALIAÇÕES': 'N/A', 'TOTAL AVALIAÇÕES': 'N/A', 'ENTREGA': 'Frete grátis', 'ENTREGA FULL': 'Não'}
2025-09-26 02:22:43,397 - INFO - --- Processando container de produto 15/54 (total coletado: 169, pulados: 2) ---
2025-09-26 02:22:43,398 - INFO -   [TÍTULO] Encontrado: 'Kit Cartucho Hp 667 Preto + 667 Colorido Original'
2025-09-26 02:22:43,399 - INFO -   [LINK] Encontrado: 'https://www.mercadolivre.com.br/kit-cartucho-hp-667-preto--667-colorido-original/up/MLBU1744275226#polycard_client=search-nordic&search_layout=grid&position=15&type=product&tracking_id=41905e96-a3cb-4e57-b824-4b5229820d7f&wid=MLB2896825671&sid=search'
2025-09-26 02:22:43,399 - WARNING -   [ID PRODUTO] Não encontrado no link: https://www.mercadolivre.com.br/kit-cartucho-hp-667-preto--667-colorido-original/up/MLBU1744275226#polycard_client=search-nordic&search_layout=grid&position=15&type=product&tracking_id=41905e96-a3cb-4e57-b824-4b5229820d7f&wid=MLB2896825671&sid=search
2025-09-26 02:22:43,401 - INFO -   [PREÇO] Encontrado (poly-card fallback): 'R$ 169,89'
2025-09-26 02:22:43,402 - INFO -   [MARCA] Não encontrada (general/poly).
2025-09-26 02:22:43,403 - INFO -   [IMAGEM] Extração de imagens desabilitada pelo usuário.
2025-09-26 02:22:43,404 - INFO -   [VENDEDOR] Não encontrado para o container 15.
2025-09-26 02:22:43,406 - INFO -   [MÉDIA AVALIAÇÕES] Encontrada (poly-card fallback): '4.9'
2025-09-26 02:22:43,407 - INFO -   [TOTAL AVALIAÇÕES] Encontrado (poly-card fallback): '37'
2025-09-26 02:22:43,408 - INFO -   [ENTREGA] Texto encontrado (general alt): 'Chegará grátis hoje'
2025-09-26 02:22:43,410 - INFO -   [ENTREGA FULL] Indicador FULL encontrado (poly-card fallback SVG).
2025-09-26 02:22:43,410 - INFO - Produto processado: Kit Cartucho Hp 667 Preto + 667 Colorido Original
2025-09-26 02:22:43,411 - DEBUG - Scraped from <200 https://lista.mercadolivre.com.br/cartucho-hp-664_Desde_153_NoIndex_True?sb=all_mercadolibre>
{'TITULO PRODUTO': 'Cartucho Hp 664xl F6v30ab F6v30a Colorido Original 2676 3636', 'LINK': 'https://www.mercadolivre.com.br/cartucho-hp-664xl-f6v30ab-f6v30a-colorido-original-2676-3636/up/MLBU752804412#polycard_client=search-nordic&search_layout=grid&position=14&type=product&tracking_id=41905e96-a3cb-4e57-b824-4b5229820d7f&wid=MLB2664360134&sid=search', 'ID_PRODUTO': 'N/A', 'PREÇO': 'R$ 246,50', 'PREÇO ANTERIOR': 'N/A', 'MARCA': 'N/A', 'IMAGEM': 'N/A (imagens desabilitadas)', 'VENDEDOR': 'Mundoware', 'MÉDIA AVALIAÇÕES': 'N/A', 'TOTAL AVALIAÇÕES': 'N/A', 'ENTREGA': 'Chegará grátis amanhã sábado', 'ENTREGA FULL': 'Não'}
2025-09-26 02:22:43,412 - INFO - --- Processando container de produto 16/54 (total coletado: 170, pulados: 2) ---
2025-09-26 02:22:43,413 - INFO -   [TÍTULO] Encontrado: 'Cartucho De Tinta Hp 664 Tricolor (f6v28ab)'
2025-09-26 02:22:43,414 - INFO -   [LINK] Encontrado: 'https://www.mercadolivre.com.br/cartucho-de-tinta-hp-664-tricolor-f6v28ab/up/MLBU1160087052#polycard_client=search-nordic&search_layout=grid&position=16&type=product&tracking_id=41905e96-a3cb-4e57-b824-4b5229820d7f&wid=MLB4049796274&sid=search'
2025-09-26 02:22:43,414 - WARNING -   [ID PRODUTO] Não encontrado no link: https://www.mercadolivre.com.br/cartucho-de-tinta-hp-664-tricolor-f6v28ab/up/MLBU1160087052#polycard_client=search-nordic&search_layout=grid&position=16&type=product&tracking_id=41905e96-a3cb-4e57-b824-4b5229820d7f&wid=MLB4049796274&sid=search
2025-09-26 02:22:43,416 - INFO -   [PREÇO] Encontrado (poly-card fallback): 'R$ 95,21'
2025-09-26 02:22:43,418 - INFO -   [MARCA] Não encontrada (general/poly).
2025-09-26 02:22:43,418 - INFO -   [IMAGEM] Extração de imagens desabilitada pelo usuário.
2025-09-26 02:22:43,419 - INFO -   [VENDEDOR] Encontrado (poly-card fallback): 'Gigantec'
2025-09-26 02:22:43,420 - INFO -   [ENTREGA] Texto encontrado (poly-card fallback): 'Frete grátis'
2025-09-26 02:22:43,421 - INFO - Produto processado: Cartucho De Tinta Hp 664 Tricolor (f6v28ab)
2025-09-26 02:22:43,422 - DEBUG - Scraped from <200 https://lista.mercadolivre.com.br/cartucho-hp-664_Desde_153_NoIndex_True?sb=all_mercadolibre>
{'TITULO PRODUTO': 'Kit Cartucho Hp 667 Preto + 667 Colorido Original', 'LINK': 'https://www.mercadolivre.com.br/kit-cartucho-hp-667-preto--667-colorido-original/up/MLBU1744275226#polycard_client=search-nordic&search_layout=grid&position=15&type=product&tracking_id=41905e96-a3cb-4e57-b824-4b5229820d7f&wid=MLB2896825671&sid=search', 'ID_PRODUTO': 'N/A', 'PREÇO': 'R$ 169,89', 'PREÇO ANTERIOR': 'N/A', 'MARCA': 'N/A', 'IMAGEM': 'N/A (imagens desabilitadas)', 'VENDEDOR': 'N/A', 'MÉDIA AVALIAÇÕES': '4.9', 'TOTAL AVALIAÇÕES': '37', 'ENTREGA': 'Chegará grátis hoje', 'ENTREGA FULL': 'Sim'}
2025-09-26 02:22:43,424 - INFO - --- Processando container de produto 17/54 (total coletado: 171, pulados: 2) ---
2025-09-26 02:22:43,426 - INFO -   [TÍTULO] Encontrado: 'Kit Cartucho Hp 667 Preto + 667 Colorido Original 2376 2776'
2025-09-26 02:22:43,426 - INFO -   [LINK] Encontrado: 'https://www.mercadolivre.com.br/kit-cartucho-hp-667-preto--667-colorido-original-2376-2776/up/MLBU750313121#polycard_client=search-nordic&search_layout=grid&position=17&type=product&tracking_id=41905e96-a3cb-4e57-b824-4b5229820d7f&wid=MLB2685000181&sid=search'
2025-09-26 02:22:43,427 - WARNING -   [ID PRODUTO] Não encontrado no link: https://www.mercadolivre.com.br/kit-cartucho-hp-667-preto--667-colorido-original-2376-2776/up/MLBU750313121#polycard_client=search-nordic&search_layout=grid&position=17&type=product&tracking_id=41905e96-a3cb-4e57-b824-4b5229820d7f&wid=MLB2685000181&sid=search
2025-09-26 02:22:43,428 - INFO -   [PREÇO] Encontrado (poly-card fallback): 'R$ 143,90'
2025-09-26 02:22:43,430 - INFO -   [MARCA] Não encontrada (general/poly).
2025-09-26 02:22:43,430 - INFO -   [IMAGEM] Extração de imagens desabilitada pelo usuário.
2025-09-26 02:22:43,431 - INFO -   [VENDEDOR] Não encontrado para o container 17.
2025-09-26 02:22:43,433 - INFO -   [MÉDIA AVALIAÇÕES] Encontrada (poly-card fallback): '4.7'
2025-09-26 02:22:43,433 - INFO -   [TOTAL AVALIAÇÕES] Encontrado (poly-card fallback): '23'
2025-09-26 02:22:43,434 - INFO -   [ENTREGA] Texto encontrado (poly-card fallback): 'Frete grátis'
2025-09-26 02:22:43,435 - INFO - Produto processado: Kit Cartucho Hp 667 Preto + 667 Colorido Original 2376 2776
2025-09-26 02:22:43,436 - DEBUG - Scraped from <200 https://lista.mercadolivre.com.br/cartucho-hp-664_Desde_153_NoIndex_True?sb=all_mercadolibre>
{'TITULO PRODUTO': 'Cartucho De Tinta Hp 664 Tricolor (f6v28ab)', 'LINK': 'https://www.mercadolivre.com.br/cartucho-de-tinta-hp-664-tricolor-f6v28ab/up/MLBU1160087052#polycard_client=search-nordic&search_layout=grid&position=16&type=product&tracking_id=41905e96-a3cb-4e57-b824-4b5229820d7f&wid=MLB4049796274&sid=search', 'ID_PRODUTO': 'N/A', 'PREÇO': 'R$ 95,21', 'PREÇO ANTERIOR': 'N/A', 'MARCA': 'N/A', 'IMAGEM': 'N/A (imagens desabilitadas)', 'VENDEDOR': 'Gigantec', 'MÉDIA AVALIAÇÕES': 'N/A', 'TOTAL AVALIAÇÕES': 'N/A', 'ENTREGA': 'Frete grátis', 'ENTREGA FULL': 'Não'}
2025-09-26 02:22:43,436 - INFO - --- Processando container de produto 18/54 (total coletado: 172, pulados: 2) ---
2025-09-26 02:22:43,438 - INFO -   [TÍTULO] Encontrado: 'Hp F6v28ab 664 Cartucho De Tinta Color(2,0 Ml)'
2025-09-26 02:22:43,438 - INFO -   [LINK] Encontrado: 'https://www.mercadolivre.com.br/hp-f6v28ab-664-cartucho-de-tinta-color20-ml/up/MLBU1408297836#polycard_client=search-nordic&search_layout=grid&position=18&type=product&tracking_id=41905e96-a3cb-4e57-b824-4b5229820d7f&wid=MLB1608459683&sid=search'
2025-09-26 02:22:43,439 - WARNING -   [ID PRODUTO] Não encontrado no link: https://www.mercadolivre.com.br/hp-f6v28ab-664-cartucho-de-tinta-color20-ml/up/MLBU1408297836#polycard_client=search-nordic&search_layout=grid&position=18&type=product&tracking_id=41905e96-a3cb-4e57-b824-4b5229820d7f&wid=MLB1608459683&sid=search
2025-09-26 02:22:43,441 - INFO -   [PREÇO] Encontrado (poly-card fallback): 'R$ 78,99'
2025-09-26 02:22:43,443 - INFO -   [MARCA] Não encontrada (general/poly).
2025-09-26 02:22:43,443 - INFO -   [IMAGEM] Extração de imagens desabilitada pelo usuário.
2025-09-26 02:22:43,444 - INFO -   [VENDEDOR] Encontrado (poly-card fallback): 'TELEDATICA'
2025-09-26 02:22:43,445 - INFO -   [ENTREGA] Texto encontrado (poly-card fallback): 'Frete grátis'
2025-09-26 02:22:43,446 - INFO - Produto processado: Hp F6v28ab 664 Cartucho De Tinta Color(2,0 Ml)
2025-09-26 02:22:43,447 - DEBUG - Scraped from <200 https://lista.mercadolivre.com.br/cartucho-hp-664_Desde_153_NoIndex_True?sb=all_mercadolibre>
{'TITULO PRODUTO': 'Kit Cartucho Hp 667 Preto + 667 Colorido Original 2376 2776', 'LINK': 'https://www.mercadolivre.com.br/kit-cartucho-hp-667-preto--667-colorido-original-2376-2776/up/MLBU750313121#polycard_client=search-nordic&search_layout=grid&position=17&type=product&tracking_id=41905e96-a3cb-4e57-b824-4b5229820d7f&wid=MLB2685000181&sid=search', 'ID_PRODUTO': 'N/A', 'PREÇO': 'R$ 143,90', 'PREÇO ANTERIOR': 'N/A', 'MARCA': 'N/A', 'IMAGEM': 'N/A (imagens desabilitadas)', 'VENDEDOR': 'N/A', 'MÉDIA AVALIAÇÕES': '4.7', 'TOTAL AVALIAÇÕES': '23', 'ENTREGA': 'Frete grátis', 'ENTREGA FULL': 'Não'}
2025-09-26 02:22:43,447 - INFO - --- Processando container de produto 19/54 (total coletado: 173, pulados: 2) ---
2025-09-26 02:22:43,449 - INFO -   [TÍTULO] Encontrado: 'Cartucho Tinta Original Hp 954 L0s53ab Magenta 8700 8710'
2025-09-26 02:22:43,450 - INFO -   [LINK] Encontrado: 'https://click1.mercadolivre.com.br/mclics/clicks/external/MLB/count?a=ZyMhwRB%2BtKE6n5B54Kk4a17OmkQzC%2BtB%2FsEANFo6OpDuVNGvftW8viy9N4HkhghT0Ni%2BDNkkYN1Pq%2FpPUDZe8Gx6l1RhISQZkSfONpJhePT0laKrx6wP5m6JKtqm%2Fw19a8wz8AN0f6F3e%2FvTd7fxAvpU3nh%2BN9BRnxCDWvc54UAuuD5AxFlQCHIr3AdrANPAL7B81qrZXfkFuxzSyB0%2B%2B%2B4fo3bMjk3%2FvJvsbraT5ef3QTSexck1c7K9f2digaztWymwLeLQi9UVjTw%2F90qd7B8KCmCQEMKa4hn94rljhhhTInTECbj8%2FlywW0ivqMoS96jOeeo52TWtxpm2BtjB90N7xfUC2qSOMcL8Uimgi73vveIqsPde3R09G0ylCji3L7d1MoarYdWBY27nq2LtjuCUy8fKYxWJEgGW7abdtuIOBcXPhRIakmLxYBmxrBPIh9WnEWDL6YlO2SFFZHjIWCe9COq49hcDIywQ1mxFQLYfLE5its9LpbbgYeaHqJQwpHu0xqaMbMEzgp9dP%2FL3TRxzB0gPTJ4OhocqFlYtou4qxSxP7VBy7wYaWoc7SMNMzpOX%2F1QEhuRdg6iGR2veETWWnPvPSD98euqVwJwlVa%2BZJt49rz2LBuek8IqZXBeV0sikuBoFEW3e8jwKAohluwxgk6y5p3qaenlFhVetsP7VwR78CakBw3CtR35PVNRDr37FyM8UyQBcMNpjgokss%2FK1CuuUjAst2SVw8%2BPEBDDnpgu%2BdTz6T29VA0iJg9p8De0TUBHPUV%2B7%2BTnFtv0x9NjoQFPuzWBn0R%2F9ffReUcr%2BiQi0QdptwRwD0nSRz5PDdn4GAoL9wwBoARH7%2FZMWVE6rwYCRYY2k#polycard_client=search-nordic&is_advertising=true&backend_model=search-backend&search_layout=grid&position=19&type=pad&tracking_id=41905e96-a3cb-4e57-b824-4b5229820d7f&wid=MLB1759136804&sid=search'
2025-09-26 02:22:43,451 - WARNING -   [ID PRODUTO] Não encontrado no link: https://click1.mercadolivre.com.br/mclics/clicks/external/MLB/count?a=ZyMhwRB%2BtKE6n5B54Kk4a17OmkQzC%2BtB%2FsEANFo6OpDuVNGvftW8viy9N4HkhghT0Ni%2BDNkkYN1Pq%2FpPUDZe8Gx6l1RhISQZkSfONpJhePT0laKrx6wP5m6JKtqm%2Fw19a8wz8AN0f6F3e%2FvTd7fxAvpU3nh%2BN9BRnxCDWvc54UAuuD5AxFlQCHIr3AdrANPAL7B81qrZXfkFuxzSyB0%2B%2B%2B4fo3bMjk3%2FvJvsbraT5ef3QTSexck1c7K9f2digaztWymwLeLQi9UVjTw%2F90qd7B8KCmCQEMKa4hn94rljhhhTInTECbj8%2FlywW0ivqMoS96jOeeo52TWtxpm2BtjB90N7xfUC2qSOMcL8Uimgi73vveIqsPde3R09G0ylCji3L7d1MoarYdWBY27nq2LtjuCUy8fKYxWJEgGW7abdtuIOBcXPhRIakmLxYBmxrBPIh9WnEWDL6YlO2SFFZHjIWCe9COq49hcDIywQ1mxFQLYfLE5its9LpbbgYeaHqJQwpHu0xqaMbMEzgp9dP%2FL3TRxzB0gPTJ4OhocqFlYtou4qxSxP7VBy7wYaWoc7SMNMzpOX%2F1QEhuRdg6iGR2veETWWnPvPSD98euqVwJwlVa%2BZJt49rz2LBuek8IqZXBeV0sikuBoFEW3e8jwKAohluwxgk6y5p3qaenlFhVetsP7VwR78CakBw3CtR35PVNRDr37FyM8UyQBcMNpjgokss%2FK1CuuUjAst2SVw8%2BPEBDDnpgu%2BdTz6T29VA0iJg9p8De0TUBHPUV%2B7%2BTnFtv0x9NjoQFPuzWBn0R%2F9ffReUcr%2BiQi0QdptwRwD0nSRz5PDdn4GAoL9wwBoARH7%2FZMWVE6rwYCRYY2k#polycard_client=search-nordic&is_advertising=true&backend_model=search-backend&search_layout=grid&position=19&type=pad&tracking_id=41905e96-a3cb-4e57-b824-4b5229820d7f&wid=MLB1759136804&sid=search
2025-09-26 02:22:43,453 - INFO -   [PREÇO] Encontrado (poly-card fallback): 'R$ 167,79'
2025-09-26 02:22:43,454 - INFO -   [MARCA] Não encontrada (general/poly).
2025-09-26 02:22:43,455 - INFO -   [IMAGEM] Extração de imagens desabilitada pelo usuário.
2025-09-26 02:22:43,457 - INFO -   [VENDEDOR] Encontrado (poly-card fallback): 'Tec Print'
2025-09-26 02:22:43,459 - INFO -   [MÉDIA AVALIAÇÕES] Encontrada (poly-card fallback): '3.8'
2025-09-26 02:22:43,459 - INFO -   [TOTAL AVALIAÇÕES] Encontrado (poly-card fallback): '5'
2025-09-26 02:22:43,460 - INFO -   [ENTREGA] Texto encontrado (general alt): 'Chegará grátis amanhã sábado'
2025-09-26 02:22:43,461 - INFO - Produto processado: Cartucho Tinta Original Hp 954 L0s53ab Magenta 8700 8710
2025-09-26 02:22:43,461 - DEBUG - Scraped from <200 https://lista.mercadolivre.com.br/cartucho-hp-664_Desde_153_NoIndex_True?sb=all_mercadolibre>
{'TITULO PRODUTO': 'Hp F6v28ab 664 Cartucho De Tinta Color(2,0 Ml)', 'LINK': 'https://www.mercadolivre.com.br/hp-f6v28ab-664-cartucho-de-tinta-color20-ml/up/MLBU1408297836#polycard_client=search-nordic&search_layout=grid&position=18&type=product&tracking_id=41905e96-a3cb-4e57-b824-4b5229820d7f&wid=MLB1608459683&sid=search', 'ID_PRODUTO': 'N/A', 'PREÇO': 'R$ 78,99', 'PREÇO ANTERIOR': 'N/A', 'MARCA': 'N/A', 'IMAGEM': 'N/A (imagens desabilitadas)', 'VENDEDOR': 'TELEDATICA', 'MÉDIA AVALIAÇÕES': 'N/A', 'TOTAL AVALIAÇÕES': 'N/A', 'ENTREGA': 'Frete grátis', 'ENTREGA FULL': 'Não'}
2025-09-26 02:22:43,462 - INFO - --- Processando container de produto 20/54 (total coletado: 174, pulados: 2) ---
2025-09-26 02:22:43,464 - INFO -   [TÍTULO] Encontrado: 'Kit 2 Cartuchos Preto Hp 664 Xl Original 2136 2676 3776 5076'
2025-09-26 02:22:43,465 - INFO -   [LINK] Encontrado: 'https://click1.mercadolivre.com.br/mclics/clicks/external/MLB/count?a=du9Qimo7oYYW%2B0rlkNVW2fGXTuxiyoL1JiEG9vtp2vO8l%2BDL9a%2BvkyxWhN9MfMpKrUIDHvBVp2zZXBx%2BcwrgRr7sofXEjVJU9pfz2hlqIm7BUZr1jBvzrkAlKhf1bdYQxCZWBgnsudU4zooXEv%2Bv2M9G6Za3XsMa6D6LbayMxLRYZzAGoqYkFexrMFWKXzQqsyCYV%2B9fERseG2vhuZm%2FsxzrePqVGvU3%2FD6NwNfr2h1LxmHV3cpPOo8yNcTUSkuvSN3l5qpwTlQpYoGkdrXK6SRMfKdL6DMiwoeLC%2F79R7aC5ofCjHiDa1QWuLI2IapmGiXrnXpgiErC4QkvCs6LEFNeyJ%2BUXKK7ERuxhQZ8UcbCG05DTiDBSu3apeUrJ6Rgjak5YM9WkPJLfeVuYajdi39RukXGPADNbSpq3i1PPG3ru9I%2BEor4UQyWrapmyf6V0Er0yGFLP7YFGybH5svpuR%2F2EWkPxozMMV%2F2opYCDIlZSl2tchlvn%2BREtbGyWNN98Bz1OOQEZmNnr6Jw3ndTUhnDcw4hvVkFqSzNRxBqIa4eVS1FUOamAQa9XPT5t7OZHWvOkcsncuRuyiZ%2Fke2SSQu%2FT3xgGSaIkmmq3JwVCR2cBgT5gRZmNMs68BafbjnWzqpgWSBIpCQPWfj4EAEs%2B%2FoO4tc%2FVDyNcbLvnoIN6pJaTm9GaLyNlgDMlR0lJdV53xE0W5zXhC0GkFFRAdPbjJrwQusXPjdiuIG48If2guHdxHDVBuDh9dfJKKT5MQdNWIysA52vz2oGcTafmSwD6EkdN3rAT7Jj317OnofqywbXcRkT6XUShFF9CrxOvNCv1v9Kyvdq3IweqgerTfTb8Oedfv7v1lMqBcuVj3l5s7pd1jdBdRzli%2BtDExe4goY3JPCiG5fWaXd3bB5%2BFcqoh2Rk3qv1%2BpSimEJLWv6KQMjdfMZZkCao1ID8EoXS3xR%2FA1ffkPGToJ6pjfIiTtA%3D#polycard_client=search-nordic&is_advertising=true&searchVariation=MLBU1464289370&backend_model=search-backend&search_layout=grid&position=20&type=pad&tracking_id=41905e96-a3cb-4e57-b824-4b5229820d7f&wid=MLB3800828438&sid=search'
2025-09-26 02:22:43,465 - WARNING -   [ID PRODUTO] Não encontrado no link: https://click1.mercadolivre.com.br/mclics/clicks/external/MLB/count?a=du9Qimo7oYYW%2B0rlkNVW2fGXTuxiyoL1JiEG9vtp2vO8l%2BDL9a%2BvkyxWhN9MfMpKrUIDHvBVp2zZXBx%2BcwrgRr7sofXEjVJU9pfz2hlqIm7BUZr1jBvzrkAlKhf1bdYQxCZWBgnsudU4zooXEv%2Bv2M9G6Za3XsMa6D6LbayMxLRYZzAGoqYkFexrMFWKXzQqsyCYV%2B9fERseG2vhuZm%2FsxzrePqVGvU3%2FD6NwNfr2h1LxmHV3cpPOo8yNcTUSkuvSN3l5qpwTlQpYoGkdrXK6SRMfKdL6DMiwoeLC%2F79R7aC5ofCjHiDa1QWuLI2IapmGiXrnXpgiErC4QkvCs6LEFNeyJ%2BUXKK7ERuxhQZ8UcbCG05DTiDBSu3apeUrJ6Rgjak5YM9WkPJLfeVuYajdi39RukXGPADNbSpq3i1PPG3ru9I%2BEor4UQyWrapmyf6V0Er0yGFLP7YFGybH5svpuR%2F2EWkPxozMMV%2F2opYCDIlZSl2tchlvn%2BREtbGyWNN98Bz1OOQEZmNnr6Jw3ndTUhnDcw4hvVkFqSzNRxBqIa4eVS1FUOamAQa9XPT5t7OZHWvOkcsncuRuyiZ%2Fke2SSQu%2FT3xgGSaIkmmq3JwVCR2cBgT5gRZmNMs68BafbjnWzqpgWSBIpCQPWfj4EAEs%2B%2FoO4tc%2FVDyNcbLvnoIN6pJaTm9GaLyNlgDMlR0lJdV53xE0W5zXhC0GkFFRAdPbjJrwQusXPjdiuIG48If2guHdxHDVBuDh9dfJKKT5MQdNWIysA52vz2oGcTafmSwD6EkdN3rAT7Jj317OnofqywbXcRkT6XUShFF9CrxOvNCv1v9Kyvdq3IweqgerTfTb8Oedfv7v1lMqBcuVj3l5s7pd1jdBdRzli%2BtDExe4goY3JPCiG5fWaXd3bB5%2BFcqoh2Rk3qv1%2BpSimEJLWv6KQMjdfMZZkCao1ID8EoXS3xR%2FA1ffkPGToJ6pjfIiTtA%3D#polycard_client=search-nordic&is_advertising=true&searchVariation=MLBU1464289370&backend_model=search-backend&search_layout=grid&position=20&type=pad&tracking_id=41905e96-a3cb-4e57-b824-4b5229820d7f&wid=MLB3800828438&sid=search
2025-09-26 02:22:43,467 - INFO -   [PREÇO] Encontrado (poly-card fallback): 'R$ 399,99'
2025-09-26 02:22:43,468 - INFO -   [MARCA] Não encontrada (general/poly).
2025-09-26 02:22:43,469 - INFO -   [IMAGEM] Extração de imagens desabilitada pelo usuário.
2025-09-26 02:22:43,470 - INFO -   [VENDEDOR] Não encontrado para o container 20.
2025-09-26 02:22:43,472 - INFO -   [MÉDIA AVALIAÇÕES] Encontrada (poly-card fallback): '5.0'
2025-09-26 02:22:43,472 - INFO -   [TOTAL AVALIAÇÕES] Encontrado (poly-card fallback): '1'
2025-09-26 02:22:43,474 - INFO -   [ENTREGA] Texto encontrado (general alt): 'Chegará grátis amanhã sábado'
2025-09-26 02:22:43,474 - INFO - Produto processado: Kit 2 Cartuchos Preto Hp 664 Xl Original 2136 2676 3776 5076
2025-09-26 02:22:43,475 - DEBUG - Scraped from <200 https://lista.mercadolivre.com.br/cartucho-hp-664_Desde_153_NoIndex_True?sb=all_mercadolibre>
{'TITULO PRODUTO': 'Cartucho Tinta Original Hp 954 L0s53ab Magenta 8700 8710', 'LINK': 'https://click1.mercadolivre.com.br/mclics/clicks/external/MLB/count?a=ZyMhwRB%2BtKE6n5B54Kk4a17OmkQzC%2BtB%2FsEANFo6OpDuVNGvftW8viy9N4HkhghT0Ni%2BDNkkYN1Pq%2FpPUDZe8Gx6l1RhISQZkSfONpJhePT0laKrx6wP5m6JKtqm%2Fw19a8wz8AN0f6F3e%2FvTd7fxAvpU3nh%2BN9BRnxCDWvc54UAuuD5AxFlQCHIr3AdrANPAL7B81qrZXfkFuxzSyB0%2B%2B%2B4fo3bMjk3%2FvJvsbraT5ef3QTSexck1c7K9f2digaztWymwLeLQi9UVjTw%2F90qd7B8KCmCQEMKa4hn94rljhhhTInTECbj8%2FlywW0ivqMoS96jOeeo52TWtxpm2BtjB90N7xfUC2qSOMcL8Uimgi73vveIqsPde3R09G0ylCji3L7d1MoarYdWBY27nq2LtjuCUy8fKYxWJEgGW7abdtuIOBcXPhRIakmLxYBmxrBPIh9WnEWDL6YlO2SFFZHjIWCe9COq49hcDIywQ1mxFQLYfLE5its9LpbbgYeaHqJQwpHu0xqaMbMEzgp9dP%2FL3TRxzB0gPTJ4OhocqFlYtou4qxSxP7VBy7wYaWoc7SMNMzpOX%2F1QEhuRdg6iGR2veETWWnPvPSD98euqVwJwlVa%2BZJt49rz2LBuek8IqZXBeV0sikuBoFEW3e8jwKAohluwxgk6y5p3qaenlFhVetsP7VwR78CakBw3CtR35PVNRDr37FyM8UyQBcMNpjgokss%2FK1CuuUjAst2SVw8%2BPEBDDnpgu%2BdTz6T29VA0iJg9p8De0TUBHPUV%2B7%2BTnFtv0x9NjoQFPuzWBn0R%2F9ffReUcr%2BiQi0QdptwRwD0nSRz5PDdn4GAoL9wwBoARH7%2FZMWVE6rwYCRYY2k#polycard_client=search-nordic&is_advertising=true&backend_model=search-backend&search_layout=grid&position=19&type=pad&tracking_id=41905e96-a3cb-4e57-b824-4b5229820d7f&wid=MLB1759136804&sid=search', 'ID_PRODUTO': 'N/A', 'PREÇO': 'R$ 167,79', 'PREÇO ANTERIOR': 'N/A', 'MARCA': 'N/A', 'IMAGEM': 'N/A (imagens desabilitadas)', 'VENDEDOR': 'Tec Print', 'MÉDIA AVALIAÇÕES': '3.8', 'TOTAL AVALIAÇÕES': '5', 'ENTREGA': 'Chegará grátis amanhã sábado', 'ENTREGA FULL': 'Não'}
2025-09-26 02:22:43,476 - INFO - --- Processando container de produto 21/54 (total coletado: 175, pulados: 2) ---
2025-09-26 02:22:43,478 - INFO -   [TÍTULO] Encontrado: 'Kit Cartucho Hp 664 Preto Colorido Original+resma A4 Report'
2025-09-26 02:22:43,478 - INFO -   [LINK] Encontrado: 'https://click1.mercadolivre.com.br/mclics/clicks/external/MLB/count?a=BfIpRvX5bR3oFnYSyy0tx2BphdM5VRrvx0UwWUDyylI4RoiaOpAxlcz3uAzna3Sa2BbOEJMKomK3lswn2N8k6t18hPFiactzpTUI0QDiDUI%2BK6NO9cg%2F4A%2FyImMZH9qxXRV%2BC%2Fu%2B4NK95yilGe1FKAbDHxJ%2Bxja4A8mX3lfX05hpCD4XY3ZuL6pIWCX7xpHm8z7UHKNOA0%2FUSOclzxwoy02cIOJM7TYw6%2BMp1cuekeUX3mkkLTnwkburCHAf7awl69lU6q190%2BY%2B6Oj4FwMx2JYa52tGwKrp77ECMj333PCqH4fHKsjPT1f3nm5SwBjXUICQxpZBHBc%2BNYNbjthGQosoLYgjl58e5vINThmHsLu6B0yZ7kkz78XSHvg1%2FL0uskDjstPpUqyrR5W6ojcdqDpwut6uW7KLgbJBntqwHckk8v2rkfLm3v0vkBvxNp7p3ZgH1bLO9SjuPvwkfFo%2BCFKPzM9PUF1bzT%2BJ%2FczDz6wvhwDg8SpVnIaIAPGNOngpEPwmmDwBSg9oJUIGFcklWC9yFRv9%2B1%2F%2FrRfbDoO27FKttIaI6E7Y7kggpM%2FZdlKTCtGPba%2B9WSYzFlS%2BR4YkDz4IxwifotxZ24qPp6f5FLkj7kCsxZwv5xtia3l067VfXqxSyDCBmcE4qvS6%2FJ3atpqj%2FO3LpSpdcbOS%2B7nBoPAg0ixUa0Fk0DjGsQsLlP3LN4EiygUEA2yVD5uk9hBaL1TdROCx48YwWCAbjy0Y2PdSaK27ucvuZcH%2Bnk2PrP3U7Klv1m6AXgnGWe8wT0zqdrcd9xaL6IZeLgVJGKO%2FKcxq3C4iwu7Uk1A9dwrcexLYo7Qv8rJWepGLvk9ywSYOEPG28COFLRdgzUjTsDNfgA29bNXgTFwaaPp5eKP8WqlDVr7ixD1SKcXtxTROHse0Vv7G9AWsVyzWUYueHZBu5CjKJvEg1%2BJ2YPolVobIQCFxtWdAT909fZH7B7wM#polycard_client=search-nordic&is_advertising=true&searchVariation=MLBU777450434&backend_model=search-backend&search_layout=grid&position=21&type=pad&tracking_id=41905e96-a3cb-4e57-b824-4b5229820d7f&wid=MLB4087103708&sid=search'
2025-09-26 02:22:43,478 - WARNING -   [ID PRODUTO] Não encontrado no link: https://click1.mercadolivre.com.br/mclics/clicks/external/MLB/count?a=BfIpRvX5bR3oFnYSyy0tx2BphdM5VRrvx0UwWUDyylI4RoiaOpAxlcz3uAzna3Sa2BbOEJMKomK3lswn2N8k6t18hPFiactzpTUI0QDiDUI%2BK6NO9cg%2F4A%2FyImMZH9qxXRV%2BC%2Fu%2B4NK95yilGe1FKAbDHxJ%2Bxja4A8mX3lfX05hpCD4XY3ZuL6pIWCX7xpHm8z7UHKNOA0%2FUSOclzxwoy02cIOJM7TYw6%2BMp1cuekeUX3mkkLTnwkburCHAf7awl69lU6q190%2BY%2B6Oj4FwMx2JYa52tGwKrp77ECMj333PCqH4fHKsjPT1f3nm5SwBjXUICQxpZBHBc%2BNYNbjthGQosoLYgjl58e5vINThmHsLu6B0yZ7kkz78XSHvg1%2FL0uskDjstPpUqyrR5W6ojcdqDpwut6uW7KLgbJBntqwHckk8v2rkfLm3v0vkBvxNp7p3ZgH1bLO9SjuPvwkfFo%2BCFKPzM9PUF1bzT%2BJ%2FczDz6wvhwDg8SpVnIaIAPGNOngpEPwmmDwBSg9oJUIGFcklWC9yFRv9%2B1%2F%2FrRfbDoO27FKttIaI6E7Y7kggpM%2FZdlKTCtGPba%2B9WSYzFlS%2BR4YkDz4IxwifotxZ24qPp6f5FLkj7kCsxZwv5xtia3l067VfXqxSyDCBmcE4qvS6%2FJ3atpqj%2FO3LpSpdcbOS%2B7nBoPAg0ixUa0Fk0DjGsQsLlP3LN4EiygUEA2yVD5uk9hBaL1TdROCx48YwWCAbjy0Y2PdSaK27ucvuZcH%2Bnk2PrP3U7Klv1m6AXgnGWe8wT0zqdrcd9xaL6IZeLgVJGKO%2FKcxq3C4iwu7Uk1A9dwrcexLYo7Qv8rJWepGLvk9ywSYOEPG28COFLRdgzUjTsDNfgA29bNXgTFwaaPp5eKP8WqlDVr7ixD1SKcXtxTROHse0Vv7G9AWsVyzWUYueHZBu5CjKJvEg1%2BJ2YPolVobIQCFxtWdAT909fZH7B7wM#polycard_client=search-nordic&is_advertising=true&searchVariation=MLBU777450434&backend_model=search-backend&search_layout=grid&position=21&type=pad&tracking_id=41905e96-a3cb-4e57-b824-4b5229820d7f&wid=MLB4087103708&sid=search
2025-09-26 02:22:43,482 - INFO -   [PREÇO] Encontrado (poly-card fallback): 'R$ 223'
2025-09-26 02:22:43,483 - INFO -   [MARCA] Não encontrada (general/poly).
2025-09-26 02:22:43,484 - INFO -   [IMAGEM] Extração de imagens desabilitada pelo usuário.
2025-09-26 02:22:43,485 - INFO -   [VENDEDOR] Encontrado (poly-card fallback): 'Park Ecom'
2025-09-26 02:22:43,486 - INFO -   [MÉDIA AVALIAÇÕES] Encontrada (poly-card fallback): '5.0'
2025-09-26 02:22:43,487 - INFO -   [TOTAL AVALIAÇÕES] Encontrado (poly-card fallback): '4'
2025-09-26 02:22:43,489 - INFO -   [ENTREGA] Texto encontrado (poly-card fallback): 'Frete grátis'
2025-09-26 02:22:43,490 - INFO - Produto processado: Kit Cartucho Hp 664 Preto Colorido Original+resma A4 Report
2025-09-26 02:22:43,492 - DEBUG - Scraped from <200 https://lista.mercadolivre.com.br/cartucho-hp-664_Desde_153_NoIndex_True?sb=all_mercadolibre>
{'TITULO PRODUTO': 'Kit 2 Cartuchos Preto Hp 664 Xl Original 2136 2676 3776 5076', 'LINK': 'https://click1.mercadolivre.com.br/mclics/clicks/external/MLB/count?a=du9Qimo7oYYW%2B0rlkNVW2fGXTuxiyoL1JiEG9vtp2vO8l%2BDL9a%2BvkyxWhN9MfMpKrUIDHvBVp2zZXBx%2BcwrgRr7sofXEjVJU9pfz2hlqIm7BUZr1jBvzrkAlKhf1bdYQxCZWBgnsudU4zooXEv%2Bv2M9G6Za3XsMa6D6LbayMxLRYZzAGoqYkFexrMFWKXzQqsyCYV%2B9fERseG2vhuZm%2FsxzrePqVGvU3%2FD6NwNfr2h1LxmHV3cpPOo8yNcTUSkuvSN3l5qpwTlQpYoGkdrXK6SRMfKdL6DMiwoeLC%2F79R7aC5ofCjHiDa1QWuLI2IapmGiXrnXpgiErC4QkvCs6LEFNeyJ%2BUXKK7ERuxhQZ8UcbCG05DTiDBSu3apeUrJ6Rgjak5YM9WkPJLfeVuYajdi39RukXGPADNbSpq3i1PPG3ru9I%2BEor4UQyWrapmyf6V0Er0yGFLP7YFGybH5svpuR%2F2EWkPxozMMV%2F2opYCDIlZSl2tchlvn%2BREtbGyWNN98Bz1OOQEZmNnr6Jw3ndTUhnDcw4hvVkFqSzNRxBqIa4eVS1FUOamAQa9XPT5t7OZHWvOkcsncuRuyiZ%2Fke2SSQu%2FT3xgGSaIkmmq3JwVCR2cBgT5gRZmNMs68BafbjnWzqpgWSBIpCQPWfj4EAEs%2B%2FoO4tc%2FVDyNcbLvnoIN6pJaTm9GaLyNlgDMlR0lJdV53xE0W5zXhC0GkFFRAdPbjJrwQusXPjdiuIG48If2guHdxHDVBuDh9dfJKKT5MQdNWIysA52vz2oGcTafmSwD6EkdN3rAT7Jj317OnofqywbXcRkT6XUShFF9CrxOvNCv1v9Kyvdq3IweqgerTfTb8Oedfv7v1lMqBcuVj3l5s7pd1jdBdRzli%2BtDExe4goY3JPCiG5fWaXd3bB5%2BFcqoh2Rk3qv1%2BpSimEJLWv6KQMjdfMZZkCao1ID8EoXS3xR%2FA1ffkPGToJ6pjfIiTtA%3D#polycard_client=search-nordic&is_advertising=true&searchVariation=MLBU1464289370&backend_model=search-backend&search_layout=grid&position=20&type=pad&tracking_id=41905e96-a3cb-4e57-b824-4b5229820d7f&wid=MLB3800828438&sid=search', 'ID_PRODUTO': 'N/A', 'PREÇO': 'R$ 399,99', 'PREÇO ANTERIOR': 'N/A', 'MARCA': 'N/A', 'IMAGEM': 'N/A (imagens desabilitadas)', 'VENDEDOR': 'N/A', 'MÉDIA AVALIAÇÕES': '5.0', 'TOTAL AVALIAÇÕES': '1', 'ENTREGA': 'Chegará grátis amanhã sábado', 'ENTREGA FULL': 'Não'}
2025-09-26 02:22:43,493 - INFO - --- Processando container de produto 22/54 (total coletado: 176, pulados: 2) ---
2025-09-26 02:22:43,494 - INFO -   [TÍTULO] Encontrado: 'Cartucho Tinta Hp 664 Preto Original F6v29ab 2136 2676 3776'
2025-09-26 02:22:43,495 - INFO -   [LINK] Encontrado: 'https://www.mercadolivre.com.br/cartucho-tinta-hp-664-preto-original-f6v29ab-2136-2676-3776/up/MLBU722850713#polycard_client=search-nordic&search_layout=grid&position=22&type=product&tracking_id=41905e96-a3cb-4e57-b824-4b5229820d7f&wid=MLB3833596587&sid=search'
2025-09-26 02:22:43,495 - WARNING -   [ID PRODUTO] Não encontrado no link: https://www.mercadolivre.com.br/cartucho-tinta-hp-664-preto-original-f6v29ab-2136-2676-3776/up/MLBU722850713#polycard_client=search-nordic&search_layout=grid&position=22&type=product&tracking_id=41905e96-a3cb-4e57-b824-4b5229820d7f&wid=MLB3833596587&sid=search
2025-09-26 02:22:43,496 - INFO -   [PREÇO] Encontrado (poly-card fallback): 'R$ 64,90'
2025-09-26 02:22:43,497 - INFO -   [MARCA] Não encontrada (general/poly).
2025-09-26 02:22:43,498 - INFO -   [IMAGEM] Extração de imagens desabilitada pelo usuário.
2025-09-26 02:22:43,499 - INFO -   [VENDEDOR] Não encontrado para o container 22.
2025-09-26 02:22:43,501 - INFO -   [MÉDIA AVALIAÇÕES] Encontrada (poly-card fallback): '5.0'
2025-09-26 02:22:43,501 - INFO -   [TOTAL AVALIAÇÕES] Encontrado (poly-card fallback): '8'
2025-09-26 02:22:43,502 - INFO -   [ENTREGA] Texto encontrado (poly-card fallback): 'Frete grátis'
2025-09-26 02:22:43,503 - INFO - Produto processado: Cartucho Tinta Hp 664 Preto Original F6v29ab 2136 2676 3776
2025-09-26 02:22:43,504 - DEBUG - Scraped from <200 https://lista.mercadolivre.com.br/cartucho-hp-664_Desde_153_NoIndex_True?sb=all_mercadolibre>
{'TITULO PRODUTO': 'Kit Cartucho Hp 664 Preto Colorido Original+resma A4 Report', 'LINK': 'https://click1.mercadolivre.com.br/mclics/clicks/external/MLB/count?a=BfIpRvX5bR3oFnYSyy0tx2BphdM5VRrvx0UwWUDyylI4RoiaOpAxlcz3uAzna3Sa2BbOEJMKomK3lswn2N8k6t18hPFiactzpTUI0QDiDUI%2BK6NO9cg%2F4A%2FyImMZH9qxXRV%2BC%2Fu%2B4NK95yilGe1FKAbDHxJ%2Bxja4A8mX3lfX05hpCD4XY3ZuL6pIWCX7xpHm8z7UHKNOA0%2FUSOclzxwoy02cIOJM7TYw6%2BMp1cuekeUX3mkkLTnwkburCHAf7awl69lU6q190%2BY%2B6Oj4FwMx2JYa52tGwKrp77ECMj333PCqH4fHKsjPT1f3nm5SwBjXUICQxpZBHBc%2BNYNbjthGQosoLYgjl58e5vINThmHsLu6B0yZ7kkz78XSHvg1%2FL0uskDjstPpUqyrR5W6ojcdqDpwut6uW7KLgbJBntqwHckk8v2rkfLm3v0vkBvxNp7p3ZgH1bLO9SjuPvwkfFo%2BCFKPzM9PUF1bzT%2BJ%2FczDz6wvhwDg8SpVnIaIAPGNOngpEPwmmDwBSg9oJUIGFcklWC9yFRv9%2B1%2F%2FrRfbDoO27FKttIaI6E7Y7kggpM%2FZdlKTCtGPba%2B9WSYzFlS%2BR4YkDz4IxwifotxZ24qPp6f5FLkj7kCsxZwv5xtia3l067VfXqxSyDCBmcE4qvS6%2FJ3atpqj%2FO3LpSpdcbOS%2B7nBoPAg0ixUa0Fk0DjGsQsLlP3LN4EiygUEA2yVD5uk9hBaL1TdROCx48YwWCAbjy0Y2PdSaK27ucvuZcH%2Bnk2PrP3U7Klv1m6AXgnGWe8wT0zqdrcd9xaL6IZeLgVJGKO%2FKcxq3C4iwu7Uk1A9dwrcexLYo7Qv8rJWepGLvk9ywSYOEPG28COFLRdgzUjTsDNfgA29bNXgTFwaaPp5eKP8WqlDVr7ixD1SKcXtxTROHse0Vv7G9AWsVyzWUYueHZBu5CjKJvEg1%2BJ2YPolVobIQCFxtWdAT909fZH7B7wM#polycard_client=search-nordic&is_advertising=true&searchVariation=MLBU777450434&backend_model=search-backend&search_layout=grid&position=21&type=pad&tracking_id=41905e96-a3cb-4e57-b824-4b5229820d7f&wid=MLB4087103708&sid=search', 'ID_PRODUTO': 'N/A', 'PREÇO': 'R$ 223', 'PREÇO ANTERIOR': 'N/A', 'MARCA': 'N/A', 'IMAGEM': 'N/A (imagens desabilitadas)', 'VENDEDOR': 'Park Ecom', 'MÉDIA AVALIAÇÕES': '5.0', 'TOTAL AVALIAÇÕES': '4', 'ENTREGA': 'Frete grátis', 'ENTREGA FULL': 'Não'}
2025-09-26 02:22:43,504 - INFO - --- Processando container de produto 23/54 (total coletado: 177, pulados: 2) ---
2025-09-26 02:22:43,508 - INFO -   [TÍTULO] Encontrado: 'Kit Cartucho Hp 664xl Preto + Hp 664xl Colorido Original'
2025-09-26 02:22:43,508 - INFO -   [LINK] Encontrado: 'https://produto.mercadolivre.com.br/MLB-1805271102-kit-cartucho-hp-664xl-preto-hp-664xl-colorido-original-_JM#polycard_client=search-nordic&search_layout=grid&position=23&type=item&tracking_id=41905e96-a3cb-4e57-b824-4b5229820d7f&wid=MLB1805271102&sid=search'
2025-09-26 02:22:43,509 - WARNING -   [ID PRODUTO] Não encontrado no link: https://produto.mercadolivre.com.br/MLB-1805271102-kit-cartucho-hp-664xl-preto-hp-664xl-colorido-original-_JM#polycard_client=search-nordic&search_layout=grid&position=23&type=item&tracking_id=41905e96-a3cb-4e57-b824-4b5229820d7f&wid=MLB1805271102&sid=search
2025-09-26 02:22:43,511 - INFO -   [PREÇO] Encontrado (poly-card fallback): 'R$ 449,90'
2025-09-26 02:22:43,513 - INFO -   [MARCA] Não encontrada (general/poly).
2025-09-26 02:22:43,513 - INFO -   [IMAGEM] Extração de imagens desabilitada pelo usuário.
2025-09-26 02:22:43,514 - INFO -   [VENDEDOR] Encontrado (poly-card fallback): 'Tec Print'
2025-09-26 02:22:43,516 - INFO -   [MÉDIA AVALIAÇÕES] Encontrada (poly-card fallback): '4.9'
2025-09-26 02:22:43,516 - INFO -   [TOTAL AVALIAÇÕES] Encontrado (poly-card fallback): '103'
2025-09-26 02:22:43,517 - INFO -   [ENTREGA] Texto encontrado (general alt): 'Chegará grátis amanhã sábado'
2025-09-26 02:22:43,518 - INFO - Produto processado: Kit Cartucho Hp 664xl Preto + Hp 664xl Colorido Original
2025-09-26 02:22:43,518 - DEBUG - Scraped from <200 https://lista.mercadolivre.com.br/cartucho-hp-664_Desde_153_NoIndex_True?sb=all_mercadolibre>
{'TITULO PRODUTO': 'Cartucho Tinta Hp 664 Preto Original F6v29ab 2136 2676 3776', 'LINK': 'https://www.mercadolivre.com.br/cartucho-tinta-hp-664-preto-original-f6v29ab-2136-2676-3776/up/MLBU722850713#polycard_client=search-nordic&search_layout=grid&position=22&type=product&tracking_id=41905e96-a3cb-4e57-b824-4b5229820d7f&wid=MLB3833596587&sid=search', 'ID_PRODUTO': 'N/A', 'PREÇO': 'R$ 64,90', 'PREÇO ANTERIOR': 'N/A', 'MARCA': 'N/A', 'IMAGEM': 'N/A (imagens desabilitadas)', 'VENDEDOR': 'N/A', 'MÉDIA AVALIAÇÕES': '5.0', 'TOTAL AVALIAÇÕES': '8', 'ENTREGA': 'Frete grátis', 'ENTREGA FULL': 'Não'}
2025-09-26 02:22:43,519 - INFO - --- Processando container de produto 24/54 (total coletado: 178, pulados: 2) ---
2025-09-26 02:22:43,521 - INFO -   [TÍTULO] Encontrado: 'Cartucho Tinta Original Hp 664xl Deskjet 2136 2676 Preto'
2025-09-26 02:22:43,521 - INFO -   [LINK] Encontrado: 'https://produto.mercadolivre.com.br/MLB-1805269382-cartucho-tinta-original-hp-664xl-deskjet-2136-2676-preto-_JM#polycard_client=search-nordic&search_layout=grid&position=24&type=item&tracking_id=41905e96-a3cb-4e57-b824-4b5229820d7f&wid=MLB1805269382&sid=search'
2025-09-26 02:22:43,521 - WARNING -   [ID PRODUTO] Não encontrado no link: https://produto.mercadolivre.com.br/MLB-1805269382-cartucho-tinta-original-hp-664xl-deskjet-2136-2676-preto-_JM#polycard_client=search-nordic&search_layout=grid&position=24&type=item&tracking_id=41905e96-a3cb-4e57-b824-4b5229820d7f&wid=MLB1805269382&sid=search
2025-09-26 02:22:43,523 - INFO -   [PREÇO] Encontrado (poly-card fallback): 'R$ 249,90'
2025-09-26 02:22:43,524 - INFO -   [MARCA] Não encontrada (general/poly).
2025-09-26 02:22:43,525 - INFO -   [IMAGEM] Extração de imagens desabilitada pelo usuário.
2025-09-26 02:22:43,526 - INFO -   [VENDEDOR] Encontrado (poly-card fallback): 'Tec Print'
2025-09-26 02:22:43,527 - INFO -   [MÉDIA AVALIAÇÕES] Encontrada (poly-card fallback): '4.5'
2025-09-26 02:22:43,527 - INFO -   [TOTAL AVALIAÇÕES] Encontrado (poly-card fallback): '31'
2025-09-26 02:22:43,529 - INFO -   [ENTREGA] Texto encontrado (general alt): 'Chegará grátis amanhã sábado'
2025-09-26 02:22:43,529 - INFO - Produto processado: Cartucho Tinta Original Hp 664xl Deskjet 2136 2676 Preto
2025-09-26 02:22:43,530 - DEBUG - Scraped from <200 https://lista.mercadolivre.com.br/cartucho-hp-664_Desde_153_NoIndex_True?sb=all_mercadolibre>
{'TITULO PRODUTO': 'Kit Cartucho Hp 664xl Preto + Hp 664xl Colorido Original', 'LINK': 'https://produto.mercadolivre.com.br/MLB-1805271102-kit-cartucho-hp-664xl-preto-hp-664xl-colorido-original-_JM#polycard_client=search-nordic&search_layout=grid&position=23&type=item&tracking_id=41905e96-a3cb-4e57-b824-4b5229820d7f&wid=MLB1805271102&sid=search', 'ID_PRODUTO': 'N/A', 'PREÇO': 'R$ 449,90', 'PREÇO ANTERIOR': 'N/A', 'MARCA': 'N/A', 'IMAGEM': 'N/A (imagens desabilitadas)', 'VENDEDOR': 'Tec Print', 'MÉDIA AVALIAÇÕES': '4.9', 'TOTAL AVALIAÇÕES': '103', 'ENTREGA': 'Chegará grátis amanhã sábado', 'ENTREGA FULL': 'Não'}
2025-09-26 02:22:43,531 - INFO - --- Processando container de produto 25/54 (total coletado: 179, pulados: 2) ---
2025-09-26 02:22:43,532 - INFO -   [TÍTULO] Encontrado: 'Cartucho Tinta Original Hp 664xl Black 2136 2676 3776 5076 Preto'
2025-09-26 02:22:43,533 - INFO -   [LINK] Encontrado: 'https://www.mercadolivre.com.br/cartucho-tinta-original-hp-664xl-black-2136-2676-3776-5076/up/MLBU1750932136#polycard_client=search-nordic&search_layout=grid&position=25&type=product&tracking_id=41905e96-a3cb-4e57-b824-4b5229820d7f&wid=MLB3386956173&sid=search'
2025-09-26 02:22:43,533 - WARNING -   [ID PRODUTO] Não encontrado no link: https://www.mercadolivre.com.br/cartucho-tinta-original-hp-664xl-black-2136-2676-3776-5076/up/MLBU1750932136#polycard_client=search-nordic&search_layout=grid&position=25&type=product&tracking_id=41905e96-a3cb-4e57-b824-4b5229820d7f&wid=MLB3386956173&sid=search
2025-09-26 02:22:43,535 - INFO -   [PREÇO] Encontrado (poly-card fallback): 'R$ 229,90'
2025-09-26 02:22:43,536 - INFO -   [MARCA] Não encontrada (general/poly).
2025-09-26 02:22:43,536 - INFO -   [IMAGEM] Extração de imagens desabilitada pelo usuário.
2025-09-26 02:22:43,537 - INFO -   [VENDEDOR] Não encontrado para o container 25.
2025-09-26 02:22:43,539 - INFO -   [MÉDIA AVALIAÇÕES] Encontrada (poly-card fallback): '5.0'
2025-09-26 02:22:43,539 - INFO -   [TOTAL AVALIAÇÕES] Encontrado (poly-card fallback): '1'
2025-09-26 02:22:43,542 - INFO -   [ENTREGA] Texto encontrado (general alt): 'Chegará grátis amanhã sábado'
2025-09-26 02:22:43,543 - INFO - Produto processado: Cartucho Tinta Original Hp 664xl Black 2136 2676 3776 5076 Preto
2025-09-26 02:22:43,544 - DEBUG - Scraped from <200 https://lista.mercadolivre.com.br/cartucho-hp-664_Desde_153_NoIndex_True?sb=all_mercadolibre>
{'TITULO PRODUTO': 'Cartucho Tinta Original Hp 664xl Deskjet 2136 2676 Preto', 'LINK': 'https://produto.mercadolivre.com.br/MLB-1805269382-cartucho-tinta-original-hp-664xl-deskjet-2136-2676-preto-_JM#polycard_client=search-nordic&search_layout=grid&position=24&type=item&tracking_id=41905e96-a3cb-4e57-b824-4b5229820d7f&wid=MLB1805269382&sid=search', 'ID_PRODUTO': 'N/A', 'PREÇO': 'R$ 249,90', 'PREÇO ANTERIOR': 'N/A', 'MARCA': 'N/A', 'IMAGEM': 'N/A (imagens desabilitadas)', 'VENDEDOR': 'Tec Print', 'MÉDIA AVALIAÇÕES': '4.5', 'TOTAL AVALIAÇÕES': '31', 'ENTREGA': 'Chegará grátis amanhã sábado', 'ENTREGA FULL': 'Não'}
2025-09-26 02:22:43,546 - INFO - --- Processando container de produto 26/54 (total coletado: 180, pulados: 2) ---
2025-09-26 02:22:43,547 - INFO -   [TÍTULO] Encontrado: 'Cartucho Hp 664xl Preto Original (f6v31ab) Hp Deskjet'
2025-09-26 02:22:43,547 - INFO -   [LINK] Encontrado: 'https://produto.mercadolivre.com.br/MLB-4148680817-cartucho-hp-664xl-preto-original-f6v31ab-hp-deskjet-_JM#polycard_client=search-nordic&search_layout=grid&position=26&type=item&tracking_id=41905e96-a3cb-4e57-b824-4b5229820d7f&wid=MLB4148680817&sid=search'
2025-09-26 02:22:43,549 - WARNING -   [ID PRODUTO] Não encontrado no link: https://produto.mercadolivre.com.br/MLB-4148680817-cartucho-hp-664xl-preto-original-f6v31ab-hp-deskjet-_JM#polycard_client=search-nordic&search_layout=grid&position=26&type=item&tracking_id=41905e96-a3cb-4e57-b824-4b5229820d7f&wid=MLB4148680817&sid=search
2025-09-26 02:22:43,550 - INFO -   [PREÇO] Encontrado (poly-card fallback): 'R$ 154,18'
2025-09-26 02:22:43,552 - INFO -   [MARCA] Não encontrada (general/poly).
2025-09-26 02:22:43,552 - INFO -   [IMAGEM] Extração de imagens desabilitada pelo usuário.
2025-09-26 02:22:43,553 - INFO -   [VENDEDOR] Não encontrado para o container 26.
2025-09-26 02:22:43,555 - INFO -   [ENTREGA] Texto encontrado (poly-card fallback): 'Frete grátis'
2025-09-26 02:22:43,557 - INFO - Produto processado: Cartucho Hp 664xl Preto Original (f6v31ab) Hp Deskjet
2025-09-26 02:22:43,558 - DEBUG - Scraped from <200 https://lista.mercadolivre.com.br/cartucho-hp-664_Desde_153_NoIndex_True?sb=all_mercadolibre>
{'TITULO PRODUTO': 'Cartucho Tinta Original Hp 664xl Black 2136 2676 3776 5076 Preto', 'LINK': 'https://www.mercadolivre.com.br/cartucho-tinta-original-hp-664xl-black-2136-2676-3776-5076/up/MLBU1750932136#polycard_client=search-nordic&search_layout=grid&position=25&type=product&tracking_id=41905e96-a3cb-4e57-b824-4b5229820d7f&wid=MLB3386956173&sid=search', 'ID_PRODUTO': 'N/A', 'PREÇO': 'R$ 229,90', 'PREÇO ANTERIOR': 'N/A', 'MARCA': 'N/A', 'IMAGEM': 'N/A (imagens desabilitadas)', 'VENDEDOR': 'N/A', 'MÉDIA AVALIAÇÕES': '5.0', 'TOTAL AVALIAÇÕES': '1', 'ENTREGA': 'Chegará grátis amanhã sábado', 'ENTREGA FULL': 'Não'}
2025-09-26 02:22:43,559 - INFO - --- Processando container de produto 27/54 (total coletado: 181, pulados: 2) ---
2025-09-26 02:22:43,561 - INFO -   [TÍTULO] Encontrado: 'Kit Cartucho De Tinta Hp 664 Xl Preto + Xl Color 2676 3776'
2025-09-26 02:22:43,561 - INFO -   [LINK] Encontrado: 'https://www.mercadolivre.com.br/kit-cartucho-de-tinta-hp-664-xl-preto-xl-color-2676-3776/p/MLB46415259#polycard_client=search-nordic&search_layout=grid&position=27&type=product&tracking_id=41905e96-a3cb-4e57-b824-4b5229820d7f&wid=MLB3987506541&sid=search'
2025-09-26 02:22:43,562 - INFO -   [ID PRODUTO] Encontrado: 'MLB46415259'
2025-09-26 02:22:43,564 - INFO -   [PREÇO] Encontrado (poly-card fallback): 'R$ 499,99'
2025-09-26 02:22:43,565 - INFO -   [MARCA] Não encontrada (general/poly).
2025-09-26 02:22:43,566 - INFO -   [IMAGEM] Extração de imagens desabilitada pelo usuário.
2025-09-26 02:22:43,566 - INFO -   [VENDEDOR] Não encontrado para o container 27.
2025-09-26 02:22:43,568 - INFO -   [MÉDIA AVALIAÇÕES] Encontrada (poly-card fallback): '4.6'
2025-09-26 02:22:43,568 - INFO -   [TOTAL AVALIAÇÕES] Encontrado (poly-card fallback): '111'
2025-09-26 02:22:43,569 - INFO -   [ENTREGA] Texto encontrado (general alt): 'Chegará grátis amanhã sábado'
2025-09-26 02:22:43,570 - INFO - Produto processado: Kit Cartucho De Tinta Hp 664 Xl Preto + Xl Color 2676 3776
2025-09-26 02:22:43,572 - DEBUG - Scraped from <200 https://lista.mercadolivre.com.br/cartucho-hp-664_Desde_153_NoIndex_True?sb=all_mercadolibre>
{'TITULO PRODUTO': 'Cartucho Hp 664xl Preto Original (f6v31ab) Hp Deskjet', 'LINK': 'https://produto.mercadolivre.com.br/MLB-4148680817-cartucho-hp-664xl-preto-original-f6v31ab-hp-deskjet-_JM#polycard_client=search-nordic&search_layout=grid&position=26&type=item&tracking_id=41905e96-a3cb-4e57-b824-4b5229820d7f&wid=MLB4148680817&sid=search', 'ID_PRODUTO': 'N/A', 'PREÇO': 'R$ 154,18', 'PREÇO ANTERIOR': 'N/A', 'MARCA': 'N/A', 'IMAGEM': 'N/A (imagens desabilitadas)', 'VENDEDOR': 'N/A', 'MÉDIA AVALIAÇÕES': 'N/A', 'TOTAL AVALIAÇÕES': 'N/A', 'ENTREGA': 'Frete grátis', 'ENTREGA FULL': 'Não'}
2025-09-26 02:22:43,573 - INFO - --- Processando container de produto 28/54 (total coletado: 182, pulados: 2) ---
2025-09-26 02:22:43,576 - INFO -   [TÍTULO] Encontrado: 'Cartucho Hp 664 Original Colorido 2ml'
2025-09-26 02:22:43,576 - INFO -   [LINK] Encontrado: 'https://www.mercadolivre.com.br/cartucho-hp-664-original-colorido-2ml/up/MLBU1446012298#polycard_client=search-nordic&search_layout=grid&position=28&type=product&tracking_id=41905e96-a3cb-4e57-b824-4b5229820d7f&wid=MLB3398552487&sid=search'
2025-09-26 02:22:43,577 - WARNING -   [ID PRODUTO] Não encontrado no link: https://www.mercadolivre.com.br/cartucho-hp-664-original-colorido-2ml/up/MLBU1446012298#polycard_client=search-nordic&search_layout=grid&position=28&type=product&tracking_id=41905e96-a3cb-4e57-b824-4b5229820d7f&wid=MLB3398552487&sid=search
2025-09-26 02:22:43,579 - INFO -   [PREÇO] Encontrado (poly-card fallback): 'R$ 105,68'
2025-09-26 02:22:43,580 - INFO -   [MARCA] Não encontrada (general/poly).
2025-09-26 02:22:43,581 - INFO -   [IMAGEM] Extração de imagens desabilitada pelo usuário.
2025-09-26 02:22:43,582 - INFO -   [VENDEDOR] Não encontrado para o container 28.
2025-09-26 02:22:43,583 - INFO -   [ENTREGA] Texto encontrado (general alt): 'Chegará grátis amanhã sábado'
2025-09-26 02:22:43,584 - INFO - Produto processado: Cartucho Hp 664 Original Colorido 2ml
2025-09-26 02:22:43,584 - DEBUG - Scraped from <200 https://lista.mercadolivre.com.br/cartucho-hp-664_Desde_153_NoIndex_True?sb=all_mercadolibre>
{'TITULO PRODUTO': 'Kit Cartucho De Tinta Hp 664 Xl Preto + Xl Color 2676 3776', 'LINK': 'https://www.mercadolivre.com.br/kit-cartucho-de-tinta-hp-664-xl-preto-xl-color-2676-3776/p/MLB46415259#polycard_client=search-nordic&search_layout=grid&position=27&type=product&tracking_id=41905e96-a3cb-4e57-b824-4b5229820d7f&wid=MLB3987506541&sid=search', 'ID_PRODUTO': 'MLB46415259', 'PREÇO': 'R$ 499,99', 'PREÇO ANTERIOR': 'N/A', 'MARCA': 'N/A', 'IMAGEM': 'N/A (imagens desabilitadas)', 'VENDEDOR': 'N/A', 'MÉDIA AVALIAÇÕES': '4.6', 'TOTAL AVALIAÇÕES': '111', 'ENTREGA': 'Chegará grátis amanhã sábado', 'ENTREGA FULL': 'Não'}
2025-09-26 02:22:43,585 - INFO - --- Processando container de produto 29/54 (total coletado: 183, pulados: 2) ---
2025-09-26 02:22:43,586 - INFO -   [TÍTULO] Encontrado: 'Cartucho Hp 664 Preto(f6v29ab) Para Deskjet 4535, 4675, 1115, 2135, 3775'
2025-09-26 02:22:43,587 - INFO -   [LINK] Encontrado: 'https://www.mercadolivre.com.br/cartucho-hp-664-pretof6v29ab-para-deskjet-4535-4675-1115-2135-3775/up/MLBU2917849643#polycard_client=search-nordic&search_layout=grid&position=29&type=product&tracking_id=41905e96-a3cb-4e57-b824-4b5229820d7f&wid=MLB5237298822&sid=search'
2025-09-26 02:22:43,587 - WARNING -   [ID PRODUTO] Não encontrado no link: https://www.mercadolivre.com.br/cartucho-hp-664-pretof6v29ab-para-deskjet-4535-4675-1115-2135-3775/up/MLBU2917849643#polycard_client=search-nordic&search_layout=grid&position=29&type=product&tracking_id=41905e96-a3cb-4e57-b824-4b5229820d7f&wid=MLB5237298822&sid=search
2025-09-26 02:22:43,590 - INFO -   [PREÇO] Encontrado (poly-card fallback): 'R$ 78,80'
2025-09-26 02:22:43,592 - INFO -   [MARCA] Não encontrada (general/poly).
2025-09-26 02:22:43,593 - INFO -   [IMAGEM] Extração de imagens desabilitada pelo usuário.
2025-09-26 02:22:43,594 - INFO -   [VENDEDOR] Encontrado (poly-card fallback): 'Park Ecom'
2025-09-26 02:22:43,595 - INFO -   [MÉDIA AVALIAÇÕES] Encontrada (poly-card fallback): '5.0'
2025-09-26 02:22:43,595 - INFO -   [TOTAL AVALIAÇÕES] Encontrado (poly-card fallback): '1'
2025-09-26 02:22:43,597 - INFO -   [ENTREGA] Texto encontrado (poly-card fallback): 'Frete grátis'
2025-09-26 02:22:43,599 - INFO - Produto processado: Cartucho Hp 664 Preto(f6v29ab) Para Deskjet 4535, 4675, 1115, 2135, 3775
2025-09-26 02:22:43,600 - DEBUG - Scraped from <200 https://lista.mercadolivre.com.br/cartucho-hp-664_Desde_153_NoIndex_True?sb=all_mercadolibre>
{'TITULO PRODUTO': 'Cartucho Hp 664 Original Colorido 2ml', 'LINK': 'https://www.mercadolivre.com.br/cartucho-hp-664-original-colorido-2ml/up/MLBU1446012298#polycard_client=search-nordic&search_layout=grid&position=28&type=product&tracking_id=41905e96-a3cb-4e57-b824-4b5229820d7f&wid=MLB3398552487&sid=search', 'ID_PRODUTO': 'N/A', 'PREÇO': 'R$ 105,68', 'PREÇO ANTERIOR': 'N/A', 'MARCA': 'N/A', 'IMAGEM': 'N/A (imagens desabilitadas)', 'VENDEDOR': 'N/A', 'MÉDIA AVALIAÇÕES': 'N/A', 'TOTAL AVALIAÇÕES': 'N/A', 'ENTREGA': 'Chegará grátis amanhã sábado', 'ENTREGA FULL': 'Não'}
2025-09-26 02:22:43,600 - INFO - --- Processando container de produto 30/54 (total coletado: 184, pulados: 2) ---
2025-09-26 02:22:43,602 - INFO -   [TÍTULO] Encontrado: 'Cartucho De Tinta Hp 664 Xl Tricolor F6v30ab - Original'
2025-09-26 02:22:43,603 - INFO -   [LINK] Encontrado: 'https://www.mercadolivre.com.br/cartucho-de-tinta-hp-664-xl-tricolor-f6v30ab--original/up/MLBU1436477509#polycard_client=search-nordic&search_layout=grid&position=30&type=product&tracking_id=41905e96-a3cb-4e57-b824-4b5229820d7f&wid=MLB2941090205&sid=search'
2025-09-26 02:22:43,603 - WARNING -   [ID PRODUTO] Não encontrado no link: https://www.mercadolivre.com.br/cartucho-de-tinta-hp-664-xl-tricolor-f6v30ab--original/up/MLBU1436477509#polycard_client=search-nordic&search_layout=grid&position=30&type=product&tracking_id=41905e96-a3cb-4e57-b824-4b5229820d7f&wid=MLB2941090205&sid=search
2025-09-26 02:22:43,605 - INFO -   [PREÇO] Encontrado (poly-card fallback): 'R$ 128,28'
2025-09-26 02:22:43,607 - INFO -   [MARCA] Não encontrada (general/poly).
2025-09-26 02:22:43,608 - INFO -   [IMAGEM] Extração de imagens desabilitada pelo usuário.
2025-09-26 02:22:43,609 - INFO -   [VENDEDOR] Não encontrado para o container 30.
2025-09-26 02:22:43,611 - INFO -   [MÉDIA AVALIAÇÕES] Encontrada (poly-card fallback): '4.7'
2025-09-26 02:22:43,612 - INFO -   [TOTAL AVALIAÇÕES] Encontrado (poly-card fallback): '14'
2025-09-26 02:22:43,614 - INFO -   [ENTREGA] Texto encontrado (poly-card fallback): 'Frete grátis'
2025-09-26 02:22:43,615 - INFO - Produto processado: Cartucho De Tinta Hp 664 Xl Tricolor F6v30ab - Original
2025-09-26 02:22:43,616 - DEBUG - Scraped from <200 https://lista.mercadolivre.com.br/cartucho-hp-664_Desde_153_NoIndex_True?sb=all_mercadolibre>
{'TITULO PRODUTO': 'Cartucho Hp 664 Preto(f6v29ab) Para Deskjet 4535, 4675, 1115, 2135, 3775', 'LINK': 'https://www.mercadolivre.com.br/cartucho-hp-664-pretof6v29ab-para-deskjet-4535-4675-1115-2135-3775/up/MLBU2917849643#polycard_client=search-nordic&search_layout=grid&position=29&type=product&tracking_id=41905e96-a3cb-4e57-b824-4b5229820d7f&wid=MLB5237298822&sid=search', 'ID_PRODUTO': 'N/A', 'PREÇO': 'R$ 78,80', 'PREÇO ANTERIOR': 'N/A', 'MARCA': 'N/A', 'IMAGEM': 'N/A (imagens desabilitadas)', 'VENDEDOR': 'Park Ecom', 'MÉDIA AVALIAÇÕES': '5.0', 'TOTAL AVALIAÇÕES': '1', 'ENTREGA': 'Frete grátis', 'ENTREGA FULL': 'Não'}
2025-09-26 02:22:43,617 - INFO - --- Processando container de produto 31/54 (total coletado: 185, pulados: 2) ---
2025-09-26 02:22:43,618 - INFO -   [TÍTULO] Encontrado: 'Cartucho De Tinta H P  6 6 4 Original Colorido'
2025-09-26 02:22:43,619 - INFO -   [LINK] Encontrado: 'https://produto.mercadolivre.com.br/MLB-4111605801-cartucho-de-tinta-h-p-6-6-4-original-colorido-_JM#polycard_client=search-nordic&search_layout=grid&position=31&type=item&tracking_id=41905e96-a3cb-4e57-b824-4b5229820d7f&wid=MLB4111605801&sid=search'
2025-09-26 02:22:43,619 - WARNING -   [ID PRODUTO] Não encontrado no link: https://produto.mercadolivre.com.br/MLB-4111605801-cartucho-de-tinta-h-p-6-6-4-original-colorido-_JM#polycard_client=search-nordic&search_layout=grid&position=31&type=item&tracking_id=41905e96-a3cb-4e57-b824-4b5229820d7f&wid=MLB4111605801&sid=search
2025-09-26 02:22:43,621 - INFO -   [PREÇO] Encontrado (poly-card fallback): 'R$ 137,53'
2025-09-26 02:22:43,622 - INFO -   [MARCA] Não encontrada (general/poly).
2025-09-26 02:22:43,624 - INFO -   [IMAGEM] Extração de imagens desabilitada pelo usuário.
2025-09-26 02:22:43,625 - INFO -   [VENDEDOR] Não encontrado para o container 31.
2025-09-26 02:22:43,627 - INFO -   [ENTREGA] Texto encontrado (general alt): 'Chegará grátis amanhã sábado'
2025-09-26 02:22:43,628 - INFO - Produto processado: Cartucho De Tinta H P  6 6 4 Original Colorido
2025-09-26 02:22:43,630 - DEBUG - Scraped from <200 https://lista.mercadolivre.com.br/cartucho-hp-664_Desde_153_NoIndex_True?sb=all_mercadolibre>
{'TITULO PRODUTO': 'Cartucho De Tinta Hp 664 Xl Tricolor F6v30ab - Original', 'LINK': 'https://www.mercadolivre.com.br/cartucho-de-tinta-hp-664-xl-tricolor-f6v30ab--original/up/MLBU1436477509#polycard_client=search-nordic&search_layout=grid&position=30&type=product&tracking_id=41905e96-a3cb-4e57-b824-4b5229820d7f&wid=MLB2941090205&sid=search', 'ID_PRODUTO': 'N/A', 'PREÇO': 'R$ 128,28', 'PREÇO ANTERIOR': 'N/A', 'MARCA': 'N/A', 'IMAGEM': 'N/A (imagens desabilitadas)', 'VENDEDOR': 'N/A', 'MÉDIA AVALIAÇÕES': '4.7', 'TOTAL AVALIAÇÕES': '14', 'ENTREGA': 'Frete grátis', 'ENTREGA FULL': 'Não'}
2025-09-26 02:22:43,631 - INFO - --- Processando container de produto 32/54 (total coletado: 186, pulados: 2) ---
2025-09-26 02:22:43,632 - INFO -   [TÍTULO] Encontrado: 'Kit 2 Cartucho Hp 664 F6v29ab Preto Ink Advantage 3786 3788'
2025-09-26 02:22:43,633 - INFO -   [LINK] Encontrado: 'https://www.mercadolivre.com.br/kit-2-cartucho-hp-664-f6v29ab-preto-ink-advantage-3786-3788/up/MLBU736406820#polycard_client=search-nordic&search_layout=grid&position=32&type=product&tracking_id=41905e96-a3cb-4e57-b824-4b5229820d7f&wid=MLB1815357159&sid=search'
2025-09-26 02:22:43,633 - WARNING -   [ID PRODUTO] Não encontrado no link: https://www.mercadolivre.com.br/kit-2-cartucho-hp-664-f6v29ab-preto-ink-advantage-3786-3788/up/MLBU736406820#polycard_client=search-nordic&search_layout=grid&position=32&type=product&tracking_id=41905e96-a3cb-4e57-b824-4b5229820d7f&wid=MLB1815357159&sid=search
2025-09-26 02:22:43,635 - INFO -   [PREÇO] Encontrado (poly-card fallback): 'R$ 171,34'
2025-09-26 02:22:43,636 - INFO -   [MARCA] Não encontrada (general/poly).
2025-09-26 02:22:43,637 - INFO -   [IMAGEM] Extração de imagens desabilitada pelo usuário.
2025-09-26 02:22:43,638 - INFO -   [VENDEDOR] Não encontrado para o container 32.
2025-09-26 02:22:43,640 - INFO -   [MÉDIA AVALIAÇÕES] Encontrada (poly-card fallback): '5.0'
2025-09-26 02:22:43,640 - INFO -   [TOTAL AVALIAÇÕES] Encontrado (poly-card fallback): '1'
2025-09-26 02:22:43,643 - INFO -   [ENTREGA] Texto encontrado (poly-card fallback): 'Frete grátis'
2025-09-26 02:22:43,645 - INFO - Produto processado: Kit 2 Cartucho Hp 664 F6v29ab Preto Ink Advantage 3786 3788
2025-09-26 02:22:43,646 - DEBUG - Scraped from <200 https://lista.mercadolivre.com.br/cartucho-hp-664_Desde_153_NoIndex_True?sb=all_mercadolibre>
{'TITULO PRODUTO': 'Cartucho De Tinta H P  6 6 4 Original Colorido', 'LINK': 'https://produto.mercadolivre.com.br/MLB-4111605801-cartucho-de-tinta-h-p-6-6-4-original-colorido-_JM#polycard_client=search-nordic&search_layout=grid&position=31&type=item&tracking_id=41905e96-a3cb-4e57-b824-4b5229820d7f&wid=MLB4111605801&sid=search', 'ID_PRODUTO': 'N/A', 'PREÇO': 'R$ 137,53', 'PREÇO ANTERIOR': 'N/A', 'MARCA': 'N/A', 'IMAGEM': 'N/A (imagens desabilitadas)', 'VENDEDOR': 'N/A', 'MÉDIA AVALIAÇÕES': 'N/A', 'TOTAL AVALIAÇÕES': 'N/A', 'ENTREGA': 'Chegará grátis amanhã sábado', 'ENTREGA FULL': 'Não'}
2025-09-26 02:22:43,647 - INFO - --- Processando container de produto 33/54 (total coletado: 187, pulados: 2) ---
2025-09-26 02:22:43,648 - INFO -   [TÍTULO] Encontrado: 'Kit 2 Cartucho Hp Preto 664 F6v29ab Ink Advantage 3636 3776'
2025-09-26 02:22:43,649 - INFO -   [LINK] Encontrado: 'https://www.mercadolivre.com.br/kit-2-cartucho-hp-preto-664-f6v29ab-ink-advantage-3636-3776/up/MLBU736381316#polycard_client=search-nordic&search_layout=grid&position=33&type=product&tracking_id=41905e96-a3cb-4e57-b824-4b5229820d7f&wid=MLB1815357148&sid=search'
2025-09-26 02:22:43,650 - WARNING -   [ID PRODUTO] Não encontrado no link: https://www.mercadolivre.com.br/kit-2-cartucho-hp-preto-664-f6v29ab-ink-advantage-3636-3776/up/MLBU736381316#polycard_client=search-nordic&search_layout=grid&position=33&type=product&tracking_id=41905e96-a3cb-4e57-b824-4b5229820d7f&wid=MLB1815357148&sid=search
2025-09-26 02:22:43,651 - INFO -   [PREÇO] Encontrado (poly-card fallback): 'R$ 171,34'
2025-09-26 02:22:43,652 - INFO -   [MARCA] Não encontrada (general/poly).
2025-09-26 02:22:43,653 - INFO -   [IMAGEM] Extração de imagens desabilitada pelo usuário.
2025-09-26 02:22:43,654 - INFO -   [VENDEDOR] Não encontrado para o container 33.
2025-09-26 02:22:43,655 - INFO -   [ENTREGA] Texto encontrado (poly-card fallback): 'Frete grátis'
2025-09-26 02:22:43,657 - INFO - Produto processado: Kit 2 Cartucho Hp Preto 664 F6v29ab Ink Advantage 3636 3776
2025-09-26 02:22:43,658 - DEBUG - Scraped from <200 https://lista.mercadolivre.com.br/cartucho-hp-664_Desde_153_NoIndex_True?sb=all_mercadolibre>
{'TITULO PRODUTO': 'Kit 2 Cartucho Hp 664 F6v29ab Preto Ink Advantage 3786 3788', 'LINK': 'https://www.mercadolivre.com.br/kit-2-cartucho-hp-664-f6v29ab-preto-ink-advantage-3786-3788/up/MLBU736406820#polycard_client=search-nordic&search_layout=grid&position=32&type=product&tracking_id=41905e96-a3cb-4e57-b824-4b5229820d7f&wid=MLB1815357159&sid=search', 'ID_PRODUTO': 'N/A', 'PREÇO': 'R$ 171,34', 'PREÇO ANTERIOR': 'N/A', 'MARCA': 'N/A', 'IMAGEM': 'N/A (imagens desabilitadas)', 'VENDEDOR': 'N/A', 'MÉDIA AVALIAÇÕES': '5.0', 'TOTAL AVALIAÇÕES': '1', 'ENTREGA': 'Frete grátis', 'ENTREGA FULL': 'Não'}
2025-09-26 02:22:43,659 - INFO - --- Processando container de produto 34/54 (total coletado: 188, pulados: 2) ---
2025-09-26 02:22:43,660 - INFO -   [TÍTULO] Encontrado: 'Kit Cartucho Hp 664xl Preto E Color 2136 2676 Novo Original'
2025-09-26 02:22:43,661 - INFO -   [LINK] Encontrado: 'https://www.mercadolivre.com.br/kit-cartucho-hp-664xl-preto-e-color-originais-2136-2676-novo/p/MLB2039380065#polycard_client=search-nordic&search_layout=grid&position=34&type=product&tracking_id=41905e96-a3cb-4e57-b824-4b5229820d7f&wid=MLB5065055032&sid=search'
2025-09-26 02:22:43,662 - INFO -   [ID PRODUTO] Encontrado: 'MLB2039380065'
2025-09-26 02:22:43,663 - INFO -   [PREÇO] Encontrado (poly-card fallback): 'R$ 295,79'
2025-09-26 02:22:43,664 - INFO -   [MARCA] Não encontrada (general/poly).
2025-09-26 02:22:43,665 - INFO -   [IMAGEM] Extração de imagens desabilitada pelo usuário.
2025-09-26 02:22:43,666 - INFO -   [VENDEDOR] Não encontrado para o container 34.
2025-09-26 02:22:43,668 - INFO -   [ENTREGA] Texto encontrado (poly-card fallback): 'Frete grátis'
2025-09-26 02:22:43,669 - INFO - Produto processado: Kit Cartucho Hp 664xl Preto E Color 2136 2676 Novo Original
2025-09-26 02:22:43,669 - DEBUG - Scraped from <200 https://lista.mercadolivre.com.br/cartucho-hp-664_Desde_153_NoIndex_True?sb=all_mercadolibre>
{'TITULO PRODUTO': 'Kit 2 Cartucho Hp Preto 664 F6v29ab Ink Advantage 3636 3776', 'LINK': 'https://www.mercadolivre.com.br/kit-2-cartucho-hp-preto-664-f6v29ab-ink-advantage-3636-3776/up/MLBU736381316#polycard_client=search-nordic&search_layout=grid&position=33&type=product&tracking_id=41905e96-a3cb-4e57-b824-4b5229820d7f&wid=MLB1815357148&sid=search', 'ID_PRODUTO': 'N/A', 'PREÇO': 'R$ 171,34', 'PREÇO ANTERIOR': 'N/A', 'MARCA': 'N/A', 'IMAGEM': 'N/A (imagens desabilitadas)', 'VENDEDOR': 'N/A', 'MÉDIA AVALIAÇÕES': 'N/A', 'TOTAL AVALIAÇÕES': 'N/A', 'ENTREGA': 'Frete grátis', 'ENTREGA FULL': 'Não'}
2025-09-26 02:22:43,670 - INFO - --- Processando container de produto 35/54 (total coletado: 189, pulados: 2) ---
2025-09-26 02:22:43,671 - INFO -   [TÍTULO] Encontrado: '2x Cartucho Tinta Original Hp 662 Colorido 2376 2776 3546'
2025-09-26 02:22:43,672 - INFO -   [LINK] Encontrado: 'https://produto.mercadolivre.com.br/MLB-1924031890-2x-cartucho-tinta-original-hp-662-colorido-2376-2776-3546-_JM#polycard_client=search-nordic&search_layout=grid&position=35&type=item&tracking_id=41905e96-a3cb-4e57-b824-4b5229820d7f&wid=MLB1924031890&sid=search'
2025-09-26 02:22:43,673 - WARNING -   [ID PRODUTO] Não encontrado no link: https://produto.mercadolivre.com.br/MLB-1924031890-2x-cartucho-tinta-original-hp-662-colorido-2376-2776-3546-_JM#polycard_client=search-nordic&search_layout=grid&position=35&type=item&tracking_id=41905e96-a3cb-4e57-b824-4b5229820d7f&wid=MLB1924031890&sid=search
2025-09-26 02:22:43,675 - INFO -   [PREÇO] Encontrado (poly-card fallback): 'R$ 199,90'
2025-09-26 02:22:43,676 - INFO -   [MARCA] Não encontrada (general/poly).
2025-09-26 02:22:43,677 - INFO -   [IMAGEM] Extração de imagens desabilitada pelo usuário.
2025-09-26 02:22:43,677 - INFO -   [VENDEDOR] Encontrado (poly-card fallback): 'Tec Print'
2025-09-26 02:22:43,678 - INFO -   [MÉDIA AVALIAÇÕES] Encontrada (poly-card fallback): '5.0'
2025-09-26 02:22:43,678 - INFO -   [TOTAL AVALIAÇÕES] Encontrado (poly-card fallback): '3'
2025-09-26 02:22:43,680 - INFO -   [ENTREGA] Texto encontrado (general alt): 'Chegará grátis amanhã sábado'
2025-09-26 02:22:43,681 - INFO - Produto processado: 2x Cartucho Tinta Original Hp 662 Colorido 2376 2776 3546
2025-09-26 02:22:43,682 - DEBUG - Scraped from <200 https://lista.mercadolivre.com.br/cartucho-hp-664_Desde_153_NoIndex_True?sb=all_mercadolibre>
{'TITULO PRODUTO': 'Kit Cartucho Hp 664xl Preto E Color 2136 2676 Novo Original', 'LINK': 'https://www.mercadolivre.com.br/kit-cartucho-hp-664xl-preto-e-color-originais-2136-2676-novo/p/MLB2039380065#polycard_client=search-nordic&search_layout=grid&position=34&type=product&tracking_id=41905e96-a3cb-4e57-b824-4b5229820d7f&wid=MLB5065055032&sid=search', 'ID_PRODUTO': 'MLB2039380065', 'PREÇO': 'R$ 295,79', 'PREÇO ANTERIOR': 'N/A', 'MARCA': 'N/A', 'IMAGEM': 'N/A (imagens desabilitadas)', 'VENDEDOR': 'N/A', 'MÉDIA AVALIAÇÕES': 'N/A', 'TOTAL AVALIAÇÕES': 'N/A', 'ENTREGA': 'Frete grátis', 'ENTREGA FULL': 'Não'}
2025-09-26 02:22:43,683 - INFO - --- Processando container de produto 36/54 (total coletado: 190, pulados: 2) ---
2025-09-26 02:22:43,684 - INFO -   [TÍTULO] Encontrado: 'Cartucho Hp 664xl 664 F6v30ab Colorido Original Lacrado Hp'
2025-09-26 02:22:43,685 - INFO -   [LINK] Encontrado: 'https://www.mercadolivre.com.br/cartucho-hp-664xl-664-f6v30ab-colorido-original-lacrado-hp/up/MLBU1989653167#polycard_client=search-nordic&search_layout=grid&position=36&type=product&tracking_id=41905e96-a3cb-4e57-b824-4b5229820d7f&wid=MLB749385546&sid=search'
2025-09-26 02:22:43,685 - WARNING -   [ID PRODUTO] Não encontrado no link: https://www.mercadolivre.com.br/cartucho-hp-664xl-664-f6v30ab-colorido-original-lacrado-hp/up/MLBU1989653167#polycard_client=search-nordic&search_layout=grid&position=36&type=product&tracking_id=41905e96-a3cb-4e57-b824-4b5229820d7f&wid=MLB749385546&sid=search
2025-09-26 02:22:43,687 - INFO -   [PREÇO] Encontrado (poly-card fallback): 'R$ 217,99'
2025-09-26 02:22:43,689 - INFO -   [MARCA] Não encontrada (general/poly).
2025-09-26 02:22:43,690 - INFO -   [IMAGEM] Extração de imagens desabilitada pelo usuário.
2025-09-26 02:22:43,691 - INFO -   [VENDEDOR] Não encontrado para o container 36.
2025-09-26 02:22:43,692 - INFO -   [MÉDIA AVALIAÇÕES] Encontrada (poly-card fallback): '5.0'
2025-09-26 02:22:43,693 - INFO -   [TOTAL AVALIAÇÕES] Encontrado (poly-card fallback): '1'
2025-09-26 02:22:43,694 - INFO -   [ENTREGA] Texto encontrado (general alt): 'Chegará grátis amanhã sábado'
2025-09-26 02:22:43,695 - INFO - Produto processado: Cartucho Hp 664xl 664 F6v30ab Colorido Original Lacrado Hp
2025-09-26 02:22:43,696 - DEBUG - Scraped from <200 https://lista.mercadolivre.com.br/cartucho-hp-664_Desde_153_NoIndex_True?sb=all_mercadolibre>
{'TITULO PRODUTO': '2x Cartucho Tinta Original Hp 662 Colorido 2376 2776 3546', 'LINK': 'https://produto.mercadolivre.com.br/MLB-1924031890-2x-cartucho-tinta-original-hp-662-colorido-2376-2776-3546-_JM#polycard_client=search-nordic&search_layout=grid&position=35&type=item&tracking_id=41905e96-a3cb-4e57-b824-4b5229820d7f&wid=MLB1924031890&sid=search', 'ID_PRODUTO': 'N/A', 'PREÇO': 'R$ 199,90', 'PREÇO ANTERIOR': 'N/A', 'MARCA': 'N/A', 'IMAGEM': 'N/A (imagens desabilitadas)', 'VENDEDOR': 'Tec Print', 'MÉDIA AVALIAÇÕES': '5.0', 'TOTAL AVALIAÇÕES': '3', 'ENTREGA': 'Chegará grátis amanhã sábado', 'ENTREGA FULL': 'Não'}
2025-09-26 02:22:43,697 - INFO - --- Processando container de produto 37/54 (total coletado: 191, pulados: 2) ---
2025-09-26 02:22:43,698 - INFO -   [TÍTULO] Encontrado: 'Cartucho De Tinta Hp 664 Colorido Original P/ 2136 2676 3776'
2025-09-26 02:22:43,699 - INFO -   [LINK] Encontrado: 'https://produto.mercadolivre.com.br/MLB-3157740009-cartucho-de-tinta-hp-664-colorido-original-p-2136-2676-3776-_JM#polycard_client=search-nordic&search_layout=grid&position=37&type=item&tracking_id=41905e96-a3cb-4e57-b824-4b5229820d7f&wid=MLB3157740009&sid=search'
2025-09-26 02:22:43,699 - WARNING -   [ID PRODUTO] Não encontrado no link: https://produto.mercadolivre.com.br/MLB-3157740009-cartucho-de-tinta-hp-664-colorido-original-p-2136-2676-3776-_JM#polycard_client=search-nordic&search_layout=grid&position=37&type=item&tracking_id=41905e96-a3cb-4e57-b824-4b5229820d7f&wid=MLB3157740009&sid=search
2025-09-26 02:22:43,701 - INFO -   [PREÇO] Encontrado (poly-card fallback): 'R$ 125,77'
2025-09-26 02:22:43,702 - INFO -   [MARCA] Não encontrada (general/poly).
2025-09-26 02:22:43,702 - INFO -   [IMAGEM] Extração de imagens desabilitada pelo usuário.
2025-09-26 02:22:43,703 - INFO -   [VENDEDOR] Não encontrado para o container 37.
2025-09-26 02:22:43,706 - INFO -   [MÉDIA AVALIAÇÕES] Encontrada (poly-card fallback): '4.8'
2025-09-26 02:22:43,707 - INFO -   [TOTAL AVALIAÇÕES] Encontrado (poly-card fallback): '19'
2025-09-26 02:22:43,708 - INFO -   [ENTREGA] Texto encontrado (general alt): 'Chegará grátis amanhã sábado'
2025-09-26 02:22:43,709 - INFO - Produto processado: Cartucho De Tinta Hp 664 Colorido Original P/ 2136 2676 3776
2025-09-26 02:22:43,711 - DEBUG - Scraped from <200 https://lista.mercadolivre.com.br/cartucho-hp-664_Desde_153_NoIndex_True?sb=all_mercadolibre>
{'TITULO PRODUTO': 'Cartucho Hp 664xl 664 F6v30ab Colorido Original Lacrado Hp', 'LINK': 'https://www.mercadolivre.com.br/cartucho-hp-664xl-664-f6v30ab-colorido-original-lacrado-hp/up/MLBU1989653167#polycard_client=search-nordic&search_layout=grid&position=36&type=product&tracking_id=41905e96-a3cb-4e57-b824-4b5229820d7f&wid=MLB749385546&sid=search', 'ID_PRODUTO': 'N/A', 'PREÇO': 'R$ 217,99', 'PREÇO ANTERIOR': 'N/A', 'MARCA': 'N/A', 'IMAGEM': 'N/A (imagens desabilitadas)', 'VENDEDOR': 'N/A', 'MÉDIA AVALIAÇÕES': '5.0', 'TOTAL AVALIAÇÕES': '1', 'ENTREGA': 'Chegará grátis amanhã sábado', 'ENTREGA FULL': 'Não'}
2025-09-26 02:22:43,711 - INFO - --- Processando container de produto 38/54 (total coletado: 192, pulados: 2) ---
2025-09-26 02:22:43,714 - INFO -   [TÍTULO] Encontrado: 'Cartucho Hp 664 F6v28ab Colorido Original Lacrado Garantiahp'
2025-09-26 02:22:43,715 - INFO -   [LINK] Encontrado: 'https://www.mercadolivre.com.br/cartucho-hp-664-f6v28ab-colorido-original-lacrado-garantiahp/up/MLBU1989870579#polycard_client=search-nordic&search_layout=grid&position=38&type=product&tracking_id=41905e96-a3cb-4e57-b824-4b5229820d7f&wid=MLB756088187&sid=search'
2025-09-26 02:22:43,715 - WARNING -   [ID PRODUTO] Não encontrado no link: https://www.mercadolivre.com.br/cartucho-hp-664-f6v28ab-colorido-original-lacrado-garantiahp/up/MLBU1989870579#polycard_client=search-nordic&search_layout=grid&position=38&type=product&tracking_id=41905e96-a3cb-4e57-b824-4b5229820d7f&wid=MLB756088187&sid=search
2025-09-26 02:22:43,717 - INFO -   [PREÇO] Encontrado (poly-card fallback): 'R$ 100,13'
2025-09-26 02:22:43,718 - INFO -   [MARCA] Não encontrada (general/poly).
2025-09-26 02:22:43,718 - INFO -   [IMAGEM] Extração de imagens desabilitada pelo usuário.
2025-09-26 02:22:43,719 - INFO -   [VENDEDOR] Não encontrado para o container 38.
2025-09-26 02:22:43,720 - INFO -   [MÉDIA AVALIAÇÕES] Encontrada (poly-card fallback): '4.5'
2025-09-26 02:22:43,721 - INFO -   [TOTAL AVALIAÇÕES] Encontrado (poly-card fallback): '2'
2025-09-26 02:22:43,723 - INFO -   [ENTREGA] Texto encontrado (general alt): 'Chegará grátis amanhã sábado'
2025-09-26 02:22:43,724 - INFO - Produto processado: Cartucho Hp 664 F6v28ab Colorido Original Lacrado Garantiahp
2025-09-26 02:22:43,725 - DEBUG - Scraped from <200 https://lista.mercadolivre.com.br/cartucho-hp-664_Desde_153_NoIndex_True?sb=all_mercadolibre>
{'TITULO PRODUTO': 'Cartucho De Tinta Hp 664 Colorido Original P/ 2136 2676 3776', 'LINK': 'https://produto.mercadolivre.com.br/MLB-3157740009-cartucho-de-tinta-hp-664-colorido-original-p-2136-2676-3776-_JM#polycard_client=search-nordic&search_layout=grid&position=37&type=item&tracking_id=41905e96-a3cb-4e57-b824-4b5229820d7f&wid=MLB3157740009&sid=search', 'ID_PRODUTO': 'N/A', 'PREÇO': 'R$ 125,77', 'PREÇO ANTERIOR': 'N/A', 'MARCA': 'N/A', 'IMAGEM': 'N/A (imagens desabilitadas)', 'VENDEDOR': 'N/A', 'MÉDIA AVALIAÇÕES': '4.8', 'TOTAL AVALIAÇÕES': '19', 'ENTREGA': 'Chegará grátis amanhã sábado', 'ENTREGA FULL': 'Não'}
2025-09-26 02:22:43,726 - INFO - --- Processando container de produto 39/54 (total coletado: 193, pulados: 2) ---
2025-09-26 02:22:43,727 - INFO -   [TÍTULO] Encontrado: 'Cartucho Original Hp 664 Colorido F6v28ab'
2025-09-26 02:22:43,728 - INFO -   [LINK] Encontrado: 'https://produto.mercadolivre.com.br/MLB-4169549419-cartucho-original-hp-664-colorido-f6v28ab-_JM#polycard_client=search-nordic&search_layout=grid&position=39&type=item&tracking_id=41905e96-a3cb-4e57-b824-4b5229820d7f&wid=MLB4169549419&sid=search'
2025-09-26 02:22:43,728 - WARNING -   [ID PRODUTO] Não encontrado no link: https://produto.mercadolivre.com.br/MLB-4169549419-cartucho-original-hp-664-colorido-f6v28ab-_JM#polycard_client=search-nordic&search_layout=grid&position=39&type=item&tracking_id=41905e96-a3cb-4e57-b824-4b5229820d7f&wid=MLB4169549419&sid=search
2025-09-26 02:22:43,730 - INFO -   [PREÇO] Encontrado (poly-card fallback): 'R$ 89,90'
2025-09-26 02:22:43,731 - INFO -   [MARCA] Não encontrada (general/poly).
2025-09-26 02:22:43,732 - INFO -   [IMAGEM] Extração de imagens desabilitada pelo usuário.
2025-09-26 02:22:43,732 - INFO -   [VENDEDOR] Encontrado (poly-card fallback): 'GranDos Informatica'
2025-09-26 02:22:43,734 - INFO -   [ENTREGA] Texto encontrado (poly-card fallback): 'Frete grátis'
2025-09-26 02:22:43,735 - INFO - Produto processado: Cartucho Original Hp 664 Colorido F6v28ab
2025-09-26 02:22:43,735 - INFO - --- Processando container de produto 40/54 (total coletado: 194, pulados: 2) ---
2025-09-26 02:22:43,736 - INFO -   [TÍTULO] Encontrado: '2 Cartuchos 664 Preto Black Impressora Hp Deskjet 1115 3636'
2025-09-26 02:22:43,737 - INFO -   [LINK] Encontrado: 'https://www.mercadolivre.com.br/2-cartuchos-664-preto-black-impressora-hp-deskjet-1115-3636/up/MLBU1476229332#polycard_client=search-nordic&search_layout=grid&position=40&type=product&tracking_id=41905e96-a3cb-4e57-b824-4b5229820d7f&wid=MLB4762998118&sid=search'
2025-09-26 02:22:43,738 - WARNING -   [ID PRODUTO] Não encontrado no link: https://www.mercadolivre.com.br/2-cartuchos-664-preto-black-impressora-hp-deskjet-1115-3636/up/MLBU1476229332#polycard_client=search-nordic&search_layout=grid&position=40&type=product&tracking_id=41905e96-a3cb-4e57-b824-4b5229820d7f&wid=MLB4762998118&sid=search
2025-09-26 02:22:43,740 - INFO -   [PREÇO] Encontrado (poly-card fallback): 'R$ 177,98'
2025-09-26 02:22:43,742 - INFO -   [MARCA] Não encontrada (general/poly).
2025-09-26 02:22:43,743 - INFO -   [IMAGEM] Extração de imagens desabilitada pelo usuário.
2025-09-26 02:22:43,744 - INFO -   [VENDEDOR] Encontrado (poly-card fallback): 'TELEDATICA'
2025-09-26 02:22:43,746 - INFO -   [ENTREGA] Texto encontrado (general alt): 'Chegará grátis segunda-feira'
2025-09-26 02:22:43,747 - INFO - Produto processado: 2 Cartuchos 664 Preto Black Impressora Hp Deskjet 1115 3636
2025-09-26 02:22:43,747 - DEBUG - Scraped from <200 https://lista.mercadolivre.com.br/cartucho-hp-664_Desde_153_NoIndex_True?sb=all_mercadolibre>
{'TITULO PRODUTO': 'Cartucho Hp 664 F6v28ab Colorido Original Lacrado Garantiahp', 'LINK': 'https://www.mercadolivre.com.br/cartucho-hp-664-f6v28ab-colorido-original-lacrado-garantiahp/up/MLBU1989870579#polycard_client=search-nordic&search_layout=grid&position=38&type=product&tracking_id=41905e96-a3cb-4e57-b824-4b5229820d7f&wid=MLB756088187&sid=search', 'ID_PRODUTO': 'N/A', 'PREÇO': 'R$ 100,13', 'PREÇO ANTERIOR': 'N/A', 'MARCA': 'N/A', 'IMAGEM': 'N/A (imagens desabilitadas)', 'VENDEDOR': 'N/A', 'MÉDIA AVALIAÇÕES': '4.5', 'TOTAL AVALIAÇÕES': '2', 'ENTREGA': 'Chegará grátis amanhã sábado', 'ENTREGA FULL': 'Não'}
2025-09-26 02:22:43,748 - INFO - --- Processando container de produto 41/54 (total coletado: 195, pulados: 2) ---
2025-09-26 02:22:43,750 - INFO -   [TÍTULO] Encontrado: 'Kit Cartucho 664 Preto E Colorido Impressora Deskjet 2675'
2025-09-26 02:22:43,750 - INFO -   [LINK] Encontrado: 'https://produto.mercadolivre.com.br/MLB-1433675811-kit-cartucho-664-preto-e-colorido-impressora-deskjet-2675-_JM#polycard_client=search-nordic&search_layout=grid&position=41&type=item&tracking_id=41905e96-a3cb-4e57-b824-4b5229820d7f&wid=MLB1433675811&sid=search'
2025-09-26 02:22:43,751 - WARNING -   [ID PRODUTO] Não encontrado no link: https://produto.mercadolivre.com.br/MLB-1433675811-kit-cartucho-664-preto-e-colorido-impressora-deskjet-2675-_JM#polycard_client=search-nordic&search_layout=grid&position=41&type=item&tracking_id=41905e96-a3cb-4e57-b824-4b5229820d7f&wid=MLB1433675811&sid=search
2025-09-26 02:22:43,752 - INFO -   [PREÇO] Encontrado (poly-card fallback): 'R$ 186,85'
2025-09-26 02:22:43,754 - INFO -   [MARCA] Não encontrada (general/poly).
2025-09-26 02:22:43,754 - INFO -   [IMAGEM] Extração de imagens desabilitada pelo usuário.
2025-09-26 02:22:43,756 - INFO -   [VENDEDOR] Não encontrado para o container 41.
2025-09-26 02:22:43,759 - INFO -   [MÉDIA AVALIAÇÕES] Encontrada (poly-card fallback): '4.9'
2025-09-26 02:22:43,759 - INFO -   [TOTAL AVALIAÇÕES] Encontrado (poly-card fallback): '14'
2025-09-26 02:22:43,761 - INFO -   [ENTREGA] Texto encontrado (poly-card fallback): 'Frete grátis'
2025-09-26 02:22:43,763 - INFO - Produto processado: Kit Cartucho 664 Preto E Colorido Impressora Deskjet 2675
2025-09-26 02:22:43,764 - DEBUG - Scraped from <200 https://lista.mercadolivre.com.br/cartucho-hp-664_Desde_153_NoIndex_True?sb=all_mercadolibre>
{'TITULO PRODUTO': 'Cartucho Original Hp 664 Colorido F6v28ab', 'LINK': 'https://produto.mercadolivre.com.br/MLB-4169549419-cartucho-original-hp-664-colorido-f6v28ab-_JM#polycard_client=search-nordic&search_layout=grid&position=39&type=item&tracking_id=41905e96-a3cb-4e57-b824-4b5229820d7f&wid=MLB4169549419&sid=search', 'ID_PRODUTO': 'N/A', 'PREÇO': 'R$ 89,90', 'PREÇO ANTERIOR': 'N/A', 'MARCA': 'N/A', 'IMAGEM': 'N/A (imagens desabilitadas)', 'VENDEDOR': 'GranDos Informatica', 'MÉDIA AVALIAÇÕES': 'N/A', 'TOTAL AVALIAÇÕES': 'N/A', 'ENTREGA': 'Frete grátis', 'ENTREGA FULL': 'Não'}
2025-09-26 02:22:43,765 - DEBUG - Scraped from <200 https://lista.mercadolivre.com.br/cartucho-hp-664_Desde_153_NoIndex_True?sb=all_mercadolibre>
{'TITULO PRODUTO': '2 Cartuchos 664 Preto Black Impressora Hp Deskjet 1115 3636', 'LINK': 'https://www.mercadolivre.com.br/2-cartuchos-664-preto-black-impressora-hp-deskjet-1115-3636/up/MLBU1476229332#polycard_client=search-nordic&search_layout=grid&position=40&type=product&tracking_id=41905e96-a3cb-4e57-b824-4b5229820d7f&wid=MLB4762998118&sid=search', 'ID_PRODUTO': 'N/A', 'PREÇO': 'R$ 177,98', 'PREÇO ANTERIOR': 'N/A', 'MARCA': 'N/A', 'IMAGEM': 'N/A (imagens desabilitadas)', 'VENDEDOR': 'TELEDATICA', 'MÉDIA AVALIAÇÕES': 'N/A', 'TOTAL AVALIAÇÕES': 'N/A', 'ENTREGA': 'Chegará grátis segunda-feira', 'ENTREGA FULL': 'Não'}
2025-09-26 02:22:43,765 - INFO - --- Processando container de produto 42/54 (total coletado: 196, pulados: 2) ---
2025-09-26 02:22:43,767 - INFO -   [TÍTULO] Encontrado: 'Kit 3 Hp 664 Cartucho F6v29ab Preto Ink Advantage 5076 5276'
2025-09-26 02:22:43,767 - INFO -   [LINK] Encontrado: 'https://www.mercadolivre.com.br/kit-3-hp-664-cartucho-f6v29ab-preto-ink-advantage-5076-5276/up/MLBU736373392#polycard_client=search-nordic&search_layout=grid&position=42&type=product&tracking_id=41905e96-a3cb-4e57-b824-4b5229820d7f&wid=MLB1815367792&sid=search'
2025-09-26 02:22:43,768 - WARNING -   [ID PRODUTO] Não encontrado no link: https://www.mercadolivre.com.br/kit-3-hp-664-cartucho-f6v29ab-preto-ink-advantage-5076-5276/up/MLBU736373392#polycard_client=search-nordic&search_layout=grid&position=42&type=product&tracking_id=41905e96-a3cb-4e57-b824-4b5229820d7f&wid=MLB1815367792&sid=search
2025-09-26 02:22:43,769 - INFO -   [PREÇO] Encontrado (poly-card fallback): 'R$ 221,72'
2025-09-26 02:22:43,770 - INFO -   [MARCA] Não encontrada (general/poly).
2025-09-26 02:22:43,771 - INFO -   [IMAGEM] Extração de imagens desabilitada pelo usuário.
2025-09-26 02:22:43,772 - INFO -   [VENDEDOR] Não encontrado para o container 42.
2025-09-26 02:22:43,774 - INFO -   [MÉDIA AVALIAÇÕES] Encontrada (poly-card fallback): '5.0'
2025-09-26 02:22:43,775 - INFO -   [TOTAL AVALIAÇÕES] Encontrado (poly-card fallback): '1'
2025-09-26 02:22:43,777 - INFO -   [ENTREGA] Texto encontrado (poly-card fallback): 'Frete grátis'
2025-09-26 02:22:43,778 - INFO - Produto processado: Kit 3 Hp 664 Cartucho F6v29ab Preto Ink Advantage 5076 5276
2025-09-26 02:22:43,780 - DEBUG - Scraped from <200 https://lista.mercadolivre.com.br/cartucho-hp-664_Desde_153_NoIndex_True?sb=all_mercadolibre>
{'TITULO PRODUTO': 'Kit Cartucho 664 Preto E Colorido Impressora Deskjet 2675', 'LINK': 'https://produto.mercadolivre.com.br/MLB-1433675811-kit-cartucho-664-preto-e-colorido-impressora-deskjet-2675-_JM#polycard_client=search-nordic&search_layout=grid&position=41&type=item&tracking_id=41905e96-a3cb-4e57-b824-4b5229820d7f&wid=MLB1433675811&sid=search', 'ID_PRODUTO': 'N/A', 'PREÇO': 'R$ 186,85', 'PREÇO ANTERIOR': 'N/A', 'MARCA': 'N/A', 'IMAGEM': 'N/A (imagens desabilitadas)', 'VENDEDOR': 'N/A', 'MÉDIA AVALIAÇÕES': '4.9', 'TOTAL AVALIAÇÕES': '14', 'ENTREGA': 'Frete grátis', 'ENTREGA FULL': 'Não'}
2025-09-26 02:22:43,781 - INFO - --- Processando container de produto 43/54 (total coletado: 197, pulados: 2) ---
2025-09-26 02:22:43,783 - INFO -   [TÍTULO] Encontrado: 'Kit Cartucho Hp 667 Preto E 667 Colorido Original Tinta'
2025-09-26 02:22:43,784 - INFO -   [LINK] Encontrado: 'https://www.mercadolivre.com.br/kit-cartucho-hp-667-preto-e-667-colorido-original-tinta/up/MLBU1752646967#polycard_client=search-nordic&search_layout=grid&position=43&type=product&tracking_id=41905e96-a3cb-4e57-b824-4b5229820d7f&wid=MLB5048220068&sid=search'
2025-09-26 02:22:43,784 - WARNING -   [ID PRODUTO] Não encontrado no link: https://www.mercadolivre.com.br/kit-cartucho-hp-667-preto-e-667-colorido-original-tinta/up/MLBU1752646967#polycard_client=search-nordic&search_layout=grid&position=43&type=product&tracking_id=41905e96-a3cb-4e57-b824-4b5229820d7f&wid=MLB5048220068&sid=search
2025-09-26 02:22:43,786 - INFO -   [PREÇO] Encontrado (poly-card fallback): 'R$ 169,87'
2025-09-26 02:22:43,787 - INFO -   [MARCA] Não encontrada (general/poly).
2025-09-26 02:22:43,788 - INFO -   [IMAGEM] Extração de imagens desabilitada pelo usuário.
2025-09-26 02:22:43,789 - INFO -   [VENDEDOR] Não encontrado para o container 43.
2025-09-26 02:22:43,792 - INFO -   [ENTREGA] Texto encontrado (poly-card fallback): 'Frete grátis'
2025-09-26 02:22:43,793 - INFO - Produto processado: Kit Cartucho Hp 667 Preto E 667 Colorido Original Tinta
2025-09-26 02:22:43,794 - DEBUG - Scraped from <200 https://lista.mercadolivre.com.br/cartucho-hp-664_Desde_153_NoIndex_True?sb=all_mercadolibre>
{'TITULO PRODUTO': 'Kit 3 Hp 664 Cartucho F6v29ab Preto Ink Advantage 5076 5276', 'LINK': 'https://www.mercadolivre.com.br/kit-3-hp-664-cartucho-f6v29ab-preto-ink-advantage-5076-5276/up/MLBU736373392#polycard_client=search-nordic&search_layout=grid&position=42&type=product&tracking_id=41905e96-a3cb-4e57-b824-4b5229820d7f&wid=MLB1815367792&sid=search', 'ID_PRODUTO': 'N/A', 'PREÇO': 'R$ 221,72', 'PREÇO ANTERIOR': 'N/A', 'MARCA': 'N/A', 'IMAGEM': 'N/A (imagens desabilitadas)', 'VENDEDOR': 'N/A', 'MÉDIA AVALIAÇÕES': '5.0', 'TOTAL AVALIAÇÕES': '1', 'ENTREGA': 'Frete grátis', 'ENTREGA FULL': 'Não'}
2025-09-26 02:22:43,794 - INFO - --- Processando container de produto 44/54 (total coletado: 198, pulados: 2) ---
2025-09-26 02:22:43,796 - INFO -   [TÍTULO] Encontrado: 'Cartucho Tinta Hp 664 Preto 664 Colorido Original 2676 2136'
2025-09-26 02:22:43,796 - INFO -   [LINK] Encontrado: 'https://www.mercadolivre.com.br/cartucho-tinta-hp-664-preto-664-colorido-original-2676-2136/up/MLBU752374702#polycard_client=search-nordic&search_layout=grid&position=44&type=product&tracking_id=41905e96-a3cb-4e57-b824-4b5229820d7f&wid=MLB2612032987&sid=search'
2025-09-26 02:22:43,797 - WARNING -   [ID PRODUTO] Não encontrado no link: https://www.mercadolivre.com.br/cartucho-tinta-hp-664-preto-664-colorido-original-2676-2136/up/MLBU752374702#polycard_client=search-nordic&search_layout=grid&position=44&type=product&tracking_id=41905e96-a3cb-4e57-b824-4b5229820d7f&wid=MLB2612032987&sid=search
2025-09-26 02:22:43,799 - INFO -   [PREÇO] Encontrado (poly-card fallback): 'R$ 178,43'
2025-09-26 02:22:43,800 - INFO -   [MARCA] Não encontrada (general/poly).
2025-09-26 02:22:43,801 - INFO -   [IMAGEM] Extração de imagens desabilitada pelo usuário.
2025-09-26 02:22:43,802 - INFO -   [VENDEDOR] Não encontrado para o container 44.
2025-09-26 02:22:43,803 - INFO -   [MÉDIA AVALIAÇÕES] Encontrada (poly-card fallback): '4.7'
2025-09-26 02:22:43,803 - INFO -   [TOTAL AVALIAÇÕES] Encontrado (poly-card fallback): '143'
2025-09-26 02:22:43,804 - INFO -   [ENTREGA] Texto encontrado (general alt): 'Chegará grátis hoje'
2025-09-26 02:22:43,805 - INFO -   [ENTREGA FULL] Indicador FULL encontrado (poly-card fallback SVG).
2025-09-26 02:22:43,805 - INFO - Produto processado: Cartucho Tinta Hp 664 Preto 664 Colorido Original 2676 2136
2025-09-26 02:22:43,806 - DEBUG - Scraped from <200 https://lista.mercadolivre.com.br/cartucho-hp-664_Desde_153_NoIndex_True?sb=all_mercadolibre>
{'TITULO PRODUTO': 'Kit Cartucho Hp 667 Preto E 667 Colorido Original Tinta', 'LINK': 'https://www.mercadolivre.com.br/kit-cartucho-hp-667-preto-e-667-colorido-original-tinta/up/MLBU1752646967#polycard_client=search-nordic&search_layout=grid&position=43&type=product&tracking_id=41905e96-a3cb-4e57-b824-4b5229820d7f&wid=MLB5048220068&sid=search', 'ID_PRODUTO': 'N/A', 'PREÇO': 'R$ 169,87', 'PREÇO ANTERIOR': 'N/A', 'MARCA': 'N/A', 'IMAGEM': 'N/A (imagens desabilitadas)', 'VENDEDOR': 'N/A', 'MÉDIA AVALIAÇÕES': 'N/A', 'TOTAL AVALIAÇÕES': 'N/A', 'ENTREGA': 'Frete grátis', 'ENTREGA FULL': 'Não'}
2025-09-26 02:22:43,807 - INFO - --- Processando container de produto 45/54 (total coletado: 199, pulados: 2) ---
2025-09-26 02:22:43,809 - INFO -   [TÍTULO] Encontrado: 'Kit Cartucho Hp 664 Preto E Colorido 2135 2674 2676 Original'
2025-09-26 02:22:43,810 - INFO -   [LINK] Encontrado: 'https://produto.mercadolivre.com.br/MLB-3675840479-kit-cartucho-hp-664-preto-e-colorido-2135-2674-2676-original-_JM#polycard_client=search-nordic&search_layout=grid&position=45&type=item&tracking_id=41905e96-a3cb-4e57-b824-4b5229820d7f&wid=MLB3675840479&sid=search'
2025-09-26 02:22:43,810 - WARNING -   [ID PRODUTO] Não encontrado no link: https://produto.mercadolivre.com.br/MLB-3675840479-kit-cartucho-hp-664-preto-e-colorido-2135-2674-2676-original-_JM#polycard_client=search-nordic&search_layout=grid&position=45&type=item&tracking_id=41905e96-a3cb-4e57-b824-4b5229820d7f&wid=MLB3675840479&sid=search
2025-09-26 02:22:43,813 - INFO -   [PREÇO] Encontrado (poly-card fallback): 'R$ 141,90'
2025-09-26 02:22:43,814 - INFO -   [MARCA] Não encontrada (general/poly).
2025-09-26 02:22:43,815 - INFO -   [IMAGEM] Extração de imagens desabilitada pelo usuário.
2025-09-26 02:22:43,815 - INFO -   [VENDEDOR] Não encontrado para o container 45.
2025-09-26 02:22:43,816 - INFO -   [MÉDIA AVALIAÇÕES] Encontrada (poly-card fallback): '5.0'
2025-09-26 02:22:43,816 - INFO -   [TOTAL AVALIAÇÕES] Encontrado (poly-card fallback): '18'
2025-09-26 02:22:43,817 - INFO -   [ENTREGA] Texto encontrado (poly-card fallback): 'Frete grátis'
2025-09-26 02:22:43,818 - INFO - Produto processado: Kit Cartucho Hp 664 Preto E Colorido 2135 2674 2676 Original
2025-09-26 02:22:43,819 - DEBUG - Scraped from <200 https://lista.mercadolivre.com.br/cartucho-hp-664_Desde_153_NoIndex_True?sb=all_mercadolibre>
{'TITULO PRODUTO': 'Cartucho Tinta Hp 664 Preto 664 Colorido Original 2676 2136', 'LINK': 'https://www.mercadolivre.com.br/cartucho-tinta-hp-664-preto-664-colorido-original-2676-2136/up/MLBU752374702#polycard_client=search-nordic&search_layout=grid&position=44&type=product&tracking_id=41905e96-a3cb-4e57-b824-4b5229820d7f&wid=MLB2612032987&sid=search', 'ID_PRODUTO': 'N/A', 'PREÇO': 'R$ 178,43', 'PREÇO ANTERIOR': 'N/A', 'MARCA': 'N/A', 'IMAGEM': 'N/A (imagens desabilitadas)', 'VENDEDOR': 'N/A', 'MÉDIA AVALIAÇÕES': '4.7', 'TOTAL AVALIAÇÕES': '143', 'ENTREGA': 'Chegará grátis hoje', 'ENTREGA FULL': 'Sim'}
2025-09-26 02:22:43,819 - INFO - Limite de 200 itens atingido durante o processamento da página. Parando.
2025-09-26 02:22:43,821 - DEBUG - Scraped from <200 https://lista.mercadolivre.com.br/cartucho-hp-664_Desde_153_NoIndex_True?sb=all_mercadolibre>
{'TITULO PRODUTO': 'Kit Cartucho Hp 664 Preto E Colorido 2135 2674 2676 Original', 'LINK': 'https://produto.mercadolivre.com.br/MLB-3675840479-kit-cartucho-hp-664-preto-e-colorido-2135-2674-2676-original-_JM#polycard_client=search-nordic&search_layout=grid&position=45&type=item&tracking_id=41905e96-a3cb-4e57-b824-4b5229820d7f&wid=MLB3675840479&sid=search', 'ID_PRODUTO': 'N/A', 'PREÇO': 'R$ 141,90', 'PREÇO ANTERIOR': 'N/A', 'MARCA': 'N/A', 'IMAGEM': 'N/A (imagens desabilitadas)', 'VENDEDOR': 'N/A', 'MÉDIA AVALIAÇÕES': '5.0', 'TOTAL AVALIAÇÕES': '18', 'ENTREGA': 'Frete grátis', 'ENTREGA FULL': 'Não'}
2025-09-26 02:22:43,822 - INFO - Closing spider (finished)
2025-09-26 02:22:43,824 - INFO - Dumping Scrapy stats:
{'downloader/request_bytes': 4328,
 'downloader/request_count': 4,
 'downloader/request_method_count/GET': 4,
 'downloader/response_bytes': 627006,
 'downloader/response_count': 4,
 'downloader/response_status_count/200': 4,
 'elapsed_time_seconds': 26.978253,
 'finish_reason': 'finished',
 'finish_time': datetime.datetime(2025, 9, 26, 5, 22, 43, 823649, tzinfo=datetime.timezone.utc),
 'httpcompression/response_bytes': 5374938,
 'httpcompression/response_count': 4,
 'item_scraped_count': 200,
 'items_per_minute': 461.53846153846155,
 'log_count/INFO': 2293,
 'log_count/WARNING': 151,
 'request_depth_max': 3,
 'response_received_count': 4,
 'responses_per_minute': 9.23076923076923,
 'scheduler/dequeued': 4,
 'scheduler/dequeued/memory': 4,
 'scheduler/enqueued': 4,
 'scheduler/enqueued/memory': 4,
 'start_time': datetime.datetime(2025, 9, 26, 5, 22, 16, 845396, tzinfo=datetime.timezone.utc)}
2025-09-26 02:22:43,825 - INFO - Spider closed (finished)
2025-09-26 02:22:43,957 - INFO - 127.0.0.1 - - [26/Sep/2025 02:22:43] "GET /api/jobs/74c77276/status HTTP/1.1" 200 -
2025-09-26 02:22:44,162 - INFO - Coletados 200 produtos
2025-09-26 02:22:44,163 - INFO - Job 74c77276: Coletando reviews
2025-09-26 02:22:44,163 - INFO - Coletando reviews para 200 produtos
2025-09-26 02:22:44,164 - INFO - Job 74c77276: Gerando datasets
2025-09-26 02:22:44,164 - INFO - Gerando dataset CSV: datasets_gerados\dataset_74c77276_20250926_022244.csv
2025-09-26 02:22:44,169 - INFO - Dataset gerado com sucesso: datasets_gerados\dataset_74c77276_20250926_022244.csv
2025-09-26 02:22:44,169 - INFO - Total de produtos: 200
2025-09-26 02:22:44,171 - INFO - Gerando dataset JSON: datasets_gerados\dataset_74c77276_20250926_022244.json
2025-09-26 02:22:44,181 - INFO - Dataset JSON gerado com sucesso: datasets_gerados\dataset_74c77276_20250926_022244.json
2025-09-26 02:22:44,182 - INFO - Job 74c77276: Concluído com sucesso
2025-09-26 02:22:46,278 - INFO - 127.0.0.1 - - [26/Sep/2025 02:22:46] "GET /jobs HTTP/1.1" 200 -
2025-09-26 02:22:46,595 - INFO - 127.0.0.1 - - [26/Sep/2025 02:22:46] "[36mGET /static/style.css HTTP/1.1[0m" 304 -
2025-09-26 02:22:53,097 - INFO - 127.0.0.1 - - [26/Sep/2025 02:22:53] "GET /api/datasets/dataset_74c77276_20250926_022244.csv/download HTTP/1.1" 200 -
2025-09-26 02:23:43,711 - INFO - 127.0.0.1 - - [26/Sep/2025 02:23:43] "GET /api/datasets/dataset_74c77276_20250926_022244.json/download HTTP/1.1" 200 -
2025-09-26 20:47:24,574 - INFO - [31m[1mWARNING: This is a development server. Do not use it in a production deployment. Use a production WSGI server instead.[0m
 * Running on all addresses (0.0.0.0)
 * Running on http://127.0.0.1:5000
 * Running on http://192.168.100.14:5000
2025-09-26 20:47:24,576 - INFO - [33mPress CTRL+C to quit[0m
2025-09-26 20:47:24,835 - INFO -  * Restarting with watchdog (windowsapi)
2025-09-26 20:47:27,320 - WARNING -  * Debugger is active!
2025-09-26 20:47:27,352 - INFO -  * Debugger PIN: 639-855-048
2025-09-26 20:47:36,418 - INFO -  * Detected change in 'C:\\Program Files\\WindowsApps\\PythonSoftwareFoundation.Python.3.12_3.12.2800.0_x64__qbz5n2kfra8p0\\Lib\\encodings\\unicode_escape.py', reloading
2025-09-26 20:47:36,488 - INFO - 192.168.100.14 - - [26/Sep/2025 20:47:36] "GET / HTTP/1.1" 200 -
2025-09-26 20:47:36,616 - INFO - 192.168.100.14 - - [26/Sep/2025 20:47:36] "[36mGET /static/style.css HTTP/1.1[0m" 304 -
2025-09-26 20:47:36,723 - INFO - 192.168.100.14 - - [26/Sep/2025 20:47:36] "GET /api/jobs HTTP/1.1" 200 -
2025-09-26 20:47:36,729 - INFO - 192.168.100.14 - - [26/Sep/2025 20:47:36] "GET /api/datasets HTTP/1.1" 200 -
2025-09-26 20:47:36,981 - INFO - 192.168.100.14 - - [26/Sep/2025 20:47:36] "[33mGET /favicon.ico HTTP/1.1[0m" 404 -
2025-09-26 20:47:37,475 - INFO -  * Restarting with watchdog (windowsapi)
2025-09-26 20:47:40,566 - WARNING -  * Debugger is active!
2025-09-26 20:47:40,582 - INFO -  * Debugger PIN: 639-855-048
2025-09-26 20:47:40,781 - INFO - 192.168.100.14 - - [26/Sep/2025 20:47:40] "GET /scraping HTTP/1.1" 200 -
2025-09-26 20:47:40,969 - INFO - 192.168.100.14 - - [26/Sep/2025 20:47:40] "[36mGET /static/style.css HTTP/1.1[0m" 304 -
2025-09-26 20:47:54,815 - INFO - Job a5fdaf8a: Iniciando coleta de produtos
2025-09-26 20:47:54,817 - INFO - 192.168.100.14 - - [26/Sep/2025 20:47:54] "[32mPOST /web/scraping/start HTTP/1.1[0m" 302 -
2025-09-26 20:47:54,823 - INFO - Iniciando scraping para: cartucho hp 664
2025-09-26 20:47:55,142 - INFO - 192.168.100.14 - - [26/Sep/2025 20:47:55] "GET /jobs HTTP/1.1" 200 -
2025-09-26 20:47:55,127 - INFO - Parâmetros: max_items=10, images=True, sort=relevance
2025-09-26 20:47:55,229 - INFO - 192.168.100.14 - - [26/Sep/2025 20:47:55] "[36mGET /static/style.css HTTP/1.1[0m" 304 -
2025-09-26 20:47:55,311 - INFO -  * Detected change in 'C:\\Program Files\\WindowsApps\\PythonSoftwareFoundation.Python.3.12_3.12.2800.0_x64__qbz5n2kfra8p0\\Lib\\multiprocessing\\queues.py', reloading
2025-09-26 20:47:55,364 - INFO -  * Detected change in 'C:\\Program Files\\WindowsApps\\PythonSoftwareFoundation.Python.3.12_3.12.2800.0_x64__qbz5n2kfra8p0\\Lib\\multiprocessing\\connection.py', reloading
2025-09-26 20:47:55,433 - INFO -  * Detected change in 'C:\\Program Files\\WindowsApps\\PythonSoftwareFoundation.Python.3.12_3.12.2800.0_x64__qbz5n2kfra8p0\\Lib\\multiprocessing\\util.py', reloading
2025-09-26 20:47:55,442 - INFO -  * Detected change in 'C:\\Program Files\\WindowsApps\\PythonSoftwareFoundation.Python.3.12_3.12.2800.0_x64__qbz5n2kfra8p0\\Lib\\multiprocessing\\synchronize.py', reloading
2025-09-26 20:47:56,616 - INFO -  * Restarting with watchdog (windowsapi)
2025-09-26 20:47:59,482 - WARNING -  * Debugger is active!
2025-09-26 20:47:59,496 - INFO -  * Debugger PIN: 639-855-048
2025-09-26 20:48:06,036 - INFO - 192.168.100.14 - - [26/Sep/2025 20:48:06] "GET /jobs HTTP/1.1" 200 -
2025-09-26 20:48:06,199 - INFO - 192.168.100.14 - - [26/Sep/2025 20:48:06] "[36mGET /static/style.css HTTP/1.1[0m" 304 -
2025-09-26 20:48:29,196 - INFO - 192.168.100.14 - - [26/Sep/2025 20:48:29] "GET /datasets HTTP/1.1" 200 -
2025-09-26 20:48:29,245 - INFO - 192.168.100.14 - - [26/Sep/2025 20:48:29] "[36mGET /static/style.css HTTP/1.1[0m" 304 -
2025-09-26 20:48:35,438 - INFO - 192.168.100.14 - - [26/Sep/2025 20:48:35] "GET /scraping HTTP/1.1" 200 -
2025-09-26 20:48:35,520 - INFO - 192.168.100.14 - - [26/Sep/2025 20:48:35] "[36mGET /static/style.css HTTP/1.1[0m" 304 -
2025-09-26 20:48:48,271 - INFO - Job daff26f3: Iniciando coleta de produtos
2025-09-26 20:48:48,273 - INFO - 192.168.100.14 - - [26/Sep/2025 20:48:48] "[32mPOST /web/scraping/start HTTP/1.1[0m" 302 -
2025-09-26 20:48:48,272 - INFO - Iniciando scraping para: cartucho hp 664
2025-09-26 20:48:48,274 - INFO - Parâmetros: max_items=10, images=True, sort=relevance
2025-09-26 20:48:48,287 - INFO - 192.168.100.14 - - [26/Sep/2025 20:48:48] "GET /jobs HTTP/1.1" 200 -
2025-09-26 20:48:48,344 - INFO - 192.168.100.14 - - [26/Sep/2025 20:48:48] "[36mGET /static/style.css HTTP/1.1[0m" 304 -
2025-09-26 20:48:48,380 - INFO -  * Detected change in 'C:\\Program Files\\WindowsApps\\PythonSoftwareFoundation.Python.3.12_3.12.2800.0_x64__qbz5n2kfra8p0\\Lib\\multiprocessing\\popen_spawn_win32.py', reloading
2025-09-26 20:48:48,453 - INFO -  * Detected change in 'C:\\Program Files\\WindowsApps\\PythonSoftwareFoundation.Python.3.12_3.12.2800.0_x64__qbz5n2kfra8p0\\Lib\\multiprocessing\\spawn.py', reloading
2025-09-26 20:48:50,908 - INFO - Spider iniciado com configurações otimizadas:
2025-09-26 20:48:50,908 - INFO -    CONCURRENT_REQUESTS: 1
2025-09-26 20:48:50,910 - INFO -    CONCURRENT_REQUESTS_PER_DOMAIN: 1
2025-09-26 20:48:50,911 - INFO -    DOWNLOAD_TIMEOUT: 30s
2025-09-26 20:48:50,911 - INFO -    HTTPCACHE_ENABLED: False
2025-09-26 20:48:51,023 - INFO - Scrapy 2.13.0 started (bot: scrapybot)
2025-09-26 20:48:51,644 - INFO - Versions:
{'lxml': '5.3.2',
 'libxml2': '2.11.9',
 'cssselect': '1.3.0',
 'parsel': '1.10.0',
 'w3lib': '2.3.1',
 'Twisted': '24.11.0',
 'Python': '3.12.10 (tags/v3.12.10:0cc8128, Apr  8 2025, 12:21:36) [MSC v.1943 '
           '64 bit (AMD64)]',
 'pyOpenSSL': '25.1.0 (OpenSSL 3.4.1 11 Feb 2025)',
 'cryptography': '44.0.2',
 'Platform': 'Windows-11-10.0.26100-SP0'}
2025-09-26 20:48:51,648 - INFO - Spider initialized for query='cartucho hp 664', sort_by='relevance', condition='all', max_items=10. Start URL: https://lista.mercadolivre.com.br/cartucho-hp-664?sb=all_mercadolibre#D[A:cartucho%20hp%20664]
2025-09-26 20:48:51,649 - INFO - Enabled addons:
[]
2025-09-26 20:48:51,732 - DEBUG - Using reactor: twisted.internet.asyncioreactor.AsyncioSelectorReactor
2025-09-26 20:48:51,733 - DEBUG - Using asyncio event loop: asyncio.windows_events._WindowsSelectorEventLoop
2025-09-26 20:48:51,824 - INFO - Telnet Password: 7f4e879f77dc8dde
2025-09-26 20:48:52,645 - INFO - Enabled extensions:
['scrapy.extensions.corestats.CoreStats',
 'scrapy.extensions.telnet.TelnetConsole',
 'scrapy.extensions.logstats.LogStats',
 'scrapy.extensions.throttle.AutoThrottle']
2025-09-26 20:48:52,646 - INFO - Overridden settings:
{'AUTOTHROTTLE_ENABLED': True,
 'AUTOTHROTTLE_MAX_DELAY': 30,
 'AUTOTHROTTLE_START_DELAY': 4.534852229990694,
 'CONCURRENT_REQUESTS': 1,
 'CONCURRENT_REQUESTS_PER_DOMAIN': 1,
 'DOWNLOAD_DELAY': 5.240038758205923,
 'DOWNLOAD_TIMEOUT': 30,
 'DOWNLOAD_WARNSIZE': 0,
 'LOG_LEVEL': 'INFO',
 'RETRY_HTTP_CODES': [429, 500, 502, 503, 504, 408, 403],
 'RETRY_TIMES': 5,
 'USER_AGENT': 'Mozilla/5.0 (Windows NT 10.0; Win64; x64) AppleWebKit/537.36 '
               '(KHTML, like Gecko) Chrome/121.0.0.0 Safari/537.36'}
2025-09-26 20:48:54,380 - INFO - Enabled downloader middlewares:
['scrapy.downloadermiddlewares.offsite.OffsiteMiddleware',
 'scrapy.downloadermiddlewares.retry.RetryMiddleware',
 'scrapy.downloadermiddlewares.httpproxy.HttpProxyMiddleware',
 'scrapy.downloadermiddlewares.httpauth.HttpAuthMiddleware',
 'scrapy.downloadermiddlewares.downloadtimeout.DownloadTimeoutMiddleware',
 'scrapy.downloadermiddlewares.defaultheaders.DefaultHeadersMiddleware',
 'scrapy.downloadermiddlewares.redirect.MetaRefreshMiddleware',
 'scrapy.downloadermiddlewares.httpcompression.HttpCompressionMiddleware',
 'scrapy.downloadermiddlewares.redirect.RedirectMiddleware',
 'scrapy.downloadermiddlewares.cookies.CookiesMiddleware',
 'scrapy.downloadermiddlewares.stats.DownloaderStats']
2025-09-26 20:48:54,569 - INFO - Enabled spider middlewares:
['scrapy.spidermiddlewares.start.StartSpiderMiddleware',
 'scrapy.spidermiddlewares.httperror.HttpErrorMiddleware',
 'scrapy.spidermiddlewares.referer.RefererMiddleware',
 'scrapy.spidermiddlewares.urllength.UrlLengthMiddleware',
 'scrapy.spidermiddlewares.depth.DepthMiddleware']
2025-09-26 20:48:54,594 - INFO - Enabled item pipelines:
[]
2025-09-26 20:48:54,597 - INFO - Spider opened
2025-09-26 20:48:55,050 - WARNING - C:\Users\sandr\AppData\Local\Packages\PythonSoftwareFoundation.Python.3.12_qbz5n2kfra8p0\LocalCache\local-packages\Python312\site-packages\scrapy\core\spidermw.py:433: ScrapyDeprecationWarning: mercadolivre_spider.MercadoLivreSpider defines the deprecated start_requests() method. start_requests() has been deprecated in favor of a new method, start(), to support asynchronous code execution. start_requests() will stop being called in a future version of Scrapy. If you use Scrapy 2.13 or higher only, replace start_requests() with start(); note that start() is a coroutine (async def). If you need to maintain compatibility with lower Scrapy versions, when overriding start_requests() in a spider class, override start() as well; you can use super() to reuse the inherited start() implementation without copy-pasting. See the release notes of Scrapy 2.13 for details: https://docs.scrapy.org/en/2.13/news.html
  warn(

2025-09-26 20:48:55,053 - INFO - Crawled 0 pages (at 0 pages/min), scraped 0 items (at 0 items/min)
2025-09-26 20:48:55,057 - INFO - Telnet console listening on 127.0.0.1:6023
2025-09-26 20:48:55,073 - INFO - Attempting to scrape URL: https://lista.mercadolivre.com.br/cartucho-hp-664?sb=all_mercadolibre#D[A:cartucho%20hp%20664]
2025-09-26 20:48:55,074 - INFO - Aguardando 5.9s antes da primeira requisição...
2025-09-26 20:49:02,452 - DEBUG - Crawled (200) <GET https://lista.mercadolivre.com.br/cartucho-hp-664?sb=all_mercadolibre#D%5BA:cartucho%20hp%20664%5D> (referer: https://duckduckgo.com/)
2025-09-26 20:49:02,595 - INFO - Processing URL: https://lista.mercadolivre.com.br/cartucho-hp-664?sb=all_mercadolibre (Page 1)
2025-09-26 20:49:02,600 - INFO - HTML da primeira página de resultados (https://lista.mercadolivre.com.br/cartucho-hp-664?sb=all_mercadolibre) salvo em scraped_page_content_debug.html para depuração.
2025-09-26 20:49:02,670 - INFO - Encontrados 50 produtos com seletor: .ui-search-layout__item .andes-card.poly-card
2025-09-26 20:49:02,670 - INFO - Usando seletor bem-sucedido: .ui-search-layout__item .andes-card.poly-card
2025-09-26 20:49:02,671 - INFO - Processando 50 containers de produto encontrados em https://lista.mercadolivre.com.br/cartucho-hp-664?sb=all_mercadolibre
2025-09-26 20:49:02,671 - INFO - --- Pulando container 1 (item patrocinado 1/2) ---
2025-09-26 20:49:02,672 - INFO - --- Pulando container 2 (item patrocinado 2/2) ---
2025-09-26 20:49:02,673 - INFO - --- Processando container de produto 3/50 (total coletado: 0, pulados: 2) ---
2025-09-26 20:49:02,687 - INFO -   [TÍTULO] Encontrado: 'Cartucho De Tinta Hp 667 Cor Preto Do 2 Ml'
2025-09-26 20:49:02,690 - INFO -   [LINK] Encontrado: 'https://www.mercadolivre.com.br/cartucho-de-tinta-hp-667-cor-preto-do-2-ml/p/MLB37141763#polycard_client=search-nordic&search_layout=grid&position=3&type=product&tracking_id=ce4d3906-bda2-4c79-b010-ff35ab9b05fd&wid=MLB4164477091&sid=search'
2025-09-26 20:49:02,693 - INFO -   [ID PRODUTO] Encontrado: 'MLB37141763'
2025-09-26 20:49:02,705 - INFO -   [PREÇO] Encontrado (poly-card fallback): 'R$ 64,21'
2025-09-26 20:49:02,711 - INFO -   [PREÇO ANTERIOR] Encontrado (poly-card fallback): 'R$ 71'
2025-09-26 20:49:02,713 - INFO -   [MARCA] Não encontrada (general/poly).
2025-09-26 20:49:02,721 - INFO -   [IMAGEM] URL da imagem (poly-card fallback): https://http2.mlstatic.com/D_Q_NP_2X_886903-MLA87439311815_072025-E.webp
2025-09-26 20:49:02,723 - INFO -   [VENDEDOR] Não encontrado para o container 3.
2025-09-26 20:49:02,725 - INFO -   [MÉDIA AVALIAÇÕES] Encontrada (poly-card fallback): '4.8'
2025-09-26 20:49:02,726 - INFO -   [TOTAL AVALIAÇÕES] Encontrado (poly-card fallback): '7399'
2025-09-26 20:49:02,730 - INFO -   [ENTREGA] Texto encontrado (poly-card fallback): 'Frete grátis'
2025-09-26 20:49:02,737 - INFO -   [ENTREGA FULL] Indicador FULL encontrado (poly-card fallback SVG).
2025-09-26 20:49:02,739 - INFO - Produto processado: Cartucho De Tinta Hp 667 Cor Preto Do 2 Ml
2025-09-26 20:49:02,740 - INFO - --- Processando container de produto 4/50 (total coletado: 1, pulados: 2) ---
2025-09-26 20:49:02,744 - INFO -   [TÍTULO] Encontrado: 'Cartucho de tinta preta HP Advantage 664 de 2 ml'
2025-09-26 20:49:02,746 - INFO -   [LINK] Encontrado: 'https://www.mercadolivre.com.br/cartucho-de-tinta-preta-hp-advantage-664-de-2-ml/p/MLB36751629#polycard_client=search-nordic&search_layout=grid&position=4&type=product&tracking_id=ce4d3906-bda2-4c79-b010-ff35ab9b05fd&wid=MLB4198173329&sid=search'
2025-09-26 20:49:02,749 - INFO -   [ID PRODUTO] Encontrado: 'MLB36751629'
2025-09-26 20:49:02,754 - INFO -   [PREÇO] Encontrado (poly-card fallback): 'R$ 65,73'
2025-09-26 20:49:02,756 - INFO -   [PREÇO ANTERIOR] Encontrado (poly-card fallback): 'R$ 78'
2025-09-26 20:49:02,757 - INFO -   [MARCA] Não encontrada (general/poly).
2025-09-26 20:49:02,759 - INFO -   [IMAGEM] URL da imagem (poly-card fallback): https://http2.mlstatic.com/D_Q_NP_2X_901486-MLA82666700555_022025-E.webp
2025-09-26 20:49:02,762 - INFO -   [VENDEDOR] Encontrado (poly-card fallback): 'Eshop'
2025-09-26 20:49:02,765 - INFO -   [MÉDIA AVALIAÇÕES] Encontrada (poly-card fallback): '4.7'
2025-09-26 20:49:02,772 - INFO -   [TOTAL AVALIAÇÕES] Encontrado (poly-card fallback): '4923'
2025-09-26 20:49:02,774 - INFO -   [ENTREGA] Texto encontrado (poly-card fallback): 'Frete grátis'
2025-09-26 20:49:02,775 - INFO -   [ENTREGA FULL] Indicador FULL encontrado (poly-card fallback SVG).
2025-09-26 20:49:02,776 - INFO - Produto processado: Cartucho de tinta preta HP Advantage 664 de 2 ml
2025-09-26 20:49:02,777 - DEBUG - Scraped from <200 https://lista.mercadolivre.com.br/cartucho-hp-664?sb=all_mercadolibre>
{'TITULO PRODUTO': 'Cartucho De Tinta Hp 667 Cor Preto Do 2 Ml', 'LINK': 'https://www.mercadolivre.com.br/cartucho-de-tinta-hp-667-cor-preto-do-2-ml/p/MLB37141763#polycard_client=search-nordic&search_layout=grid&position=3&type=product&tracking_id=ce4d3906-bda2-4c79-b010-ff35ab9b05fd&wid=MLB4164477091&sid=search', 'ID_PRODUTO': 'MLB37141763', 'PREÇO': 'R$ 64,21', 'PREÇO ANTERIOR': 'R$ 71', 'MARCA': 'N/A', 'IMAGEM': 'https://http2.mlstatic.com/D_Q_NP_2X_886903-MLA87439311815_072025-E.webp', 'VENDEDOR': 'N/A', 'MÉDIA AVALIAÇÕES': '4.8', 'TOTAL AVALIAÇÕES': '7399', 'ENTREGA': 'Frete grátis', 'ENTREGA FULL': 'Sim'}
2025-09-26 20:49:02,778 - INFO - --- Processando container de produto 5/50 (total coletado: 2, pulados: 2) ---
2025-09-26 20:49:02,780 - INFO -   [TÍTULO] Encontrado: 'Kit 2 Cartuchos Hp 664xl (preto + Color) 2136 2676'
2025-09-26 20:49:02,784 - INFO -   [LINK] Encontrado: 'https://www.mercadolivre.com.br/kit-2-cartuchos-hp-664xl-preto-color-2136-2676/p/MLB48102366#polycard_client=search-nordic&search_layout=grid&position=5&type=product&tracking_id=ce4d3906-bda2-4c79-b010-ff35ab9b05fd&wid=MLB5719977782&sid=search'
2025-09-26 20:49:02,786 - INFO -   [ID PRODUTO] Encontrado: 'MLB48102366'
2025-09-26 20:49:02,790 - INFO -   [PREÇO] Encontrado (poly-card fallback): 'R$ 295,67'
2025-09-26 20:49:02,791 - INFO -   [PREÇO ANTERIOR] Encontrado (poly-card fallback): 'R$ 314'
2025-09-26 20:49:02,792 - INFO -   [MARCA] Não encontrada (general/poly).
2025-09-26 20:49:02,794 - INFO -   [IMAGEM] URL da imagem (poly-card fallback): https://http2.mlstatic.com/D_Q_NP_2X_921961-MLA83444909992_042025-E.webp
2025-09-26 20:49:02,799 - INFO -   [VENDEDOR] Encontrado (poly-card fallback): 'Park Ecom'
2025-09-26 20:49:02,803 - INFO -   [MÉDIA AVALIAÇÕES] Encontrada (poly-card fallback): '4.6'
2025-09-26 20:49:02,805 - INFO -   [TOTAL AVALIAÇÕES] Encontrado (poly-card fallback): '113'
2025-09-26 20:49:02,806 - INFO -   [ENTREGA] Texto encontrado (poly-card fallback): 'Frete grátis'
2025-09-26 20:49:02,807 - INFO -   [ENTREGA FULL] Indicador FULL encontrado (poly-card fallback SVG).
2025-09-26 20:49:02,807 - INFO - Produto processado: Kit 2 Cartuchos Hp 664xl (preto + Color) 2136 2676
2025-09-26 20:49:02,807 - DEBUG - Scraped from <200 https://lista.mercadolivre.com.br/cartucho-hp-664?sb=all_mercadolibre>
{'TITULO PRODUTO': 'Cartucho de tinta preta HP Advantage 664 de 2 ml', 'LINK': 'https://www.mercadolivre.com.br/cartucho-de-tinta-preta-hp-advantage-664-de-2-ml/p/MLB36751629#polycard_client=search-nordic&search_layout=grid&position=4&type=product&tracking_id=ce4d3906-bda2-4c79-b010-ff35ab9b05fd&wid=MLB4198173329&sid=search', 'ID_PRODUTO': 'MLB36751629', 'PREÇO': 'R$ 65,73', 'PREÇO ANTERIOR': 'R$ 78', 'MARCA': 'N/A', 'IMAGEM': 'https://http2.mlstatic.com/D_Q_NP_2X_901486-MLA82666700555_022025-E.webp', 'VENDEDOR': 'Eshop', 'MÉDIA AVALIAÇÕES': '4.7', 'TOTAL AVALIAÇÕES': '4923', 'ENTREGA': 'Frete grátis', 'ENTREGA FULL': 'Sim'}
2025-09-26 20:49:02,808 - INFO - --- Processando container de produto 6/50 (total coletado: 3, pulados: 2) ---
2025-09-26 20:49:02,812 - INFO -   [TÍTULO] Encontrado: 'Cartucho Tinta Original Hp 664 Preto F6v29ab 2136 2676 3776'
2025-09-26 20:49:02,823 - INFO -   [LINK] Encontrado: 'https://www.mercadolivre.com.br/cartucho-tinta-original-hp-664-preto-f6v29ab-2136-2676-3776/up/MLBU753315902#polycard_client=search-nordic&search_layout=grid&position=6&type=product&tracking_id=ce4d3906-bda2-4c79-b010-ff35ab9b05fd&wid=MLB2671518847&sid=search'
2025-09-26 20:49:02,824 - WARNING -   [ID PRODUTO] Não encontrado no link: https://www.mercadolivre.com.br/cartucho-tinta-original-hp-664-preto-f6v29ab-2136-2676-3776/up/MLBU753315902#polycard_client=search-nordic&search_layout=grid&position=6&type=product&tracking_id=ce4d3906-bda2-4c79-b010-ff35ab9b05fd&wid=MLB2671518847&sid=search
2025-09-26 20:49:02,826 - INFO -   [PREÇO] Encontrado (poly-card fallback): 'R$ 64,90'
2025-09-26 20:49:02,827 - INFO -   [MARCA] Não encontrada (general/poly).
2025-09-26 20:49:02,829 - INFO -   [IMAGEM] URL da imagem (poly-card fallback): https://http2.mlstatic.com/D_Q_NP_2X_604903-MLA50235451064_062022-E.webp
2025-09-26 20:49:02,829 - INFO -   [VENDEDOR] Não encontrado para o container 6.
2025-09-26 20:49:02,841 - INFO -   [MÉDIA AVALIAÇÕES] Encontrada (poly-card fallback): '4.7'
2025-09-26 20:49:02,842 - INFO -   [TOTAL AVALIAÇÕES] Encontrado (poly-card fallback): '312'
2025-09-26 20:49:02,844 - INFO -   [ENTREGA] Texto encontrado (poly-card fallback): 'Frete grátis'
2025-09-26 20:49:02,846 - INFO -   [ENTREGA FULL] Indicador FULL encontrado (poly-card fallback SVG).
2025-09-26 20:49:02,847 - INFO - Produto processado: Cartucho Tinta Original Hp 664 Preto F6v29ab 2136 2676 3776
2025-09-26 20:49:02,848 - DEBUG - Scraped from <200 https://lista.mercadolivre.com.br/cartucho-hp-664?sb=all_mercadolibre>
{'TITULO PRODUTO': 'Kit 2 Cartuchos Hp 664xl (preto + Color) 2136 2676', 'LINK': 'https://www.mercadolivre.com.br/kit-2-cartuchos-hp-664xl-preto-color-2136-2676/p/MLB48102366#polycard_client=search-nordic&search_layout=grid&position=5&type=product&tracking_id=ce4d3906-bda2-4c79-b010-ff35ab9b05fd&wid=MLB5719977782&sid=search', 'ID_PRODUTO': 'MLB48102366', 'PREÇO': 'R$ 295,67', 'PREÇO ANTERIOR': 'R$ 314', 'MARCA': 'N/A', 'IMAGEM': 'https://http2.mlstatic.com/D_Q_NP_2X_921961-MLA83444909992_042025-E.webp', 'VENDEDOR': 'Park Ecom', 'MÉDIA AVALIAÇÕES': '4.6', 'TOTAL AVALIAÇÕES': '113', 'ENTREGA': 'Frete grátis', 'ENTREGA FULL': 'Sim'}
2025-09-26 20:49:02,851 - INFO - --- Processando container de produto 7/50 (total coletado: 4, pulados: 2) ---
2025-09-26 20:49:02,857 - INFO -   [TÍTULO] Encontrado: 'Cartucho HP 664 Colorido(F6V28AB) Para Ink Advantage 1115, 2134, 2136, 2676, 3636, 3776, 3786, 3788,3790, 3836, 4536, 4676,5076, 5276'
2025-09-26 20:49:02,858 - INFO -   [LINK] Encontrado: 'https://www.mercadolivre.com.br/cartucho-hp-664-coloridof6v28ab-para-ink-advantage-1115-2134-2136-2676-3636-3776-3786-37883790-3836-4536-46765076-5276/p/MLB36752265#polycard_client=search-nordic&search_layout=grid&position=7&type=product&tracking_id=ce4d3906-bda2-4c79-b010-ff35ab9b05fd&wid=MLB5739828170&sid=search'
2025-09-26 20:49:02,859 - INFO -   [ID PRODUTO] Encontrado: 'MLB36752265'
2025-09-26 20:49:02,865 - INFO -   [PREÇO] Encontrado (poly-card fallback): 'R$ 61,96'
2025-09-26 20:49:02,867 - INFO -   [PREÇO ANTERIOR] Encontrado (poly-card fallback): 'R$ 77'
2025-09-26 20:49:02,871 - INFO -   [MARCA] Não encontrada (general/poly).
2025-09-26 20:49:02,875 - INFO -   [IMAGEM] URL da imagem (poly-card fallback): https://http2.mlstatic.com/D_Q_NP_2X_639008-MLA91921137841_092025-E.webp
2025-09-26 20:49:02,876 - INFO -   [VENDEDOR] Encontrado (poly-card fallback): 'Mercado Livre'
2025-09-26 20:49:02,878 - INFO -   [MÉDIA AVALIAÇÕES] Encontrada (poly-card fallback): '4.7'
2025-09-26 20:49:02,879 - INFO -   [TOTAL AVALIAÇÕES] Encontrado (poly-card fallback): '4923'
2025-09-26 20:49:02,880 - INFO -   [ENTREGA] Texto encontrado (poly-card fallback): 'Frete grátis'
2025-09-26 20:49:02,885 - INFO -   [ENTREGA FULL] Indicador FULL encontrado (poly-card fallback SVG).
2025-09-26 20:49:02,887 - INFO - Produto processado: Cartucho HP 664 Colorido(F6V28AB) Para Ink Advantage 1115, 2134, 2136, 2676, 3636, 3776, 3786, 3788,3790, 3836, 4536, 4676,5076, 5276
2025-09-26 20:49:02,888 - DEBUG - Scraped from <200 https://lista.mercadolivre.com.br/cartucho-hp-664?sb=all_mercadolibre>
{'TITULO PRODUTO': 'Cartucho Tinta Original Hp 664 Preto F6v29ab 2136 2676 3776', 'LINK': 'https://www.mercadolivre.com.br/cartucho-tinta-original-hp-664-preto-f6v29ab-2136-2676-3776/up/MLBU753315902#polycard_client=search-nordic&search_layout=grid&position=6&type=product&tracking_id=ce4d3906-bda2-4c79-b010-ff35ab9b05fd&wid=MLB2671518847&sid=search', 'ID_PRODUTO': 'N/A', 'PREÇO': 'R$ 64,90', 'PREÇO ANTERIOR': 'N/A', 'MARCA': 'N/A', 'IMAGEM': 'https://http2.mlstatic.com/D_Q_NP_2X_604903-MLA50235451064_062022-E.webp', 'VENDEDOR': 'N/A', 'MÉDIA AVALIAÇÕES': '4.7', 'TOTAL AVALIAÇÕES': '312', 'ENTREGA': 'Frete grátis', 'ENTREGA FULL': 'Sim'}
2025-09-26 20:49:02,890 - INFO - --- Processando container de produto 8/50 (total coletado: 5, pulados: 2) ---
2025-09-26 20:49:02,893 - INFO -   [TÍTULO] Encontrado: '2 Cartuchos 664 Preto Black Impressora Hp Deskjet'
2025-09-26 20:49:02,894 - INFO -   [LINK] Encontrado: 'https://www.mercadolivre.com.br/2-cartuchos-664-preto-black-impressora-hp-deskjet/p/MLB36779932#polycard_client=search-nordic&search_layout=grid&position=8&type=product&tracking_id=ce4d3906-bda2-4c79-b010-ff35ab9b05fd&wid=MLB4160125791&sid=search'
2025-09-26 20:49:02,894 - INFO -   [ID PRODUTO] Encontrado: 'MLB36779932'
2025-09-26 20:49:02,896 - INFO -   [PREÇO] Encontrado (poly-card fallback): 'R$ 128,92'
2025-09-26 20:49:02,904 - INFO -   [PREÇO ANTERIOR] Encontrado (poly-card fallback): 'R$ 152'
2025-09-26 20:49:02,905 - INFO -   [MARCA] Não encontrada (general/poly).
2025-09-26 20:49:02,909 - INFO -   [IMAGEM] URL da imagem (poly-card fallback): https://http2.mlstatic.com/D_Q_NP_2X_776710-MLU76109215014_052024-E.webp
2025-09-26 20:49:02,910 - INFO -   [VENDEDOR] Não encontrado para o container 8.
2025-09-26 20:49:02,911 - INFO -   [MÉDIA AVALIAÇÕES] Encontrada (poly-card fallback): '4.7'
2025-09-26 20:49:02,913 - INFO -   [TOTAL AVALIAÇÕES] Encontrado (poly-card fallback): '4923'
2025-09-26 20:49:02,917 - INFO -   [ENTREGA] Texto encontrado (poly-card fallback): 'Frete grátis'
2025-09-26 20:49:02,921 - INFO - Produto processado: 2 Cartuchos 664 Preto Black Impressora Hp Deskjet
2025-09-26 20:49:02,921 - DEBUG - Scraped from <200 https://lista.mercadolivre.com.br/cartucho-hp-664?sb=all_mercadolibre>
{'TITULO PRODUTO': 'Cartucho HP 664 Colorido(F6V28AB) Para Ink Advantage 1115, 2134, 2136, 2676, 3636, 3776, 3786, 3788,3790, 3836, 4536, 4676,5076, 5276', 'LINK': 'https://www.mercadolivre.com.br/cartucho-hp-664-coloridof6v28ab-para-ink-advantage-1115-2134-2136-2676-3636-3776-3786-37883790-3836-4536-46765076-5276/p/MLB36752265#polycard_client=search-nordic&search_layout=grid&position=7&type=product&tracking_id=ce4d3906-bda2-4c79-b010-ff35ab9b05fd&wid=MLB5739828170&sid=search', 'ID_PRODUTO': 'MLB36752265', 'PREÇO': 'R$ 61,96', 'PREÇO ANTERIOR': 'R$ 77', 'MARCA': 'N/A', 'IMAGEM': 'https://http2.mlstatic.com/D_Q_NP_2X_639008-MLA91921137841_092025-E.webp', 'VENDEDOR': 'Mercado Livre', 'MÉDIA AVALIAÇÕES': '4.7', 'TOTAL AVALIAÇÕES': '4923', 'ENTREGA': 'Frete grátis', 'ENTREGA FULL': 'Sim'}
2025-09-26 20:49:02,924 - INFO - --- Processando container de produto 9/50 (total coletado: 6, pulados: 2) ---
2025-09-26 20:49:02,925 - INFO -   [TÍTULO] Encontrado: 'Kit 02 Cartucho 664xl Preto 664 Xl Original Hp E Lacrado'
2025-09-26 20:49:02,926 - INFO -   [LINK] Encontrado: 'https://www.mercadolivre.com.br/kit-cartucho-de-tinta-664xl-bk-e-color-novo-original/p/MLB2039342702#polycard_client=search-nordic&search_layout=grid&position=9&type=product&tracking_id=ce4d3906-bda2-4c79-b010-ff35ab9b05fd&wid=MLB3208174446&sid=search'
2025-09-26 20:49:02,927 - INFO -   [ID PRODUTO] Encontrado: 'MLB2039342702'
2025-09-26 20:49:02,929 - INFO -   [PREÇO] Encontrado (poly-card fallback): 'R$ 193,03'
2025-09-26 20:49:02,931 - INFO -   [PREÇO ANTERIOR] Encontrado (poly-card fallback): 'R$ 215'
2025-09-26 20:49:02,938 - INFO -   [MARCA] Não encontrada (general/poly).
2025-09-26 20:49:02,940 - INFO -   [IMAGEM] URL da imagem (poly-card fallback): https://http2.mlstatic.com/D_Q_NP_2X_723436-MLB84792116624_052025-E.webp
2025-09-26 20:49:02,941 - INFO -   [VENDEDOR] Encontrado (poly-card fallback): 'Park Ecom'
2025-09-26 20:49:02,942 - INFO -   [MÉDIA AVALIAÇÕES] Encontrada (poly-card fallback): '4.3'
2025-09-26 20:49:02,943 - INFO -   [TOTAL AVALIAÇÕES] Encontrado (poly-card fallback): '164'
2025-09-26 20:49:02,945 - INFO -   [ENTREGA] Texto encontrado (poly-card fallback): 'Frete grátis'
2025-09-26 20:49:02,946 - INFO - Produto processado: Kit 02 Cartucho 664xl Preto 664 Xl Original Hp E Lacrado
2025-09-26 20:49:02,948 - DEBUG - Scraped from <200 https://lista.mercadolivre.com.br/cartucho-hp-664?sb=all_mercadolibre>
{'TITULO PRODUTO': '2 Cartuchos 664 Preto Black Impressora Hp Deskjet', 'LINK': 'https://www.mercadolivre.com.br/2-cartuchos-664-preto-black-impressora-hp-deskjet/p/MLB36779932#polycard_client=search-nordic&search_layout=grid&position=8&type=product&tracking_id=ce4d3906-bda2-4c79-b010-ff35ab9b05fd&wid=MLB4160125791&sid=search', 'ID_PRODUTO': 'MLB36779932', 'PREÇO': 'R$ 128,92', 'PREÇO ANTERIOR': 'R$ 152', 'MARCA': 'N/A', 'IMAGEM': 'https://http2.mlstatic.com/D_Q_NP_2X_776710-MLU76109215014_052024-E.webp', 'VENDEDOR': 'N/A', 'MÉDIA AVALIAÇÕES': '4.7', 'TOTAL AVALIAÇÕES': '4923', 'ENTREGA': 'Frete grátis', 'ENTREGA FULL': 'Não'}
2025-09-26 20:49:02,954 - INFO - --- Processando container de produto 10/50 (total coletado: 7, pulados: 2) ---
2025-09-26 20:49:02,956 - INFO -   [TÍTULO] Encontrado: 'Kit 2 Cartuchos Hp 664: 1un Preto + 1un Color'
2025-09-26 20:49:02,957 - INFO -   [LINK] Encontrado: 'https://www.mercadolivre.com.br/kit-2-cartuchos-hp-664-1un-preto-1un-color/p/MLB39028313#polycard_client=search-nordic&search_layout=grid&position=10&type=product&tracking_id=ce4d3906-bda2-4c79-b010-ff35ab9b05fd&wid=MLB5729014430&sid=search'
2025-09-26 20:49:02,958 - INFO -   [ID PRODUTO] Encontrado: 'MLB39028313'
2025-09-26 20:49:02,962 - INFO -   [PREÇO] Encontrado (poly-card fallback): 'R$ 134,90'
2025-09-26 20:49:02,963 - INFO -   [MARCA] Não encontrada (general/poly).
2025-09-26 20:49:02,966 - INFO -   [IMAGEM] URL da imagem (poly-card fallback): https://http2.mlstatic.com/D_Q_NP_2X_822808-MLU78194489785_082024-E.webp
2025-09-26 20:49:02,970 - INFO -   [VENDEDOR] Não encontrado para o container 10.
2025-09-26 20:49:02,972 - INFO -   [MÉDIA AVALIAÇÕES] Encontrada (poly-card fallback): '4.7'
2025-09-26 20:49:02,973 - INFO -   [TOTAL AVALIAÇÕES] Encontrado (poly-card fallback): '4923'
2025-09-26 20:49:02,975 - INFO -   [ENTREGA] Texto encontrado (poly-card fallback): 'Frete grátis'
2025-09-26 20:49:02,975 - INFO - Produto processado: Kit 2 Cartuchos Hp 664: 1un Preto + 1un Color
2025-09-26 20:49:02,977 - DEBUG - Scraped from <200 https://lista.mercadolivre.com.br/cartucho-hp-664?sb=all_mercadolibre>
{'TITULO PRODUTO': 'Kit 02 Cartucho 664xl Preto 664 Xl Original Hp E Lacrado', 'LINK': 'https://www.mercadolivre.com.br/kit-cartucho-de-tinta-664xl-bk-e-color-novo-original/p/MLB2039342702#polycard_client=search-nordic&search_layout=grid&position=9&type=product&tracking_id=ce4d3906-bda2-4c79-b010-ff35ab9b05fd&wid=MLB3208174446&sid=search', 'ID_PRODUTO': 'MLB2039342702', 'PREÇO': 'R$ 193,03', 'PREÇO ANTERIOR': 'R$ 215', 'MARCA': 'N/A', 'IMAGEM': 'https://http2.mlstatic.com/D_Q_NP_2X_723436-MLB84792116624_052025-E.webp', 'VENDEDOR': 'Park Ecom', 'MÉDIA AVALIAÇÕES': '4.3', 'TOTAL AVALIAÇÕES': '164', 'ENTREGA': 'Frete grátis', 'ENTREGA FULL': 'Não'}
2025-09-26 20:49:02,978 - INFO - --- Processando container de produto 11/50 (total coletado: 8, pulados: 2) ---
2025-09-26 20:49:02,989 - INFO -   [TÍTULO] Encontrado: 'Cartucho De Tinta Hp 664 Preto'
2025-09-26 20:49:02,992 - INFO -   [LINK] Encontrado: 'https://www.mercadolivre.com.br/cartucho-de-tinta-hp-664-preto/p/MLB36768292#polycard_client=search-nordic&search_layout=grid&position=11&type=product&tracking_id=ce4d3906-bda2-4c79-b010-ff35ab9b05fd&wid=MLB4678660474&sid=search'
2025-09-26 20:49:02,993 - INFO -   [ID PRODUTO] Encontrado: 'MLB36768292'
2025-09-26 20:49:02,996 - INFO -   [PREÇO] Encontrado (poly-card fallback): 'R$ 143,90'
2025-09-26 20:49:03,004 - INFO -   [MARCA] Não encontrada (general/poly).
2025-09-26 20:49:03,006 - INFO -   [IMAGEM] URL da imagem (poly-card fallback): https://http2.mlstatic.com/D_Q_NP_2X_907517-MLA84489489161_052025-E.webp
2025-09-26 20:49:03,007 - INFO -   [VENDEDOR] Não encontrado para o container 11.
2025-09-26 20:49:03,009 - INFO -   [MÉDIA AVALIAÇÕES] Encontrada (poly-card fallback): '4.7'
2025-09-26 20:49:03,010 - INFO -   [TOTAL AVALIAÇÕES] Encontrado (poly-card fallback): '4923'
2025-09-26 20:49:03,011 - INFO -   [ENTREGA] Texto encontrado (poly-card fallback): 'Frete grátis'
2025-09-26 20:49:03,013 - INFO - Produto processado: Cartucho De Tinta Hp 664 Preto
2025-09-26 20:49:03,017 - DEBUG - Scraped from <200 https://lista.mercadolivre.com.br/cartucho-hp-664?sb=all_mercadolibre>
{'TITULO PRODUTO': 'Kit 2 Cartuchos Hp 664: 1un Preto + 1un Color', 'LINK': 'https://www.mercadolivre.com.br/kit-2-cartuchos-hp-664-1un-preto-1un-color/p/MLB39028313#polycard_client=search-nordic&search_layout=grid&position=10&type=product&tracking_id=ce4d3906-bda2-4c79-b010-ff35ab9b05fd&wid=MLB5729014430&sid=search', 'ID_PRODUTO': 'MLB39028313', 'PREÇO': 'R$ 134,90', 'PREÇO ANTERIOR': 'N/A', 'MARCA': 'N/A', 'IMAGEM': 'https://http2.mlstatic.com/D_Q_NP_2X_822808-MLU78194489785_082024-E.webp', 'VENDEDOR': 'N/A', 'MÉDIA AVALIAÇÕES': '4.7', 'TOTAL AVALIAÇÕES': '4923', 'ENTREGA': 'Frete grátis', 'ENTREGA FULL': 'Não'}
2025-09-26 20:49:03,019 - INFO - --- Processando container de produto 12/50 (total coletado: 9, pulados: 2) ---
2025-09-26 20:49:03,020 - INFO -   [TÍTULO] Encontrado: '3 Cartuchos Hp 664xl Preto 2 Color Genuíno'
2025-09-26 20:49:03,022 - INFO -   [LINK] Encontrado: 'https://www.mercadolivre.com.br/3-cartuchos-hp-664xl-preto-2-color-genuino/p/MLB39028582#polycard_client=search-nordic&search_layout=grid&position=12&type=product&tracking_id=ce4d3906-bda2-4c79-b010-ff35ab9b05fd&wid=MLB4973488738&sid=search'
2025-09-26 20:49:03,022 - INFO -   [ID PRODUTO] Encontrado: 'MLB39028582'
2025-09-26 20:49:03,024 - INFO -   [PREÇO] Encontrado (poly-card fallback): 'R$ 619,50'
2025-09-26 20:49:03,026 - INFO -   [MARCA] Não encontrada (general/poly).
2025-09-26 20:49:03,028 - INFO -   [IMAGEM] URL da imagem (poly-card fallback): https://http2.mlstatic.com/D_Q_NP_2X_633784-MLA91969127157_092025-E.webp
2025-09-26 20:49:03,029 - INFO -   [VENDEDOR] Encontrado (poly-card fallback): 'Park Ecom'
2025-09-26 20:49:03,034 - INFO -   [MÉDIA AVALIAÇÕES] Encontrada (poly-card fallback): '4.6'
2025-09-26 20:49:03,036 - INFO -   [TOTAL AVALIAÇÕES] Encontrado (poly-card fallback): '113'
2025-09-26 20:49:03,040 - INFO -   [ENTREGA] Texto encontrado (poly-card fallback): 'Frete grátis'
2025-09-26 20:49:03,041 - INFO - Produto processado: 3 Cartuchos Hp 664xl Preto 2 Color Genuíno
2025-09-26 20:49:03,042 - DEBUG - Scraped from <200 https://lista.mercadolivre.com.br/cartucho-hp-664?sb=all_mercadolibre>
{'TITULO PRODUTO': 'Cartucho De Tinta Hp 664 Preto', 'LINK': 'https://www.mercadolivre.com.br/cartucho-de-tinta-hp-664-preto/p/MLB36768292#polycard_client=search-nordic&search_layout=grid&position=11&type=product&tracking_id=ce4d3906-bda2-4c79-b010-ff35ab9b05fd&wid=MLB4678660474&sid=search', 'ID_PRODUTO': 'MLB36768292', 'PREÇO': 'R$ 143,90', 'PREÇO ANTERIOR': 'N/A', 'MARCA': 'N/A', 'IMAGEM': 'https://http2.mlstatic.com/D_Q_NP_2X_907517-MLA84489489161_052025-E.webp', 'VENDEDOR': 'N/A', 'MÉDIA AVALIAÇÕES': '4.7', 'TOTAL AVALIAÇÕES': '4923', 'ENTREGA': 'Frete grátis', 'ENTREGA FULL': 'Não'}
2025-09-26 20:49:03,043 - INFO - Limite de 10 itens atingido durante o processamento da página. Parando.
2025-09-26 20:49:03,045 - DEBUG - Scraped from <200 https://lista.mercadolivre.com.br/cartucho-hp-664?sb=all_mercadolibre>
{'TITULO PRODUTO': '3 Cartuchos Hp 664xl Preto 2 Color Genuíno', 'LINK': 'https://www.mercadolivre.com.br/3-cartuchos-hp-664xl-preto-2-color-genuino/p/MLB39028582#polycard_client=search-nordic&search_layout=grid&position=12&type=product&tracking_id=ce4d3906-bda2-4c79-b010-ff35ab9b05fd&wid=MLB4973488738&sid=search', 'ID_PRODUTO': 'MLB39028582', 'PREÇO': 'R$ 619,50', 'PREÇO ANTERIOR': 'N/A', 'MARCA': 'N/A', 'IMAGEM': 'https://http2.mlstatic.com/D_Q_NP_2X_633784-MLA91969127157_092025-E.webp', 'VENDEDOR': 'Park Ecom', 'MÉDIA AVALIAÇÕES': '4.6', 'TOTAL AVALIAÇÕES': '113', 'ENTREGA': 'Frete grátis', 'ENTREGA FULL': 'Não'}
2025-09-26 20:49:03,046 - INFO - Closing spider (finished)
2025-09-26 20:49:03,054 - INFO - Dumping Scrapy stats:
{'downloader/request_bytes': 826,
 'downloader/request_count': 1,
 'downloader/request_method_count/GET': 1,
 'downloader/response_bytes': 163764,
 'downloader/response_count': 1,
 'downloader/response_status_count/200': 1,
 'elapsed_time_seconds': 8.000662,
 'finish_reason': 'finished',
 'finish_time': datetime.datetime(2025, 9, 26, 23, 49, 3, 54552, tzinfo=datetime.timezone.utc),
 'httpcompression/response_bytes': 1397553,
 'httpcompression/response_count': 1,
 'item_scraped_count': 10,
 'items_per_minute': 75.0,
 'log_count/INFO': 150,
 'log_count/WARNING': 2,
 'response_received_count': 1,
 'responses_per_minute': 7.5,
 'scheduler/dequeued': 1,
 'scheduler/dequeued/memory': 1,
 'scheduler/enqueued': 1,
 'scheduler/enqueued/memory': 1,
 'start_time': datetime.datetime(2025, 9, 26, 23, 48, 55, 53890, tzinfo=datetime.timezone.utc)}
2025-09-26 20:49:03,055 - INFO - Spider closed (finished)
2025-09-26 20:49:03,621 - INFO -  * Restarting with watchdog (windowsapi)
2025-09-26 20:49:06,144 - WARNING -  * Debugger is active!
2025-09-26 20:49:06,149 - INFO -  * Debugger PIN: 639-855-048
2025-09-26 20:49:06,291 - INFO - 192.168.100.14 - - [26/Sep/2025 20:49:06] "GET /jobs HTTP/1.1" 200 -
2025-09-26 20:49:06,428 - INFO - 192.168.100.14 - - [26/Sep/2025 20:49:06] "[36mGET /static/style.css HTTP/1.1[0m" 304 -
2025-09-26 20:49:08,359 - INFO - 192.168.100.14 - - [26/Sep/2025 20:49:08] "GET /datasets HTTP/1.1" 200 -
2025-09-26 20:49:08,419 - INFO - 192.168.100.14 - - [26/Sep/2025 20:49:08] "[36mGET /static/style.css HTTP/1.1[0m" 304 -
2025-09-26 20:49:13,511 - INFO - 192.168.100.14 - - [26/Sep/2025 20:49:13] "GET /datasets HTTP/1.1" 200 -
2025-09-26 20:49:13,590 - INFO - 192.168.100.14 - - [26/Sep/2025 20:49:13] "[36mGET /static/style.css HTTP/1.1[0m" 304 -
2025-09-26 20:49:14,394 - INFO - 192.168.100.14 - - [26/Sep/2025 20:49:14] "GET /datasets HTTP/1.1" 200 -
2025-09-26 20:49:14,462 - INFO - 192.168.100.14 - - [26/Sep/2025 20:49:14] "[36mGET /static/style.css HTTP/1.1[0m" 304 -
2025-09-26 20:49:15,338 - INFO - 192.168.100.14 - - [26/Sep/2025 20:49:15] "GET /scraping HTTP/1.1" 200 -
2025-09-26 20:49:15,400 - INFO - 192.168.100.14 - - [26/Sep/2025 20:49:15] "[36mGET /static/style.css HTTP/1.1[0m" 304 -
2025-09-26 20:49:30,203 - INFO - Job dd7d607c: Iniciando coleta de produtos
2025-09-26 20:49:30,204 - INFO - 192.168.100.14 - - [26/Sep/2025 20:49:30] "[32mPOST /web/scraping/start HTTP/1.1[0m" 302 -
2025-09-26 20:49:30,204 - INFO - Iniciando scraping para: cartucho hp 664
2025-09-26 20:49:30,205 - INFO - Parâmetros: max_items=10, images=True, sort=relevance
2025-09-26 20:49:30,215 - INFO - 192.168.100.14 - - [26/Sep/2025 20:49:30] "GET /jobs HTTP/1.1" 200 -
2025-09-26 20:49:30,276 - INFO - 192.168.100.14 - - [26/Sep/2025 20:49:30] "[36mGET /static/style.css HTTP/1.1[0m" 304 -
2025-09-26 20:49:32,605 - INFO - Spider iniciado com configurações otimizadas:
2025-09-26 20:49:32,606 - INFO -    CONCURRENT_REQUESTS: 1
2025-09-26 20:49:32,606 - INFO -    CONCURRENT_REQUESTS_PER_DOMAIN: 1
2025-09-26 20:49:32,606 - INFO -    DOWNLOAD_TIMEOUT: 30s
2025-09-26 20:49:32,607 - INFO -    HTTPCACHE_ENABLED: False
2025-09-26 20:49:32,675 - INFO - Scrapy 2.13.0 started (bot: scrapybot)
2025-09-26 20:49:32,842 - INFO - Versions:
{'lxml': '5.3.2',
 'libxml2': '2.11.9',
 'cssselect': '1.3.0',
 'parsel': '1.10.0',
 'w3lib': '2.3.1',
 'Twisted': '24.11.0',
 'Python': '3.12.10 (tags/v3.12.10:0cc8128, Apr  8 2025, 12:21:36) [MSC v.1943 '
           '64 bit (AMD64)]',
 'pyOpenSSL': '25.1.0 (OpenSSL 3.4.1 11 Feb 2025)',
 'cryptography': '44.0.2',
 'Platform': 'Windows-11-10.0.26100-SP0'}
2025-09-26 20:49:32,846 - INFO - Spider initialized for query='cartucho hp 664', sort_by='relevance', condition='all', max_items=10. Start URL: https://lista.mercadolivre.com.br/cartucho-hp-664?sb=all_mercadolibre#D[A:cartucho%20hp%20664]
2025-09-26 20:49:32,847 - INFO - Enabled addons:
[]
2025-09-26 20:49:32,852 - DEBUG - Using reactor: twisted.internet.asyncioreactor.AsyncioSelectorReactor
2025-09-26 20:49:32,853 - DEBUG - Using asyncio event loop: asyncio.windows_events._WindowsSelectorEventLoop
2025-09-26 20:49:32,858 - INFO - Telnet Password: 7e87ef56ffbfc4da
2025-09-26 20:49:32,915 - INFO - Enabled extensions:
['scrapy.extensions.corestats.CoreStats',
 'scrapy.extensions.telnet.TelnetConsole',
 'scrapy.extensions.logstats.LogStats',
 'scrapy.extensions.throttle.AutoThrottle']
2025-09-26 20:49:32,964 - INFO - Overridden settings:
{'AUTOTHROTTLE_ENABLED': True,
 'AUTOTHROTTLE_MAX_DELAY': 30,
 'AUTOTHROTTLE_START_DELAY': 4.977656111955633,
 'CONCURRENT_REQUESTS': 1,
 'CONCURRENT_REQUESTS_PER_DOMAIN': 1,
 'DOWNLOAD_DELAY': 5.974638391037125,
 'DOWNLOAD_TIMEOUT': 30,
 'DOWNLOAD_WARNSIZE': 0,
 'LOG_LEVEL': 'INFO',
 'RETRY_HTTP_CODES': [429, 500, 502, 503, 504, 408, 403],
 'RETRY_TIMES': 5,
 'USER_AGENT': 'Mozilla/5.0 (Macintosh; Intel Mac OS X 10_15_7) '
               'AppleWebKit/537.36 (KHTML, like Gecko) Chrome/120.0.0.0 '
               'Safari/537.36'}
2025-09-26 20:49:33,171 - INFO - Enabled downloader middlewares:
['scrapy.downloadermiddlewares.offsite.OffsiteMiddleware',
 'scrapy.downloadermiddlewares.retry.RetryMiddleware',
 'scrapy.downloadermiddlewares.httpproxy.HttpProxyMiddleware',
 'scrapy.downloadermiddlewares.httpauth.HttpAuthMiddleware',
 'scrapy.downloadermiddlewares.downloadtimeout.DownloadTimeoutMiddleware',
 'scrapy.downloadermiddlewares.defaultheaders.DefaultHeadersMiddleware',
 'scrapy.downloadermiddlewares.redirect.MetaRefreshMiddleware',
 'scrapy.downloadermiddlewares.httpcompression.HttpCompressionMiddleware',
 'scrapy.downloadermiddlewares.redirect.RedirectMiddleware',
 'scrapy.downloadermiddlewares.cookies.CookiesMiddleware',
 'scrapy.downloadermiddlewares.stats.DownloaderStats']
2025-09-26 20:49:33,179 - INFO - Enabled spider middlewares:
['scrapy.spidermiddlewares.start.StartSpiderMiddleware',
 'scrapy.spidermiddlewares.httperror.HttpErrorMiddleware',
 'scrapy.spidermiddlewares.referer.RefererMiddleware',
 'scrapy.spidermiddlewares.urllength.UrlLengthMiddleware',
 'scrapy.spidermiddlewares.depth.DepthMiddleware']
2025-09-26 20:49:33,182 - INFO - Enabled item pipelines:
[]
2025-09-26 20:49:33,184 - INFO - Spider opened
2025-09-26 20:49:33,198 - WARNING - C:\Users\sandr\AppData\Local\Packages\PythonSoftwareFoundation.Python.3.12_qbz5n2kfra8p0\LocalCache\local-packages\Python312\site-packages\scrapy\core\spidermw.py:433: ScrapyDeprecationWarning: mercadolivre_spider.MercadoLivreSpider defines the deprecated start_requests() method. start_requests() has been deprecated in favor of a new method, start(), to support asynchronous code execution. start_requests() will stop being called in a future version of Scrapy. If you use Scrapy 2.13 or higher only, replace start_requests() with start(); note that start() is a coroutine (async def). If you need to maintain compatibility with lower Scrapy versions, when overriding start_requests() in a spider class, override start() as well; you can use super() to reuse the inherited start() implementation without copy-pasting. See the release notes of Scrapy 2.13 for details: https://docs.scrapy.org/en/2.13/news.html
  warn(

2025-09-26 20:49:33,200 - INFO - Crawled 0 pages (at 0 pages/min), scraped 0 items (at 0 items/min)
2025-09-26 20:49:33,203 - INFO - Telnet console listening on 127.0.0.1:6023
2025-09-26 20:49:33,205 - INFO - Attempting to scrape URL: https://lista.mercadolivre.com.br/cartucho-hp-664?sb=all_mercadolibre#D[A:cartucho%20hp%20664]
2025-09-26 20:49:33,206 - INFO - Aguardando 5.7s antes da primeira requisição...
2025-09-26 20:49:39,837 - DEBUG - Crawled (200) <GET https://lista.mercadolivre.com.br/cartucho-hp-664?sb=all_mercadolibre#D%5BA:cartucho%20hp%20664%5D> (referer: None)
2025-09-26 20:49:39,971 - INFO - Processing URL: https://lista.mercadolivre.com.br/cartucho-hp-664?sb=all_mercadolibre (Page 1)
2025-09-26 20:49:39,979 - INFO - HTML da primeira página de resultados (https://lista.mercadolivre.com.br/cartucho-hp-664?sb=all_mercadolibre) salvo em scraped_page_content_debug.html para depuração.
2025-09-26 20:49:40,098 - INFO - Encontrados 50 produtos com seletor: .ui-search-layout__item .andes-card.poly-card
2025-09-26 20:49:40,099 - INFO - Usando seletor bem-sucedido: .ui-search-layout__item .andes-card.poly-card
2025-09-26 20:49:40,099 - INFO - Processando 50 containers de produto encontrados em https://lista.mercadolivre.com.br/cartucho-hp-664?sb=all_mercadolibre
2025-09-26 20:49:40,100 - INFO - --- Pulando container 1 (item patrocinado 1/2) ---
2025-09-26 20:49:40,100 - INFO - --- Pulando container 2 (item patrocinado 2/2) ---
2025-09-26 20:49:40,102 - INFO - --- Processando container de produto 3/50 (total coletado: 0, pulados: 2) ---
2025-09-26 20:49:40,105 - INFO -   [TÍTULO] Encontrado: 'Cartucho De Tinta Hp 667 Cor Preto Do 2 Ml'
2025-09-26 20:49:40,105 - INFO -   [LINK] Encontrado: 'https://www.mercadolivre.com.br/cartucho-de-tinta-hp-667-cor-preto-do-2-ml/p/MLB37141763#polycard_client=search-nordic&search_layout=grid&position=3&type=product&tracking_id=64474036-5fd1-405e-bffc-2fafd0b6886d&wid=MLB3713375243&sid=search'
2025-09-26 20:49:40,107 - INFO -   [ID PRODUTO] Encontrado: 'MLB37141763'
2025-09-26 20:49:40,115 - INFO -   [PREÇO] Encontrado (poly-card fallback): 'R$ 63,90'
2025-09-26 20:49:40,119 - INFO -   [MARCA] Não encontrada (general/poly).
2025-09-26 20:49:40,124 - INFO -   [IMAGEM] URL da imagem (poly-card fallback): https://http2.mlstatic.com/D_Q_NP_2X_886903-MLA87439311815_072025-E.webp
2025-09-26 20:49:40,127 - INFO -   [VENDEDOR] Não encontrado para o container 3.
2025-09-26 20:49:40,131 - INFO -   [MÉDIA AVALIAÇÕES] Encontrada (poly-card fallback): '4.8'
2025-09-26 20:49:40,134 - INFO -   [TOTAL AVALIAÇÕES] Encontrado (poly-card fallback): '7399'
2025-09-26 20:49:40,138 - INFO -   [ENTREGA] Texto encontrado (poly-card fallback): 'Frete grátis'
2025-09-26 20:49:40,141 - INFO -   [ENTREGA FULL] Indicador FULL encontrado (poly-card fallback SVG).
2025-09-26 20:49:40,141 - INFO - Produto processado: Cartucho De Tinta Hp 667 Cor Preto Do 2 Ml
2025-09-26 20:49:40,143 - INFO - --- Processando container de produto 4/50 (total coletado: 1, pulados: 2) ---
2025-09-26 20:49:40,146 - INFO -   [TÍTULO] Encontrado: 'Cartucho de tinta preta HP Advantage 664 de 2 ml'
2025-09-26 20:49:40,151 - INFO -   [LINK] Encontrado: 'https://www.mercadolivre.com.br/cartucho-de-tinta-preta-hp-advantage-664-de-2-ml/p/MLB36751629#polycard_client=search-nordic&search_layout=grid&position=4&type=product&tracking_id=64474036-5fd1-405e-bffc-2fafd0b6886d&wid=MLB4198173329&sid=search'
2025-09-26 20:49:40,152 - INFO -   [ID PRODUTO] Encontrado: 'MLB36751629'
2025-09-26 20:49:40,154 - INFO -   [PREÇO] Encontrado (poly-card fallback): 'R$ 65,73'
2025-09-26 20:49:40,156 - INFO -   [PREÇO ANTERIOR] Encontrado (poly-card fallback): 'R$ 78'
2025-09-26 20:49:40,158 - INFO -   [MARCA] Não encontrada (general/poly).
2025-09-26 20:49:40,161 - INFO -   [IMAGEM] URL da imagem (poly-card fallback): https://http2.mlstatic.com/D_Q_NP_2X_901486-MLA82666700555_022025-E.webp
2025-09-26 20:49:40,164 - INFO -   [VENDEDOR] Encontrado (poly-card fallback): 'Eshop'
2025-09-26 20:49:40,167 - INFO -   [MÉDIA AVALIAÇÕES] Encontrada (poly-card fallback): '4.7'
2025-09-26 20:49:40,168 - INFO -   [TOTAL AVALIAÇÕES] Encontrado (poly-card fallback): '4923'
2025-09-26 20:49:40,172 - INFO -   [ENTREGA] Texto encontrado (poly-card fallback): 'Frete grátis'
2025-09-26 20:49:40,174 - INFO -   [ENTREGA FULL] Indicador FULL encontrado (poly-card fallback SVG).
2025-09-26 20:49:40,174 - INFO - Produto processado: Cartucho de tinta preta HP Advantage 664 de 2 ml
2025-09-26 20:49:40,175 - DEBUG - Scraped from <200 https://lista.mercadolivre.com.br/cartucho-hp-664?sb=all_mercadolibre>
{'TITULO PRODUTO': 'Cartucho De Tinta Hp 667 Cor Preto Do 2 Ml', 'LINK': 'https://www.mercadolivre.com.br/cartucho-de-tinta-hp-667-cor-preto-do-2-ml/p/MLB37141763#polycard_client=search-nordic&search_layout=grid&position=3&type=product&tracking_id=64474036-5fd1-405e-bffc-2fafd0b6886d&wid=MLB3713375243&sid=search', 'ID_PRODUTO': 'MLB37141763', 'PREÇO': 'R$ 63,90', 'PREÇO ANTERIOR': 'N/A', 'MARCA': 'N/A', 'IMAGEM': 'https://http2.mlstatic.com/D_Q_NP_2X_886903-MLA87439311815_072025-E.webp', 'VENDEDOR': 'N/A', 'MÉDIA AVALIAÇÕES': '4.8', 'TOTAL AVALIAÇÕES': '7399', 'ENTREGA': 'Frete grátis', 'ENTREGA FULL': 'Sim'}
2025-09-26 20:49:40,178 - INFO - --- Processando container de produto 5/50 (total coletado: 2, pulados: 2) ---
2025-09-26 20:49:40,182 - INFO -   [TÍTULO] Encontrado: '2 Cartuchos 664 Preto Black Impressora Hp Deskjet'
2025-09-26 20:49:40,183 - INFO -   [LINK] Encontrado: 'https://www.mercadolivre.com.br/2-cartuchos-664-preto-black-impressora-hp-deskjet/p/MLB36779932#polycard_client=search-nordic&search_layout=grid&position=5&type=product&tracking_id=64474036-5fd1-405e-bffc-2fafd0b6886d&wid=MLB4678624598&sid=search'
2025-09-26 20:49:40,184 - INFO -   [ID PRODUTO] Encontrado: 'MLB36779932'
2025-09-26 20:49:40,187 - INFO -   [PREÇO] Encontrado (poly-card fallback): 'R$ 139,90'
2025-09-26 20:49:40,189 - INFO -   [MARCA] Não encontrada (general/poly).
2025-09-26 20:49:40,191 - INFO -   [IMAGEM] URL da imagem (poly-card fallback): https://http2.mlstatic.com/D_Q_NP_2X_776710-MLU76109215014_052024-E.webp
2025-09-26 20:49:40,191 - INFO -   [VENDEDOR] Não encontrado para o container 5.
2025-09-26 20:49:40,193 - INFO -   [MÉDIA AVALIAÇÕES] Encontrada (poly-card fallback): '4.7'
2025-09-26 20:49:40,196 - INFO -   [TOTAL AVALIAÇÕES] Encontrado (poly-card fallback): '4923'
2025-09-26 20:49:40,198 - INFO -   [ENTREGA] Texto encontrado (general alt): 'Chegará grátis amanhã sábado'
2025-09-26 20:49:40,199 - INFO -   [ENTREGA FULL] Indicador FULL encontrado (poly-card fallback SVG).
2025-09-26 20:49:40,200 - INFO - Produto processado: 2 Cartuchos 664 Preto Black Impressora Hp Deskjet
2025-09-26 20:49:40,202 - DEBUG - Scraped from <200 https://lista.mercadolivre.com.br/cartucho-hp-664?sb=all_mercadolibre>
{'TITULO PRODUTO': 'Cartucho de tinta preta HP Advantage 664 de 2 ml', 'LINK': 'https://www.mercadolivre.com.br/cartucho-de-tinta-preta-hp-advantage-664-de-2-ml/p/MLB36751629#polycard_client=search-nordic&search_layout=grid&position=4&type=product&tracking_id=64474036-5fd1-405e-bffc-2fafd0b6886d&wid=MLB4198173329&sid=search', 'ID_PRODUTO': 'MLB36751629', 'PREÇO': 'R$ 65,73', 'PREÇO ANTERIOR': 'R$ 78', 'MARCA': 'N/A', 'IMAGEM': 'https://http2.mlstatic.com/D_Q_NP_2X_901486-MLA82666700555_022025-E.webp', 'VENDEDOR': 'Eshop', 'MÉDIA AVALIAÇÕES': '4.7', 'TOTAL AVALIAÇÕES': '4923', 'ENTREGA': 'Frete grátis', 'ENTREGA FULL': 'Sim'}
2025-09-26 20:49:40,203 - INFO - --- Processando container de produto 6/50 (total coletado: 3, pulados: 2) ---
2025-09-26 20:49:40,204 - INFO -   [TÍTULO] Encontrado: 'Kit Cartucho Hp 664 Preto E Hp 664 Colorido'
2025-09-26 20:49:40,205 - INFO -   [LINK] Encontrado: 'https://www.mercadolivre.com.br/kit-cartucho-hp-664-preto-e-hp-664-colorido/p/MLB36751072#polycard_client=search-nordic&search_layout=grid&position=6&type=product&tracking_id=64474036-5fd1-405e-bffc-2fafd0b6886d&wid=MLB3789824595&sid=search'
2025-09-26 20:49:40,206 - INFO -   [ID PRODUTO] Encontrado: 'MLB36751072'
2025-09-26 20:49:40,208 - INFO -   [PREÇO] Encontrado (poly-card fallback): 'R$ 135'
2025-09-26 20:49:40,211 - INFO -   [PREÇO ANTERIOR] Encontrado (poly-card fallback): 'R$ 153'
2025-09-26 20:49:40,215 - INFO -   [MARCA] Não encontrada (general/poly).
2025-09-26 20:49:40,217 - INFO -   [IMAGEM] URL da imagem (poly-card fallback): https://http2.mlstatic.com/D_Q_NP_2X_950197-MLU76394007878_052024-E.webp
2025-09-26 20:49:40,220 - INFO -   [VENDEDOR] Não encontrado para o container 6.
2025-09-26 20:49:40,222 - INFO -   [MÉDIA AVALIAÇÕES] Encontrada (poly-card fallback): '4.7'
2025-09-26 20:49:40,223 - INFO -   [TOTAL AVALIAÇÕES] Encontrado (poly-card fallback): '4923'
2025-09-26 20:49:40,224 - INFO -   [ENTREGA] Texto encontrado (poly-card fallback): 'Frete grátis'
2025-09-26 20:49:40,225 - INFO -   [ENTREGA FULL] Indicador FULL encontrado (poly-card fallback SVG).
2025-09-26 20:49:40,225 - INFO - Produto processado: Kit Cartucho Hp 664 Preto E Hp 664 Colorido
2025-09-26 20:49:40,228 - DEBUG - Scraped from <200 https://lista.mercadolivre.com.br/cartucho-hp-664?sb=all_mercadolibre>
{'TITULO PRODUTO': '2 Cartuchos 664 Preto Black Impressora Hp Deskjet', 'LINK': 'https://www.mercadolivre.com.br/2-cartuchos-664-preto-black-impressora-hp-deskjet/p/MLB36779932#polycard_client=search-nordic&search_layout=grid&position=5&type=product&tracking_id=64474036-5fd1-405e-bffc-2fafd0b6886d&wid=MLB4678624598&sid=search', 'ID_PRODUTO': 'MLB36779932', 'PREÇO': 'R$ 139,90', 'PREÇO ANTERIOR': 'N/A', 'MARCA': 'N/A', 'IMAGEM': 'https://http2.mlstatic.com/D_Q_NP_2X_776710-MLU76109215014_052024-E.webp', 'VENDEDOR': 'N/A', 'MÉDIA AVALIAÇÕES': '4.7', 'TOTAL AVALIAÇÕES': '4923', 'ENTREGA': 'Chegará grátis amanhã sábado', 'ENTREGA FULL': 'Sim'}
2025-09-26 20:49:40,229 - INFO - --- Processando container de produto 7/50 (total coletado: 4, pulados: 2) ---
2025-09-26 20:49:40,234 - INFO -   [TÍTULO] Encontrado: 'Kit 2 Cartuchos Hp 664xl (preto + Color) 2136 2676'
2025-09-26 20:49:40,235 - INFO -   [LINK] Encontrado: 'https://www.mercadolivre.com.br/kit-2-cartuchos-hp-664xl-preto-color-2136-2676/p/MLB48102366#polycard_client=search-nordic&search_layout=grid&position=7&type=product&tracking_id=64474036-5fd1-405e-bffc-2fafd0b6886d&wid=MLB5719977782&sid=search'
2025-09-26 20:49:40,235 - INFO -   [ID PRODUTO] Encontrado: 'MLB48102366'
2025-09-26 20:49:40,238 - INFO -   [PREÇO] Encontrado (poly-card fallback): 'R$ 295,67'
2025-09-26 20:49:40,240 - INFO -   [PREÇO ANTERIOR] Encontrado (poly-card fallback): 'R$ 314'
2025-09-26 20:49:40,240 - INFO -   [MARCA] Não encontrada (general/poly).
2025-09-26 20:49:40,242 - INFO -   [IMAGEM] URL da imagem (poly-card fallback): https://http2.mlstatic.com/D_Q_NP_2X_921961-MLA83444909992_042025-E.webp
2025-09-26 20:49:40,245 - INFO -   [VENDEDOR] Encontrado (poly-card fallback): 'Park Ecom'
2025-09-26 20:49:40,249 - INFO -   [MÉDIA AVALIAÇÕES] Encontrada (poly-card fallback): '4.6'
2025-09-26 20:49:40,253 - INFO -   [TOTAL AVALIAÇÕES] Encontrado (poly-card fallback): '113'
2025-09-26 20:49:40,254 - INFO -   [ENTREGA] Texto encontrado (poly-card fallback): 'Frete grátis'
2025-09-26 20:49:40,256 - INFO -   [ENTREGA FULL] Indicador FULL encontrado (poly-card fallback SVG).
2025-09-26 20:49:40,256 - INFO - Produto processado: Kit 2 Cartuchos Hp 664xl (preto + Color) 2136 2676
2025-09-26 20:49:40,257 - DEBUG - Scraped from <200 https://lista.mercadolivre.com.br/cartucho-hp-664?sb=all_mercadolibre>
{'TITULO PRODUTO': 'Kit Cartucho Hp 664 Preto E Hp 664 Colorido', 'LINK': 'https://www.mercadolivre.com.br/kit-cartucho-hp-664-preto-e-hp-664-colorido/p/MLB36751072#polycard_client=search-nordic&search_layout=grid&position=6&type=product&tracking_id=64474036-5fd1-405e-bffc-2fafd0b6886d&wid=MLB3789824595&sid=search', 'ID_PRODUTO': 'MLB36751072', 'PREÇO': 'R$ 135', 'PREÇO ANTERIOR': 'R$ 153', 'MARCA': 'N/A', 'IMAGEM': 'https://http2.mlstatic.com/D_Q_NP_2X_950197-MLU76394007878_052024-E.webp', 'VENDEDOR': 'N/A', 'MÉDIA AVALIAÇÕES': '4.7', 'TOTAL AVALIAÇÕES': '4923', 'ENTREGA': 'Frete grátis', 'ENTREGA FULL': 'Sim'}
2025-09-26 20:49:40,259 - INFO - --- Processando container de produto 8/50 (total coletado: 5, pulados: 2) ---
2025-09-26 20:49:40,260 - INFO -   [TÍTULO] Encontrado: 'Cartucho Tinta Original Hp 664 Preto F6v29ab 2136 2676 3776'
2025-09-26 20:49:40,262 - INFO -   [LINK] Encontrado: 'https://www.mercadolivre.com.br/cartucho-tinta-original-hp-664-preto-f6v29ab-2136-2676-3776/up/MLBU753315902#polycard_client=search-nordic&search_layout=grid&position=8&type=product&tracking_id=64474036-5fd1-405e-bffc-2fafd0b6886d&wid=MLB2671518847&sid=search'
2025-09-26 20:49:40,263 - WARNING -   [ID PRODUTO] Não encontrado no link: https://www.mercadolivre.com.br/cartucho-tinta-original-hp-664-preto-f6v29ab-2136-2676-3776/up/MLBU753315902#polycard_client=search-nordic&search_layout=grid&position=8&type=product&tracking_id=64474036-5fd1-405e-bffc-2fafd0b6886d&wid=MLB2671518847&sid=search
2025-09-26 20:49:40,266 - INFO -   [PREÇO] Encontrado (poly-card fallback): 'R$ 64,90'
2025-09-26 20:49:40,268 - INFO -   [MARCA] Não encontrada (general/poly).
2025-09-26 20:49:40,271 - INFO -   [IMAGEM] URL da imagem (poly-card fallback): https://http2.mlstatic.com/D_Q_NP_2X_604903-MLA50235451064_062022-E.webp
2025-09-26 20:49:40,275 - INFO -   [VENDEDOR] Não encontrado para o container 8.
2025-09-26 20:49:40,281 - INFO -   [MÉDIA AVALIAÇÕES] Encontrada (poly-card fallback): '4.7'
2025-09-26 20:49:40,282 - INFO -   [TOTAL AVALIAÇÕES] Encontrado (poly-card fallback): '312'
2025-09-26 20:49:40,284 - INFO -   [ENTREGA] Texto encontrado (poly-card fallback): 'Frete grátis'
2025-09-26 20:49:40,286 - INFO -   [ENTREGA FULL] Indicador FULL encontrado (poly-card fallback SVG).
2025-09-26 20:49:40,286 - INFO - Produto processado: Cartucho Tinta Original Hp 664 Preto F6v29ab 2136 2676 3776
2025-09-26 20:49:40,287 - DEBUG - Scraped from <200 https://lista.mercadolivre.com.br/cartucho-hp-664?sb=all_mercadolibre>
{'TITULO PRODUTO': 'Kit 2 Cartuchos Hp 664xl (preto + Color) 2136 2676', 'LINK': 'https://www.mercadolivre.com.br/kit-2-cartuchos-hp-664xl-preto-color-2136-2676/p/MLB48102366#polycard_client=search-nordic&search_layout=grid&position=7&type=product&tracking_id=64474036-5fd1-405e-bffc-2fafd0b6886d&wid=MLB5719977782&sid=search', 'ID_PRODUTO': 'MLB48102366', 'PREÇO': 'R$ 295,67', 'PREÇO ANTERIOR': 'R$ 314', 'MARCA': 'N/A', 'IMAGEM': 'https://http2.mlstatic.com/D_Q_NP_2X_921961-MLA83444909992_042025-E.webp', 'VENDEDOR': 'Park Ecom', 'MÉDIA AVALIAÇÕES': '4.6', 'TOTAL AVALIAÇÕES': '113', 'ENTREGA': 'Frete grátis', 'ENTREGA FULL': 'Sim'}
2025-09-26 20:49:40,288 - INFO - --- Processando container de produto 9/50 (total coletado: 6, pulados: 2) ---
2025-09-26 20:49:40,290 - INFO -   [TÍTULO] Encontrado: 'Cartucho HP 664 Colorido(F6V28AB) Para Ink Advantage 1115, 2134, 2136, 2676, 3636, 3776, 3786, 3788,3790, 3836, 4536, 4676,5076, 5276'
2025-09-26 20:49:40,290 - INFO -   [LINK] Encontrado: 'https://www.mercadolivre.com.br/cartucho-hp-664-coloridof6v28ab-para-ink-advantage-1115-2134-2136-2676-3636-3776-3786-37883790-3836-4536-46765076-5276/p/MLB36752265#polycard_client=search-nordic&search_layout=grid&position=9&type=product&tracking_id=64474036-5fd1-405e-bffc-2fafd0b6886d&wid=MLB5739828170&sid=search'
2025-09-26 20:49:40,291 - INFO -   [ID PRODUTO] Encontrado: 'MLB36752265'
2025-09-26 20:49:40,297 - INFO -   [PREÇO] Encontrado (poly-card fallback): 'R$ 61,96'
2025-09-26 20:49:40,299 - INFO -   [PREÇO ANTERIOR] Encontrado (poly-card fallback): 'R$ 77'
2025-09-26 20:49:40,301 - INFO -   [MARCA] Não encontrada (general/poly).
2025-09-26 20:49:40,302 - INFO -   [IMAGEM] URL da imagem (poly-card fallback): https://http2.mlstatic.com/D_Q_NP_2X_639008-MLA91921137841_092025-E.webp
2025-09-26 20:49:40,304 - INFO -   [VENDEDOR] Encontrado (poly-card fallback): 'Mercado Livre'
2025-09-26 20:49:40,306 - INFO -   [MÉDIA AVALIAÇÕES] Encontrada (poly-card fallback): '4.7'
2025-09-26 20:49:40,306 - INFO -   [TOTAL AVALIAÇÕES] Encontrado (poly-card fallback): '4923'
2025-09-26 20:49:40,307 - INFO -   [ENTREGA] Texto encontrado (poly-card fallback): 'Frete grátis'
2025-09-26 20:49:40,308 - INFO -   [ENTREGA FULL] Indicador FULL encontrado (poly-card fallback SVG).
2025-09-26 20:49:40,311 - INFO - Produto processado: Cartucho HP 664 Colorido(F6V28AB) Para Ink Advantage 1115, 2134, 2136, 2676, 3636, 3776, 3786, 3788,3790, 3836, 4536, 4676,5076, 5276
2025-09-26 20:49:40,313 - DEBUG - Scraped from <200 https://lista.mercadolivre.com.br/cartucho-hp-664?sb=all_mercadolibre>
{'TITULO PRODUTO': 'Cartucho Tinta Original Hp 664 Preto F6v29ab 2136 2676 3776', 'LINK': 'https://www.mercadolivre.com.br/cartucho-tinta-original-hp-664-preto-f6v29ab-2136-2676-3776/up/MLBU753315902#polycard_client=search-nordic&search_layout=grid&position=8&type=product&tracking_id=64474036-5fd1-405e-bffc-2fafd0b6886d&wid=MLB2671518847&sid=search', 'ID_PRODUTO': 'N/A', 'PREÇO': 'R$ 64,90', 'PREÇO ANTERIOR': 'N/A', 'MARCA': 'N/A', 'IMAGEM': 'https://http2.mlstatic.com/D_Q_NP_2X_604903-MLA50235451064_062022-E.webp', 'VENDEDOR': 'N/A', 'MÉDIA AVALIAÇÕES': '4.7', 'TOTAL AVALIAÇÕES': '312', 'ENTREGA': 'Frete grátis', 'ENTREGA FULL': 'Sim'}
2025-09-26 20:49:40,314 - INFO - --- Processando container de produto 10/50 (total coletado: 7, pulados: 2) ---
2025-09-26 20:49:40,317 - INFO -   [TÍTULO] Encontrado: 'Kit 2 Cartuchos Hp 664 Hp 2136 3636 3836 4536 4676'
2025-09-26 20:49:40,318 - INFO -   [LINK] Encontrado: 'https://www.mercadolivre.com.br/kit-2-cartuchos-hp-664-hp-2136-3636-3836-4536-4676/p/MLB39092873#polycard_client=search-nordic&search_layout=grid&position=10&type=product&tracking_id=64474036-5fd1-405e-bffc-2fafd0b6886d&wid=MLB5012110756&sid=search'
2025-09-26 20:49:40,319 - INFO -   [ID PRODUTO] Encontrado: 'MLB39092873'
2025-09-26 20:49:40,320 - INFO -   [PREÇO] Encontrado (poly-card fallback): 'R$ 164,99'
2025-09-26 20:49:40,322 - INFO -   [MARCA] Não encontrada (general/poly).
2025-09-26 20:49:40,323 - INFO -   [IMAGEM] URL da imagem (poly-card fallback): https://http2.mlstatic.com/D_Q_NP_2X_625071-MLA92010295485_092025-E.webp
2025-09-26 20:49:40,325 - INFO -   [VENDEDOR] Não encontrado para o container 10.
2025-09-26 20:49:40,328 - INFO -   [MÉDIA AVALIAÇÕES] Encontrada (poly-card fallback): '4.8'
2025-09-26 20:49:40,330 - INFO -   [TOTAL AVALIAÇÕES] Encontrado (poly-card fallback): '107'
2025-09-26 20:49:40,332 - INFO -   [ENTREGA] Texto encontrado (general alt): 'Chegará grátis amanhã sábado'
2025-09-26 20:49:40,334 - INFO -   [ENTREGA FULL] Indicador FULL encontrado (poly-card fallback SVG).
2025-09-26 20:49:40,335 - INFO - Produto processado: Kit 2 Cartuchos Hp 664 Hp 2136 3636 3836 4536 4676
2025-09-26 20:49:40,336 - DEBUG - Scraped from <200 https://lista.mercadolivre.com.br/cartucho-hp-664?sb=all_mercadolibre>
{'TITULO PRODUTO': 'Cartucho HP 664 Colorido(F6V28AB) Para Ink Advantage 1115, 2134, 2136, 2676, 3636, 3776, 3786, 3788,3790, 3836, 4536, 4676,5076, 5276', 'LINK': 'https://www.mercadolivre.com.br/cartucho-hp-664-coloridof6v28ab-para-ink-advantage-1115-2134-2136-2676-3636-3776-3786-37883790-3836-4536-46765076-5276/p/MLB36752265#polycard_client=search-nordic&search_layout=grid&position=9&type=product&tracking_id=64474036-5fd1-405e-bffc-2fafd0b6886d&wid=MLB5739828170&sid=search', 'ID_PRODUTO': 'MLB36752265', 'PREÇO': 'R$ 61,96', 'PREÇO ANTERIOR': 'R$ 77', 'MARCA': 'N/A', 'IMAGEM': 'https://http2.mlstatic.com/D_Q_NP_2X_639008-MLA91921137841_092025-E.webp', 'VENDEDOR': 'Mercado Livre', 'MÉDIA AVALIAÇÕES': '4.7', 'TOTAL AVALIAÇÕES': '4923', 'ENTREGA': 'Frete grátis', 'ENTREGA FULL': 'Sim'}
2025-09-26 20:49:40,337 - INFO - --- Processando container de produto 11/50 (total coletado: 8, pulados: 2) ---
2025-09-26 20:49:40,339 - INFO -   [TÍTULO] Encontrado: 'Cartucho Jato De Tinta Ink Advantage 664xl Black'
2025-09-26 20:49:40,339 - INFO -   [LINK] Encontrado: 'https://www.mercadolivre.com.br/cartucho-jato-de-tinta-ink-advantage-664xl-black/p/MLB36877280#polycard_client=search-nordic&search_layout=grid&position=11&type=product&tracking_id=64474036-5fd1-405e-bffc-2fafd0b6886d&wid=MLB4735381088&sid=search'
2025-09-26 20:49:40,341 - INFO -   [ID PRODUTO] Encontrado: 'MLB36877280'
2025-09-26 20:49:40,343 - INFO -   [PREÇO] Encontrado (poly-card fallback): 'R$ 187,20'
2025-09-26 20:49:40,346 - INFO -   [MARCA] Não encontrada (general/poly).
2025-09-26 20:49:40,348 - INFO -   [IMAGEM] URL da imagem (poly-card fallback): https://http2.mlstatic.com/D_Q_NP_2X_752084-MLU78080346737_072024-E.webp
2025-09-26 20:49:40,351 - INFO -   [VENDEDOR] Não encontrado para o container 11.
2025-09-26 20:49:40,353 - INFO -   [MÉDIA AVALIAÇÕES] Encontrada (poly-card fallback): '4.5'
2025-09-26 20:49:40,353 - INFO -   [TOTAL AVALIAÇÕES] Encontrado (poly-card fallback): '377'
2025-09-26 20:49:40,355 - INFO -   [ENTREGA] Texto encontrado (poly-card fallback): 'Frete grátis'
2025-09-26 20:49:40,356 - INFO -   [ENTREGA FULL] Indicador FULL encontrado (poly-card fallback SVG).
2025-09-26 20:49:40,357 - INFO - Produto processado: Cartucho Jato De Tinta Ink Advantage 664xl Black
2025-09-26 20:49:40,357 - DEBUG - Scraped from <200 https://lista.mercadolivre.com.br/cartucho-hp-664?sb=all_mercadolibre>
{'TITULO PRODUTO': 'Kit 2 Cartuchos Hp 664 Hp 2136 3636 3836 4536 4676', 'LINK': 'https://www.mercadolivre.com.br/kit-2-cartuchos-hp-664-hp-2136-3636-3836-4536-4676/p/MLB39092873#polycard_client=search-nordic&search_layout=grid&position=10&type=product&tracking_id=64474036-5fd1-405e-bffc-2fafd0b6886d&wid=MLB5012110756&sid=search', 'ID_PRODUTO': 'MLB39092873', 'PREÇO': 'R$ 164,99', 'PREÇO ANTERIOR': 'N/A', 'MARCA': 'N/A', 'IMAGEM': 'https://http2.mlstatic.com/D_Q_NP_2X_625071-MLA92010295485_092025-E.webp', 'VENDEDOR': 'N/A', 'MÉDIA AVALIAÇÕES': '4.8', 'TOTAL AVALIAÇÕES': '107', 'ENTREGA': 'Chegará grátis amanhã sábado', 'ENTREGA FULL': 'Sim'}
2025-09-26 20:49:40,358 - INFO - --- Processando container de produto 12/50 (total coletado: 9, pulados: 2) ---
2025-09-26 20:49:40,360 - INFO -   [TÍTULO] Encontrado: 'Kit 02 Cartucho 664xl Preto 664 Xl Original Hp E Lacrado'
2025-09-26 20:49:40,361 - INFO -   [LINK] Encontrado: 'https://www.mercadolivre.com.br/kit-cartucho-de-tinta-664xl-bk-e-color-novo-original/p/MLB2039342702#polycard_client=search-nordic&search_layout=grid&position=12&type=product&tracking_id=64474036-5fd1-405e-bffc-2fafd0b6886d&wid=MLB3208174446&sid=search'
2025-09-26 20:49:40,363 - INFO -   [ID PRODUTO] Encontrado: 'MLB2039342702'
2025-09-26 20:49:40,366 - INFO -   [PREÇO] Encontrado (poly-card fallback): 'R$ 193,03'
2025-09-26 20:49:40,368 - INFO -   [PREÇO ANTERIOR] Encontrado (poly-card fallback): 'R$ 215'
2025-09-26 20:49:40,370 - INFO -   [MARCA] Não encontrada (general/poly).
2025-09-26 20:49:40,373 - INFO -   [IMAGEM] URL da imagem (poly-card fallback): https://http2.mlstatic.com/D_Q_NP_2X_723436-MLB84792116624_052025-E.webp
2025-09-26 20:49:40,375 - INFO -   [VENDEDOR] Encontrado (poly-card fallback): 'Park Ecom'
2025-09-26 20:49:40,376 - INFO -   [MÉDIA AVALIAÇÕES] Encontrada (poly-card fallback): '4.3'
2025-09-26 20:49:40,377 - INFO -   [TOTAL AVALIAÇÕES] Encontrado (poly-card fallback): '164'
2025-09-26 20:49:40,382 - INFO -   [ENTREGA] Texto encontrado (poly-card fallback): 'Frete grátis'
2025-09-26 20:49:40,384 - INFO - Produto processado: Kit 02 Cartucho 664xl Preto 664 Xl Original Hp E Lacrado
2025-09-26 20:49:40,386 - DEBUG - Scraped from <200 https://lista.mercadolivre.com.br/cartucho-hp-664?sb=all_mercadolibre>
{'TITULO PRODUTO': 'Cartucho Jato De Tinta Ink Advantage 664xl Black', 'LINK': 'https://www.mercadolivre.com.br/cartucho-jato-de-tinta-ink-advantage-664xl-black/p/MLB36877280#polycard_client=search-nordic&search_layout=grid&position=11&type=product&tracking_id=64474036-5fd1-405e-bffc-2fafd0b6886d&wid=MLB4735381088&sid=search', 'ID_PRODUTO': 'MLB36877280', 'PREÇO': 'R$ 187,20', 'PREÇO ANTERIOR': 'N/A', 'MARCA': 'N/A', 'IMAGEM': 'https://http2.mlstatic.com/D_Q_NP_2X_752084-MLU78080346737_072024-E.webp', 'VENDEDOR': 'N/A', 'MÉDIA AVALIAÇÕES': '4.5', 'TOTAL AVALIAÇÕES': '377', 'ENTREGA': 'Frete grátis', 'ENTREGA FULL': 'Sim'}
2025-09-26 20:49:40,387 - INFO - Limite de 10 itens atingido durante o processamento da página. Parando.
2025-09-26 20:49:40,388 - DEBUG - Scraped from <200 https://lista.mercadolivre.com.br/cartucho-hp-664?sb=all_mercadolibre>
{'TITULO PRODUTO': 'Kit 02 Cartucho 664xl Preto 664 Xl Original Hp E Lacrado', 'LINK': 'https://www.mercadolivre.com.br/kit-cartucho-de-tinta-664xl-bk-e-color-novo-original/p/MLB2039342702#polycard_client=search-nordic&search_layout=grid&position=12&type=product&tracking_id=64474036-5fd1-405e-bffc-2fafd0b6886d&wid=MLB3208174446&sid=search', 'ID_PRODUTO': 'MLB2039342702', 'PREÇO': 'R$ 193,03', 'PREÇO ANTERIOR': 'R$ 215', 'MARCA': 'N/A', 'IMAGEM': 'https://http2.mlstatic.com/D_Q_NP_2X_723436-MLB84792116624_052025-E.webp', 'VENDEDOR': 'Park Ecom', 'MÉDIA AVALIAÇÕES': '4.3', 'TOTAL AVALIAÇÕES': '164', 'ENTREGA': 'Frete grátis', 'ENTREGA FULL': 'Não'}
2025-09-26 20:49:40,389 - INFO - Closing spider (finished)
2025-09-26 20:49:40,391 - INFO - Dumping Scrapy stats:
{'downloader/request_bytes': 800,
 'downloader/request_count': 1,
 'downloader/request_method_count/GET': 1,
 'downloader/response_bytes': 163834,
 'downloader/response_count': 1,
 'downloader/response_status_count/200': 1,
 'elapsed_time_seconds': 7.190402,
 'finish_reason': 'finished',
 'finish_time': datetime.datetime(2025, 9, 26, 23, 49, 40, 390335, tzinfo=datetime.timezone.utc),
 'httpcompression/response_bytes': 1393420,
 'httpcompression/response_count': 1,
 'item_scraped_count': 10,
 'items_per_minute': 85.71428571428571,
 'log_count/INFO': 153,
 'log_count/WARNING': 2,
 'response_received_count': 1,
 'responses_per_minute': 8.571428571428571,
 'scheduler/dequeued': 1,
 'scheduler/dequeued/memory': 1,
 'scheduler/enqueued': 1,
 'scheduler/enqueued/memory': 1,
 'start_time': datetime.datetime(2025, 9, 26, 23, 49, 33, 199933, tzinfo=datetime.timezone.utc)}
2025-09-26 20:49:40,392 - INFO - Spider closed (finished)
2025-09-26 20:49:40,699 - INFO - Coletados 10 produtos
2025-09-26 20:49:40,699 - INFO - Job dd7d607c: Coletando reviews
2025-09-26 20:49:40,701 - INFO - Coletando reviews para 10 produtos
2025-09-26 20:49:40,702 - INFO - Job dd7d607c: Gerando datasets
2025-09-26 20:49:40,703 - INFO - Gerando dataset CSV: datasets_gerados\dataset_dd7d607c_20250926_204940.csv
2025-09-26 20:49:40,772 - INFO - Dataset gerado com sucesso: datasets_gerados\dataset_dd7d607c_20250926_204940.csv
2025-09-26 20:49:40,774 - INFO - Total de produtos: 10
2025-09-26 20:49:40,775 - INFO - Gerando dataset JSON: datasets_gerados\dataset_dd7d607c_20250926_204940.json
2025-09-26 20:49:40,779 - INFO - Dataset JSON gerado com sucesso: datasets_gerados\dataset_dd7d607c_20250926_204940.json
2025-09-26 20:49:40,788 - INFO - Job dd7d607c: Concluído com sucesso
2025-09-26 20:49:40,974 - INFO - 192.168.100.14 - - [26/Sep/2025 20:49:40] "GET /jobs HTTP/1.1" 200 -
2025-09-26 20:49:41,151 - INFO - 192.168.100.14 - - [26/Sep/2025 20:49:41] "[36mGET /static/style.css HTTP/1.1[0m" 304 -
2025-09-26 20:49:47,803 - INFO - 192.168.100.14 - - [26/Sep/2025 20:49:47] "GET /api/datasets/dataset_dd7d607c_20250926_204940.csv/download HTTP/1.1" 200 -
2025-09-26 20:49:50,496 - INFO - 192.168.100.14 - - [26/Sep/2025 20:49:50] "GET /api/datasets/dataset_dd7d607c_20250926_204940.json/download HTTP/1.1" 200 -
2025-09-26 20:51:37,685 - INFO -  * Detected change in 'C:\\Challenge HP\\Challenge-HP\\app.py', reloading
2025-09-26 20:51:37,689 - INFO -  * Detected change in 'C:\\Challenge HP\\Challenge-HP\\app.py', reloading
2025-09-26 20:51:39,081 - INFO -  * Restarting with watchdog (windowsapi)
2025-09-26 20:51:41,653 - WARNING -  * Debugger is active!
2025-09-26 20:51:41,661 - INFO -  * Debugger PIN: 639-855-048
2025-09-26 20:51:51,127 - INFO -  * Detected change in 'C:\\Challenge HP\\Challenge-HP\\app.py', reloading
2025-09-26 20:51:51,144 - INFO -  * Detected change in 'C:\\Challenge HP\\Challenge-HP\\app.py', reloading
2025-09-26 20:51:51,146 - INFO -  * Detected change in 'C:\\Challenge HP\\Challenge-HP\\app.py', reloading
2025-09-26 20:51:51,748 - INFO -  * Restarting with watchdog (windowsapi)
2025-09-26 20:51:54,339 - WARNING -  * Debugger is active!
2025-09-26 20:51:54,344 - INFO -  * Debugger PIN: 639-855-048
2025-09-26 20:52:11,856 - INFO -  * Detected change in 'C:\\Challenge HP\\Challenge-HP\\app.py', reloading
2025-09-26 20:52:13,113 - INFO -  * Restarting with watchdog (windowsapi)
2025-09-26 20:52:15,979 - WARNING -  * Debugger is active!
2025-09-26 20:52:15,990 - INFO -  * Debugger PIN: 639-855-048
2025-09-26 20:52:16,489 - INFO -  * Detected change in 'C:\\Challenge HP\\Challenge-HP\\app.py', reloading
2025-09-26 20:52:16,496 - INFO -  * Detected change in 'C:\\Challenge HP\\Challenge-HP\\app.py', reloading
2025-09-26 20:52:17,519 - INFO -  * Restarting with watchdog (windowsapi)
2025-09-26 20:52:20,015 - WARNING -  * Debugger is active!
2025-09-26 20:52:20,029 - INFO -  * Debugger PIN: 639-855-048
2025-09-26 20:52:23,324 - INFO -  * Detected change in 'C:\\Challenge HP\\Challenge-HP\\app.py', reloading
2025-09-26 20:52:23,356 - INFO -  * Detected change in 'C:\\Challenge HP\\Challenge-HP\\app.py', reloading
2025-09-26 20:52:23,897 - INFO -  * Restarting with watchdog (windowsapi)
2025-09-26 20:52:26,398 - WARNING -  * Debugger is active!
2025-09-26 20:52:26,411 - INFO -  * Debugger PIN: 639-855-048
2025-09-26 20:52:32,486 - INFO -  * Detected change in 'C:\\Challenge HP\\Challenge-HP\\flask_app.py', reloading
2025-09-26 20:52:32,488 - INFO -  * Detected change in 'C:\\Challenge HP\\Challenge-HP\\flask_app.py', reloading
2025-09-26 20:52:33,377 - INFO -  * Restarting with watchdog (windowsapi)
2025-09-26 20:52:36,138 - WARNING -  * Debugger is active!
2025-09-26 20:52:36,144 - INFO -  * Debugger PIN: 639-855-048
2025-09-26 20:52:57,241 - INFO -  * Detected change in 'C:\\Challenge HP\\Challenge-HP\\flask_app.py', reloading
2025-09-26 20:52:57,276 - INFO -  * Detected change in 'C:\\Challenge HP\\Challenge-HP\\flask_app.py', reloading
2025-09-26 20:52:58,222 - INFO -  * Restarting with watchdog (windowsapi)
2025-09-26 20:53:00,887 - WARNING -  * Debugger is active!
2025-09-26 20:53:00,892 - INFO -  * Debugger PIN: 639-855-048
2025-09-26 20:54:43,201 - INFO -  * Detected change in 'C:\\Challenge HP\\Challenge-HP\\teste_integracao_completa.py', reloading
2025-09-26 20:54:43,317 - INFO -  * Detected change in 'C:\\Challenge HP\\Challenge-HP\\teste_integracao_completa.py', reloading
2025-09-26 20:54:43,319 - INFO -  * Detected change in 'C:\\Challenge HP\\Challenge-HP\\teste_integracao_completa.py', reloading
2025-09-26 20:54:43,320 - INFO -  * Detected change in 'C:\\Challenge HP\\Challenge-HP\\teste_integracao_completa.py', reloading
2025-09-26 20:54:44,439 - INFO -  * Restarting with watchdog (windowsapi)
2025-09-26 20:54:47,236 - WARNING -  * Debugger is active!
2025-09-26 20:54:47,244 - INFO -  * Debugger PIN: 639-855-048
2025-09-26 20:54:59,487 - INFO -  * Detected change in 'C:\\Challenge HP\\Challenge-HP\\teste_integracao_completa.py', reloading
2025-09-26 20:54:59,488 - INFO -  * Detected change in 'C:\\Challenge HP\\Challenge-HP\\teste_integracao_completa.py', reloading
2025-09-26 20:54:59,491 - INFO -  * Detected change in 'C:\\Challenge HP\\Challenge-HP\\teste_integracao_completa.py', reloading
2025-09-26 20:55:00,533 - INFO -  * Restarting with watchdog (windowsapi)
2025-09-26 20:55:03,154 - WARNING -  * Debugger is active!
2025-09-26 20:55:03,163 - INFO -  * Debugger PIN: 639-855-048
2025-09-26 20:55:06,314 - INFO -  * Detected change in 'C:\\Challenge HP\\Challenge-HP\\teste_integracao_completa.py', reloading
2025-09-26 20:55:06,316 - INFO -  * Detected change in 'C:\\Challenge HP\\Challenge-HP\\teste_integracao_completa.py', reloading
2025-09-26 20:55:06,891 - INFO -  * Restarting with watchdog (windowsapi)
2025-09-26 20:55:09,521 - WARNING -  * Debugger is active!
2025-09-26 20:55:09,531 - INFO -  * Debugger PIN: 639-855-048
2025-09-26 20:55:51,953 - INFO -  * Detected change in 'C:\\Challenge HP\\Challenge-HP\\teste_integracao_completa.py', reloading
2025-09-26 20:55:53,443 - INFO -  * Restarting with watchdog (windowsapi)
2025-09-26 20:55:55,805 - WARNING -  * Debugger is active!
2025-09-26 20:55:55,810 - INFO -  * Debugger PIN: 639-855-048
2025-09-26 20:56:38,554 - INFO -  * Detected change in 'C:\\Challenge HP\\Challenge-HP\\teste_integracao_final.py', reloading
2025-09-26 20:56:38,686 - INFO -  * Detected change in 'C:\\Challenge HP\\Challenge-HP\\teste_integracao_final.py', reloading
2025-09-26 20:56:39,404 - INFO -  * Restarting with watchdog (windowsapi)
2025-09-26 20:56:42,290 - WARNING -  * Debugger is active!
2025-09-26 20:56:42,296 - INFO -  * Debugger PIN: 639-855-048
2025-09-26 20:57:40,785 - INFO - 192.168.100.14 - - [26/Sep/2025 20:57:40] "GET /datasets HTTP/1.1" 200 -
2025-09-26 20:57:40,976 - INFO - 192.168.100.14 - - [26/Sep/2025 20:57:40] "[36mGET /static/style.css HTTP/1.1[0m" 304 -
2025-09-26 20:57:43,985 - INFO - 192.168.100.14 - - [26/Sep/2025 20:57:43] "GET /scraping HTTP/1.1" 200 -
2025-09-26 20:57:44,056 - INFO - 192.168.100.14 - - [26/Sep/2025 20:57:44] "[36mGET /static/style.css HTTP/1.1[0m" 304 -
2025-09-26 20:57:45,169 - INFO -  * Detected change in 'C:\\Challenge HP\\Challenge-HP\\app.py', reloading
2025-09-26 20:57:45,181 - INFO -  * Detected change in 'C:\\Challenge HP\\Challenge-HP\\teste_integracao_completa.py', reloading
2025-09-26 20:57:45,183 - INFO -  * Detected change in 'C:\\Challenge HP\\Challenge-HP\\teste_integracao_final.py', reloading
2025-09-26 20:57:45,185 - INFO -  * Detected change in 'C:\\Challenge HP\\Challenge-HP\\teste_integracao_completa.py', reloading
2025-09-26 20:57:45,186 - INFO -  * Detected change in 'C:\\Challenge HP\\Challenge-HP\\flask_app.py', reloading
2025-09-26 20:57:45,249 - INFO -  * Detected change in 'C:\\Challenge HP\\Challenge-HP\\app.py', reloading
2025-09-26 20:57:45,332 - INFO -  * Detected change in 'C:\\Challenge HP\\Challenge-HP\\teste_integracao_completa.py', reloading
2025-09-26 20:57:45,357 - INFO -  * Detected change in 'C:\\Challenge HP\\Challenge-HP\\teste_integracao_final.py', reloading
2025-09-26 20:57:45,367 - INFO -  * Detected change in 'C:\\Challenge HP\\Challenge-HP\\flask_app.py', reloading
2025-09-26 20:57:48,029 - INFO -  * Restarting with watchdog (windowsapi)
2025-09-26 20:57:51,102 - WARNING -  * Debugger is active!
2025-09-26 20:57:51,231 - INFO -  * Debugger PIN: 639-855-048
2025-09-26 20:57:57,570 - INFO - Job 863f074e: Iniciando coleta de produtos
2025-09-26 20:57:57,572 - INFO - 192.168.100.14 - - [26/Sep/2025 20:57:57] "[32mPOST /web/scraping/start HTTP/1.1[0m" 302 -
2025-09-26 20:57:57,574 - INFO - Iniciando scraping para: cartucho hp 664
2025-09-26 20:57:57,734 - INFO - Parâmetros: max_items=10, images=True, sort=relevance
2025-09-26 20:57:57,817 - INFO - Extração detalhada: ATIVADA
2025-09-26 20:57:57,903 - INFO - 192.168.100.14 - - [26/Sep/2025 20:57:57] "GET /jobs HTTP/1.1" 200 -
2025-09-26 20:57:59,007 - INFO - 192.168.100.14 - - [26/Sep/2025 20:57:59] "[36mGET /static/style.css HTTP/1.1[0m" 304 -
2025-09-26 20:58:01,551 - INFO - Spider iniciado com configurações otimizadas:
2025-09-26 20:58:01,636 - INFO -    CONCURRENT_REQUESTS: 1
2025-09-26 20:58:01,766 - INFO -    CONCURRENT_REQUESTS_PER_DOMAIN: 1
2025-09-26 20:58:01,787 - INFO -    DOWNLOAD_TIMEOUT: 30s
2025-09-26 20:58:01,806 - INFO -    HTTPCACHE_ENABLED: False
2025-09-26 20:58:01,892 - INFO - Scrapy 2.13.0 started (bot: scrapybot)
2025-09-26 20:58:03,220 - INFO - Versions:
{'lxml': '5.3.2',
 'libxml2': '2.11.9',
 'cssselect': '1.3.0',
 'parsel': '1.10.0',
 'w3lib': '2.3.1',
 'Twisted': '24.11.0',
 'Python': '3.12.10 (tags/v3.12.10:0cc8128, Apr  8 2025, 12:21:36) [MSC v.1943 '
           '64 bit (AMD64)]',
 'pyOpenSSL': '25.1.0 (OpenSSL 3.4.1 11 Feb 2025)',
 'cryptography': '44.0.2',
 'Platform': 'Windows-11-10.0.26100-SP0'}
2025-09-26 20:58:03,223 - INFO - Spider initialized for query='cartucho hp 664', sort_by='relevance', condition='all', max_items=10. Start URL: https://lista.mercadolivre.com.br/cartucho-hp-664?sb=all_mercadolibre#D[A:cartucho%20hp%20664]
2025-09-26 20:58:03,224 - INFO - Enabled addons:
[]
2025-09-26 20:58:03,231 - DEBUG - Using reactor: twisted.internet.asyncioreactor.AsyncioSelectorReactor
2025-09-26 20:58:03,232 - DEBUG - Using asyncio event loop: asyncio.windows_events._WindowsSelectorEventLoop
2025-09-26 20:58:03,237 - INFO - Telnet Password: de9d42e36ca8bf67
2025-09-26 20:58:03,275 - INFO - Enabled extensions:
['scrapy.extensions.corestats.CoreStats',
 'scrapy.extensions.telnet.TelnetConsole',
 'scrapy.extensions.logstats.LogStats',
 'scrapy.extensions.throttle.AutoThrottle']
2025-09-26 20:58:03,276 - INFO - Overridden settings:
{'AUTOTHROTTLE_ENABLED': True,
 'AUTOTHROTTLE_MAX_DELAY': 30,
 'AUTOTHROTTLE_START_DELAY': 3.765059678435756,
 'CONCURRENT_REQUESTS': 1,
 'CONCURRENT_REQUESTS_PER_DOMAIN': 1,
 'DOWNLOAD_DELAY': 9.293070577744043,
 'DOWNLOAD_TIMEOUT': 30,
 'DOWNLOAD_WARNSIZE': 0,
 'LOG_LEVEL': 'INFO',
 'RETRY_HTTP_CODES': [429, 500, 502, 503, 504, 408, 403],
 'RETRY_TIMES': 5,
 'USER_AGENT': 'Mozilla/5.0 (Windows NT 10.0; Win64; x64) AppleWebKit/537.36 '
               '(KHTML, like Gecko) Chrome/121.0.0.0 Safari/537.36'}
2025-09-26 20:58:03,433 - INFO - Enabled downloader middlewares:
['scrapy.downloadermiddlewares.offsite.OffsiteMiddleware',
 'scrapy.downloadermiddlewares.retry.RetryMiddleware',
 'scrapy.downloadermiddlewares.httpproxy.HttpProxyMiddleware',
 'scrapy.downloadermiddlewares.httpauth.HttpAuthMiddleware',
 'scrapy.downloadermiddlewares.downloadtimeout.DownloadTimeoutMiddleware',
 'scrapy.downloadermiddlewares.defaultheaders.DefaultHeadersMiddleware',
 'scrapy.downloadermiddlewares.redirect.MetaRefreshMiddleware',
 'scrapy.downloadermiddlewares.httpcompression.HttpCompressionMiddleware',
 'scrapy.downloadermiddlewares.redirect.RedirectMiddleware',
 'scrapy.downloadermiddlewares.cookies.CookiesMiddleware',
 'scrapy.downloadermiddlewares.stats.DownloaderStats']
2025-09-26 20:58:03,438 - INFO - Enabled spider middlewares:
['scrapy.spidermiddlewares.start.StartSpiderMiddleware',
 'scrapy.spidermiddlewares.httperror.HttpErrorMiddleware',
 'scrapy.spidermiddlewares.referer.RefererMiddleware',
 'scrapy.spidermiddlewares.urllength.UrlLengthMiddleware',
 'scrapy.spidermiddlewares.depth.DepthMiddleware']
2025-09-26 20:58:03,440 - INFO - Enabled item pipelines:
[]
2025-09-26 20:58:03,441 - INFO - Spider opened
2025-09-26 20:58:03,455 - WARNING - C:\Users\sandr\AppData\Local\Packages\PythonSoftwareFoundation.Python.3.12_qbz5n2kfra8p0\LocalCache\local-packages\Python312\site-packages\scrapy\core\spidermw.py:433: ScrapyDeprecationWarning: mercadolivre_spider.MercadoLivreSpider defines the deprecated start_requests() method. start_requests() has been deprecated in favor of a new method, start(), to support asynchronous code execution. start_requests() will stop being called in a future version of Scrapy. If you use Scrapy 2.13 or higher only, replace start_requests() with start(); note that start() is a coroutine (async def). If you need to maintain compatibility with lower Scrapy versions, when overriding start_requests() in a spider class, override start() as well; you can use super() to reuse the inherited start() implementation without copy-pasting. See the release notes of Scrapy 2.13 for details: https://docs.scrapy.org/en/2.13/news.html
  warn(

2025-09-26 20:58:03,456 - INFO - Crawled 0 pages (at 0 pages/min), scraped 0 items (at 0 items/min)
2025-09-26 20:58:03,459 - INFO - Telnet console listening on 127.0.0.1:6023
2025-09-26 20:58:03,462 - INFO - Attempting to scrape URL: https://lista.mercadolivre.com.br/cartucho-hp-664?sb=all_mercadolibre#D[A:cartucho%20hp%20664]
2025-09-26 20:58:03,466 - INFO - Aguardando 7.4s antes da primeira requisição...
2025-09-26 20:58:09,967 - INFO - 192.168.100.14 - - [26/Sep/2025 20:58:09] "GET /jobs HTTP/1.1" 200 -
2025-09-26 20:58:10,110 - INFO - 192.168.100.14 - - [26/Sep/2025 20:58:10] "[36mGET /static/style.css HTTP/1.1[0m" 304 -
2025-09-26 20:58:11,992 - DEBUG - Crawled (200) <GET https://lista.mercadolivre.com.br/cartucho-hp-664?sb=all_mercadolibre#D%5BA:cartucho%20hp%20664%5D> (referer: None)
2025-09-26 20:58:12,130 - INFO - Processing URL: https://lista.mercadolivre.com.br/cartucho-hp-664?sb=all_mercadolibre (Page 1)
2025-09-26 20:58:12,134 - INFO - HTML da primeira página de resultados (https://lista.mercadolivre.com.br/cartucho-hp-664?sb=all_mercadolibre) salvo em scraped_page_content_debug.html para depuração.
2025-09-26 20:58:12,222 - INFO - Encontrados 50 produtos com seletor: .ui-search-layout__item .andes-card.poly-card
2025-09-26 20:58:12,226 - INFO - Usando seletor bem-sucedido: .ui-search-layout__item .andes-card.poly-card
2025-09-26 20:58:12,227 - INFO - Processando 50 containers de produto encontrados em https://lista.mercadolivre.com.br/cartucho-hp-664?sb=all_mercadolibre
2025-09-26 20:58:12,227 - INFO - --- Pulando container 1 (item patrocinado 1/2) ---
2025-09-26 20:58:12,228 - INFO - --- Pulando container 2 (item patrocinado 2/2) ---
2025-09-26 20:58:12,229 - INFO - --- Processando container de produto 3/50 (total coletado: 0, pulados: 2) ---
2025-09-26 20:58:12,232 - INFO -   [TÍTULO] Encontrado: 'Cartucho De Tinta Hp 667 Cor Preto Do 2 Ml'
2025-09-26 20:58:12,232 - INFO -   [LINK] Encontrado: 'https://www.mercadolivre.com.br/cartucho-de-tinta-hp-667-cor-preto-do-2-ml/p/MLB37141763#polycard_client=search-nordic&search_layout=grid&position=3&type=product&tracking_id=83ba54ce-4ae2-4e16-bb6f-c6da747a51f0&wid=MLB4164477091&sid=search'
2025-09-26 20:58:12,234 - INFO -   [ID PRODUTO] Encontrado: 'MLB37141763'
2025-09-26 20:58:12,237 - INFO -   [PREÇO] Encontrado (poly-card fallback): 'R$ 64,21'
2025-09-26 20:58:12,241 - INFO -   [PREÇO ANTERIOR] Encontrado (poly-card fallback): 'R$ 71'
2025-09-26 20:58:12,244 - INFO -   [MARCA] Não encontrada (general/poly).
2025-09-26 20:58:12,250 - INFO -   [IMAGEM] URL da imagem (poly-card fallback): https://http2.mlstatic.com/D_Q_NP_2X_886903-MLA87439311815_072025-E.webp
2025-09-26 20:58:12,254 - INFO -   [VENDEDOR] Não encontrado para o container 3.
2025-09-26 20:58:12,257 - INFO -   [MÉDIA AVALIAÇÕES] Encontrada (poly-card fallback): '4.8'
2025-09-26 20:58:12,258 - INFO -   [TOTAL AVALIAÇÕES] Encontrado (poly-card fallback): '7399'
2025-09-26 20:58:12,265 - INFO -   [ENTREGA] Texto encontrado (poly-card fallback): 'Frete grátis'
2025-09-26 20:58:12,268 - INFO -   [ENTREGA FULL] Indicador FULL encontrado (poly-card fallback SVG).
2025-09-26 20:58:12,271 - INFO - Produto processado: Cartucho De Tinta Hp 667 Cor Preto Do 2 Ml
2025-09-26 20:58:12,273 - INFO - --- Processando container de produto 4/50 (total coletado: 1, pulados: 2) ---
2025-09-26 20:58:12,275 - INFO -   [TÍTULO] Encontrado: 'Cartucho de tinta preta HP Advantage 664 de 2 ml'
2025-09-26 20:58:12,278 - INFO -   [LINK] Encontrado: 'https://www.mercadolivre.com.br/cartucho-de-tinta-preta-hp-advantage-664-de-2-ml/p/MLB36751629#polycard_client=search-nordic&search_layout=grid&position=4&type=product&tracking_id=83ba54ce-4ae2-4e16-bb6f-c6da747a51f0&wid=MLB4198173329&sid=search'
2025-09-26 20:58:12,281 - INFO -   [ID PRODUTO] Encontrado: 'MLB36751629'
2025-09-26 20:58:12,286 - INFO -   [PREÇO] Encontrado (poly-card fallback): 'R$ 65,73'
2025-09-26 20:58:12,288 - INFO -   [PREÇO ANTERIOR] Encontrado (poly-card fallback): 'R$ 78'
2025-09-26 20:58:12,290 - INFO -   [MARCA] Não encontrada (general/poly).
2025-09-26 20:58:12,292 - INFO -   [IMAGEM] URL da imagem (poly-card fallback): https://http2.mlstatic.com/D_Q_NP_2X_901486-MLA82666700555_022025-E.webp
2025-09-26 20:58:12,298 - INFO -   [VENDEDOR] Encontrado (poly-card fallback): 'Eshop'
2025-09-26 20:58:12,302 - INFO -   [MÉDIA AVALIAÇÕES] Encontrada (poly-card fallback): '4.7'
2025-09-26 20:58:12,305 - INFO -   [TOTAL AVALIAÇÕES] Encontrado (poly-card fallback): '4923'
2025-09-26 20:58:12,308 - INFO -   [ENTREGA] Texto encontrado (poly-card fallback): 'Frete grátis'
2025-09-26 20:58:12,314 - INFO -   [ENTREGA FULL] Indicador FULL encontrado (poly-card fallback SVG).
2025-09-26 20:58:12,317 - INFO - Produto processado: Cartucho de tinta preta HP Advantage 664 de 2 ml
2025-09-26 20:58:12,319 - DEBUG - Scraped from <200 https://lista.mercadolivre.com.br/cartucho-hp-664?sb=all_mercadolibre>
{'TITULO PRODUTO': 'Cartucho De Tinta Hp 667 Cor Preto Do 2 Ml', 'LINK': 'https://www.mercadolivre.com.br/cartucho-de-tinta-hp-667-cor-preto-do-2-ml/p/MLB37141763#polycard_client=search-nordic&search_layout=grid&position=3&type=product&tracking_id=83ba54ce-4ae2-4e16-bb6f-c6da747a51f0&wid=MLB4164477091&sid=search', 'ID_PRODUTO': 'MLB37141763', 'PREÇO': 'R$ 64,21', 'PREÇO ANTERIOR': 'R$ 71', 'MARCA': 'N/A', 'IMAGEM': 'https://http2.mlstatic.com/D_Q_NP_2X_886903-MLA87439311815_072025-E.webp', 'VENDEDOR': 'N/A', 'MÉDIA AVALIAÇÕES': '4.8', 'TOTAL AVALIAÇÕES': '7399', 'ENTREGA': 'Frete grátis', 'ENTREGA FULL': 'Sim'}
2025-09-26 20:58:12,320 - INFO - --- Processando container de produto 5/50 (total coletado: 2, pulados: 2) ---
2025-09-26 20:58:12,323 - INFO -   [TÍTULO] Encontrado: 'Kit 2 Cartuchos Hp 664xl (preto + Color) 2136 2676'
2025-09-26 20:58:12,324 - INFO -   [LINK] Encontrado: 'https://www.mercadolivre.com.br/kit-2-cartuchos-hp-664xl-preto-color-2136-2676/p/MLB48102366#polycard_client=search-nordic&search_layout=grid&position=5&type=product&tracking_id=83ba54ce-4ae2-4e16-bb6f-c6da747a51f0&wid=MLB5719977782&sid=search'
2025-09-26 20:58:12,324 - INFO -   [ID PRODUTO] Encontrado: 'MLB48102366'
2025-09-26 20:58:12,333 - INFO -   [PREÇO] Encontrado (poly-card fallback): 'R$ 295,67'
2025-09-26 20:58:12,338 - INFO -   [PREÇO ANTERIOR] Encontrado (poly-card fallback): 'R$ 314'
2025-09-26 20:58:12,340 - INFO -   [MARCA] Não encontrada (general/poly).
2025-09-26 20:58:12,342 - INFO -   [IMAGEM] URL da imagem (poly-card fallback): https://http2.mlstatic.com/D_Q_NP_2X_921961-MLA83444909992_042025-E.webp
2025-09-26 20:58:12,350 - INFO -   [VENDEDOR] Encontrado (poly-card fallback): 'Park Ecom'
2025-09-26 20:58:12,352 - INFO -   [MÉDIA AVALIAÇÕES] Encontrada (poly-card fallback): '4.6'
2025-09-26 20:58:12,353 - INFO -   [TOTAL AVALIAÇÕES] Encontrado (poly-card fallback): '113'
2025-09-26 20:58:12,355 - INFO -   [ENTREGA] Texto encontrado (poly-card fallback): 'Frete grátis'
2025-09-26 20:58:12,356 - INFO -   [ENTREGA FULL] Indicador FULL encontrado (poly-card fallback SVG).
2025-09-26 20:58:12,358 - INFO - Produto processado: Kit 2 Cartuchos Hp 664xl (preto + Color) 2136 2676
2025-09-26 20:58:12,359 - DEBUG - Scraped from <200 https://lista.mercadolivre.com.br/cartucho-hp-664?sb=all_mercadolibre>
{'TITULO PRODUTO': 'Cartucho de tinta preta HP Advantage 664 de 2 ml', 'LINK': 'https://www.mercadolivre.com.br/cartucho-de-tinta-preta-hp-advantage-664-de-2-ml/p/MLB36751629#polycard_client=search-nordic&search_layout=grid&position=4&type=product&tracking_id=83ba54ce-4ae2-4e16-bb6f-c6da747a51f0&wid=MLB4198173329&sid=search', 'ID_PRODUTO': 'MLB36751629', 'PREÇO': 'R$ 65,73', 'PREÇO ANTERIOR': 'R$ 78', 'MARCA': 'N/A', 'IMAGEM': 'https://http2.mlstatic.com/D_Q_NP_2X_901486-MLA82666700555_022025-E.webp', 'VENDEDOR': 'Eshop', 'MÉDIA AVALIAÇÕES': '4.7', 'TOTAL AVALIAÇÕES': '4923', 'ENTREGA': 'Frete grátis', 'ENTREGA FULL': 'Sim'}
2025-09-26 20:58:12,365 - INFO - --- Processando container de produto 6/50 (total coletado: 3, pulados: 2) ---
2025-09-26 20:58:12,368 - INFO -   [TÍTULO] Encontrado: 'Cartucho Tinta Original Hp 664 Preto F6v29ab 2136 2676 3776'
2025-09-26 20:58:12,369 - INFO -   [LINK] Encontrado: 'https://www.mercadolivre.com.br/cartucho-tinta-original-hp-664-preto-f6v29ab-2136-2676-3776/up/MLBU753315902#polycard_client=search-nordic&search_layout=grid&position=6&type=product&tracking_id=83ba54ce-4ae2-4e16-bb6f-c6da747a51f0&wid=MLB2671518847&sid=search'
2025-09-26 20:58:12,369 - WARNING -   [ID PRODUTO] Não encontrado no link: https://www.mercadolivre.com.br/cartucho-tinta-original-hp-664-preto-f6v29ab-2136-2676-3776/up/MLBU753315902#polycard_client=search-nordic&search_layout=grid&position=6&type=product&tracking_id=83ba54ce-4ae2-4e16-bb6f-c6da747a51f0&wid=MLB2671518847&sid=search
2025-09-26 20:58:12,373 - INFO -   [PREÇO] Encontrado (poly-card fallback): 'R$ 64,90'
2025-09-26 20:58:12,375 - INFO -   [MARCA] Não encontrada (general/poly).
2025-09-26 20:58:12,385 - INFO -   [IMAGEM] URL da imagem (poly-card fallback): https://http2.mlstatic.com/D_Q_NP_2X_604903-MLA50235451064_062022-E.webp
2025-09-26 20:58:12,386 - INFO -   [VENDEDOR] Não encontrado para o container 6.
2025-09-26 20:58:12,389 - INFO -   [MÉDIA AVALIAÇÕES] Encontrada (poly-card fallback): '4.7'
2025-09-26 20:58:12,390 - INFO -   [TOTAL AVALIAÇÕES] Encontrado (poly-card fallback): '312'
2025-09-26 20:58:12,394 - INFO -   [ENTREGA] Texto encontrado (poly-card fallback): 'Frete grátis'
2025-09-26 20:58:12,398 - INFO -   [ENTREGA FULL] Indicador FULL encontrado (poly-card fallback SVG).
2025-09-26 20:58:12,399 - INFO - Produto processado: Cartucho Tinta Original Hp 664 Preto F6v29ab 2136 2676 3776
2025-09-26 20:58:12,401 - DEBUG - Scraped from <200 https://lista.mercadolivre.com.br/cartucho-hp-664?sb=all_mercadolibre>
{'TITULO PRODUTO': 'Kit 2 Cartuchos Hp 664xl (preto + Color) 2136 2676', 'LINK': 'https://www.mercadolivre.com.br/kit-2-cartuchos-hp-664xl-preto-color-2136-2676/p/MLB48102366#polycard_client=search-nordic&search_layout=grid&position=5&type=product&tracking_id=83ba54ce-4ae2-4e16-bb6f-c6da747a51f0&wid=MLB5719977782&sid=search', 'ID_PRODUTO': 'MLB48102366', 'PREÇO': 'R$ 295,67', 'PREÇO ANTERIOR': 'R$ 314', 'MARCA': 'N/A', 'IMAGEM': 'https://http2.mlstatic.com/D_Q_NP_2X_921961-MLA83444909992_042025-E.webp', 'VENDEDOR': 'Park Ecom', 'MÉDIA AVALIAÇÕES': '4.6', 'TOTAL AVALIAÇÕES': '113', 'ENTREGA': 'Frete grátis', 'ENTREGA FULL': 'Sim'}
2025-09-26 20:58:12,403 - INFO - --- Processando container de produto 7/50 (total coletado: 4, pulados: 2) ---
2025-09-26 20:58:12,406 - INFO -   [TÍTULO] Encontrado: 'Cartucho HP 664 Colorido(F6V28AB) Para Ink Advantage 1115, 2134, 2136, 2676, 3636, 3776, 3786, 3788,3790, 3836, 4536, 4676,5076, 5276'
2025-09-26 20:58:12,408 - INFO -   [LINK] Encontrado: 'https://www.mercadolivre.com.br/cartucho-hp-664-coloridof6v28ab-para-ink-advantage-1115-2134-2136-2676-3636-3776-3786-37883790-3836-4536-46765076-5276/p/MLB36752265#polycard_client=search-nordic&search_layout=grid&position=7&type=product&tracking_id=83ba54ce-4ae2-4e16-bb6f-c6da747a51f0&wid=MLB5739828170&sid=search'
2025-09-26 20:58:12,412 - INFO -   [ID PRODUTO] Encontrado: 'MLB36752265'
2025-09-26 20:58:12,417 - INFO -   [PREÇO] Encontrado (poly-card fallback): 'R$ 61,96'
2025-09-26 20:58:12,419 - INFO -   [PREÇO ANTERIOR] Encontrado (poly-card fallback): 'R$ 77'
2025-09-26 20:58:12,421 - INFO -   [MARCA] Não encontrada (general/poly).
2025-09-26 20:58:12,422 - INFO -   [IMAGEM] URL da imagem (poly-card fallback): https://http2.mlstatic.com/D_Q_NP_2X_639008-MLA91921137841_092025-E.webp
2025-09-26 20:58:12,423 - INFO -   [VENDEDOR] Encontrado (poly-card fallback): 'Mercado Livre'
2025-09-26 20:58:12,429 - INFO -   [MÉDIA AVALIAÇÕES] Encontrada (poly-card fallback): '4.7'
2025-09-26 20:58:12,434 - INFO -   [TOTAL AVALIAÇÕES] Encontrado (poly-card fallback): '4923'
2025-09-26 20:58:12,436 - INFO -   [ENTREGA] Texto encontrado (poly-card fallback): 'Frete grátis'
2025-09-26 20:58:12,437 - INFO -   [ENTREGA FULL] Indicador FULL encontrado (poly-card fallback SVG).
2025-09-26 20:58:12,438 - INFO - Produto processado: Cartucho HP 664 Colorido(F6V28AB) Para Ink Advantage 1115, 2134, 2136, 2676, 3636, 3776, 3786, 3788,3790, 3836, 4536, 4676,5076, 5276
2025-09-26 20:58:12,439 - DEBUG - Scraped from <200 https://lista.mercadolivre.com.br/cartucho-hp-664?sb=all_mercadolibre>
{'TITULO PRODUTO': 'Cartucho Tinta Original Hp 664 Preto F6v29ab 2136 2676 3776', 'LINK': 'https://www.mercadolivre.com.br/cartucho-tinta-original-hp-664-preto-f6v29ab-2136-2676-3776/up/MLBU753315902#polycard_client=search-nordic&search_layout=grid&position=6&type=product&tracking_id=83ba54ce-4ae2-4e16-bb6f-c6da747a51f0&wid=MLB2671518847&sid=search', 'ID_PRODUTO': 'N/A', 'PREÇO': 'R$ 64,90', 'PREÇO ANTERIOR': 'N/A', 'MARCA': 'N/A', 'IMAGEM': 'https://http2.mlstatic.com/D_Q_NP_2X_604903-MLA50235451064_062022-E.webp', 'VENDEDOR': 'N/A', 'MÉDIA AVALIAÇÕES': '4.7', 'TOTAL AVALIAÇÕES': '312', 'ENTREGA': 'Frete grátis', 'ENTREGA FULL': 'Sim'}
2025-09-26 20:58:12,440 - INFO - --- Processando container de produto 8/50 (total coletado: 5, pulados: 2) ---
2025-09-26 20:58:12,445 - INFO -   [TÍTULO] Encontrado: '2 Cartuchos 664 Preto Black Impressora Hp Deskjet'
2025-09-26 20:58:12,448 - INFO -   [LINK] Encontrado: 'https://www.mercadolivre.com.br/2-cartuchos-664-preto-black-impressora-hp-deskjet/p/MLB36779932#polycard_client=search-nordic&search_layout=grid&position=8&type=product&tracking_id=83ba54ce-4ae2-4e16-bb6f-c6da747a51f0&wid=MLB4160125791&sid=search'
2025-09-26 20:58:12,450 - INFO -   [ID PRODUTO] Encontrado: 'MLB36779932'
2025-09-26 20:58:12,452 - INFO -   [PREÇO] Encontrado (poly-card fallback): 'R$ 128,92'
2025-09-26 20:58:12,454 - INFO -   [PREÇO ANTERIOR] Encontrado (poly-card fallback): 'R$ 152'
2025-09-26 20:58:12,455 - INFO -   [MARCA] Não encontrada (general/poly).
2025-09-26 20:58:12,457 - INFO -   [IMAGEM] URL da imagem (poly-card fallback): https://http2.mlstatic.com/D_Q_NP_2X_776710-MLU76109215014_052024-E.webp
2025-09-26 20:58:12,461 - INFO -   [VENDEDOR] Não encontrado para o container 8.
2025-09-26 20:58:12,464 - INFO -   [MÉDIA AVALIAÇÕES] Encontrada (poly-card fallback): '4.7'
2025-09-26 20:58:12,467 - INFO -   [TOTAL AVALIAÇÕES] Encontrado (poly-card fallback): '4923'
2025-09-26 20:58:12,469 - INFO -   [ENTREGA] Texto encontrado (poly-card fallback): 'Frete grátis'
2025-09-26 20:58:12,471 - INFO - Produto processado: 2 Cartuchos 664 Preto Black Impressora Hp Deskjet
2025-09-26 20:58:12,472 - DEBUG - Scraped from <200 https://lista.mercadolivre.com.br/cartucho-hp-664?sb=all_mercadolibre>
{'TITULO PRODUTO': 'Cartucho HP 664 Colorido(F6V28AB) Para Ink Advantage 1115, 2134, 2136, 2676, 3636, 3776, 3786, 3788,3790, 3836, 4536, 4676,5076, 5276', 'LINK': 'https://www.mercadolivre.com.br/cartucho-hp-664-coloridof6v28ab-para-ink-advantage-1115-2134-2136-2676-3636-3776-3786-37883790-3836-4536-46765076-5276/p/MLB36752265#polycard_client=search-nordic&search_layout=grid&position=7&type=product&tracking_id=83ba54ce-4ae2-4e16-bb6f-c6da747a51f0&wid=MLB5739828170&sid=search', 'ID_PRODUTO': 'MLB36752265', 'PREÇO': 'R$ 61,96', 'PREÇO ANTERIOR': 'R$ 77', 'MARCA': 'N/A', 'IMAGEM': 'https://http2.mlstatic.com/D_Q_NP_2X_639008-MLA91921137841_092025-E.webp', 'VENDEDOR': 'Mercado Livre', 'MÉDIA AVALIAÇÕES': '4.7', 'TOTAL AVALIAÇÕES': '4923', 'ENTREGA': 'Frete grátis', 'ENTREGA FULL': 'Sim'}
2025-09-26 20:58:12,475 - INFO - --- Processando container de produto 9/50 (total coletado: 6, pulados: 2) ---
2025-09-26 20:58:12,479 - INFO -   [TÍTULO] Encontrado: 'Kit 02 Cartucho 664xl Preto 664 Xl Original Hp E Lacrado'
2025-09-26 20:58:12,484 - INFO -   [LINK] Encontrado: 'https://www.mercadolivre.com.br/kit-cartucho-de-tinta-664xl-bk-e-color-novo-original/p/MLB2039342702#polycard_client=search-nordic&search_layout=grid&position=9&type=product&tracking_id=83ba54ce-4ae2-4e16-bb6f-c6da747a51f0&wid=MLB3208174446&sid=search'
2025-09-26 20:58:12,485 - INFO -   [ID PRODUTO] Encontrado: 'MLB2039342702'
2025-09-26 20:58:12,487 - INFO -   [PREÇO] Encontrado (poly-card fallback): 'R$ 193,03'
2025-09-26 20:58:12,490 - INFO -   [PREÇO ANTERIOR] Encontrado (poly-card fallback): 'R$ 215'
2025-09-26 20:58:12,494 - INFO -   [MARCA] Não encontrada (general/poly).
2025-09-26 20:58:12,498 - INFO -   [IMAGEM] URL da imagem (poly-card fallback): https://http2.mlstatic.com/D_Q_NP_2X_723436-MLB84792116624_052025-E.webp
2025-09-26 20:58:12,501 - INFO -   [VENDEDOR] Encontrado (poly-card fallback): 'Park Ecom'
2025-09-26 20:58:12,504 - INFO -   [MÉDIA AVALIAÇÕES] Encontrada (poly-card fallback): '4.3'
2025-09-26 20:58:12,504 - INFO -   [TOTAL AVALIAÇÕES] Encontrado (poly-card fallback): '164'
2025-09-26 20:58:12,507 - INFO -   [ENTREGA] Texto encontrado (poly-card fallback): 'Frete grátis'
2025-09-26 20:58:12,508 - INFO - Produto processado: Kit 02 Cartucho 664xl Preto 664 Xl Original Hp E Lacrado
2025-09-26 20:58:12,511 - DEBUG - Scraped from <200 https://lista.mercadolivre.com.br/cartucho-hp-664?sb=all_mercadolibre>
{'TITULO PRODUTO': '2 Cartuchos 664 Preto Black Impressora Hp Deskjet', 'LINK': 'https://www.mercadolivre.com.br/2-cartuchos-664-preto-black-impressora-hp-deskjet/p/MLB36779932#polycard_client=search-nordic&search_layout=grid&position=8&type=product&tracking_id=83ba54ce-4ae2-4e16-bb6f-c6da747a51f0&wid=MLB4160125791&sid=search', 'ID_PRODUTO': 'MLB36779932', 'PREÇO': 'R$ 128,92', 'PREÇO ANTERIOR': 'R$ 152', 'MARCA': 'N/A', 'IMAGEM': 'https://http2.mlstatic.com/D_Q_NP_2X_776710-MLU76109215014_052024-E.webp', 'VENDEDOR': 'N/A', 'MÉDIA AVALIAÇÕES': '4.7', 'TOTAL AVALIAÇÕES': '4923', 'ENTREGA': 'Frete grátis', 'ENTREGA FULL': 'Não'}
2025-09-26 20:58:12,513 - INFO - --- Processando container de produto 10/50 (total coletado: 7, pulados: 2) ---
2025-09-26 20:58:12,517 - INFO -   [TÍTULO] Encontrado: 'Kit 2 Cartuchos Hp 664: 1un Preto + 1un Color'
2025-09-26 20:58:12,518 - INFO -   [LINK] Encontrado: 'https://www.mercadolivre.com.br/kit-2-cartuchos-hp-664-1un-preto-1un-color/p/MLB39028313#polycard_client=search-nordic&search_layout=grid&position=10&type=product&tracking_id=83ba54ce-4ae2-4e16-bb6f-c6da747a51f0&wid=MLB5729014430&sid=search'
2025-09-26 20:58:12,518 - INFO -   [ID PRODUTO] Encontrado: 'MLB39028313'
2025-09-26 20:58:12,521 - INFO -   [PREÇO] Encontrado (poly-card fallback): 'R$ 134,90'
2025-09-26 20:58:12,522 - INFO -   [MARCA] Não encontrada (general/poly).
2025-09-26 20:58:12,524 - INFO -   [IMAGEM] URL da imagem (poly-card fallback): https://http2.mlstatic.com/D_Q_NP_2X_822808-MLU78194489785_082024-E.webp
2025-09-26 20:58:12,526 - INFO -   [VENDEDOR] Não encontrado para o container 10.
2025-09-26 20:58:12,530 - INFO -   [MÉDIA AVALIAÇÕES] Encontrada (poly-card fallback): '4.7'
2025-09-26 20:58:12,532 - INFO -   [TOTAL AVALIAÇÕES] Encontrado (poly-card fallback): '4923'
2025-09-26 20:58:12,533 - INFO -   [ENTREGA] Texto encontrado (poly-card fallback): 'Frete grátis'
2025-09-26 20:58:12,534 - INFO - Produto processado: Kit 2 Cartuchos Hp 664: 1un Preto + 1un Color
2025-09-26 20:58:12,538 - DEBUG - Scraped from <200 https://lista.mercadolivre.com.br/cartucho-hp-664?sb=all_mercadolibre>
{'TITULO PRODUTO': 'Kit 02 Cartucho 664xl Preto 664 Xl Original Hp E Lacrado', 'LINK': 'https://www.mercadolivre.com.br/kit-cartucho-de-tinta-664xl-bk-e-color-novo-original/p/MLB2039342702#polycard_client=search-nordic&search_layout=grid&position=9&type=product&tracking_id=83ba54ce-4ae2-4e16-bb6f-c6da747a51f0&wid=MLB3208174446&sid=search', 'ID_PRODUTO': 'MLB2039342702', 'PREÇO': 'R$ 193,03', 'PREÇO ANTERIOR': 'R$ 215', 'MARCA': 'N/A', 'IMAGEM': 'https://http2.mlstatic.com/D_Q_NP_2X_723436-MLB84792116624_052025-E.webp', 'VENDEDOR': 'Park Ecom', 'MÉDIA AVALIAÇÕES': '4.3', 'TOTAL AVALIAÇÕES': '164', 'ENTREGA': 'Frete grátis', 'ENTREGA FULL': 'Não'}
2025-09-26 20:58:12,539 - INFO - --- Processando container de produto 11/50 (total coletado: 8, pulados: 2) ---
2025-09-26 20:58:12,540 - INFO -   [TÍTULO] Encontrado: 'Cartucho De Tinta Hp 664 Preto'
2025-09-26 20:58:12,543 - INFO -   [LINK] Encontrado: 'https://www.mercadolivre.com.br/cartucho-de-tinta-hp-664-preto/p/MLB36768292#polycard_client=search-nordic&search_layout=grid&position=11&type=product&tracking_id=83ba54ce-4ae2-4e16-bb6f-c6da747a51f0&wid=MLB4678660474&sid=search'
2025-09-26 20:58:12,546 - INFO -   [ID PRODUTO] Encontrado: 'MLB36768292'
2025-09-26 20:58:12,549 - INFO -   [PREÇO] Encontrado (poly-card fallback): 'R$ 143,90'
2025-09-26 20:58:12,553 - INFO -   [MARCA] Não encontrada (general/poly).
2025-09-26 20:58:12,555 - INFO -   [IMAGEM] URL da imagem (poly-card fallback): https://http2.mlstatic.com/D_Q_NP_2X_907517-MLA84489489161_052025-E.webp
2025-09-26 20:58:12,556 - INFO -   [VENDEDOR] Não encontrado para o container 11.
2025-09-26 20:58:12,558 - INFO -   [MÉDIA AVALIAÇÕES] Encontrada (poly-card fallback): '4.7'
2025-09-26 20:58:12,559 - INFO -   [TOTAL AVALIAÇÕES] Encontrado (poly-card fallback): '4923'
2025-09-26 20:58:12,563 - INFO -   [ENTREGA] Texto encontrado (poly-card fallback): 'Frete grátis'
2025-09-26 20:58:12,565 - INFO - Produto processado: Cartucho De Tinta Hp 664 Preto
2025-09-26 20:58:12,567 - DEBUG - Scraped from <200 https://lista.mercadolivre.com.br/cartucho-hp-664?sb=all_mercadolibre>
{'TITULO PRODUTO': 'Kit 2 Cartuchos Hp 664: 1un Preto + 1un Color', 'LINK': 'https://www.mercadolivre.com.br/kit-2-cartuchos-hp-664-1un-preto-1un-color/p/MLB39028313#polycard_client=search-nordic&search_layout=grid&position=10&type=product&tracking_id=83ba54ce-4ae2-4e16-bb6f-c6da747a51f0&wid=MLB5729014430&sid=search', 'ID_PRODUTO': 'MLB39028313', 'PREÇO': 'R$ 134,90', 'PREÇO ANTERIOR': 'N/A', 'MARCA': 'N/A', 'IMAGEM': 'https://http2.mlstatic.com/D_Q_NP_2X_822808-MLU78194489785_082024-E.webp', 'VENDEDOR': 'N/A', 'MÉDIA AVALIAÇÕES': '4.7', 'TOTAL AVALIAÇÕES': '4923', 'ENTREGA': 'Frete grátis', 'ENTREGA FULL': 'Não'}
2025-09-26 20:58:12,568 - INFO - --- Processando container de produto 12/50 (total coletado: 9, pulados: 2) ---
2025-09-26 20:58:12,571 - INFO -   [TÍTULO] Encontrado: '3 Cartuchos Hp 664xl Preto 2 Color Genuíno'
2025-09-26 20:58:12,572 - INFO -   [LINK] Encontrado: 'https://www.mercadolivre.com.br/3-cartuchos-hp-664xl-preto-2-color-genuino/p/MLB39028582#polycard_client=search-nordic&search_layout=grid&position=12&type=product&tracking_id=83ba54ce-4ae2-4e16-bb6f-c6da747a51f0&wid=MLB4973488738&sid=search'
2025-09-26 20:58:12,573 - INFO -   [ID PRODUTO] Encontrado: 'MLB39028582'
2025-09-26 20:58:12,575 - INFO -   [PREÇO] Encontrado (poly-card fallback): 'R$ 619,50'
2025-09-26 20:58:12,581 - INFO -   [MARCA] Não encontrada (general/poly).
2025-09-26 20:58:12,584 - INFO -   [IMAGEM] URL da imagem (poly-card fallback): https://http2.mlstatic.com/D_Q_NP_2X_633784-MLA91969127157_092025-E.webp
2025-09-26 20:58:12,586 - INFO -   [VENDEDOR] Encontrado (poly-card fallback): 'Park Ecom'
2025-09-26 20:58:12,587 - INFO -   [MÉDIA AVALIAÇÕES] Encontrada (poly-card fallback): '4.6'
2025-09-26 20:58:12,588 - INFO -   [TOTAL AVALIAÇÕES] Encontrado (poly-card fallback): '113'
2025-09-26 20:58:12,590 - INFO -   [ENTREGA] Texto encontrado (poly-card fallback): 'Frete grátis'
2025-09-26 20:58:12,591 - INFO - Produto processado: 3 Cartuchos Hp 664xl Preto 2 Color Genuíno
2025-09-26 20:58:12,593 - DEBUG - Scraped from <200 https://lista.mercadolivre.com.br/cartucho-hp-664?sb=all_mercadolibre>
{'TITULO PRODUTO': 'Cartucho De Tinta Hp 664 Preto', 'LINK': 'https://www.mercadolivre.com.br/cartucho-de-tinta-hp-664-preto/p/MLB36768292#polycard_client=search-nordic&search_layout=grid&position=11&type=product&tracking_id=83ba54ce-4ae2-4e16-bb6f-c6da747a51f0&wid=MLB4678660474&sid=search', 'ID_PRODUTO': 'MLB36768292', 'PREÇO': 'R$ 143,90', 'PREÇO ANTERIOR': 'N/A', 'MARCA': 'N/A', 'IMAGEM': 'https://http2.mlstatic.com/D_Q_NP_2X_907517-MLA84489489161_052025-E.webp', 'VENDEDOR': 'N/A', 'MÉDIA AVALIAÇÕES': '4.7', 'TOTAL AVALIAÇÕES': '4923', 'ENTREGA': 'Frete grátis', 'ENTREGA FULL': 'Não'}
2025-09-26 20:58:12,601 - INFO - Limite de 10 itens atingido durante o processamento da página. Parando.
2025-09-26 20:58:12,603 - DEBUG - Scraped from <200 https://lista.mercadolivre.com.br/cartucho-hp-664?sb=all_mercadolibre>
{'TITULO PRODUTO': '3 Cartuchos Hp 664xl Preto 2 Color Genuíno', 'LINK': 'https://www.mercadolivre.com.br/3-cartuchos-hp-664xl-preto-2-color-genuino/p/MLB39028582#polycard_client=search-nordic&search_layout=grid&position=12&type=product&tracking_id=83ba54ce-4ae2-4e16-bb6f-c6da747a51f0&wid=MLB4973488738&sid=search', 'ID_PRODUTO': 'MLB39028582', 'PREÇO': 'R$ 619,50', 'PREÇO ANTERIOR': 'N/A', 'MARCA': 'N/A', 'IMAGEM': 'https://http2.mlstatic.com/D_Q_NP_2X_633784-MLA91969127157_092025-E.webp', 'VENDEDOR': 'Park Ecom', 'MÉDIA AVALIAÇÕES': '4.6', 'TOTAL AVALIAÇÕES': '113', 'ENTREGA': 'Frete grátis', 'ENTREGA FULL': 'Não'}
2025-09-26 20:58:12,605 - INFO - Closing spider (finished)
2025-09-26 20:58:12,607 - INFO - Dumping Scrapy stats:
{'downloader/request_bytes': 694,
 'downloader/request_count': 1,
 'downloader/request_method_count/GET': 1,
 'downloader/response_bytes': 163620,
 'downloader/response_count': 1,
 'downloader/response_status_count/200': 1,
 'elapsed_time_seconds': 9.149875,
 'finish_reason': 'finished',
 'finish_time': datetime.datetime(2025, 9, 26, 23, 58, 12, 606016, tzinfo=datetime.timezone.utc),
 'httpcompression/response_bytes': 1395792,
 'httpcompression/response_count': 1,
 'item_scraped_count': 10,
 'items_per_minute': 66.66666666666667,
 'log_count/INFO': 150,
 'log_count/WARNING': 2,
 'response_received_count': 1,
 'responses_per_minute': 6.666666666666667,
 'scheduler/dequeued': 1,
 'scheduler/dequeued/memory': 1,
 'scheduler/enqueued': 1,
 'scheduler/enqueued/memory': 1,
 'start_time': datetime.datetime(2025, 9, 26, 23, 58, 3, 456141, tzinfo=datetime.timezone.utc)}
2025-09-26 20:58:12,608 - INFO - Spider closed (finished)
2025-09-26 20:58:12,953 - INFO - Executando extração detalhada para todos os produtos...
2025-09-26 20:58:12,954 - ERROR - Erro durante scraping de produtos: A search query or custom URL must be provided to the MercadoLivreSpider.
2025-09-26 20:58:20,949 - INFO - 192.168.100.14 - - [26/Sep/2025 20:58:20] "GET /jobs HTTP/1.1" 200 -
2025-09-26 20:58:21,091 - INFO - 192.168.100.14 - - [26/Sep/2025 20:58:21] "[36mGET /static/style.css HTTP/1.1[0m" 304 -
2025-09-26 20:59:07,390 - INFO -  * Detected change in 'C:\\Challenge HP\\Challenge-HP\\app.py', reloading
2025-09-26 20:59:07,493 - INFO -  * Detected change in 'C:\\Challenge HP\\Challenge-HP\\app.py', reloading
2025-09-26 20:59:08,215 - INFO -  * Restarting with watchdog (windowsapi)
2025-09-26 20:59:10,746 - WARNING -  * Debugger is active!
2025-09-26 20:59:10,752 - INFO -  * Debugger PIN: 639-855-048
2025-09-26 20:59:47,682 - INFO - [31m[1mWARNING: This is a development server. Do not use it in a production deployment. Use a production WSGI server instead.[0m
 * Running on all addresses (0.0.0.0)
 * Running on http://127.0.0.1:5000
 * Running on http://192.168.100.14:5000
2025-09-26 20:59:47,682 - INFO - [33mPress CTRL+C to quit[0m
2025-09-26 20:59:47,698 - INFO -  * Restarting with watchdog (windowsapi)
2025-09-26 20:59:50,171 - WARNING -  * Debugger is active!
2025-09-26 20:59:50,176 - INFO -  * Debugger PIN: 639-855-048
2025-09-26 20:59:51,489 - INFO - 192.168.100.14 - - [26/Sep/2025 20:59:51] "GET /scraping HTTP/1.1" 200 -
2025-09-26 20:59:51,665 - INFO - 192.168.100.14 - - [26/Sep/2025 20:59:51] "[36mGET /static/style.css HTTP/1.1[0m" 304 -
2025-09-26 21:00:07,544 - INFO - Job 8cb7e21c: Iniciando coleta de produtos
2025-09-26 21:00:07,545 - INFO - 192.168.100.14 - - [26/Sep/2025 21:00:07] "[32mPOST /web/scraping/start HTTP/1.1[0m" 302 -
2025-09-26 21:00:07,554 - INFO - Iniciando scraping para: cartucho hp 664
2025-09-26 21:00:07,893 - INFO - Parâmetros: max_items=10, images=True, sort=relevance
2025-09-26 21:00:07,904 - INFO - 192.168.100.14 - - [26/Sep/2025 21:00:07] "GET /jobs HTTP/1.1" 200 -
2025-09-26 21:00:07,903 - INFO - Extração detalhada: ATIVADA
2025-09-26 21:00:08,006 - INFO - 192.168.100.14 - - [26/Sep/2025 21:00:08] "[36mGET /static/style.css HTTP/1.1[0m" 304 -
2025-09-26 21:00:10,957 - INFO - Spider iniciado com configurações otimizadas:
2025-09-26 21:00:10,957 - INFO -    CONCURRENT_REQUESTS: 1
2025-09-26 21:00:10,958 - INFO -    CONCURRENT_REQUESTS_PER_DOMAIN: 1
2025-09-26 21:00:10,959 - INFO -    DOWNLOAD_TIMEOUT: 30s
2025-09-26 21:00:10,959 - INFO -    HTTPCACHE_ENABLED: False
2025-09-26 21:00:11,005 - INFO - Scrapy 2.13.0 started (bot: scrapybot)
2025-09-26 21:00:11,296 - INFO - Versions:
{'lxml': '5.3.2',
 'libxml2': '2.11.9',
 'cssselect': '1.3.0',
 'parsel': '1.10.0',
 'w3lib': '2.3.1',
 'Twisted': '24.11.0',
 'Python': '3.12.10 (tags/v3.12.10:0cc8128, Apr  8 2025, 12:21:36) [MSC v.1943 '
           '64 bit (AMD64)]',
 'pyOpenSSL': '25.1.0 (OpenSSL 3.4.1 11 Feb 2025)',
 'cryptography': '44.0.2',
 'Platform': 'Windows-11-10.0.26100-SP0'}
2025-09-26 21:00:11,303 - INFO - Spider initialized for query='cartucho hp 664', sort_by='relevance', condition='all', max_items=10. Start URL: https://lista.mercadolivre.com.br/cartucho-hp-664?sb=all_mercadolibre#D[A:cartucho%20hp%20664]
2025-09-26 21:00:11,309 - INFO - Enabled addons:
[]
2025-09-26 21:00:11,316 - DEBUG - Using reactor: twisted.internet.asyncioreactor.AsyncioSelectorReactor
2025-09-26 21:00:11,329 - DEBUG - Using asyncio event loop: asyncio.windows_events._WindowsSelectorEventLoop
2025-09-26 21:00:11,343 - INFO - Telnet Password: 7464a7579b5d79db
2025-09-26 21:00:11,386 - INFO - Enabled extensions:
['scrapy.extensions.corestats.CoreStats',
 'scrapy.extensions.telnet.TelnetConsole',
 'scrapy.extensions.logstats.LogStats',
 'scrapy.extensions.throttle.AutoThrottle']
2025-09-26 21:00:11,387 - INFO - Overridden settings:
{'AUTOTHROTTLE_ENABLED': True,
 'AUTOTHROTTLE_MAX_DELAY': 30,
 'AUTOTHROTTLE_START_DELAY': 3.0026176001152267,
 'CONCURRENT_REQUESTS': 1,
 'CONCURRENT_REQUESTS_PER_DOMAIN': 1,
 'DOWNLOAD_DELAY': 5.13360827720983,
 'DOWNLOAD_TIMEOUT': 30,
 'DOWNLOAD_WARNSIZE': 0,
 'LOG_LEVEL': 'INFO',
 'RETRY_HTTP_CODES': [429, 500, 502, 503, 504, 408, 403],
 'RETRY_TIMES': 5,
 'USER_AGENT': 'Mozilla/5.0 (Windows NT 10.0; Win64; x64) AppleWebKit/537.36 '
               '(KHTML, like Gecko) Chrome/120.0.0.0 Safari/537.36'}
2025-09-26 21:00:11,561 - INFO - Enabled downloader middlewares:
['scrapy.downloadermiddlewares.offsite.OffsiteMiddleware',
 'scrapy.downloadermiddlewares.retry.RetryMiddleware',
 'scrapy.downloadermiddlewares.httpproxy.HttpProxyMiddleware',
 'scrapy.downloadermiddlewares.httpauth.HttpAuthMiddleware',
 'scrapy.downloadermiddlewares.downloadtimeout.DownloadTimeoutMiddleware',
 'scrapy.downloadermiddlewares.defaultheaders.DefaultHeadersMiddleware',
 'scrapy.downloadermiddlewares.redirect.MetaRefreshMiddleware',
 'scrapy.downloadermiddlewares.httpcompression.HttpCompressionMiddleware',
 'scrapy.downloadermiddlewares.redirect.RedirectMiddleware',
 'scrapy.downloadermiddlewares.cookies.CookiesMiddleware',
 'scrapy.downloadermiddlewares.stats.DownloaderStats']
2025-09-26 21:00:11,569 - INFO - Enabled spider middlewares:
['scrapy.spidermiddlewares.start.StartSpiderMiddleware',
 'scrapy.spidermiddlewares.httperror.HttpErrorMiddleware',
 'scrapy.spidermiddlewares.referer.RefererMiddleware',
 'scrapy.spidermiddlewares.urllength.UrlLengthMiddleware',
 'scrapy.spidermiddlewares.depth.DepthMiddleware']
2025-09-26 21:00:11,571 - INFO - Enabled item pipelines:
[]
2025-09-26 21:00:11,573 - INFO - Spider opened
2025-09-26 21:00:11,588 - WARNING - C:\Users\sandr\AppData\Local\Packages\PythonSoftwareFoundation.Python.3.12_qbz5n2kfra8p0\LocalCache\local-packages\Python312\site-packages\scrapy\core\spidermw.py:433: ScrapyDeprecationWarning: mercadolivre_spider.MercadoLivreSpider defines the deprecated start_requests() method. start_requests() has been deprecated in favor of a new method, start(), to support asynchronous code execution. start_requests() will stop being called in a future version of Scrapy. If you use Scrapy 2.13 or higher only, replace start_requests() with start(); note that start() is a coroutine (async def). If you need to maintain compatibility with lower Scrapy versions, when overriding start_requests() in a spider class, override start() as well; you can use super() to reuse the inherited start() implementation without copy-pasting. See the release notes of Scrapy 2.13 for details: https://docs.scrapy.org/en/2.13/news.html
  warn(

2025-09-26 21:00:11,592 - INFO - Crawled 0 pages (at 0 pages/min), scraped 0 items (at 0 items/min)
2025-09-26 21:00:11,595 - INFO - Telnet console listening on 127.0.0.1:6023
2025-09-26 21:00:11,597 - INFO - Attempting to scrape URL: https://lista.mercadolivre.com.br/cartucho-hp-664?sb=all_mercadolibre#D[A:cartucho%20hp%20664]
2025-09-26 21:00:11,609 - INFO - Aguardando 7.4s antes da primeira requisição...
2025-09-26 21:00:18,956 - INFO - 192.168.100.14 - - [26/Sep/2025 21:00:18] "GET /jobs HTTP/1.1" 200 -
2025-09-26 21:00:19,192 - INFO - 192.168.100.14 - - [26/Sep/2025 21:00:19] "[36mGET /static/style.css HTTP/1.1[0m" 304 -
2025-09-26 21:00:19,941 - DEBUG - Crawled (200) <GET https://lista.mercadolivre.com.br/cartucho-hp-664?sb=all_mercadolibre#D%5BA:cartucho%20hp%20664%5D> (referer: None)
2025-09-26 21:00:20,092 - INFO - Processing URL: https://lista.mercadolivre.com.br/cartucho-hp-664?sb=all_mercadolibre (Page 1)
2025-09-26 21:00:20,094 - INFO - HTML da primeira página de resultados (https://lista.mercadolivre.com.br/cartucho-hp-664?sb=all_mercadolibre) salvo em scraped_page_content_debug.html para depuração.
2025-09-26 21:00:20,178 - INFO - Encontrados 50 produtos com seletor: .ui-search-layout__item .andes-card.poly-card
2025-09-26 21:00:20,179 - INFO - Usando seletor bem-sucedido: .ui-search-layout__item .andes-card.poly-card
2025-09-26 21:00:20,179 - INFO - Processando 50 containers de produto encontrados em https://lista.mercadolivre.com.br/cartucho-hp-664?sb=all_mercadolibre
2025-09-26 21:00:20,183 - INFO - --- Pulando container 1 (item patrocinado 1/2) ---
2025-09-26 21:00:20,183 - INFO - --- Pulando container 2 (item patrocinado 2/2) ---
2025-09-26 21:00:20,184 - INFO - --- Processando container de produto 3/50 (total coletado: 0, pulados: 2) ---
2025-09-26 21:00:20,192 - INFO -   [TÍTULO] Encontrado: 'Cartucho De Tinta Hp 667 Cor Preto Do 2 Ml'
2025-09-26 21:00:20,194 - INFO -   [LINK] Encontrado: 'https://www.mercadolivre.com.br/cartucho-de-tinta-hp-667-cor-preto-do-2-ml/p/MLB37141763#polycard_client=search-nordic&search_layout=grid&position=3&type=product&tracking_id=859a075b-4917-4026-9152-b907aad1fb21&wid=MLB3713375243&sid=search'
2025-09-26 21:00:20,194 - INFO -   [ID PRODUTO] Encontrado: 'MLB37141763'
2025-09-26 21:00:20,202 - INFO -   [PREÇO] Encontrado (poly-card fallback): 'R$ 63,90'
2025-09-26 21:00:20,210 - INFO -   [MARCA] Não encontrada (general/poly).
2025-09-26 21:00:20,214 - INFO -   [IMAGEM] URL da imagem (poly-card fallback): https://http2.mlstatic.com/D_Q_NP_2X_886903-MLA87439311815_072025-E.webp
2025-09-26 21:00:20,217 - INFO -   [VENDEDOR] Não encontrado para o container 3.
2025-09-26 21:00:20,222 - INFO -   [MÉDIA AVALIAÇÕES] Encontrada (poly-card fallback): '4.8'
2025-09-26 21:00:20,225 - INFO -   [TOTAL AVALIAÇÕES] Encontrado (poly-card fallback): '7399'
2025-09-26 21:00:20,228 - INFO -   [ENTREGA] Texto encontrado (poly-card fallback): 'Frete grátis'
2025-09-26 21:00:20,230 - INFO -   [ENTREGA FULL] Indicador FULL encontrado (poly-card fallback SVG).
2025-09-26 21:00:20,231 - INFO - Produto processado: Cartucho De Tinta Hp 667 Cor Preto Do 2 Ml
2025-09-26 21:00:20,233 - INFO - --- Processando container de produto 4/50 (total coletado: 1, pulados: 2) ---
2025-09-26 21:00:20,238 - INFO -   [TÍTULO] Encontrado: 'Cartucho de tinta preta HP Advantage 664 de 2 ml'
2025-09-26 21:00:20,243 - INFO -   [LINK] Encontrado: 'https://www.mercadolivre.com.br/cartucho-de-tinta-preta-hp-advantage-664-de-2-ml/p/MLB36751629#polycard_client=search-nordic&search_layout=grid&position=4&type=product&tracking_id=859a075b-4917-4026-9152-b907aad1fb21&wid=MLB4198173329&sid=search'
2025-09-26 21:00:20,245 - INFO -   [ID PRODUTO] Encontrado: 'MLB36751629'
2025-09-26 21:00:20,248 - INFO -   [PREÇO] Encontrado (poly-card fallback): 'R$ 65,73'
2025-09-26 21:00:20,260 - INFO -   [PREÇO ANTERIOR] Encontrado (poly-card fallback): 'R$ 78'
2025-09-26 21:00:20,262 - INFO -   [MARCA] Não encontrada (general/poly).
2025-09-26 21:00:20,267 - INFO -   [IMAGEM] URL da imagem (poly-card fallback): https://http2.mlstatic.com/D_Q_NP_2X_901486-MLA82666700555_022025-E.webp
2025-09-26 21:00:20,271 - INFO -   [VENDEDOR] Encontrado (poly-card fallback): 'Eshop'
2025-09-26 21:00:20,276 - INFO -   [MÉDIA AVALIAÇÕES] Encontrada (poly-card fallback): '4.7'
2025-09-26 21:00:20,283 - INFO -   [TOTAL AVALIAÇÕES] Encontrado (poly-card fallback): '4923'
2025-09-26 21:00:20,293 - INFO -   [ENTREGA] Texto encontrado (poly-card fallback): 'Frete grátis'
2025-09-26 21:00:20,295 - INFO -   [ENTREGA FULL] Indicador FULL encontrado (poly-card fallback SVG).
2025-09-26 21:00:20,295 - INFO - Produto processado: Cartucho de tinta preta HP Advantage 664 de 2 ml
2025-09-26 21:00:20,296 - DEBUG - Scraped from <200 https://lista.mercadolivre.com.br/cartucho-hp-664?sb=all_mercadolibre>
{'TITULO PRODUTO': 'Cartucho De Tinta Hp 667 Cor Preto Do 2 Ml', 'LINK': 'https://www.mercadolivre.com.br/cartucho-de-tinta-hp-667-cor-preto-do-2-ml/p/MLB37141763#polycard_client=search-nordic&search_layout=grid&position=3&type=product&tracking_id=859a075b-4917-4026-9152-b907aad1fb21&wid=MLB3713375243&sid=search', 'ID_PRODUTO': 'MLB37141763', 'PREÇO': 'R$ 63,90', 'PREÇO ANTERIOR': 'N/A', 'MARCA': 'N/A', 'IMAGEM': 'https://http2.mlstatic.com/D_Q_NP_2X_886903-MLA87439311815_072025-E.webp', 'VENDEDOR': 'N/A', 'MÉDIA AVALIAÇÕES': '4.8', 'TOTAL AVALIAÇÕES': '7399', 'ENTREGA': 'Frete grátis', 'ENTREGA FULL': 'Sim'}
2025-09-26 21:00:20,297 - INFO - --- Processando container de produto 5/50 (total coletado: 2, pulados: 2) ---
2025-09-26 21:00:20,299 - INFO -   [TÍTULO] Encontrado: '2 Cartuchos 664 Preto Black Impressora Hp Deskjet'
2025-09-26 21:00:20,300 - INFO -   [LINK] Encontrado: 'https://www.mercadolivre.com.br/2-cartuchos-664-preto-black-impressora-hp-deskjet/p/MLB36779932#polycard_client=search-nordic&search_layout=grid&position=5&type=product&tracking_id=859a075b-4917-4026-9152-b907aad1fb21&wid=MLB4678624598&sid=search'
2025-09-26 21:00:20,303 - INFO -   [ID PRODUTO] Encontrado: 'MLB36779932'
2025-09-26 21:00:20,305 - INFO -   [PREÇO] Encontrado (poly-card fallback): 'R$ 139,90'
2025-09-26 21:00:20,308 - INFO -   [MARCA] Não encontrada (general/poly).
2025-09-26 21:00:20,310 - INFO -   [IMAGEM] URL da imagem (poly-card fallback): https://http2.mlstatic.com/D_Q_NP_2X_776710-MLU76109215014_052024-E.webp
2025-09-26 21:00:20,311 - INFO -   [VENDEDOR] Não encontrado para o container 5.
2025-09-26 21:00:20,314 - INFO -   [MÉDIA AVALIAÇÕES] Encontrada (poly-card fallback): '4.7'
2025-09-26 21:00:20,315 - INFO -   [TOTAL AVALIAÇÕES] Encontrado (poly-card fallback): '4923'
2025-09-26 21:00:20,317 - INFO -   [ENTREGA] Texto encontrado (poly-card fallback): 'Frete grátis'
2025-09-26 21:00:20,318 - INFO -   [ENTREGA FULL] Indicador FULL encontrado (poly-card fallback SVG).
2025-09-26 21:00:20,320 - INFO - Produto processado: 2 Cartuchos 664 Preto Black Impressora Hp Deskjet
2025-09-26 21:00:20,321 - DEBUG - Scraped from <200 https://lista.mercadolivre.com.br/cartucho-hp-664?sb=all_mercadolibre>
{'TITULO PRODUTO': 'Cartucho de tinta preta HP Advantage 664 de 2 ml', 'LINK': 'https://www.mercadolivre.com.br/cartucho-de-tinta-preta-hp-advantage-664-de-2-ml/p/MLB36751629#polycard_client=search-nordic&search_layout=grid&position=4&type=product&tracking_id=859a075b-4917-4026-9152-b907aad1fb21&wid=MLB4198173329&sid=search', 'ID_PRODUTO': 'MLB36751629', 'PREÇO': 'R$ 65,73', 'PREÇO ANTERIOR': 'R$ 78', 'MARCA': 'N/A', 'IMAGEM': 'https://http2.mlstatic.com/D_Q_NP_2X_901486-MLA82666700555_022025-E.webp', 'VENDEDOR': 'Eshop', 'MÉDIA AVALIAÇÕES': '4.7', 'TOTAL AVALIAÇÕES': '4923', 'ENTREGA': 'Frete grátis', 'ENTREGA FULL': 'Sim'}
2025-09-26 21:00:20,322 - INFO - --- Processando container de produto 6/50 (total coletado: 3, pulados: 2) ---
2025-09-26 21:00:20,325 - INFO -   [TÍTULO] Encontrado: 'Kit Cartucho Hp 664 Preto E Hp 664 Colorido'
2025-09-26 21:00:20,325 - INFO -   [LINK] Encontrado: 'https://www.mercadolivre.com.br/kit-cartucho-hp-664-preto-e-hp-664-colorido/p/MLB36751072#polycard_client=search-nordic&search_layout=grid&position=6&type=product&tracking_id=859a075b-4917-4026-9152-b907aad1fb21&wid=MLB3789824595&sid=search'
2025-09-26 21:00:20,326 - INFO -   [ID PRODUTO] Encontrado: 'MLB36751072'
2025-09-26 21:00:20,329 - INFO -   [PREÇO] Encontrado (poly-card fallback): 'R$ 135'
2025-09-26 21:00:20,331 - INFO -   [PREÇO ANTERIOR] Encontrado (poly-card fallback): 'R$ 153'
2025-09-26 21:00:20,332 - INFO -   [MARCA] Não encontrada (general/poly).
2025-09-26 21:00:20,335 - INFO -   [IMAGEM] URL da imagem (poly-card fallback): https://http2.mlstatic.com/D_Q_NP_2X_950197-MLU76394007878_052024-E.webp
2025-09-26 21:00:20,337 - INFO -   [VENDEDOR] Não encontrado para o container 6.
2025-09-26 21:00:20,340 - INFO -   [MÉDIA AVALIAÇÕES] Encontrada (poly-card fallback): '4.7'
2025-09-26 21:00:20,341 - INFO -   [TOTAL AVALIAÇÕES] Encontrado (poly-card fallback): '4923'
2025-09-26 21:00:20,342 - INFO -   [ENTREGA] Texto encontrado (poly-card fallback): 'Frete grátis'
2025-09-26 21:00:20,345 - INFO -   [ENTREGA FULL] Indicador FULL encontrado (poly-card fallback SVG).
2025-09-26 21:00:20,345 - INFO - Produto processado: Kit Cartucho Hp 664 Preto E Hp 664 Colorido
2025-09-26 21:00:20,346 - DEBUG - Scraped from <200 https://lista.mercadolivre.com.br/cartucho-hp-664?sb=all_mercadolibre>
{'TITULO PRODUTO': '2 Cartuchos 664 Preto Black Impressora Hp Deskjet', 'LINK': 'https://www.mercadolivre.com.br/2-cartuchos-664-preto-black-impressora-hp-deskjet/p/MLB36779932#polycard_client=search-nordic&search_layout=grid&position=5&type=product&tracking_id=859a075b-4917-4026-9152-b907aad1fb21&wid=MLB4678624598&sid=search', 'ID_PRODUTO': 'MLB36779932', 'PREÇO': 'R$ 139,90', 'PREÇO ANTERIOR': 'N/A', 'MARCA': 'N/A', 'IMAGEM': 'https://http2.mlstatic.com/D_Q_NP_2X_776710-MLU76109215014_052024-E.webp', 'VENDEDOR': 'N/A', 'MÉDIA AVALIAÇÕES': '4.7', 'TOTAL AVALIAÇÕES': '4923', 'ENTREGA': 'Frete grátis', 'ENTREGA FULL': 'Sim'}
2025-09-26 21:00:20,347 - INFO - --- Processando container de produto 7/50 (total coletado: 4, pulados: 2) ---
2025-09-26 21:00:20,350 - INFO -   [TÍTULO] Encontrado: 'Kit 2 Cartuchos Hp 664xl (preto + Color) 2136 2676'
2025-09-26 21:00:20,352 - INFO -   [LINK] Encontrado: 'https://www.mercadolivre.com.br/kit-2-cartuchos-hp-664xl-preto-color-2136-2676/p/MLB48102366#polycard_client=search-nordic&search_layout=grid&position=7&type=product&tracking_id=859a075b-4917-4026-9152-b907aad1fb21&wid=MLB5719977782&sid=search'
2025-09-26 21:00:20,354 - INFO -   [ID PRODUTO] Encontrado: 'MLB48102366'
2025-09-26 21:00:20,356 - INFO -   [PREÇO] Encontrado (poly-card fallback): 'R$ 295,67'
2025-09-26 21:00:20,359 - INFO -   [PREÇO ANTERIOR] Encontrado (poly-card fallback): 'R$ 314'
2025-09-26 21:00:20,360 - INFO -   [MARCA] Não encontrada (general/poly).
2025-09-26 21:00:20,362 - INFO -   [IMAGEM] URL da imagem (poly-card fallback): https://http2.mlstatic.com/D_Q_NP_2X_921961-MLA83444909992_042025-E.webp
2025-09-26 21:00:20,363 - INFO -   [VENDEDOR] Encontrado (poly-card fallback): 'Park Ecom'
2025-09-26 21:00:20,365 - INFO -   [MÉDIA AVALIAÇÕES] Encontrada (poly-card fallback): '4.6'
2025-09-26 21:00:20,367 - INFO -   [TOTAL AVALIAÇÕES] Encontrado (poly-card fallback): '113'
2025-09-26 21:00:20,370 - INFO -   [ENTREGA] Texto encontrado (poly-card fallback): 'Frete grátis'
2025-09-26 21:00:20,372 - INFO -   [ENTREGA FULL] Indicador FULL encontrado (poly-card fallback SVG).
2025-09-26 21:00:20,373 - INFO - Produto processado: Kit 2 Cartuchos Hp 664xl (preto + Color) 2136 2676
2025-09-26 21:00:20,374 - DEBUG - Scraped from <200 https://lista.mercadolivre.com.br/cartucho-hp-664?sb=all_mercadolibre>
{'TITULO PRODUTO': 'Kit Cartucho Hp 664 Preto E Hp 664 Colorido', 'LINK': 'https://www.mercadolivre.com.br/kit-cartucho-hp-664-preto-e-hp-664-colorido/p/MLB36751072#polycard_client=search-nordic&search_layout=grid&position=6&type=product&tracking_id=859a075b-4917-4026-9152-b907aad1fb21&wid=MLB3789824595&sid=search', 'ID_PRODUTO': 'MLB36751072', 'PREÇO': 'R$ 135', 'PREÇO ANTERIOR': 'R$ 153', 'MARCA': 'N/A', 'IMAGEM': 'https://http2.mlstatic.com/D_Q_NP_2X_950197-MLU76394007878_052024-E.webp', 'VENDEDOR': 'N/A', 'MÉDIA AVALIAÇÕES': '4.7', 'TOTAL AVALIAÇÕES': '4923', 'ENTREGA': 'Frete grátis', 'ENTREGA FULL': 'Sim'}
2025-09-26 21:00:20,376 - INFO - --- Processando container de produto 8/50 (total coletado: 5, pulados: 2) ---
2025-09-26 21:00:20,378 - INFO -   [TÍTULO] Encontrado: 'Cartucho Tinta Original Hp 664 Preto F6v29ab 2136 2676 3776'
2025-09-26 21:00:20,379 - INFO -   [LINK] Encontrado: 'https://www.mercadolivre.com.br/cartucho-tinta-original-hp-664-preto-f6v29ab-2136-2676-3776/up/MLBU753315902#polycard_client=search-nordic&search_layout=grid&position=8&type=product&tracking_id=859a075b-4917-4026-9152-b907aad1fb21&wid=MLB2671518847&sid=search'
2025-09-26 21:00:20,380 - WARNING -   [ID PRODUTO] Não encontrado no link: https://www.mercadolivre.com.br/cartucho-tinta-original-hp-664-preto-f6v29ab-2136-2676-3776/up/MLBU753315902#polycard_client=search-nordic&search_layout=grid&position=8&type=product&tracking_id=859a075b-4917-4026-9152-b907aad1fb21&wid=MLB2671518847&sid=search
2025-09-26 21:00:20,382 - INFO -   [PREÇO] Encontrado (poly-card fallback): 'R$ 64,90'
2025-09-26 21:00:20,385 - INFO -   [MARCA] Não encontrada (general/poly).
2025-09-26 21:00:20,388 - INFO -   [IMAGEM] URL da imagem (poly-card fallback): https://http2.mlstatic.com/D_Q_NP_2X_604903-MLA50235451064_062022-E.webp
2025-09-26 21:00:20,389 - INFO -   [VENDEDOR] Não encontrado para o container 8.
2025-09-26 21:00:20,391 - INFO -   [MÉDIA AVALIAÇÕES] Encontrada (poly-card fallback): '4.7'
2025-09-26 21:00:20,393 - INFO -   [TOTAL AVALIAÇÕES] Encontrado (poly-card fallback): '312'
2025-09-26 21:00:20,394 - INFO -   [ENTREGA] Texto encontrado (poly-card fallback): 'Frete grátis'
2025-09-26 21:00:20,395 - INFO -   [ENTREGA FULL] Indicador FULL encontrado (poly-card fallback SVG).
2025-09-26 21:00:20,395 - INFO - Produto processado: Cartucho Tinta Original Hp 664 Preto F6v29ab 2136 2676 3776
2025-09-26 21:00:20,396 - DEBUG - Scraped from <200 https://lista.mercadolivre.com.br/cartucho-hp-664?sb=all_mercadolibre>
{'TITULO PRODUTO': 'Kit 2 Cartuchos Hp 664xl (preto + Color) 2136 2676', 'LINK': 'https://www.mercadolivre.com.br/kit-2-cartuchos-hp-664xl-preto-color-2136-2676/p/MLB48102366#polycard_client=search-nordic&search_layout=grid&position=7&type=product&tracking_id=859a075b-4917-4026-9152-b907aad1fb21&wid=MLB5719977782&sid=search', 'ID_PRODUTO': 'MLB48102366', 'PREÇO': 'R$ 295,67', 'PREÇO ANTERIOR': 'R$ 314', 'MARCA': 'N/A', 'IMAGEM': 'https://http2.mlstatic.com/D_Q_NP_2X_921961-MLA83444909992_042025-E.webp', 'VENDEDOR': 'Park Ecom', 'MÉDIA AVALIAÇÕES': '4.6', 'TOTAL AVALIAÇÕES': '113', 'ENTREGA': 'Frete grátis', 'ENTREGA FULL': 'Sim'}
2025-09-26 21:00:20,397 - INFO - --- Processando container de produto 9/50 (total coletado: 6, pulados: 2) ---
2025-09-26 21:00:20,400 - INFO -   [TÍTULO] Encontrado: 'Cartucho HP 664 Colorido(F6V28AB) Para Ink Advantage 1115, 2134, 2136, 2676, 3636, 3776, 3786, 3788,3790, 3836, 4536, 4676,5076, 5276'
2025-09-26 21:00:20,401 - INFO -   [LINK] Encontrado: 'https://www.mercadolivre.com.br/cartucho-hp-664-coloridof6v28ab-para-ink-advantage-1115-2134-2136-2676-3636-3776-3786-37883790-3836-4536-46765076-5276/p/MLB36752265#polycard_client=search-nordic&search_layout=grid&position=9&type=product&tracking_id=859a075b-4917-4026-9152-b907aad1fb21&wid=MLB5739828170&sid=search'
2025-09-26 21:00:20,402 - INFO -   [ID PRODUTO] Encontrado: 'MLB36752265'
2025-09-26 21:00:20,409 - INFO -   [PREÇO] Encontrado (poly-card fallback): 'R$ 61,96'
2025-09-26 21:00:20,410 - INFO -   [PREÇO ANTERIOR] Encontrado (poly-card fallback): 'R$ 77'
2025-09-26 21:00:20,411 - INFO -   [MARCA] Não encontrada (general/poly).
2025-09-26 21:00:20,413 - INFO -   [IMAGEM] URL da imagem (poly-card fallback): https://http2.mlstatic.com/D_Q_NP_2X_639008-MLA91921137841_092025-E.webp
2025-09-26 21:00:20,414 - INFO -   [VENDEDOR] Encontrado (poly-card fallback): 'Mercado Livre'
2025-09-26 21:00:20,416 - INFO -   [MÉDIA AVALIAÇÕES] Encontrada (poly-card fallback): '4.7'
2025-09-26 21:00:20,417 - INFO -   [TOTAL AVALIAÇÕES] Encontrado (poly-card fallback): '4923'
2025-09-26 21:00:20,420 - INFO -   [ENTREGA] Texto encontrado (poly-card fallback): 'Frete grátis'
2025-09-26 21:00:20,422 - INFO -   [ENTREGA FULL] Indicador FULL encontrado (poly-card fallback SVG).
2025-09-26 21:00:20,422 - INFO - Produto processado: Cartucho HP 664 Colorido(F6V28AB) Para Ink Advantage 1115, 2134, 2136, 2676, 3636, 3776, 3786, 3788,3790, 3836, 4536, 4676,5076, 5276
2025-09-26 21:00:20,424 - DEBUG - Scraped from <200 https://lista.mercadolivre.com.br/cartucho-hp-664?sb=all_mercadolibre>
{'TITULO PRODUTO': 'Cartucho Tinta Original Hp 664 Preto F6v29ab 2136 2676 3776', 'LINK': 'https://www.mercadolivre.com.br/cartucho-tinta-original-hp-664-preto-f6v29ab-2136-2676-3776/up/MLBU753315902#polycard_client=search-nordic&search_layout=grid&position=8&type=product&tracking_id=859a075b-4917-4026-9152-b907aad1fb21&wid=MLB2671518847&sid=search', 'ID_PRODUTO': 'N/A', 'PREÇO': 'R$ 64,90', 'PREÇO ANTERIOR': 'N/A', 'MARCA': 'N/A', 'IMAGEM': 'https://http2.mlstatic.com/D_Q_NP_2X_604903-MLA50235451064_062022-E.webp', 'VENDEDOR': 'N/A', 'MÉDIA AVALIAÇÕES': '4.7', 'TOTAL AVALIAÇÕES': '312', 'ENTREGA': 'Frete grátis', 'ENTREGA FULL': 'Sim'}
2025-09-26 21:00:20,425 - INFO - --- Processando container de produto 10/50 (total coletado: 7, pulados: 2) ---
2025-09-26 21:00:20,428 - INFO -   [TÍTULO] Encontrado: 'Kit 2 Cartuchos Hp 664 Hp 2136 3636 3836 4536 4676'
2025-09-26 21:00:20,428 - INFO -   [LINK] Encontrado: 'https://www.mercadolivre.com.br/kit-2-cartuchos-hp-664-hp-2136-3636-3836-4536-4676/p/MLB39092873#polycard_client=search-nordic&search_layout=grid&position=10&type=product&tracking_id=859a075b-4917-4026-9152-b907aad1fb21&wid=MLB5012110756&sid=search'
2025-09-26 21:00:20,430 - INFO -   [ID PRODUTO] Encontrado: 'MLB39092873'
2025-09-26 21:00:20,431 - INFO -   [PREÇO] Encontrado (poly-card fallback): 'R$ 164,99'
2025-09-26 21:00:20,433 - INFO -   [MARCA] Não encontrada (general/poly).
2025-09-26 21:00:20,436 - INFO -   [IMAGEM] URL da imagem (poly-card fallback): https://http2.mlstatic.com/D_Q_NP_2X_625071-MLA92010295485_092025-E.webp
2025-09-26 21:00:20,438 - INFO -   [VENDEDOR] Não encontrado para o container 10.
2025-09-26 21:00:20,439 - INFO -   [MÉDIA AVALIAÇÕES] Encontrada (poly-card fallback): '4.8'
2025-09-26 21:00:20,441 - INFO -   [TOTAL AVALIAÇÕES] Encontrado (poly-card fallback): '107'
2025-09-26 21:00:20,443 - INFO -   [ENTREGA] Texto encontrado (poly-card fallback): 'Frete grátis'
2025-09-26 21:00:20,444 - INFO -   [ENTREGA FULL] Indicador FULL encontrado (poly-card fallback SVG).
2025-09-26 21:00:20,445 - INFO - Produto processado: Kit 2 Cartuchos Hp 664 Hp 2136 3636 3836 4536 4676
2025-09-26 21:00:20,446 - DEBUG - Scraped from <200 https://lista.mercadolivre.com.br/cartucho-hp-664?sb=all_mercadolibre>
{'TITULO PRODUTO': 'Cartucho HP 664 Colorido(F6V28AB) Para Ink Advantage 1115, 2134, 2136, 2676, 3636, 3776, 3786, 3788,3790, 3836, 4536, 4676,5076, 5276', 'LINK': 'https://www.mercadolivre.com.br/cartucho-hp-664-coloridof6v28ab-para-ink-advantage-1115-2134-2136-2676-3636-3776-3786-37883790-3836-4536-46765076-5276/p/MLB36752265#polycard_client=search-nordic&search_layout=grid&position=9&type=product&tracking_id=859a075b-4917-4026-9152-b907aad1fb21&wid=MLB5739828170&sid=search', 'ID_PRODUTO': 'MLB36752265', 'PREÇO': 'R$ 61,96', 'PREÇO ANTERIOR': 'R$ 77', 'MARCA': 'N/A', 'IMAGEM': 'https://http2.mlstatic.com/D_Q_NP_2X_639008-MLA91921137841_092025-E.webp', 'VENDEDOR': 'Mercado Livre', 'MÉDIA AVALIAÇÕES': '4.7', 'TOTAL AVALIAÇÕES': '4923', 'ENTREGA': 'Frete grátis', 'ENTREGA FULL': 'Sim'}
2025-09-26 21:00:20,447 - INFO - --- Processando container de produto 11/50 (total coletado: 8, pulados: 2) ---
2025-09-26 21:00:20,448 - INFO -   [TÍTULO] Encontrado: 'Cartucho Jato De Tinta Ink Advantage 664xl Black'
2025-09-26 21:00:20,449 - INFO -   [LINK] Encontrado: 'https://www.mercadolivre.com.br/cartucho-jato-de-tinta-ink-advantage-664xl-black/p/MLB36877280#polycard_client=search-nordic&search_layout=grid&position=11&type=product&tracking_id=859a075b-4917-4026-9152-b907aad1fb21&wid=MLB4735381088&sid=search'
2025-09-26 21:00:20,450 - INFO -   [ID PRODUTO] Encontrado: 'MLB36877280'
2025-09-26 21:00:20,453 - INFO -   [PREÇO] Encontrado (poly-card fallback): 'R$ 187,20'
2025-09-26 21:00:20,454 - INFO -   [MARCA] Não encontrada (general/poly).
2025-09-26 21:00:20,456 - INFO -   [IMAGEM] URL da imagem (poly-card fallback): https://http2.mlstatic.com/D_Q_NP_2X_752084-MLU78080346737_072024-E.webp
2025-09-26 21:00:20,458 - INFO -   [VENDEDOR] Não encontrado para o container 11.
2025-09-26 21:00:20,459 - INFO -   [MÉDIA AVALIAÇÕES] Encontrada (poly-card fallback): '4.5'
2025-09-26 21:00:20,460 - INFO -   [TOTAL AVALIAÇÕES] Encontrado (poly-card fallback): '377'
2025-09-26 21:00:20,461 - INFO -   [ENTREGA] Texto encontrado (poly-card fallback): 'Frete grátis'
2025-09-26 21:00:20,462 - INFO -   [ENTREGA FULL] Indicador FULL encontrado (poly-card fallback SVG).
2025-09-26 21:00:20,463 - INFO - Produto processado: Cartucho Jato De Tinta Ink Advantage 664xl Black
2025-09-26 21:00:20,464 - DEBUG - Scraped from <200 https://lista.mercadolivre.com.br/cartucho-hp-664?sb=all_mercadolibre>
{'TITULO PRODUTO': 'Kit 2 Cartuchos Hp 664 Hp 2136 3636 3836 4536 4676', 'LINK': 'https://www.mercadolivre.com.br/kit-2-cartuchos-hp-664-hp-2136-3636-3836-4536-4676/p/MLB39092873#polycard_client=search-nordic&search_layout=grid&position=10&type=product&tracking_id=859a075b-4917-4026-9152-b907aad1fb21&wid=MLB5012110756&sid=search', 'ID_PRODUTO': 'MLB39092873', 'PREÇO': 'R$ 164,99', 'PREÇO ANTERIOR': 'N/A', 'MARCA': 'N/A', 'IMAGEM': 'https://http2.mlstatic.com/D_Q_NP_2X_625071-MLA92010295485_092025-E.webp', 'VENDEDOR': 'N/A', 'MÉDIA AVALIAÇÕES': '4.8', 'TOTAL AVALIAÇÕES': '107', 'ENTREGA': 'Frete grátis', 'ENTREGA FULL': 'Sim'}
2025-09-26 21:00:20,464 - INFO - --- Processando container de produto 12/50 (total coletado: 9, pulados: 2) ---
2025-09-26 21:00:20,466 - INFO -   [TÍTULO] Encontrado: 'Kit 02 Cartucho 664xl Preto 664 Xl Original Hp E Lacrado'
2025-09-26 21:00:20,467 - INFO -   [LINK] Encontrado: 'https://www.mercadolivre.com.br/kit-cartucho-de-tinta-664xl-bk-e-color-novo-original/p/MLB2039342702#polycard_client=search-nordic&search_layout=grid&position=12&type=product&tracking_id=859a075b-4917-4026-9152-b907aad1fb21&wid=MLB3208174446&sid=search'
2025-09-26 21:00:20,467 - INFO -   [ID PRODUTO] Encontrado: 'MLB2039342702'
2025-09-26 21:00:20,470 - INFO -   [PREÇO] Encontrado (poly-card fallback): 'R$ 193,03'
2025-09-26 21:00:20,471 - INFO -   [PREÇO ANTERIOR] Encontrado (poly-card fallback): 'R$ 215'
2025-09-26 21:00:20,475 - INFO -   [MARCA] Não encontrada (general/poly).
2025-09-26 21:00:20,477 - INFO -   [IMAGEM] URL da imagem (poly-card fallback): https://http2.mlstatic.com/D_Q_NP_2X_723436-MLB84792116624_052025-E.webp
2025-09-26 21:00:20,478 - INFO -   [VENDEDOR] Encontrado (poly-card fallback): 'Park Ecom'
2025-09-26 21:00:20,480 - INFO -   [MÉDIA AVALIAÇÕES] Encontrada (poly-card fallback): '4.3'
2025-09-26 21:00:20,481 - INFO -   [TOTAL AVALIAÇÕES] Encontrado (poly-card fallback): '164'
2025-09-26 21:00:20,482 - INFO -   [ENTREGA] Texto encontrado (poly-card fallback): 'Frete grátis'
2025-09-26 21:00:20,483 - INFO - Produto processado: Kit 02 Cartucho 664xl Preto 664 Xl Original Hp E Lacrado
2025-09-26 21:00:20,485 - DEBUG - Scraped from <200 https://lista.mercadolivre.com.br/cartucho-hp-664?sb=all_mercadolibre>
{'TITULO PRODUTO': 'Cartucho Jato De Tinta Ink Advantage 664xl Black', 'LINK': 'https://www.mercadolivre.com.br/cartucho-jato-de-tinta-ink-advantage-664xl-black/p/MLB36877280#polycard_client=search-nordic&search_layout=grid&position=11&type=product&tracking_id=859a075b-4917-4026-9152-b907aad1fb21&wid=MLB4735381088&sid=search', 'ID_PRODUTO': 'MLB36877280', 'PREÇO': 'R$ 187,20', 'PREÇO ANTERIOR': 'N/A', 'MARCA': 'N/A', 'IMAGEM': 'https://http2.mlstatic.com/D_Q_NP_2X_752084-MLU78080346737_072024-E.webp', 'VENDEDOR': 'N/A', 'MÉDIA AVALIAÇÕES': '4.5', 'TOTAL AVALIAÇÕES': '377', 'ENTREGA': 'Frete grátis', 'ENTREGA FULL': 'Sim'}
2025-09-26 21:00:20,487 - INFO - Limite de 10 itens atingido durante o processamento da página. Parando.
2025-09-26 21:00:20,489 - DEBUG - Scraped from <200 https://lista.mercadolivre.com.br/cartucho-hp-664?sb=all_mercadolibre>
{'TITULO PRODUTO': 'Kit 02 Cartucho 664xl Preto 664 Xl Original Hp E Lacrado', 'LINK': 'https://www.mercadolivre.com.br/kit-cartucho-de-tinta-664xl-bk-e-color-novo-original/p/MLB2039342702#polycard_client=search-nordic&search_layout=grid&position=12&type=product&tracking_id=859a075b-4917-4026-9152-b907aad1fb21&wid=MLB3208174446&sid=search', 'ID_PRODUTO': 'MLB2039342702', 'PREÇO': 'R$ 193,03', 'PREÇO ANTERIOR': 'R$ 215', 'MARCA': 'N/A', 'IMAGEM': 'https://http2.mlstatic.com/D_Q_NP_2X_723436-MLB84792116624_052025-E.webp', 'VENDEDOR': 'Park Ecom', 'MÉDIA AVALIAÇÕES': '4.3', 'TOTAL AVALIAÇÕES': '164', 'ENTREGA': 'Frete grátis', 'ENTREGA FULL': 'Não'}
2025-09-26 21:00:20,491 - INFO - Closing spider (finished)
2025-09-26 21:00:20,492 - INFO - Dumping Scrapy stats:
{'downloader/request_bytes': 792,
 'downloader/request_count': 1,
 'downloader/request_method_count/GET': 1,
 'downloader/response_bytes': 163938,
 'downloader/response_count': 1,
 'downloader/response_status_count/200': 1,
 'elapsed_time_seconds': 8.899515,
 'finish_reason': 'finished',
 'finish_time': datetime.datetime(2025, 9, 27, 0, 0, 20, 492115, tzinfo=datetime.timezone.utc),
 'httpcompression/response_bytes': 1392561,
 'httpcompression/response_count': 1,
 'item_scraped_count': 10,
 'items_per_minute': 75.0,
 'log_count/INFO': 153,
 'log_count/WARNING': 2,
 'response_received_count': 1,
 'responses_per_minute': 7.5,
 'scheduler/dequeued': 1,
 'scheduler/dequeued/memory': 1,
 'scheduler/enqueued': 1,
 'scheduler/enqueued/memory': 1,
 'start_time': datetime.datetime(2025, 9, 27, 0, 0, 11, 592600, tzinfo=datetime.timezone.utc)}
2025-09-26 21:00:20,493 - INFO - Spider closed (finished)
2025-09-26 21:00:20,837 - INFO - Executando extração detalhada para todos os produtos...
2025-09-26 21:00:20,838 - INFO - Executando extração detalhada para 10 produtos...
2025-09-26 21:00:20,838 - WARNING - Produto 1 sem URL válida
2025-09-26 21:00:20,839 - WARNING - Produto 2 sem URL válida
2025-09-26 21:00:20,839 - WARNING - Produto 3 sem URL válida
2025-09-26 21:00:20,839 - WARNING - Produto 4 sem URL válida
2025-09-26 21:00:20,840 - WARNING - Produto 5 sem URL válida
2025-09-26 21:00:20,840 - WARNING - Produto 6 sem URL válida
2025-09-26 21:00:20,840 - WARNING - Produto 7 sem URL válida
2025-09-26 21:00:20,842 - WARNING - Produto 8 sem URL válida
2025-09-26 21:00:20,842 - WARNING - Produto 9 sem URL válida
2025-09-26 21:00:20,842 - WARNING - Produto 10 sem URL válida
2025-09-26 21:00:20,843 - INFO - Extração detalhada concluída: 10 produtos processados
2025-09-26 21:00:20,849 - INFO - Coletados 10 produtos
2025-09-26 21:00:20,850 - INFO - Job 8cb7e21c: Coletando reviews
2025-09-26 21:00:20,851 - INFO - Coletando reviews para 10 produtos
2025-09-26 21:00:20,852 - INFO - Job 8cb7e21c: Gerando datasets
2025-09-26 21:00:20,852 - INFO - Gerando dataset CSV: datasets_gerados\dataset_8cb7e21c_20250926_210020.csv
2025-09-26 21:00:20,863 - INFO - Dataset gerado com sucesso: datasets_gerados\dataset_8cb7e21c_20250926_210020.csv
2025-09-26 21:00:20,866 - INFO - Total de produtos: 10
2025-09-26 21:00:20,867 - INFO - Gerando dataset JSON: datasets_gerados\dataset_8cb7e21c_20250926_210020.json
2025-09-26 21:00:20,876 - INFO - Dataset JSON gerado com sucesso: datasets_gerados\dataset_8cb7e21c_20250926_210020.json
2025-09-26 21:00:20,882 - INFO - Job 8cb7e21c: Concluído com sucesso
2025-09-26 21:00:29,676 - INFO - 192.168.100.14 - - [26/Sep/2025 21:00:29] "GET /jobs HTTP/1.1" 200 -
2025-09-26 21:00:29,698 - INFO - 192.168.100.14 - - [26/Sep/2025 21:00:29] "[36mGET /static/style.css HTTP/1.1[0m" 304 -
2025-09-26 21:00:47,746 - INFO - 192.168.100.14 - - [26/Sep/2025 21:00:47] "GET /api/datasets/dataset_8cb7e21c_20250926_210020.json/download HTTP/1.1" 200 -
2025-09-26 21:00:53,062 - INFO - 192.168.100.14 - - [26/Sep/2025 21:00:53] "[36mGET /api/datasets/dataset_8cb7e21c_20250926_210020.json/download HTTP/1.1[0m" 304 -
2025-09-26 21:01:23,542 - INFO - 192.168.100.14 - - [26/Sep/2025 21:01:23] "[36mGET /api/datasets/dataset_8cb7e21c_20250926_210020.json/download HTTP/1.1[0m" 304 -
2025-09-26 21:02:23,723 - INFO - 192.168.100.14 - - [26/Sep/2025 21:02:23] "[36mGET /api/datasets/dataset_8cb7e21c_20250926_210020.json/download HTTP/1.1[0m" 304 -
2025-09-26 21:04:02,157 - INFO -  * Detected change in 'C:\\Challenge HP\\Challenge-HP\\app.py', reloading
2025-09-26 21:04:02,161 - INFO -  * Detected change in 'C:\\Challenge HP\\Challenge-HP\\src\\core\\app.py', reloading
2025-09-26 21:04:02,162 - INFO -  * Detected change in 'C:\\Challenge HP\\Challenge-HP\\src\\core\\app.py', reloading
2025-09-26 21:04:02,163 - INFO -  * Detected change in 'C:\\Challenge HP\\Challenge-HP\\shared_scraping_config.py', reloading
2025-09-26 21:04:02,164 - INFO -  * Detected change in 'C:\\Challenge HP\\Challenge-HP\\src\\core\\shared_scraping_config.py', reloading
2025-09-26 21:04:02,164 - INFO -  * Detected change in 'C:\\Challenge HP\\Challenge-HP\\src\\core\\shared_scraping_config.py', reloading
2025-09-26 21:04:03,346 - INFO -  * Restarting with watchdog (windowsapi)
