2025-09-25 21:06:36,687 - INFO - [31m[1mWARNING: This is a development server. Do not use it in a production deployment. Use a production WSGI server instead.[0m
 * Running on all addresses (0.0.0.0)
 * Running on http://127.0.0.1:5000
 * Running on http://172.22.0.15:5000
2025-09-25 21:06:36,688 - INFO - [33mPress CTRL+C to quit[0m
2025-09-25 21:06:36,891 - INFO -  * Restarting with watchdog (windowsapi)
2025-09-25 21:06:38,561 - WARNING -  * Debugger is active!
2025-09-25 21:06:38,564 - INFO -  * Debugger PIN: 388-795-822
2025-09-25 21:06:42,517 - INFO - 127.0.0.1 - - [25/Sep/2025 21:06:42] "GET / HTTP/1.1" 200 -
2025-09-25 21:06:42,645 - INFO - 127.0.0.1 - - [25/Sep/2025 21:06:42] "GET /static/style.css HTTP/1.1" 200 -
2025-09-25 21:06:42,948 - INFO - 127.0.0.1 - - [25/Sep/2025 21:06:42] "GET /api/jobs HTTP/1.1" 200 -
2025-09-25 21:06:43,253 - INFO - 127.0.0.1 - - [25/Sep/2025 21:06:43] "GET /api/datasets HTTP/1.1" 200 -
2025-09-25 21:06:43,561 - INFO - 127.0.0.1 - - [25/Sep/2025 21:06:43] "[33mGET /favicon.ico HTTP/1.1[0m" 404 -
2025-09-25 21:06:46,011 - INFO - 127.0.0.1 - - [25/Sep/2025 21:06:46] "GET /scraping HTTP/1.1" 200 -
2025-09-25 21:06:46,066 - INFO - 127.0.0.1 - - [25/Sep/2025 21:06:46] "[36mGET /static/style.css HTTP/1.1[0m" 304 -
2025-09-25 21:06:49,715 - INFO -  * Detected change in 'C:\\Users\\sandr\\OneDrive\\Área de Trabalho\\Challenge HP\\Challenge-HP\\test_flask_api.py', reloading
2025-09-25 21:06:49,848 - INFO -  * Detected change in 'C:\\Users\\sandr\\OneDrive\\Área de Trabalho\\Challenge HP\\Challenge-HP\\test_flask_api.py', reloading
2025-09-25 21:06:49,854 - INFO -  * Detected change in 'C:\\Users\\sandr\\OneDrive\\Área de Trabalho\\Challenge HP\\Challenge-HP\\test_flask_api.py', reloading
2025-09-25 21:06:49,855 - INFO -  * Detected change in 'C:\\Users\\sandr\\OneDrive\\Área de Trabalho\\Challenge HP\\Challenge-HP\\test_flask_api.py', reloading
2025-09-25 21:06:50,331 - INFO -  * Restarting with watchdog (windowsapi)
2025-09-25 21:06:51,897 - WARNING -  * Debugger is active!
2025-09-25 21:06:51,900 - INFO -  * Debugger PIN: 388-795-822
2025-09-25 21:07:07,913 - INFO - Job 62fe91af: Iniciando coleta de produtos
2025-09-25 21:07:07,914 - INFO - 127.0.0.1 - - [25/Sep/2025 21:07:07] "[32mPOST /web/scraping/start HTTP/1.1[0m" 302 -
2025-09-25 21:07:07,914 - INFO - Iniciando scraping para: Cartucho Impressora HP
2025-09-25 21:07:07,915 - INFO - Parâmetros: max_items=200, images=True, sort=relevance
2025-09-25 21:07:07,980 - INFO - 127.0.0.1 - - [25/Sep/2025 21:07:07] "GET /jobs HTTP/1.1" 200 -
2025-09-25 21:07:08,003 - INFO -  * Detected change in 'C:\\Program Files\\WindowsApps\\PythonSoftwareFoundation.Python.3.12_3.12.2800.0_x64__qbz5n2kfra8p0\\Lib\\multiprocessing\\popen_spawn_win32.py', reloading
2025-09-25 21:07:08,281 - INFO - 127.0.0.1 - - [25/Sep/2025 21:07:08] "[36mGET /static/style.css HTTP/1.1[0m" 304 -
2025-09-25 21:07:09,649 - INFO - Scrapy 2.13.0 started (bot: scrapybot)
2025-09-25 21:07:10,010 - INFO - Versions:
{'lxml': '5.4.0',
 'libxml2': '2.11.9',
 'cssselect': '1.3.0',
 'parsel': '1.10.0',
 'w3lib': '2.3.1',
 'Twisted': '24.11.0',
 'Python': '3.12.10 (tags/v3.12.10:0cc8128, Apr  8 2025, 12:21:36) [MSC v.1943 '
           '64 bit (AMD64)]',
 'pyOpenSSL': '25.1.0 (OpenSSL 3.5.0 8 Apr 2025)',
 'cryptography': '45.0.2',
 'Platform': 'Windows-11-10.0.26100-SP0'}
2025-09-25 21:07:10,044 - INFO - Spider initialized for query='Cartucho Impressora HP', sort_by='relevance', condition='all', max_items=200. Start URL: https://lista.mercadolivre.com.br/cartucho-impressora-hp?sb=all_mercadolibre#D[A:Cartucho%20Impressora%20HP]
2025-09-25 21:07:10,044 - INFO - Enabled addons:
[]
2025-09-25 21:07:10,132 - DEBUG - Using reactor: twisted.internet.asyncioreactor.AsyncioSelectorReactor
2025-09-25 21:07:10,133 - DEBUG - Using asyncio event loop: asyncio.windows_events._WindowsSelectorEventLoop
2025-09-25 21:07:10,228 - INFO - Telnet Password: 4a45ee91a889f300
2025-09-25 21:07:10,820 - INFO - Enabled extensions:
['scrapy.extensions.corestats.CoreStats',
 'scrapy.extensions.telnet.TelnetConsole',
 'scrapy.extensions.logstats.LogStats',
 'scrapy.extensions.throttle.AutoThrottle']
2025-09-25 21:07:10,822 - INFO - Overridden settings:
{'AUTOTHROTTLE_ENABLED': True,
 'AUTOTHROTTLE_MAX_DELAY': 10,
 'AUTOTHROTTLE_START_DELAY': 1,
 'AUTOTHROTTLE_TARGET_CONCURRENCY': 2.0,
 'DOWNLOAD_DELAY': 1,
 'LOG_LEVEL': 'INFO',
 'RANDOMIZE_DOWNLOAD_DELAY': 0.5,
 'USER_AGENT': 'Challenge HP Spider 1.0'}
2025-09-25 21:07:11,969 - INFO - Enabled downloader middlewares:
['scrapy.downloadermiddlewares.offsite.OffsiteMiddleware',
 'scrapy.downloadermiddlewares.httpauth.HttpAuthMiddleware',
 'scrapy.downloadermiddlewares.downloadtimeout.DownloadTimeoutMiddleware',
 'scrapy.downloadermiddlewares.defaultheaders.DefaultHeadersMiddleware',
 'scrapy.downloadermiddlewares.useragent.UserAgentMiddleware',
 'scrapy.downloadermiddlewares.retry.RetryMiddleware',
 'scrapy.downloadermiddlewares.redirect.MetaRefreshMiddleware',
 'scrapy.downloadermiddlewares.httpcompression.HttpCompressionMiddleware',
 'scrapy.downloadermiddlewares.redirect.RedirectMiddleware',
 'scrapy.downloadermiddlewares.cookies.CookiesMiddleware',
 'scrapy.downloadermiddlewares.httpproxy.HttpProxyMiddleware',
 'scrapy.downloadermiddlewares.stats.DownloaderStats']
2025-09-25 21:07:12,049 - INFO - Enabled spider middlewares:
['scrapy.spidermiddlewares.start.StartSpiderMiddleware',
 'scrapy.spidermiddlewares.httperror.HttpErrorMiddleware',
 'scrapy.spidermiddlewares.referer.RefererMiddleware',
 'scrapy.spidermiddlewares.urllength.UrlLengthMiddleware',
 'scrapy.spidermiddlewares.depth.DepthMiddleware']
2025-09-25 21:07:12,068 - INFO - Enabled item pipelines:
[]
2025-09-25 21:07:12,070 - INFO - Spider opened
2025-09-25 21:07:12,275 - WARNING - C:\Users\sandr\OneDrive\Área de Trabalho\Challenge HP\Challenge-HP\.venv\Lib\site-packages\scrapy\core\spidermw.py:433: ScrapyDeprecationWarning: mercadolivre_spider.MercadoLivreSpider defines the deprecated start_requests() method. start_requests() has been deprecated in favor of a new method, start(), to support asynchronous code execution. start_requests() will stop being called in a future version of Scrapy. If you use Scrapy 2.13 or higher only, replace start_requests() with start(); note that start() is a coroutine (async def). If you need to maintain compatibility with lower Scrapy versions, when overriding start_requests() in a spider class, override start() as well; you can use super() to reuse the inherited start() implementation without copy-pasting. See the release notes of Scrapy 2.13 for details: https://docs.scrapy.org/en/2.13/news.html
  warn(

2025-09-25 21:07:12,277 - INFO - Crawled 0 pages (at 0 pages/min), scraped 0 items (at 0 items/min)
2025-09-25 21:07:12,278 - INFO - Telnet console listening on 127.0.0.1:6023
2025-09-25 21:07:12,279 - INFO - Attempting to scrape URL: https://lista.mercadolivre.com.br/cartucho-impressora-hp?sb=all_mercadolibre#D[A:Cartucho%20Impressora%20HP]
2025-09-25 21:07:12,698 - DEBUG - Redirecting (302) to <GET https://www.mercadolivre.com.br/gz/account-verification?go=https%3A%2F%2Flista.mercadolivre.com.br%2Fcartucho-impressora-hp%3Fsb%3Dall_mercadolibre&tid=9f2c22de-64b8-4113-9dda-84cab8387b45> from <GET https://lista.mercadolivre.com.br/cartucho-impressora-hp?sb=all_mercadolibre#D%5BA:Cartucho%20Impressora%20HP%5D>
2025-09-25 21:07:13,666 - DEBUG - Crawled (200) <GET https://www.mercadolivre.com.br/gz/account-verification?go=https%3A%2F%2Flista.mercadolivre.com.br%2Fcartucho-impressora-hp%3Fsb%3Dall_mercadolibre&tid=9f2c22de-64b8-4113-9dda-84cab8387b45> (referer: None)
2025-09-25 21:07:13,781 - INFO - Processing URL: https://www.mercadolivre.com.br/gz/account-verification?go=https%3A%2F%2Flista.mercadolivre.com.br%2Fcartucho-impressora-hp%3Fsb%3Dall_mercadolibre&tid=9f2c22de-64b8-4113-9dda-84cab8387b45 (Page 1)
2025-09-25 21:07:13,782 - INFO - HTML da primeira página de resultados (https://www.mercadolivre.com.br/gz/account-verification?go=https%3A%2F%2Flista.mercadolivre.com.br%2Fcartucho-impressora-hp%3Fsb%3Dall_mercadolibre&tid=9f2c22de-64b8-4113-9dda-84cab8387b45) salvo em scraped_page_content_debug.html para depuração.
2025-09-25 21:07:13,786 - WARNING - Nenhum container de produto encontrado com seletores poly-card ou geral na URL: https://www.mercadolivre.com.br/gz/account-verification?go=https%3A%2F%2Flista.mercadolivre.com.br%2Fcartucho-impressora-hp%3Fsb%3Dall_mercadolibre&tid=9f2c22de-64b8-4113-9dda-84cab8387b45
2025-09-25 21:07:13,788 - INFO - Closing spider (finished)
2025-09-25 21:07:13,789 - INFO - Dumping Scrapy stats:
{'downloader/request_bytes': 878,
 'downloader/request_count': 2,
 'downloader/request_method_count/GET': 2,
 'downloader/response_bytes': 62247,
 'downloader/response_count': 2,
 'downloader/response_status_count/200': 1,
 'downloader/response_status_count/302': 1,
 'elapsed_time_seconds': 1.511628,
 'finish_reason': 'finished',
 'finish_time': datetime.datetime(2025, 9, 26, 0, 7, 13, 789599, tzinfo=datetime.timezone.utc),
 'httpcompression/response_bytes': 209822,
 'httpcompression/response_count': 1,
 'items_per_minute': 0.0,
 'log_count/INFO': 13,
 'log_count/WARNING': 2,
 'response_received_count': 1,
 'responses_per_minute': 60.0,
 'scheduler/dequeued': 2,
 'scheduler/dequeued/memory': 2,
 'scheduler/enqueued': 2,
 'scheduler/enqueued/memory': 2,
 'start_time': datetime.datetime(2025, 9, 26, 0, 7, 12, 277971, tzinfo=datetime.timezone.utc)}
2025-09-25 21:07:13,790 - INFO - Spider closed (finished)
2025-09-25 21:07:14,260 - INFO -  * Restarting with watchdog (windowsapi)
2025-09-25 21:07:15,654 - WARNING -  * Debugger is active!
2025-09-25 21:07:15,658 - INFO -  * Debugger PIN: 388-795-822
2025-09-25 21:07:18,626 - INFO - 127.0.0.1 - - [25/Sep/2025 21:07:18] "GET /jobs HTTP/1.1" 200 -
2025-09-25 21:07:18,696 - INFO - 127.0.0.1 - - [25/Sep/2025 21:07:18] "[36mGET /static/style.css HTTP/1.1[0m" 304 -
2025-09-25 21:07:33,360 - INFO -  * Detected change in 'C:\\Users\\sandr\\OneDrive\\Área de Trabalho\\Challenge HP\\Challenge-HP\\exemplo_flask.py', reloading
2025-09-25 21:07:33,646 - INFO -  * Detected change in 'C:\\Users\\sandr\\OneDrive\\Área de Trabalho\\Challenge HP\\Challenge-HP\\exemplo_flask.py', reloading
2025-09-25 21:07:33,667 - INFO -  * Detected change in 'C:\\Users\\sandr\\OneDrive\\Área de Trabalho\\Challenge HP\\Challenge-HP\\exemplo_flask.py', reloading
2025-09-25 21:07:33,668 - INFO -  * Detected change in 'C:\\Users\\sandr\\OneDrive\\Área de Trabalho\\Challenge HP\\Challenge-HP\\exemplo_flask.py', reloading
2025-09-25 21:07:34,658 - INFO -  * Restarting with watchdog (windowsapi)
2025-09-25 21:07:36,665 - WARNING -  * Debugger is active!
2025-09-25 21:07:36,671 - INFO -  * Debugger PIN: 388-795-822
2025-09-25 21:07:49,172 - INFO - [31m[1mWARNING: This is a development server. Do not use it in a production deployment. Use a production WSGI server instead.[0m
 * Running on all addresses (0.0.0.0)
 * Running on http://127.0.0.1:5000
 * Running on http://172.22.0.15:5000
2025-09-25 21:07:49,173 - INFO - [33mPress CTRL+C to quit[0m
2025-09-25 21:07:49,179 - INFO -  * Restarting with watchdog (windowsapi)
2025-09-25 21:07:50,480 - WARNING -  * Debugger is active!
2025-09-25 21:07:50,485 - INFO -  * Debugger PIN: 388-795-822
2025-09-25 21:07:53,840 - INFO - 127.0.0.1 - - [25/Sep/2025 21:07:53] "GET / HTTP/1.1" 200 -
2025-09-25 21:07:53,982 - INFO - 127.0.0.1 - - [25/Sep/2025 21:07:53] "[36mGET /static/style.css HTTP/1.1[0m" 304 -
2025-09-25 21:07:54,083 - INFO - 127.0.0.1 - - [25/Sep/2025 21:07:54] "GET /api/jobs HTTP/1.1" 200 -
2025-09-25 21:07:54,316 - INFO - 127.0.0.1 - - [25/Sep/2025 21:07:54] "GET /api/datasets HTTP/1.1" 200 -
2025-09-25 21:07:56,738 - INFO - 127.0.0.1 - - [25/Sep/2025 21:07:56] "GET /scraping HTTP/1.1" 200 -
2025-09-25 21:07:57,039 - INFO - 127.0.0.1 - - [25/Sep/2025 21:07:57] "[36mGET /static/style.css HTTP/1.1[0m" 304 -
2025-09-25 21:07:59,918 - INFO -  * Detected change in 'C:\\Users\\sandr\\OneDrive\\Área de Trabalho\\Challenge HP\\Challenge-HP\\flask_app.py', reloading
2025-09-25 21:07:59,921 - INFO -  * Detected change in 'C:\\Users\\sandr\\OneDrive\\Área de Trabalho\\Challenge HP\\Challenge-HP\\flask_app.py', reloading
2025-09-25 21:07:59,924 - INFO -  * Detected change in 'C:\\Users\\sandr\\OneDrive\\Área de Trabalho\\Challenge HP\\Challenge-HP\\run_flask.py', reloading
2025-09-25 21:07:59,926 - INFO -  * Detected change in 'C:\\Users\\sandr\\OneDrive\\Área de Trabalho\\Challenge HP\\Challenge-HP\\test_flask_api.py', reloading
2025-09-25 21:07:59,927 - INFO -  * Detected change in 'C:\\Users\\sandr\\OneDrive\\Área de Trabalho\\Challenge HP\\Challenge-HP\\exemplo_flask.py', reloading
2025-09-25 21:07:59,929 - INFO -  * Detected change in 'C:\\Users\\sandr\\OneDrive\\Área de Trabalho\\Challenge HP\\Challenge-HP\\test_flask_api.py', reloading
2025-09-25 21:07:59,930 - INFO -  * Detected change in 'C:\\Users\\sandr\\OneDrive\\Área de Trabalho\\Challenge HP\\Challenge-HP\\exemplo_flask.py', reloading
2025-09-25 21:07:59,932 - INFO -  * Detected change in 'C:\\Users\\sandr\\OneDrive\\Área de Trabalho\\Challenge HP\\Challenge-HP\\run_flask.py', reloading
2025-09-25 21:07:59,937 - INFO -  * Detected change in 'C:\\Users\\sandr\\OneDrive\\Área de Trabalho\\Challenge HP\\Challenge-HP\\test_flask_api.py', reloading
2025-09-25 21:07:59,943 - INFO -  * Detected change in 'C:\\Users\\sandr\\OneDrive\\Área de Trabalho\\Challenge HP\\Challenge-HP\\exemplo_flask.py', reloading
2025-09-25 21:08:01,098 - INFO -  * Restarting with watchdog (windowsapi)
2025-09-25 21:08:02,277 - WARNING -  * Debugger is active!
2025-09-25 21:08:02,281 - INFO -  * Debugger PIN: 388-795-822
2025-09-25 21:08:03,322 - INFO - Iniciando scraping para: Cartucho HP
2025-09-25 21:08:03,323 - INFO - Parâmetros: max_items=5, images=False, sort=relevance
2025-09-25 21:08:04,491 - INFO - Scrapy 2.13.0 started (bot: scrapybot)
2025-09-25 21:08:04,634 - INFO - Versions:
{'lxml': '5.4.0',
 'libxml2': '2.11.9',
 'cssselect': '1.3.0',
 'parsel': '1.10.0',
 'w3lib': '2.3.1',
 'Twisted': '24.11.0',
 'Python': '3.12.10 (tags/v3.12.10:0cc8128, Apr  8 2025, 12:21:36) [MSC v.1943 '
           '64 bit (AMD64)]',
 'pyOpenSSL': '25.1.0 (OpenSSL 3.5.0 8 Apr 2025)',
 'cryptography': '45.0.2',
 'Platform': 'Windows-11-10.0.26100-SP0'}
2025-09-25 21:08:04,667 - INFO - Spider initialized for query='Cartucho HP', sort_by='relevance', condition='all', max_items=5. Start URL: https://lista.mercadolivre.com.br/cartucho-hp?sb=all_mercadolibre#D[A:Cartucho%20HP]
2025-09-25 21:08:04,668 - INFO - Enabled addons:
[]
2025-09-25 21:08:04,673 - DEBUG - Using reactor: twisted.internet.asyncioreactor.AsyncioSelectorReactor
2025-09-25 21:08:04,674 - DEBUG - Using asyncio event loop: asyncio.windows_events._WindowsSelectorEventLoop
2025-09-25 21:08:04,677 - INFO - Telnet Password: f4a50d322d8ba2ac
2025-09-25 21:08:04,694 - INFO - Enabled extensions:
['scrapy.extensions.corestats.CoreStats',
 'scrapy.extensions.telnet.TelnetConsole',
 'scrapy.extensions.logstats.LogStats',
 'scrapy.extensions.throttle.AutoThrottle']
2025-09-25 21:08:04,695 - INFO - Overridden settings:
{'AUTOTHROTTLE_ENABLED': True,
 'AUTOTHROTTLE_MAX_DELAY': 10,
 'AUTOTHROTTLE_START_DELAY': 1,
 'AUTOTHROTTLE_TARGET_CONCURRENCY': 2.0,
 'DOWNLOAD_DELAY': 1,
 'LOG_LEVEL': 'INFO',
 'RANDOMIZE_DOWNLOAD_DELAY': 0.5,
 'USER_AGENT': 'Challenge HP Spider 1.0'}
2025-09-25 21:08:04,827 - INFO - Enabled downloader middlewares:
['scrapy.downloadermiddlewares.offsite.OffsiteMiddleware',
 'scrapy.downloadermiddlewares.httpauth.HttpAuthMiddleware',
 'scrapy.downloadermiddlewares.downloadtimeout.DownloadTimeoutMiddleware',
 'scrapy.downloadermiddlewares.defaultheaders.DefaultHeadersMiddleware',
 'scrapy.downloadermiddlewares.useragent.UserAgentMiddleware',
 'scrapy.downloadermiddlewares.retry.RetryMiddleware',
 'scrapy.downloadermiddlewares.redirect.MetaRefreshMiddleware',
 'scrapy.downloadermiddlewares.httpcompression.HttpCompressionMiddleware',
 'scrapy.downloadermiddlewares.redirect.RedirectMiddleware',
 'scrapy.downloadermiddlewares.cookies.CookiesMiddleware',
 'scrapy.downloadermiddlewares.httpproxy.HttpProxyMiddleware',
 'scrapy.downloadermiddlewares.stats.DownloaderStats']
2025-09-25 21:08:04,831 - INFO - Enabled spider middlewares:
['scrapy.spidermiddlewares.start.StartSpiderMiddleware',
 'scrapy.spidermiddlewares.httperror.HttpErrorMiddleware',
 'scrapy.spidermiddlewares.referer.RefererMiddleware',
 'scrapy.spidermiddlewares.urllength.UrlLengthMiddleware',
 'scrapy.spidermiddlewares.depth.DepthMiddleware']
2025-09-25 21:08:04,832 - INFO - Enabled item pipelines:
[]
2025-09-25 21:08:04,834 - INFO - Spider opened
2025-09-25 21:08:04,842 - WARNING - C:\Users\sandr\OneDrive\Área de Trabalho\Challenge HP\Challenge-HP\.venv\Lib\site-packages\scrapy\core\spidermw.py:433: ScrapyDeprecationWarning: mercadolivre_spider.MercadoLivreSpider defines the deprecated start_requests() method. start_requests() has been deprecated in favor of a new method, start(), to support asynchronous code execution. start_requests() will stop being called in a future version of Scrapy. If you use Scrapy 2.13 or higher only, replace start_requests() with start(); note that start() is a coroutine (async def). If you need to maintain compatibility with lower Scrapy versions, when overriding start_requests() in a spider class, override start() as well; you can use super() to reuse the inherited start() implementation without copy-pasting. See the release notes of Scrapy 2.13 for details: https://docs.scrapy.org/en/2.13/news.html
  warn(

2025-09-25 21:08:04,843 - INFO - Crawled 0 pages (at 0 pages/min), scraped 0 items (at 0 items/min)
2025-09-25 21:08:04,845 - INFO - Telnet console listening on 127.0.0.1:6023
2025-09-25 21:08:04,846 - INFO - Attempting to scrape URL: https://lista.mercadolivre.com.br/cartucho-hp?sb=all_mercadolibre#D[A:Cartucho%20HP]
2025-09-25 21:08:05,438 - DEBUG - Redirecting (302) to <GET https://www.mercadolivre.com.br/gz/account-verification?go=https%3A%2F%2Flista.mercadolivre.com.br%2Fcartucho-hp%3Fsb%3Dall_mercadolibre&tid=e32a20d9-2e9f-4a05-b692-66616541d52a> from <GET https://lista.mercadolivre.com.br/cartucho-hp?sb=all_mercadolibre#D%5BA:Cartucho%20HP%5D>
2025-09-25 21:08:06,234 - DEBUG - Crawled (200) <GET https://www.mercadolivre.com.br/gz/account-verification?go=https%3A%2F%2Flista.mercadolivre.com.br%2Fcartucho-hp%3Fsb%3Dall_mercadolibre&tid=e32a20d9-2e9f-4a05-b692-66616541d52a> (referer: None)
2025-09-25 21:08:06,346 - INFO - Processing URL: https://www.mercadolivre.com.br/gz/account-verification?go=https%3A%2F%2Flista.mercadolivre.com.br%2Fcartucho-hp%3Fsb%3Dall_mercadolibre&tid=e32a20d9-2e9f-4a05-b692-66616541d52a (Page 1)
2025-09-25 21:08:06,348 - INFO - HTML da primeira página de resultados (https://www.mercadolivre.com.br/gz/account-verification?go=https%3A%2F%2Flista.mercadolivre.com.br%2Fcartucho-hp%3Fsb%3Dall_mercadolibre&tid=e32a20d9-2e9f-4a05-b692-66616541d52a) salvo em scraped_page_content_debug.html para depuração.
2025-09-25 21:08:06,352 - WARNING - Nenhum container de produto encontrado com seletores poly-card ou geral na URL: https://www.mercadolivre.com.br/gz/account-verification?go=https%3A%2F%2Flista.mercadolivre.com.br%2Fcartucho-hp%3Fsb%3Dall_mercadolibre&tid=e32a20d9-2e9f-4a05-b692-66616541d52a
2025-09-25 21:08:06,354 - INFO - Closing spider (finished)
2025-09-25 21:08:06,355 - INFO - Dumping Scrapy stats:
{'downloader/request_bytes': 856,
 'downloader/request_count': 2,
 'downloader/request_method_count/GET': 2,
 'downloader/response_bytes': 61982,
 'downloader/response_count': 2,
 'downloader/response_status_count/200': 1,
 'downloader/response_status_count/302': 1,
 'elapsed_time_seconds': 1.51038,
 'finish_reason': 'finished',
 'finish_time': datetime.datetime(2025, 9, 26, 0, 8, 6, 354117, tzinfo=datetime.timezone.utc),
 'httpcompression/response_bytes': 208991,
 'httpcompression/response_count': 1,
 'items_per_minute': 0.0,
 'log_count/INFO': 13,
 'log_count/WARNING': 2,
 'response_received_count': 1,
 'responses_per_minute': 60.0,
 'scheduler/dequeued': 2,
 'scheduler/dequeued/memory': 2,
 'scheduler/enqueued': 2,
 'scheduler/enqueued/memory': 2,
 'start_time': datetime.datetime(2025, 9, 26, 0, 8, 4, 843737, tzinfo=datetime.timezone.utc)}
2025-09-25 21:08:06,355 - INFO - Spider closed (finished)
2025-09-25 21:08:06,558 - INFO - Coletados 2 produtos
2025-09-25 21:08:06,560 - INFO - 127.0.0.1 - - [25/Sep/2025 21:08:06] "POST /api/scraping/simple HTTP/1.1" 200 -
2025-09-25 21:08:36,212 - INFO - Job ea8e1b88: Iniciando coleta de produtos
2025-09-25 21:08:36,213 - INFO - 127.0.0.1 - - [25/Sep/2025 21:08:36] "[32mPOST /web/scraping/start HTTP/1.1[0m" 302 -
2025-09-25 21:08:36,214 - INFO - Iniciando scraping para: Cartucho HP
2025-09-25 21:08:36,215 - INFO - Parâmetros: max_items=10, images=True, sort=relevance
2025-09-25 21:08:36,523 - INFO - 127.0.0.1 - - [25/Sep/2025 21:08:36] "GET /jobs HTTP/1.1" 200 -
2025-09-25 21:08:36,912 - INFO - 127.0.0.1 - - [25/Sep/2025 21:08:36] "GET /static/style.css HTTP/1.1" 200 -
2025-09-25 21:08:37,340 - INFO - Scrapy 2.13.0 started (bot: scrapybot)
2025-09-25 21:08:37,464 - INFO - Versions:
{'lxml': '5.4.0',
 'libxml2': '2.11.9',
 'cssselect': '1.3.0',
 'parsel': '1.10.0',
 'w3lib': '2.3.1',
 'Twisted': '24.11.0',
 'Python': '3.12.10 (tags/v3.12.10:0cc8128, Apr  8 2025, 12:21:36) [MSC v.1943 '
           '64 bit (AMD64)]',
 'pyOpenSSL': '25.1.0 (OpenSSL 3.5.0 8 Apr 2025)',
 'cryptography': '45.0.2',
 'Platform': 'Windows-11-10.0.26100-SP0'}
2025-09-25 21:08:37,493 - INFO - Spider initialized for query='Cartucho HP', sort_by='relevance', condition='all', max_items=10. Start URL: https://lista.mercadolivre.com.br/cartucho-hp?sb=all_mercadolibre#D[A:Cartucho%20HP]
2025-09-25 21:08:37,494 - INFO - Enabled addons:
[]
2025-09-25 21:08:37,499 - DEBUG - Using reactor: twisted.internet.asyncioreactor.AsyncioSelectorReactor
2025-09-25 21:08:37,500 - DEBUG - Using asyncio event loop: asyncio.windows_events._WindowsSelectorEventLoop
2025-09-25 21:08:37,504 - INFO - Telnet Password: 163c039628ebeb68
2025-09-25 21:08:37,523 - INFO - Enabled extensions:
['scrapy.extensions.corestats.CoreStats',
 'scrapy.extensions.telnet.TelnetConsole',
 'scrapy.extensions.logstats.LogStats',
 'scrapy.extensions.throttle.AutoThrottle']
2025-09-25 21:08:37,523 - INFO - Overridden settings:
{'AUTOTHROTTLE_ENABLED': True,
 'AUTOTHROTTLE_MAX_DELAY': 10,
 'AUTOTHROTTLE_START_DELAY': 1,
 'AUTOTHROTTLE_TARGET_CONCURRENCY': 2.0,
 'DOWNLOAD_DELAY': 1,
 'LOG_LEVEL': 'INFO',
 'RANDOMIZE_DOWNLOAD_DELAY': 0.5,
 'USER_AGENT': 'Challenge HP Spider 1.0'}
2025-09-25 21:08:37,619 - INFO - Enabled downloader middlewares:
['scrapy.downloadermiddlewares.offsite.OffsiteMiddleware',
 'scrapy.downloadermiddlewares.httpauth.HttpAuthMiddleware',
 'scrapy.downloadermiddlewares.downloadtimeout.DownloadTimeoutMiddleware',
 'scrapy.downloadermiddlewares.defaultheaders.DefaultHeadersMiddleware',
 'scrapy.downloadermiddlewares.useragent.UserAgentMiddleware',
 'scrapy.downloadermiddlewares.retry.RetryMiddleware',
 'scrapy.downloadermiddlewares.redirect.MetaRefreshMiddleware',
 'scrapy.downloadermiddlewares.httpcompression.HttpCompressionMiddleware',
 'scrapy.downloadermiddlewares.redirect.RedirectMiddleware',
 'scrapy.downloadermiddlewares.cookies.CookiesMiddleware',
 'scrapy.downloadermiddlewares.httpproxy.HttpProxyMiddleware',
 'scrapy.downloadermiddlewares.stats.DownloaderStats']
2025-09-25 21:08:37,623 - INFO - Enabled spider middlewares:
['scrapy.spidermiddlewares.start.StartSpiderMiddleware',
 'scrapy.spidermiddlewares.httperror.HttpErrorMiddleware',
 'scrapy.spidermiddlewares.referer.RefererMiddleware',
 'scrapy.spidermiddlewares.urllength.UrlLengthMiddleware',
 'scrapy.spidermiddlewares.depth.DepthMiddleware']
2025-09-25 21:08:37,624 - INFO - Enabled item pipelines:
[]
2025-09-25 21:08:37,625 - INFO - Spider opened
2025-09-25 21:08:37,634 - WARNING - C:\Users\sandr\OneDrive\Área de Trabalho\Challenge HP\Challenge-HP\.venv\Lib\site-packages\scrapy\core\spidermw.py:433: ScrapyDeprecationWarning: mercadolivre_spider.MercadoLivreSpider defines the deprecated start_requests() method. start_requests() has been deprecated in favor of a new method, start(), to support asynchronous code execution. start_requests() will stop being called in a future version of Scrapy. If you use Scrapy 2.13 or higher only, replace start_requests() with start(); note that start() is a coroutine (async def). If you need to maintain compatibility with lower Scrapy versions, when overriding start_requests() in a spider class, override start() as well; you can use super() to reuse the inherited start() implementation without copy-pasting. See the release notes of Scrapy 2.13 for details: https://docs.scrapy.org/en/2.13/news.html
  warn(

2025-09-25 21:08:37,635 - INFO - Crawled 0 pages (at 0 pages/min), scraped 0 items (at 0 items/min)
2025-09-25 21:08:37,637 - INFO - Telnet console listening on 127.0.0.1:6023
2025-09-25 21:08:37,638 - INFO - Attempting to scrape URL: https://lista.mercadolivre.com.br/cartucho-hp?sb=all_mercadolibre#D[A:Cartucho%20HP]
2025-09-25 21:08:38,271 - DEBUG - Redirecting (302) to <GET https://www.mercadolivre.com.br/gz/account-verification?go=https%3A%2F%2Flista.mercadolivre.com.br%2Fcartucho-hp%3Fsb%3Dall_mercadolibre&tid=0a3d754e-6f61-4117-809a-a16b2e7294cb> from <GET https://lista.mercadolivre.com.br/cartucho-hp?sb=all_mercadolibre#D%5BA:Cartucho%20HP%5D>
2025-09-25 21:08:39,049 - DEBUG - Crawled (200) <GET https://www.mercadolivre.com.br/gz/account-verification?go=https%3A%2F%2Flista.mercadolivre.com.br%2Fcartucho-hp%3Fsb%3Dall_mercadolibre&tid=0a3d754e-6f61-4117-809a-a16b2e7294cb> (referer: None)
2025-09-25 21:08:39,175 - INFO - Processing URL: https://www.mercadolivre.com.br/gz/account-verification?go=https%3A%2F%2Flista.mercadolivre.com.br%2Fcartucho-hp%3Fsb%3Dall_mercadolibre&tid=0a3d754e-6f61-4117-809a-a16b2e7294cb (Page 1)
2025-09-25 21:08:39,177 - INFO - HTML da primeira página de resultados (https://www.mercadolivre.com.br/gz/account-verification?go=https%3A%2F%2Flista.mercadolivre.com.br%2Fcartucho-hp%3Fsb%3Dall_mercadolibre&tid=0a3d754e-6f61-4117-809a-a16b2e7294cb) salvo em scraped_page_content_debug.html para depuração.
2025-09-25 21:08:39,180 - WARNING - Nenhum container de produto encontrado com seletores poly-card ou geral na URL: https://www.mercadolivre.com.br/gz/account-verification?go=https%3A%2F%2Flista.mercadolivre.com.br%2Fcartucho-hp%3Fsb%3Dall_mercadolibre&tid=0a3d754e-6f61-4117-809a-a16b2e7294cb
2025-09-25 21:08:39,181 - INFO - Closing spider (finished)
2025-09-25 21:08:39,182 - INFO - Dumping Scrapy stats:
{'downloader/request_bytes': 774,
 'downloader/request_count': 2,
 'downloader/request_method_count/GET': 2,
 'downloader/response_bytes': 61983,
 'downloader/response_count': 2,
 'downloader/response_status_count/200': 1,
 'downloader/response_status_count/302': 1,
 'elapsed_time_seconds': 1.546564,
 'finish_reason': 'finished',
 'finish_time': datetime.datetime(2025, 9, 26, 0, 8, 39, 182384, tzinfo=datetime.timezone.utc),
 'httpcompression/response_bytes': 208990,
 'httpcompression/response_count': 1,
 'items_per_minute': 0.0,
 'log_count/INFO': 13,
 'log_count/WARNING': 2,
 'response_received_count': 1,
 'responses_per_minute': 60.0,
 'scheduler/dequeued': 2,
 'scheduler/dequeued/memory': 2,
 'scheduler/enqueued': 2,
 'scheduler/enqueued/memory': 2,
 'start_time': datetime.datetime(2025, 9, 26, 0, 8, 37, 635820, tzinfo=datetime.timezone.utc)}
2025-09-25 21:08:39,183 - INFO - Spider closed (finished)
2025-09-25 21:08:39,358 - INFO - Coletados 2 produtos
2025-09-25 21:08:39,358 - INFO - Job ea8e1b88: Coletando reviews
2025-09-25 21:08:39,359 - INFO - Coletando reviews para 2 produtos
2025-09-25 21:08:39,359 - ERROR - Job ea8e1b88: Erro - 'list' object has no attribute 'get'
2025-09-25 21:08:40,442 - INFO - 127.0.0.1 - - [25/Sep/2025 21:08:40] "GET /api/jobs/ea8e1b88/status HTTP/1.1" 200 -
2025-09-25 21:08:47,238 - INFO - 127.0.0.1 - - [25/Sep/2025 21:08:47] "GET /jobs HTTP/1.1" 200 -
2025-09-25 21:08:47,256 - INFO - 127.0.0.1 - - [25/Sep/2025 21:08:47] "[36mGET /static/style.css HTTP/1.1[0m" 304 -
2025-09-25 21:17:41,371 - INFO - [31m[1mWARNING: This is a development server. Do not use it in a production deployment. Use a production WSGI server instead.[0m
 * Running on all addresses (0.0.0.0)
 * Running on http://127.0.0.1:5000
 * Running on http://172.22.0.15:5000
2025-09-25 21:17:41,372 - INFO - [33mPress CTRL+C to quit[0m
2025-09-25 21:17:41,378 - INFO -  * Restarting with watchdog (windowsapi)
2025-09-25 21:17:42,356 - WARNING -  * Debugger is active!
2025-09-25 21:17:42,360 - INFO -  * Debugger PIN: 388-795-822
2025-09-25 21:17:45,175 - INFO - 127.0.0.1 - - [25/Sep/2025 21:17:45] "GET / HTTP/1.1" 200 -
2025-09-25 21:17:45,273 - INFO - 127.0.0.1 - - [25/Sep/2025 21:17:45] "[36mGET /static/style.css HTTP/1.1[0m" 304 -
2025-09-25 21:17:45,434 - INFO - 127.0.0.1 - - [25/Sep/2025 21:17:45] "GET /api/jobs HTTP/1.1" 200 -
2025-09-25 21:17:45,668 - INFO - 127.0.0.1 - - [25/Sep/2025 21:17:45] "GET /api/datasets HTTP/1.1" 200 -
2025-09-25 21:17:51,756 - INFO - 127.0.0.1 - - [25/Sep/2025 21:17:51] "GET /scraping HTTP/1.1" 200 -
2025-09-25 21:17:51,860 - INFO - 127.0.0.1 - - [25/Sep/2025 21:17:51] "[36mGET /static/style.css HTTP/1.1[0m" 304 -
2025-09-25 21:18:11,123 - INFO - Job 79614bcb: Iniciando coleta de produtos
2025-09-25 21:18:11,124 - INFO - 127.0.0.1 - - [25/Sep/2025 21:18:11] "[32mPOST /web/scraping/start HTTP/1.1[0m" 302 -
2025-09-25 21:18:11,124 - INFO - Iniciando scraping para: Cartucho Impressora HP 664
2025-09-25 21:18:11,125 - INFO - Parâmetros: max_items=10, images=True, sort=relevance
2025-09-25 21:18:11,196 - INFO - 127.0.0.1 - - [25/Sep/2025 21:18:11] "GET /jobs HTTP/1.1" 200 -
2025-09-25 21:18:11,387 - INFO - 127.0.0.1 - - [25/Sep/2025 21:18:11] "[36mGET /static/style.css HTTP/1.1[0m" 304 -
2025-09-25 21:18:12,314 - INFO - Spider iniciado com configurações otimizadas:
2025-09-25 21:18:12,315 - INFO -    CONCURRENT_REQUESTS: 16
2025-09-25 21:18:12,315 - INFO -    CONCURRENT_REQUESTS_PER_DOMAIN: 8
2025-09-25 21:18:12,315 - INFO -    DOWNLOAD_TIMEOUT: 180s
2025-09-25 21:18:12,315 - INFO -    HTTPCACHE_ENABLED: False
2025-09-25 21:18:12,318 - INFO - Scrapy 2.13.0 started (bot: scrapybot)
2025-09-25 21:18:12,559 - INFO - Versions:
{'lxml': '5.4.0',
 'libxml2': '2.11.9',
 'cssselect': '1.3.0',
 'parsel': '1.10.0',
 'w3lib': '2.3.1',
 'Twisted': '24.11.0',
 'Python': '3.12.10 (tags/v3.12.10:0cc8128, Apr  8 2025, 12:21:36) [MSC v.1943 '
           '64 bit (AMD64)]',
 'pyOpenSSL': '25.1.0 (OpenSSL 3.5.0 8 Apr 2025)',
 'cryptography': '45.0.2',
 'Platform': 'Windows-11-10.0.26100-SP0'}
2025-09-25 21:18:12,593 - INFO - Spider initialized for query='Cartucho Impressora HP 664', sort_by='relevance', condition='all', max_items=10. Start URL: https://lista.mercadolivre.com.br/cartucho-impressora-hp-664?sb=all_mercadolibre#D[A:Cartucho%20Impressora%20HP%20664]
2025-09-25 21:18:12,593 - INFO - Enabled addons:
[]
2025-09-25 21:18:12,596 - DEBUG - Using reactor: twisted.internet.asyncioreactor.AsyncioSelectorReactor
2025-09-25 21:18:12,596 - DEBUG - Using asyncio event loop: asyncio.windows_events._WindowsSelectorEventLoop
2025-09-25 21:18:12,599 - INFO - Telnet Password: 4fbba660ba851d0e
2025-09-25 21:18:12,622 - INFO - Enabled extensions:
['scrapy.extensions.corestats.CoreStats',
 'scrapy.extensions.telnet.TelnetConsole',
 'scrapy.extensions.logstats.LogStats',
 'scrapy.extensions.throttle.AutoThrottle']
2025-09-25 21:18:12,624 - INFO - Overridden settings:
{'AUTOTHROTTLE_ENABLED': True,
 'AUTOTHROTTLE_MAX_DELAY': 10,
 'AUTOTHROTTLE_START_DELAY': 1,
 'AUTOTHROTTLE_TARGET_CONCURRENCY': 2.0,
 'DOWNLOAD_DELAY': 1,
 'LOG_LEVEL': 'INFO',
 'RANDOMIZE_DOWNLOAD_DELAY': 0.5,
 'USER_AGENT': 'Challenge HP Spider 1.0'}
2025-09-25 21:18:12,743 - INFO - Enabled downloader middlewares:
['scrapy.downloadermiddlewares.offsite.OffsiteMiddleware',
 'scrapy.downloadermiddlewares.httpauth.HttpAuthMiddleware',
 'scrapy.downloadermiddlewares.downloadtimeout.DownloadTimeoutMiddleware',
 'scrapy.downloadermiddlewares.defaultheaders.DefaultHeadersMiddleware',
 'scrapy.downloadermiddlewares.useragent.UserAgentMiddleware',
 'scrapy.downloadermiddlewares.retry.RetryMiddleware',
 'scrapy.downloadermiddlewares.redirect.MetaRefreshMiddleware',
 'scrapy.downloadermiddlewares.httpcompression.HttpCompressionMiddleware',
 'scrapy.downloadermiddlewares.redirect.RedirectMiddleware',
 'scrapy.downloadermiddlewares.cookies.CookiesMiddleware',
 'scrapy.downloadermiddlewares.httpproxy.HttpProxyMiddleware',
 'scrapy.downloadermiddlewares.stats.DownloaderStats']
2025-09-25 21:18:12,747 - INFO - Enabled spider middlewares:
['scrapy.spidermiddlewares.start.StartSpiderMiddleware',
 'scrapy.spidermiddlewares.httperror.HttpErrorMiddleware',
 'scrapy.spidermiddlewares.referer.RefererMiddleware',
 'scrapy.spidermiddlewares.urllength.UrlLengthMiddleware',
 'scrapy.spidermiddlewares.depth.DepthMiddleware']
2025-09-25 21:18:12,748 - INFO - Enabled item pipelines:
[]
2025-09-25 21:18:12,748 - INFO - Spider opened
2025-09-25 21:18:12,756 - WARNING - C:\Users\sandr\OneDrive\Área de Trabalho\Challenge HP\Challenge-HP\.venv\Lib\site-packages\scrapy\core\spidermw.py:433: ScrapyDeprecationWarning: mercadolivre_spider.MercadoLivreSpider defines the deprecated start_requests() method. start_requests() has been deprecated in favor of a new method, start(), to support asynchronous code execution. start_requests() will stop being called in a future version of Scrapy. If you use Scrapy 2.13 or higher only, replace start_requests() with start(); note that start() is a coroutine (async def). If you need to maintain compatibility with lower Scrapy versions, when overriding start_requests() in a spider class, override start() as well; you can use super() to reuse the inherited start() implementation without copy-pasting. See the release notes of Scrapy 2.13 for details: https://docs.scrapy.org/en/2.13/news.html
  warn(

2025-09-25 21:18:12,757 - INFO - Crawled 0 pages (at 0 pages/min), scraped 0 items (at 0 items/min)
2025-09-25 21:18:12,758 - INFO - Telnet console listening on 127.0.0.1:6023
2025-09-25 21:18:12,759 - INFO - Attempting to scrape URL: https://lista.mercadolivre.com.br/cartucho-impressora-hp-664?sb=all_mercadolibre#D[A:Cartucho%20Impressora%20HP%20664]
2025-09-25 21:18:13,354 - DEBUG - Redirecting (302) to <GET https://www.mercadolivre.com.br/gz/account-verification?go=https%3A%2F%2Flista.mercadolivre.com.br%2Fcartucho-impressora-hp-664%3Fsb%3Dall_mercadolibre&tid=71d28d9f-e8a2-4354-813e-128925d125f4> from <GET https://lista.mercadolivre.com.br/cartucho-impressora-hp-664?sb=all_mercadolibre#D%5BA:Cartucho%20Impressora%20HP%20664%5D>
2025-09-25 21:18:14,113 - DEBUG - Crawled (200) <GET https://www.mercadolivre.com.br/gz/account-verification?go=https%3A%2F%2Flista.mercadolivre.com.br%2Fcartucho-impressora-hp-664%3Fsb%3Dall_mercadolibre&tid=71d28d9f-e8a2-4354-813e-128925d125f4> (referer: None)
2025-09-25 21:18:14,238 - INFO - Processing URL: https://www.mercadolivre.com.br/gz/account-verification?go=https%3A%2F%2Flista.mercadolivre.com.br%2Fcartucho-impressora-hp-664%3Fsb%3Dall_mercadolibre&tid=71d28d9f-e8a2-4354-813e-128925d125f4 (Page 1)
2025-09-25 21:18:14,239 - INFO - HTML da primeira página de resultados (https://www.mercadolivre.com.br/gz/account-verification?go=https%3A%2F%2Flista.mercadolivre.com.br%2Fcartucho-impressora-hp-664%3Fsb%3Dall_mercadolibre&tid=71d28d9f-e8a2-4354-813e-128925d125f4) salvo em scraped_page_content_debug.html para depuração.
2025-09-25 21:18:14,242 - WARNING - Nenhum container de produto encontrado com seletores poly-card ou geral na URL: https://www.mercadolivre.com.br/gz/account-verification?go=https%3A%2F%2Flista.mercadolivre.com.br%2Fcartucho-impressora-hp-664%3Fsb%3Dall_mercadolibre&tid=71d28d9f-e8a2-4354-813e-128925d125f4
2025-09-25 21:18:14,243 - INFO - Closing spider (finished)
2025-09-25 21:18:14,244 - INFO - Dumping Scrapy stats:
{'downloader/request_bytes': 878,
 'downloader/request_count': 2,
 'downloader/request_method_count/GET': 2,
 'downloader/response_bytes': 62100,
 'downloader/response_count': 2,
 'downloader/response_status_count/200': 1,
 'downloader/response_status_count/302': 1,
 'elapsed_time_seconds': 1.486918,
 'finish_reason': 'finished',
 'finish_time': datetime.datetime(2025, 9, 26, 0, 18, 14, 244069, tzinfo=datetime.timezone.utc),
 'httpcompression/response_bytes': 209036,
 'httpcompression/response_count': 1,
 'items_per_minute': 0.0,
 'log_count/INFO': 13,
 'log_count/WARNING': 2,
 'response_received_count': 1,
 'responses_per_minute': 60.0,
 'scheduler/dequeued': 2,
 'scheduler/dequeued/memory': 2,
 'scheduler/enqueued': 2,
 'scheduler/enqueued/memory': 2,
 'start_time': datetime.datetime(2025, 9, 26, 0, 18, 12, 757151, tzinfo=datetime.timezone.utc)}
2025-09-25 21:18:14,245 - INFO - Spider closed (finished)
2025-09-25 21:18:14,433 - WARNING - Nenhum produto foi coletado
2025-09-25 21:18:16,275 - INFO - 127.0.0.1 - - [25/Sep/2025 21:18:16] "GET /api/jobs/79614bcb/status HTTP/1.1" 200 -
2025-09-25 21:18:22,095 - INFO - 127.0.0.1 - - [25/Sep/2025 21:18:22] "GET /jobs HTTP/1.1" 200 -
2025-09-25 21:18:22,400 - INFO - 127.0.0.1 - - [25/Sep/2025 21:18:22] "[36mGET /static/style.css HTTP/1.1[0m" 304 -
2025-09-25 21:29:23,380 - INFO - [31m[1mWARNING: This is a development server. Do not use it in a production deployment. Use a production WSGI server instead.[0m
 * Running on all addresses (0.0.0.0)
 * Running on http://127.0.0.1:5000
 * Running on http://172.22.0.15:5000
2025-09-25 21:29:23,381 - INFO - [33mPress CTRL+C to quit[0m
2025-09-25 21:29:23,389 - INFO -  * Restarting with watchdog (windowsapi)
2025-09-25 21:29:24,753 - WARNING -  * Debugger is active!
2025-09-25 21:29:24,757 - INFO -  * Debugger PIN: 388-795-822
2025-09-25 21:29:32,463 - INFO -  * Detected change in 'C:\\Program Files\\WindowsApps\\PythonSoftwareFoundation.Python.3.12_3.12.2800.0_x64__qbz5n2kfra8p0\\Lib\\encodings\\unicode_escape.py', reloading
2025-09-25 21:29:32,471 - INFO - 127.0.0.1 - - [25/Sep/2025 21:29:32] "GET / HTTP/1.1" 200 -
2025-09-25 21:29:32,607 - INFO - 127.0.0.1 - - [25/Sep/2025 21:29:32] "GET /static/style.css HTTP/1.1" 200 -
2025-09-25 21:29:32,673 - INFO - 127.0.0.1 - - [25/Sep/2025 21:29:32] "GET /api/jobs HTTP/1.1" 200 -
2025-09-25 21:29:32,676 - INFO - 127.0.0.1 - - [25/Sep/2025 21:29:32] "GET /api/datasets HTTP/1.1" 200 -
2025-09-25 21:29:32,678 - INFO - 127.0.0.1 - - [25/Sep/2025 21:29:32] "[33mGET /favicon.ico HTTP/1.1[0m" 404 -
2025-09-25 21:29:33,156 - INFO -  * Restarting with watchdog (windowsapi)
2025-09-25 21:29:34,322 - WARNING -  * Debugger is active!
2025-09-25 21:29:34,327 - INFO -  * Debugger PIN: 388-795-822
2025-09-25 21:29:34,378 - INFO - 127.0.0.1 - - [25/Sep/2025 21:29:34] "GET /scraping HTTP/1.1" 200 -
2025-09-25 21:29:34,462 - INFO - 127.0.0.1 - - [25/Sep/2025 21:29:34] "[36mGET /static/style.css HTTP/1.1[0m" 304 -
2025-09-25 21:29:39,489 - INFO - Iniciando scraping para: cartucho hp 664
2025-09-25 21:29:39,489 - INFO - Parâmetros: max_items=5, images=False, sort=relevance
2025-09-25 21:29:40,540 - INFO - Spider iniciado com configurações otimizadas:
2025-09-25 21:29:40,541 - INFO -    CONCURRENT_REQUESTS: 16
2025-09-25 21:29:40,541 - INFO -    CONCURRENT_REQUESTS_PER_DOMAIN: 8
2025-09-25 21:29:40,541 - INFO -    DOWNLOAD_TIMEOUT: 180s
2025-09-25 21:29:40,541 - INFO -    HTTPCACHE_ENABLED: False
2025-09-25 21:29:40,543 - INFO - Scrapy 2.13.0 started (bot: scrapybot)
2025-09-25 21:29:40,764 - INFO - Versions:
{'lxml': '5.4.0',
 'libxml2': '2.11.9',
 'cssselect': '1.3.0',
 'parsel': '1.10.0',
 'w3lib': '2.3.1',
 'Twisted': '24.11.0',
 'Python': '3.12.10 (tags/v3.12.10:0cc8128, Apr  8 2025, 12:21:36) [MSC v.1943 '
           '64 bit (AMD64)]',
 'pyOpenSSL': '25.1.0 (OpenSSL 3.5.0 8 Apr 2025)',
 'cryptography': '45.0.2',
 'Platform': 'Windows-11-10.0.26100-SP0'}
2025-09-25 21:29:40,792 - INFO - Spider initialized for query='cartucho hp 664', sort_by='relevance', condition='all', max_items=5. Start URL: https://lista.mercadolivre.com.br/cartucho-hp-664?sb=all_mercadolibre#D[A:cartucho%20hp%20664]
2025-09-25 21:29:40,792 - INFO - Enabled addons:
[]
2025-09-25 21:29:40,795 - DEBUG - Using reactor: twisted.internet.asyncioreactor.AsyncioSelectorReactor
2025-09-25 21:29:40,796 - DEBUG - Using asyncio event loop: asyncio.windows_events._WindowsSelectorEventLoop
2025-09-25 21:29:40,799 - INFO - Telnet Password: 7218bb7f21825dce
2025-09-25 21:29:40,814 - INFO - Enabled extensions:
['scrapy.extensions.corestats.CoreStats',
 'scrapy.extensions.telnet.TelnetConsole',
 'scrapy.extensions.logstats.LogStats',
 'scrapy.extensions.throttle.AutoThrottle']
2025-09-25 21:29:40,815 - INFO - Overridden settings:
{'AUTOTHROTTLE_ENABLED': True,
 'AUTOTHROTTLE_MAX_DELAY': 10,
 'AUTOTHROTTLE_START_DELAY': 1,
 'AUTOTHROTTLE_TARGET_CONCURRENCY': 2.0,
 'DOWNLOAD_DELAY': 1,
 'LOG_LEVEL': 'INFO',
 'RANDOMIZE_DOWNLOAD_DELAY': 0.5,
 'USER_AGENT': 'Challenge HP Spider 1.0'}
2025-09-25 21:29:40,906 - INFO - Enabled downloader middlewares:
['scrapy.downloadermiddlewares.offsite.OffsiteMiddleware',
 'scrapy.downloadermiddlewares.httpauth.HttpAuthMiddleware',
 'scrapy.downloadermiddlewares.downloadtimeout.DownloadTimeoutMiddleware',
 'scrapy.downloadermiddlewares.defaultheaders.DefaultHeadersMiddleware',
 'scrapy.downloadermiddlewares.useragent.UserAgentMiddleware',
 'scrapy.downloadermiddlewares.retry.RetryMiddleware',
 'scrapy.downloadermiddlewares.redirect.MetaRefreshMiddleware',
 'scrapy.downloadermiddlewares.httpcompression.HttpCompressionMiddleware',
 'scrapy.downloadermiddlewares.redirect.RedirectMiddleware',
 'scrapy.downloadermiddlewares.cookies.CookiesMiddleware',
 'scrapy.downloadermiddlewares.httpproxy.HttpProxyMiddleware',
 'scrapy.downloadermiddlewares.stats.DownloaderStats']
2025-09-25 21:29:40,909 - INFO - Enabled spider middlewares:
['scrapy.spidermiddlewares.start.StartSpiderMiddleware',
 'scrapy.spidermiddlewares.httperror.HttpErrorMiddleware',
 'scrapy.spidermiddlewares.referer.RefererMiddleware',
 'scrapy.spidermiddlewares.urllength.UrlLengthMiddleware',
 'scrapy.spidermiddlewares.depth.DepthMiddleware']
2025-09-25 21:29:40,910 - INFO - Enabled item pipelines:
[]
2025-09-25 21:29:40,911 - INFO - Spider opened
2025-09-25 21:29:40,917 - WARNING - C:\Users\sandr\OneDrive\Área de Trabalho\Challenge HP\Challenge-HP\.venv\Lib\site-packages\scrapy\core\spidermw.py:433: ScrapyDeprecationWarning: mercadolivre_spider.MercadoLivreSpider defines the deprecated start_requests() method. start_requests() has been deprecated in favor of a new method, start(), to support asynchronous code execution. start_requests() will stop being called in a future version of Scrapy. If you use Scrapy 2.13 or higher only, replace start_requests() with start(); note that start() is a coroutine (async def). If you need to maintain compatibility with lower Scrapy versions, when overriding start_requests() in a spider class, override start() as well; you can use super() to reuse the inherited start() implementation without copy-pasting. See the release notes of Scrapy 2.13 for details: https://docs.scrapy.org/en/2.13/news.html
  warn(

2025-09-25 21:29:40,918 - INFO - Crawled 0 pages (at 0 pages/min), scraped 0 items (at 0 items/min)
2025-09-25 21:29:40,919 - INFO - Telnet console listening on 127.0.0.1:6023
2025-09-25 21:29:40,920 - INFO - Attempting to scrape URL: https://lista.mercadolivre.com.br/cartucho-hp-664?sb=all_mercadolibre#D[A:cartucho%20hp%20664]
2025-09-25 21:29:41,325 - DEBUG - Redirecting (302) to <GET https://www.mercadolivre.com.br/gz/account-verification?go=https%3A%2F%2Flista.mercadolivre.com.br%2Fcartucho-hp-664%3Fsb%3Dall_mercadolibre&tid=1d30b93c-c42a-40ae-9dc1-80c3a925e2c3> from <GET https://lista.mercadolivre.com.br/cartucho-hp-664?sb=all_mercadolibre#D%5BA:cartucho%20hp%20664%5D>
2025-09-25 21:29:42,345 - DEBUG - Crawled (200) <GET https://www.mercadolivre.com.br/gz/account-verification?go=https%3A%2F%2Flista.mercadolivre.com.br%2Fcartucho-hp-664%3Fsb%3Dall_mercadolibre&tid=1d30b93c-c42a-40ae-9dc1-80c3a925e2c3> (referer: None)
2025-09-25 21:29:42,457 - INFO - Processing URL: https://www.mercadolivre.com.br/gz/account-verification?go=https%3A%2F%2Flista.mercadolivre.com.br%2Fcartucho-hp-664%3Fsb%3Dall_mercadolibre&tid=1d30b93c-c42a-40ae-9dc1-80c3a925e2c3 (Page 1)
2025-09-25 21:29:42,458 - INFO - HTML da primeira página de resultados (https://www.mercadolivre.com.br/gz/account-verification?go=https%3A%2F%2Flista.mercadolivre.com.br%2Fcartucho-hp-664%3Fsb%3Dall_mercadolibre&tid=1d30b93c-c42a-40ae-9dc1-80c3a925e2c3) salvo em scraped_page_content_debug.html para depuração.
2025-09-25 21:29:42,462 - WARNING - Nenhum container de produto encontrado com seletores poly-card ou geral na URL: https://www.mercadolivre.com.br/gz/account-verification?go=https%3A%2F%2Flista.mercadolivre.com.br%2Fcartucho-hp-664%3Fsb%3Dall_mercadolibre&tid=1d30b93c-c42a-40ae-9dc1-80c3a925e2c3
2025-09-25 21:29:42,463 - INFO - Closing spider (finished)
2025-09-25 21:29:42,464 - INFO - Dumping Scrapy stats:
{'downloader/request_bytes': 864,
 'downloader/request_count': 2,
 'downloader/request_method_count/GET': 2,
 'downloader/response_bytes': 62066,
 'downloader/response_count': 2,
 'downloader/response_status_count/200': 1,
 'downloader/response_status_count/302': 1,
 'elapsed_time_seconds': 1.545209,
 'finish_reason': 'finished',
 'finish_time': datetime.datetime(2025, 9, 26, 0, 29, 42, 463931, tzinfo=datetime.timezone.utc),
 'httpcompression/response_bytes': 209003,
 'httpcompression/response_count': 1,
 'items_per_minute': 0.0,
 'log_count/INFO': 13,
 'log_count/WARNING': 2,
 'response_received_count': 1,
 'responses_per_minute': 60.0,
 'scheduler/dequeued': 2,
 'scheduler/dequeued/memory': 2,
 'scheduler/enqueued': 2,
 'scheduler/enqueued/memory': 2,
 'start_time': datetime.datetime(2025, 9, 26, 0, 29, 40, 918722, tzinfo=datetime.timezone.utc)}
2025-09-25 21:29:42,465 - INFO - Spider closed (finished)
2025-09-25 21:29:42,641 - WARNING - Nenhum produto foi coletado
2025-09-25 21:29:42,642 - INFO - 127.0.0.1 - - [25/Sep/2025 21:29:42] "POST /api/scraping/simple HTTP/1.1" 200 -
2025-09-25 21:33:48,048 - INFO -  * Detected change in 'C:\\Users\\sandr\\OneDrive\\Área de Trabalho\\Challenge HP\\Challenge-HP\\mercadolivre_spider.py', reloading
2025-09-25 21:33:48,049 - INFO -  * Detected change in 'C:\\Users\\sandr\\OneDrive\\Área de Trabalho\\Challenge HP\\Challenge-HP\\mercadolivre_spider.py', reloading
2025-09-25 21:33:49,048 - INFO -  * Restarting with watchdog (windowsapi)
2025-09-25 21:33:50,245 - WARNING -  * Debugger is active!
2025-09-25 21:33:50,248 - INFO -  * Debugger PIN: 388-795-822
2025-09-25 21:33:55,621 - INFO -  * Detected change in 'C:\\Users\\sandr\\OneDrive\\Área de Trabalho\\Challenge HP\\Challenge-HP\\mercadolivre_spider.py', reloading
2025-09-25 21:33:55,626 - INFO -  * Detected change in 'C:\\Users\\sandr\\OneDrive\\Área de Trabalho\\Challenge HP\\Challenge-HP\\mercadolivre_spider.py', reloading
2025-09-25 21:33:55,627 - INFO -  * Detected change in 'C:\\Users\\sandr\\OneDrive\\Área de Trabalho\\Challenge HP\\Challenge-HP\\mercadolivre_spider.py', reloading
2025-09-25 21:33:56,598 - INFO -  * Restarting with watchdog (windowsapi)
2025-09-25 21:33:57,836 - WARNING -  * Debugger is active!
2025-09-25 21:33:57,839 - INFO -  * Debugger PIN: 388-795-822
2025-09-25 21:34:07,616 - INFO -  * Detected change in 'C:\\Users\\sandr\\OneDrive\\Área de Trabalho\\Challenge HP\\Challenge-HP\\mercadolivre_spider.py', reloading
2025-09-25 21:34:07,619 - INFO -  * Detected change in 'C:\\Users\\sandr\\OneDrive\\Área de Trabalho\\Challenge HP\\Challenge-HP\\mercadolivre_spider.py', reloading
2025-09-25 21:34:08,319 - INFO -  * Restarting with watchdog (windowsapi)
2025-09-25 21:34:09,544 - WARNING -  * Debugger is active!
2025-09-25 21:34:09,549 - INFO -  * Debugger PIN: 388-795-822
2025-09-25 21:34:20,372 - INFO -  * Detected change in 'C:\\Users\\sandr\\OneDrive\\Área de Trabalho\\Challenge HP\\Challenge-HP\\mercadolivre_spider.py', reloading
2025-09-25 21:34:20,377 - INFO -  * Detected change in 'C:\\Users\\sandr\\OneDrive\\Área de Trabalho\\Challenge HP\\Challenge-HP\\mercadolivre_spider.py', reloading
2025-09-25 21:34:20,378 - INFO -  * Detected change in 'C:\\Users\\sandr\\OneDrive\\Área de Trabalho\\Challenge HP\\Challenge-HP\\mercadolivre_spider.py', reloading
2025-09-25 21:34:21,050 - INFO -  * Restarting with watchdog (windowsapi)
2025-09-25 21:34:22,266 - WARNING -  * Debugger is active!
2025-09-25 21:34:22,269 - INFO -  * Debugger PIN: 388-795-822
2025-09-25 21:34:35,908 - INFO -  * Detected change in 'C:\\Users\\sandr\\OneDrive\\Área de Trabalho\\Challenge HP\\Challenge-HP\\mercadolivre_spider.py', reloading
2025-09-25 21:34:35,917 - INFO -  * Detected change in 'C:\\Users\\sandr\\OneDrive\\Área de Trabalho\\Challenge HP\\Challenge-HP\\mercadolivre_spider.py', reloading
2025-09-25 21:34:36,854 - INFO -  * Restarting with watchdog (windowsapi)
2025-09-25 21:34:38,063 - WARNING -  * Debugger is active!
2025-09-25 21:34:38,067 - INFO -  * Debugger PIN: 388-795-822
2025-09-25 21:34:43,998 - INFO -  * Detected change in 'C:\\Users\\sandr\\OneDrive\\Área de Trabalho\\Challenge HP\\Challenge-HP\\mercadolivre_spider.py', reloading
2025-09-25 21:34:43,999 - INFO -  * Detected change in 'C:\\Users\\sandr\\OneDrive\\Área de Trabalho\\Challenge HP\\Challenge-HP\\mercadolivre_spider.py', reloading
2025-09-25 21:34:44,457 - INFO -  * Restarting with watchdog (windowsapi)
2025-09-25 21:34:45,715 - WARNING -  * Debugger is active!
2025-09-25 21:34:45,719 - INFO -  * Debugger PIN: 388-795-822
2025-09-25 21:35:01,226 - INFO -  * Detected change in 'C:\\Users\\sandr\\OneDrive\\Área de Trabalho\\Challenge HP\\Challenge-HP\\mercadolivre_spider.py', reloading
2025-09-25 21:35:01,229 - INFO -  * Detected change in 'C:\\Users\\sandr\\OneDrive\\Área de Trabalho\\Challenge HP\\Challenge-HP\\mercadolivre_spider.py', reloading
2025-09-25 21:35:02,396 - INFO -  * Restarting with watchdog (windowsapi)
2025-09-25 21:35:03,636 - WARNING -  * Debugger is active!
2025-09-25 21:35:03,639 - INFO -  * Debugger PIN: 388-795-822
2025-09-25 21:35:27,803 - INFO -  * Detected change in 'C:\\Users\\sandr\\OneDrive\\Área de Trabalho\\Challenge HP\\Challenge-HP\\mercadolivre_spider.py', reloading
2025-09-25 21:35:27,810 - INFO -  * Detected change in 'C:\\Users\\sandr\\OneDrive\\Área de Trabalho\\Challenge HP\\Challenge-HP\\mercadolivre_spider.py', reloading
2025-09-25 21:35:28,488 - INFO -  * Restarting with watchdog (windowsapi)
2025-09-25 21:35:29,685 - WARNING -  * Debugger is active!
2025-09-25 21:35:29,689 - INFO -  * Debugger PIN: 388-795-822
2025-09-25 21:36:11,854 - INFO -  * Detected change in 'C:\\Users\\sandr\\OneDrive\\Área de Trabalho\\Challenge HP\\Challenge-HP\\mercadolivre_spider.py', reloading
2025-09-25 21:36:11,857 - INFO -  * Detected change in 'C:\\Users\\sandr\\OneDrive\\Área de Trabalho\\Challenge HP\\Challenge-HP\\mercadolivre_spider.py', reloading
2025-09-25 21:36:11,858 - INFO -  * Detected change in 'C:\\Users\\sandr\\OneDrive\\Área de Trabalho\\Challenge HP\\Challenge-HP\\mercadolivre_spider.py', reloading
2025-09-25 21:36:13,009 - INFO -  * Restarting with watchdog (windowsapi)
2025-09-25 21:36:14,238 - WARNING -  * Debugger is active!
2025-09-25 21:36:14,241 - INFO -  * Debugger PIN: 388-795-822
2025-09-25 21:36:44,631 - INFO -  * Detected change in 'C:\\Users\\sandr\\OneDrive\\Área de Trabalho\\Challenge HP\\Challenge-HP\\mercadolivre_spider.py', reloading
2025-09-25 21:36:44,633 - INFO -  * Detected change in 'C:\\Users\\sandr\\OneDrive\\Área de Trabalho\\Challenge HP\\Challenge-HP\\mercadolivre_spider.py', reloading
2025-09-25 21:36:44,634 - INFO -  * Detected change in 'C:\\Users\\sandr\\OneDrive\\Área de Trabalho\\Challenge HP\\Challenge-HP\\mercadolivre_spider.py', reloading
2025-09-25 21:36:45,324 - INFO -  * Restarting with watchdog (windowsapi)
2025-09-25 21:36:46,531 - WARNING -  * Debugger is active!
2025-09-25 21:36:46,536 - INFO -  * Debugger PIN: 388-795-822
2025-09-25 21:36:52,395 - INFO -  * Detected change in 'C:\\Users\\sandr\\OneDrive\\Área de Trabalho\\Challenge HP\\Challenge-HP\\mercadolivre_spider.py', reloading
2025-09-25 21:36:52,396 - INFO -  * Detected change in 'C:\\Users\\sandr\\OneDrive\\Área de Trabalho\\Challenge HP\\Challenge-HP\\mercadolivre_spider.py', reloading
2025-09-25 21:36:52,397 - INFO -  * Detected change in 'C:\\Users\\sandr\\OneDrive\\Área de Trabalho\\Challenge HP\\Challenge-HP\\mercadolivre_spider.py', reloading
2025-09-25 21:36:52,887 - INFO -  * Restarting with watchdog (windowsapi)
2025-09-25 21:36:54,150 - WARNING -  * Debugger is active!
2025-09-25 21:36:54,154 - INFO -  * Debugger PIN: 388-795-822
2025-09-25 21:36:58,627 - INFO -  * Detected change in 'C:\\Users\\sandr\\OneDrive\\Área de Trabalho\\Challenge HP\\Challenge-HP\\app.py', reloading
2025-09-25 21:36:58,629 - INFO -  * Detected change in 'C:\\Users\\sandr\\OneDrive\\Área de Trabalho\\Challenge HP\\Challenge-HP\\app.py', reloading
2025-09-25 21:36:58,630 - INFO -  * Detected change in 'C:\\Users\\sandr\\OneDrive\\Área de Trabalho\\Challenge HP\\Challenge-HP\\app.py', reloading
2025-09-25 21:36:59,490 - INFO -  * Restarting with watchdog (windowsapi)
2025-09-25 21:37:00,686 - WARNING -  * Debugger is active!
2025-09-25 21:37:00,690 - INFO -  * Debugger PIN: 388-795-822
2025-09-25 21:37:06,547 - INFO -  * Detected change in 'C:\\Users\\sandr\\OneDrive\\Área de Trabalho\\Challenge HP\\Challenge-HP\\app.py', reloading
2025-09-25 21:37:06,547 - INFO -  * Detected change in 'C:\\Users\\sandr\\OneDrive\\Área de Trabalho\\Challenge HP\\Challenge-HP\\app.py', reloading
2025-09-25 21:37:07,055 - INFO -  * Restarting with watchdog (windowsapi)
2025-09-25 21:37:08,263 - WARNING -  * Debugger is active!
2025-09-25 21:37:08,269 - INFO -  * Debugger PIN: 388-795-822
2025-09-25 21:37:27,062 - INFO -  * Detected change in 'C:\\Users\\sandr\\OneDrive\\Área de Trabalho\\Challenge HP\\Challenge-HP\\app.py', reloading
2025-09-25 21:37:27,063 - INFO -  * Detected change in 'C:\\Users\\sandr\\OneDrive\\Área de Trabalho\\Challenge HP\\Challenge-HP\\app.py', reloading
2025-09-25 21:37:27,064 - INFO -  * Detected change in 'C:\\Users\\sandr\\OneDrive\\Área de Trabalho\\Challenge HP\\Challenge-HP\\app.py', reloading
2025-09-25 21:37:27,959 - INFO -  * Restarting with watchdog (windowsapi)
2025-09-25 21:37:29,175 - WARNING -  * Debugger is active!
2025-09-25 21:37:29,178 - INFO -  * Debugger PIN: 388-795-822
2025-09-25 21:38:15,062 - INFO -  * Detected change in 'C:\\Users\\sandr\\OneDrive\\Área de Trabalho\\Challenge HP\\Challenge-HP\\exemplo_url_customizada.py', reloading
2025-09-25 21:38:15,163 - INFO -  * Detected change in 'C:\\Users\\sandr\\OneDrive\\Área de Trabalho\\Challenge HP\\Challenge-HP\\exemplo_url_customizada.py', reloading
2025-09-25 21:38:15,164 - INFO -  * Detected change in 'C:\\Users\\sandr\\OneDrive\\Área de Trabalho\\Challenge HP\\Challenge-HP\\exemplo_url_customizada.py', reloading
2025-09-25 21:38:15,743 - INFO -  * Restarting with watchdog (windowsapi)
2025-09-25 21:38:17,753 - WARNING -  * Debugger is active!
2025-09-25 21:38:17,760 - INFO -  * Debugger PIN: 388-795-822
2025-09-25 21:38:28,485 - INFO -  * Detected change in 'C:\\Users\\sandr\\OneDrive\\Área de Trabalho\\Challenge HP\\Challenge-HP\\flask_app.py', reloading
2025-09-25 21:38:28,486 - INFO -  * Detected change in 'C:\\Users\\sandr\\OneDrive\\Área de Trabalho\\Challenge HP\\Challenge-HP\\flask_app.py', reloading
2025-09-25 21:38:29,341 - INFO -  * Restarting with watchdog (windowsapi)
2025-09-25 21:38:30,770 - WARNING -  * Debugger is active!
2025-09-25 21:38:30,774 - INFO -  * Debugger PIN: 388-795-822
2025-09-25 21:38:43,736 - INFO -  * Detected change in 'C:\\Users\\sandr\\OneDrive\\Área de Trabalho\\Challenge HP\\Challenge-HP\\flask_app.py', reloading
2025-09-25 21:38:43,738 - INFO -  * Detected change in 'C:\\Users\\sandr\\OneDrive\\Área de Trabalho\\Challenge HP\\Challenge-HP\\flask_app.py', reloading
2025-09-25 21:38:44,426 - INFO -  * Restarting with watchdog (windowsapi)
2025-09-25 21:38:45,654 - WARNING -  * Debugger is active!
2025-09-25 21:38:45,657 - INFO -  * Debugger PIN: 388-795-822
2025-09-25 21:39:24,772 - INFO -  * Detected change in 'C:\\Users\\sandr\\OneDrive\\Área de Trabalho\\Challenge HP\\Challenge-HP\\test_url_customizada.py', reloading
2025-09-25 21:39:24,891 - INFO -  * Detected change in 'C:\\Users\\sandr\\OneDrive\\Área de Trabalho\\Challenge HP\\Challenge-HP\\test_url_customizada.py', reloading
2025-09-25 21:39:24,892 - INFO -  * Detected change in 'C:\\Users\\sandr\\OneDrive\\Área de Trabalho\\Challenge HP\\Challenge-HP\\test_url_customizada.py', reloading
2025-09-25 21:39:25,999 - INFO -  * Restarting with watchdog (windowsapi)
2025-09-25 21:39:27,772 - WARNING -  * Debugger is active!
2025-09-25 21:39:27,776 - INFO -  * Debugger PIN: 388-795-822
2025-09-25 21:40:47,945 - INFO - [31m[1mWARNING: This is a development server. Do not use it in a production deployment. Use a production WSGI server instead.[0m
 * Running on all addresses (0.0.0.0)
 * Running on http://127.0.0.1:5000
 * Running on http://172.22.0.15:5000
2025-09-25 21:40:47,945 - INFO - [33mPress CTRL+C to quit[0m
2025-09-25 21:40:47,954 - INFO -  * Restarting with watchdog (windowsapi)
2025-09-25 21:40:49,623 - WARNING -  * Debugger is active!
2025-09-25 21:40:49,628 - INFO -  * Debugger PIN: 388-795-822
2025-09-25 21:41:00,170 - INFO - 127.0.0.1 - - [25/Sep/2025 21:41:00] "GET / HTTP/1.1" 200 -
2025-09-25 21:41:00,327 - INFO - 127.0.0.1 - - [25/Sep/2025 21:41:00] "[36mGET /static/style.css HTTP/1.1[0m" 304 -
2025-09-25 21:41:00,359 - INFO - 127.0.0.1 - - [25/Sep/2025 21:41:00] "GET /api/jobs HTTP/1.1" 200 -
2025-09-25 21:41:00,363 - INFO - 127.0.0.1 - - [25/Sep/2025 21:41:00] "GET /api/datasets HTTP/1.1" 200 -
2025-09-25 21:41:01,404 - INFO - 127.0.0.1 - - [25/Sep/2025 21:41:01] "GET /scraping HTTP/1.1" 200 -
2025-09-25 21:41:01,427 - INFO - 127.0.0.1 - - [25/Sep/2025 21:41:01] "[36mGET /static/style.css HTTP/1.1[0m" 304 -
2025-09-25 21:41:13,529 - INFO - Job 19cc2c04: Iniciando coleta de produtos
2025-09-25 21:41:13,530 - INFO - 127.0.0.1 - - [25/Sep/2025 21:41:13] "[32mPOST /web/scraping/start HTTP/1.1[0m" 302 -
2025-09-25 21:41:13,530 - INFO - Iniciando scraping para: Cartucho HP 664
2025-09-25 21:41:13,530 - INFO - Parâmetros: max_items=10, images=True, sort=relevance
2025-09-25 21:41:13,536 - INFO -  * Detected change in 'C:\\Program Files\\WindowsApps\\PythonSoftwareFoundation.Python.3.12_3.12.2800.0_x64__qbz5n2kfra8p0\\Lib\\multiprocessing\\queues.py', reloading
2025-09-25 21:41:13,543 - INFO - 127.0.0.1 - - [25/Sep/2025 21:41:13] "GET /jobs HTTP/1.1" 200 -
2025-09-25 21:41:13,548 - INFO -  * Detected change in 'C:\\Program Files\\WindowsApps\\PythonSoftwareFoundation.Python.3.12_3.12.2800.0_x64__qbz5n2kfra8p0\\Lib\\multiprocessing\\connection.py', reloading
2025-09-25 21:41:13,596 - INFO - 127.0.0.1 - - [25/Sep/2025 21:41:13] "[36mGET /static/style.css HTTP/1.1[0m" 304 -
2025-09-25 21:41:13,773 - INFO -  * Restarting with watchdog (windowsapi)
2025-09-25 21:41:14,772 - WARNING -  * Debugger is active!
2025-09-25 21:41:14,775 - INFO -  * Debugger PIN: 388-795-822
2025-09-25 21:41:21,454 - INFO - 127.0.0.1 - - [25/Sep/2025 21:41:21] "[33mGET /api/jobs/19cc2c04/status HTTP/1.1[0m" 404 -
2025-09-25 21:41:22,389 - INFO - 127.0.0.1 - - [25/Sep/2025 21:41:22] "[33mGET /api/jobs/19cc2c04/status HTTP/1.1[0m" 404 -
2025-09-25 21:41:22,940 - INFO - 127.0.0.1 - - [25/Sep/2025 21:41:22] "[33mGET /api/jobs/19cc2c04/status HTTP/1.1[0m" 404 -
2025-09-25 21:41:23,674 - INFO - 127.0.0.1 - - [25/Sep/2025 21:41:23] "GET /jobs HTTP/1.1" 200 -
2025-09-25 21:41:23,759 - INFO - 127.0.0.1 - - [25/Sep/2025 21:41:23] "[36mGET /static/style.css HTTP/1.1[0m" 304 -
2025-09-25 21:41:40,241 - INFO - 127.0.0.1 - - [25/Sep/2025 21:41:40] "GET /jobs HTTP/1.1" 200 -
2025-09-25 21:41:40,255 - INFO - 127.0.0.1 - - [25/Sep/2025 21:41:40] "[36mGET /static/style.css HTTP/1.1[0m" 304 -
2025-09-25 21:41:41,145 - INFO - 127.0.0.1 - - [25/Sep/2025 21:41:41] "GET /datasets HTTP/1.1" 200 -
2025-09-25 21:41:41,161 - INFO - 127.0.0.1 - - [25/Sep/2025 21:41:41] "[36mGET /static/style.css HTTP/1.1[0m" 304 -
2025-09-25 21:41:42,593 - INFO - 127.0.0.1 - - [25/Sep/2025 21:41:42] "GET /scraping HTTP/1.1" 200 -
2025-09-25 21:41:42,616 - INFO - 127.0.0.1 - - [25/Sep/2025 21:41:42] "[36mGET /static/style.css HTTP/1.1[0m" 304 -
2025-09-25 21:41:47,791 - INFO - Job 352a0703: Iniciando coleta de produtos
2025-09-25 21:41:47,792 - INFO - 127.0.0.1 - - [25/Sep/2025 21:41:47] "[32mPOST /web/scraping/start HTTP/1.1[0m" 302 -
2025-09-25 21:41:47,792 - INFO - Iniciando scraping para: cartucho hp 664
2025-09-25 21:41:47,793 - INFO - Parâmetros: max_items=50, images=False, sort=relevance
2025-09-25 21:41:47,798 - INFO - 127.0.0.1 - - [25/Sep/2025 21:41:47] "GET /jobs HTTP/1.1" 200 -
2025-09-25 21:41:47,870 - INFO - 127.0.0.1 - - [25/Sep/2025 21:41:47] "[36mGET /static/style.css HTTP/1.1[0m" 304 -
2025-09-25 21:41:48,919 - INFO - Spider iniciado com configurações otimizadas:
2025-09-25 21:41:48,920 - INFO -    CONCURRENT_REQUESTS: 16
2025-09-25 21:41:48,921 - INFO -    CONCURRENT_REQUESTS_PER_DOMAIN: 8
2025-09-25 21:41:48,921 - INFO -    DOWNLOAD_TIMEOUT: 180s
2025-09-25 21:41:48,923 - INFO -    HTTPCACHE_ENABLED: False
2025-09-25 21:41:48,927 - INFO - Scrapy 2.13.0 started (bot: scrapybot)
2025-09-25 21:41:49,193 - INFO - Versions:
{'lxml': '5.4.0',
 'libxml2': '2.11.9',
 'cssselect': '1.3.0',
 'parsel': '1.10.0',
 'w3lib': '2.3.1',
 'Twisted': '24.11.0',
 'Python': '3.12.10 (tags/v3.12.10:0cc8128, Apr  8 2025, 12:21:36) [MSC v.1943 '
           '64 bit (AMD64)]',
 'pyOpenSSL': '25.1.0 (OpenSSL 3.5.0 8 Apr 2025)',
 'cryptography': '45.0.2',
 'Platform': 'Windows-11-10.0.26100-SP0'}
2025-09-25 21:41:49,236 - INFO - Spider initialized for query='cartucho hp 664', sort_by='relevance', condition='all', max_items=50. Start URL: https://lista.mercadolivre.com.br/cartucho-hp-664?sb=all_mercadolibre#D[A:cartucho%20hp%20664]
2025-09-25 21:41:49,236 - INFO - Enabled addons:
[]
2025-09-25 21:41:49,241 - DEBUG - Using reactor: twisted.internet.asyncioreactor.AsyncioSelectorReactor
2025-09-25 21:41:49,241 - DEBUG - Using asyncio event loop: asyncio.windows_events._WindowsSelectorEventLoop
2025-09-25 21:41:49,247 - INFO - Telnet Password: bf1febe6e672271d
2025-09-25 21:41:49,267 - INFO - Enabled extensions:
['scrapy.extensions.corestats.CoreStats',
 'scrapy.extensions.telnet.TelnetConsole',
 'scrapy.extensions.logstats.LogStats',
 'scrapy.extensions.throttle.AutoThrottle']
2025-09-25 21:41:49,268 - INFO - Overridden settings:
{'AUTOTHROTTLE_ENABLED': True,
 'AUTOTHROTTLE_MAX_DELAY': 10,
 'AUTOTHROTTLE_START_DELAY': 1,
 'AUTOTHROTTLE_TARGET_CONCURRENCY': 2.0,
 'DOWNLOAD_DELAY': 1,
 'LOG_LEVEL': 'INFO',
 'RANDOMIZE_DOWNLOAD_DELAY': 0.5,
 'USER_AGENT': 'Challenge HP Spider 1.0'}
2025-09-25 21:41:49,403 - INFO - Enabled downloader middlewares:
['scrapy.downloadermiddlewares.offsite.OffsiteMiddleware',
 'scrapy.downloadermiddlewares.httpauth.HttpAuthMiddleware',
 'scrapy.downloadermiddlewares.downloadtimeout.DownloadTimeoutMiddleware',
 'scrapy.downloadermiddlewares.defaultheaders.DefaultHeadersMiddleware',
 'scrapy.downloadermiddlewares.useragent.UserAgentMiddleware',
 'scrapy.downloadermiddlewares.retry.RetryMiddleware',
 'scrapy.downloadermiddlewares.redirect.MetaRefreshMiddleware',
 'scrapy.downloadermiddlewares.httpcompression.HttpCompressionMiddleware',
 'scrapy.downloadermiddlewares.redirect.RedirectMiddleware',
 'scrapy.downloadermiddlewares.cookies.CookiesMiddleware',
 'scrapy.downloadermiddlewares.httpproxy.HttpProxyMiddleware',
 'scrapy.downloadermiddlewares.stats.DownloaderStats']
2025-09-25 21:41:49,407 - INFO - Enabled spider middlewares:
['scrapy.spidermiddlewares.start.StartSpiderMiddleware',
 'scrapy.spidermiddlewares.httperror.HttpErrorMiddleware',
 'scrapy.spidermiddlewares.referer.RefererMiddleware',
 'scrapy.spidermiddlewares.urllength.UrlLengthMiddleware',
 'scrapy.spidermiddlewares.depth.DepthMiddleware']
2025-09-25 21:41:49,409 - INFO - Enabled item pipelines:
[]
2025-09-25 21:41:49,410 - INFO - Spider opened
2025-09-25 21:41:49,417 - INFO -  * Detected change in 'C:\\Program Files\\WindowsApps\\PythonSoftwareFoundation.Python.3.12_3.12.2800.0_x64__qbz5n2kfra8p0\\Lib\\sqlite3\\__init__.py', reloading
2025-09-25 21:41:49,418 - INFO -  * Detected change in 'C:\\Program Files\\WindowsApps\\PythonSoftwareFoundation.Python.3.12_3.12.2800.0_x64__qbz5n2kfra8p0\\Lib\\sqlite3\\dbapi2.py', reloading
2025-09-25 21:41:49,420 - WARNING - C:\Users\sandr\OneDrive\Área de Trabalho\Challenge HP\Challenge-HP\.venv\Lib\site-packages\scrapy\core\spidermw.py:433: ScrapyDeprecationWarning: mercadolivre_spider.MercadoLivreSpider defines the deprecated start_requests() method. start_requests() has been deprecated in favor of a new method, start(), to support asynchronous code execution. start_requests() will stop being called in a future version of Scrapy. If you use Scrapy 2.13 or higher only, replace start_requests() with start(); note that start() is a coroutine (async def). If you need to maintain compatibility with lower Scrapy versions, when overriding start_requests() in a spider class, override start() as well; you can use super() to reuse the inherited start() implementation without copy-pasting. See the release notes of Scrapy 2.13 for details: https://docs.scrapy.org/en/2.13/news.html
  warn(

2025-09-25 21:41:49,421 - INFO - Crawled 0 pages (at 0 pages/min), scraped 0 items (at 0 items/min)
2025-09-25 21:41:49,422 - INFO - Telnet console listening on 127.0.0.1:6023
2025-09-25 21:41:49,423 - INFO - Attempting to scrape URL: https://lista.mercadolivre.com.br/cartucho-hp-664?sb=all_mercadolibre#D[A:cartucho%20hp%20664]
2025-09-25 21:41:49,995 - DEBUG - Redirecting (302) to <GET https://www.mercadolivre.com.br/gz/account-verification?go=https%3A%2F%2Flista.mercadolivre.com.br%2Fcartucho-hp-664%3Fsb%3Dall_mercadolibre&tid=f2fc3faa-ab1c-43c8-abc9-b90c7fe82a0e> from <GET https://lista.mercadolivre.com.br/cartucho-hp-664?sb=all_mercadolibre#D%5BA:cartucho%20hp%20664%5D>
2025-09-25 21:41:50,929 - DEBUG - Crawled (200) <GET https://www.mercadolivre.com.br/gz/account-verification?go=https%3A%2F%2Flista.mercadolivre.com.br%2Fcartucho-hp-664%3Fsb%3Dall_mercadolibre&tid=f2fc3faa-ab1c-43c8-abc9-b90c7fe82a0e> (referer: None)
2025-09-25 21:41:51,044 - INFO - Processing URL: https://www.mercadolivre.com.br/gz/account-verification?go=https%3A%2F%2Flista.mercadolivre.com.br%2Fcartucho-hp-664%3Fsb%3Dall_mercadolibre&tid=f2fc3faa-ab1c-43c8-abc9-b90c7fe82a0e (Page 1)
2025-09-25 21:41:51,046 - INFO - HTML da primeira página de resultados (https://www.mercadolivre.com.br/gz/account-verification?go=https%3A%2F%2Flista.mercadolivre.com.br%2Fcartucho-hp-664%3Fsb%3Dall_mercadolibre&tid=f2fc3faa-ab1c-43c8-abc9-b90c7fe82a0e) salvo em scraped_page_content_debug.html para depuração.
2025-09-25 21:41:51,049 - WARNING - Nenhum container de produto encontrado com seletores poly-card ou geral na URL: https://www.mercadolivre.com.br/gz/account-verification?go=https%3A%2F%2Flista.mercadolivre.com.br%2Fcartucho-hp-664%3Fsb%3Dall_mercadolibre&tid=f2fc3faa-ab1c-43c8-abc9-b90c7fe82a0e
2025-09-25 21:41:51,051 - INFO - Closing spider (finished)
2025-09-25 21:41:51,051 - INFO - Dumping Scrapy stats:
{'downloader/request_bytes': 868,
 'downloader/request_count': 2,
 'downloader/request_method_count/GET': 2,
 'downloader/response_bytes': 62071,
 'downloader/response_count': 2,
 'downloader/response_status_count/200': 1,
 'downloader/response_status_count/302': 1,
 'elapsed_time_seconds': 1.630373,
 'finish_reason': 'finished',
 'finish_time': datetime.datetime(2025, 9, 26, 0, 41, 51, 51943, tzinfo=datetime.timezone.utc),
 'httpcompression/response_bytes': 209003,
 'httpcompression/response_count': 1,
 'items_per_minute': 0.0,
 'log_count/INFO': 13,
 'log_count/WARNING': 2,
 'response_received_count': 1,
 'responses_per_minute': 60.0,
 'scheduler/dequeued': 2,
 'scheduler/dequeued/memory': 2,
 'scheduler/enqueued': 2,
 'scheduler/enqueued/memory': 2,
 'start_time': datetime.datetime(2025, 9, 26, 0, 41, 49, 421570, tzinfo=datetime.timezone.utc)}
2025-09-25 21:41:51,052 - INFO - Spider closed (finished)
2025-09-25 21:41:51,491 - INFO -  * Restarting with watchdog (windowsapi)
2025-09-25 21:41:52,490 - WARNING -  * Debugger is active!
2025-09-25 21:41:52,495 - INFO -  * Debugger PIN: 388-795-822
2025-09-25 21:41:54,100 - INFO - 127.0.0.1 - - [25/Sep/2025 21:41:54] "[33mGET /api/jobs/352a0703/status HTTP/1.1[0m" 404 -
2025-09-25 21:41:58,103 - INFO - 127.0.0.1 - - [25/Sep/2025 21:41:58] "GET /jobs HTTP/1.1" 200 -
2025-09-25 21:41:58,173 - INFO - 127.0.0.1 - - [25/Sep/2025 21:41:58] "[36mGET /static/style.css HTTP/1.1[0m" 304 -
2025-09-25 21:42:05,941 - INFO - 127.0.0.1 - - [25/Sep/2025 21:42:05] "GET /scraping HTTP/1.1" 200 -
2025-09-25 21:42:05,971 - INFO - 127.0.0.1 - - [25/Sep/2025 21:42:05] "[36mGET /static/style.css HTTP/1.1[0m" 304 -
2025-09-25 21:42:06,558 - INFO - 127.0.0.1 - - [25/Sep/2025 21:42:06] "GET /jobs HTTP/1.1" 200 -
2025-09-25 21:42:06,587 - INFO - 127.0.0.1 - - [25/Sep/2025 21:42:06] "[36mGET /static/style.css HTTP/1.1[0m" 304 -
2025-09-25 21:42:07,512 - INFO - 127.0.0.1 - - [25/Sep/2025 21:42:07] "GET /scraping HTTP/1.1" 200 -
2025-09-25 21:42:07,534 - INFO - 127.0.0.1 - - [25/Sep/2025 21:42:07] "[36mGET /static/style.css HTTP/1.1[0m" 304 -
2025-09-25 21:42:09,643 - INFO - Job 87b70bc7: Iniciando coleta de produtos
2025-09-25 21:42:09,645 - INFO - 127.0.0.1 - - [25/Sep/2025 21:42:09] "[32mPOST /web/scraping/start HTTP/1.1[0m" 302 -
2025-09-25 21:42:09,645 - INFO - Iniciando scraping para: cartucho hp 664
2025-09-25 21:42:09,647 - INFO - Parâmetros: max_items=50, images=False, sort=relevance
2025-09-25 21:42:09,650 - INFO - 127.0.0.1 - - [25/Sep/2025 21:42:09] "GET /jobs HTTP/1.1" 200 -
2025-09-25 21:42:09,676 - INFO - 127.0.0.1 - - [25/Sep/2025 21:42:09] "[36mGET /static/style.css HTTP/1.1[0m" 304 -
2025-09-25 21:42:10,860 - INFO - Spider iniciado com configurações otimizadas:
2025-09-25 21:42:10,861 - INFO -    CONCURRENT_REQUESTS: 16
2025-09-25 21:42:10,861 - INFO -    CONCURRENT_REQUESTS_PER_DOMAIN: 8
2025-09-25 21:42:10,861 - INFO -    DOWNLOAD_TIMEOUT: 180s
2025-09-25 21:42:10,861 - INFO -    HTTPCACHE_ENABLED: False
2025-09-25 21:42:10,864 - INFO - Scrapy 2.13.0 started (bot: scrapybot)
2025-09-25 21:42:10,971 - INFO - Versions:
{'lxml': '5.4.0',
 'libxml2': '2.11.9',
 'cssselect': '1.3.0',
 'parsel': '1.10.0',
 'w3lib': '2.3.1',
 'Twisted': '24.11.0',
 'Python': '3.12.10 (tags/v3.12.10:0cc8128, Apr  8 2025, 12:21:36) [MSC v.1943 '
           '64 bit (AMD64)]',
 'pyOpenSSL': '25.1.0 (OpenSSL 3.5.0 8 Apr 2025)',
 'cryptography': '45.0.2',
 'Platform': 'Windows-11-10.0.26100-SP0'}
2025-09-25 21:42:11,003 - INFO - Spider initialized for query='cartucho hp 664', sort_by='relevance', condition='all', max_items=50. Start URL: https://lista.mercadolivre.com.br/cartucho-hp-664?sb=all_mercadolibre#D[A:cartucho%20hp%20664]
2025-09-25 21:42:11,004 - INFO - Enabled addons:
[]
2025-09-25 21:42:11,007 - DEBUG - Using reactor: twisted.internet.asyncioreactor.AsyncioSelectorReactor
2025-09-25 21:42:11,008 - DEBUG - Using asyncio event loop: asyncio.windows_events._WindowsSelectorEventLoop
2025-09-25 21:42:11,010 - INFO - Telnet Password: 2bfe5c62e7f0d621
2025-09-25 21:42:11,029 - INFO - Enabled extensions:
['scrapy.extensions.corestats.CoreStats',
 'scrapy.extensions.telnet.TelnetConsole',
 'scrapy.extensions.logstats.LogStats',
 'scrapy.extensions.throttle.AutoThrottle']
2025-09-25 21:42:11,029 - INFO - Overridden settings:
{'AUTOTHROTTLE_ENABLED': True,
 'AUTOTHROTTLE_MAX_DELAY': 10,
 'AUTOTHROTTLE_START_DELAY': 1,
 'AUTOTHROTTLE_TARGET_CONCURRENCY': 2.0,
 'DOWNLOAD_DELAY': 1,
 'LOG_LEVEL': 'INFO',
 'RANDOMIZE_DOWNLOAD_DELAY': 0.5,
 'USER_AGENT': 'Challenge HP Spider 1.0'}
2025-09-25 21:42:11,121 - INFO - Enabled downloader middlewares:
['scrapy.downloadermiddlewares.offsite.OffsiteMiddleware',
 'scrapy.downloadermiddlewares.httpauth.HttpAuthMiddleware',
 'scrapy.downloadermiddlewares.downloadtimeout.DownloadTimeoutMiddleware',
 'scrapy.downloadermiddlewares.defaultheaders.DefaultHeadersMiddleware',
 'scrapy.downloadermiddlewares.useragent.UserAgentMiddleware',
 'scrapy.downloadermiddlewares.retry.RetryMiddleware',
 'scrapy.downloadermiddlewares.redirect.MetaRefreshMiddleware',
 'scrapy.downloadermiddlewares.httpcompression.HttpCompressionMiddleware',
 'scrapy.downloadermiddlewares.redirect.RedirectMiddleware',
 'scrapy.downloadermiddlewares.cookies.CookiesMiddleware',
 'scrapy.downloadermiddlewares.httpproxy.HttpProxyMiddleware',
 'scrapy.downloadermiddlewares.stats.DownloaderStats']
2025-09-25 21:42:11,124 - INFO - Enabled spider middlewares:
['scrapy.spidermiddlewares.start.StartSpiderMiddleware',
 'scrapy.spidermiddlewares.httperror.HttpErrorMiddleware',
 'scrapy.spidermiddlewares.referer.RefererMiddleware',
 'scrapy.spidermiddlewares.urllength.UrlLengthMiddleware',
 'scrapy.spidermiddlewares.depth.DepthMiddleware']
2025-09-25 21:42:11,125 - INFO - Enabled item pipelines:
[]
2025-09-25 21:42:11,126 - INFO - Spider opened
2025-09-25 21:42:11,138 - WARNING - C:\Users\sandr\OneDrive\Área de Trabalho\Challenge HP\Challenge-HP\.venv\Lib\site-packages\scrapy\core\spidermw.py:433: ScrapyDeprecationWarning: mercadolivre_spider.MercadoLivreSpider defines the deprecated start_requests() method. start_requests() has been deprecated in favor of a new method, start(), to support asynchronous code execution. start_requests() will stop being called in a future version of Scrapy. If you use Scrapy 2.13 or higher only, replace start_requests() with start(); note that start() is a coroutine (async def). If you need to maintain compatibility with lower Scrapy versions, when overriding start_requests() in a spider class, override start() as well; you can use super() to reuse the inherited start() implementation without copy-pasting. See the release notes of Scrapy 2.13 for details: https://docs.scrapy.org/en/2.13/news.html
  warn(

2025-09-25 21:42:11,139 - INFO - Crawled 0 pages (at 0 pages/min), scraped 0 items (at 0 items/min)
2025-09-25 21:42:11,140 - INFO - Telnet console listening on 127.0.0.1:6023
2025-09-25 21:42:11,140 - INFO - Attempting to scrape URL: https://lista.mercadolivre.com.br/cartucho-hp-664?sb=all_mercadolibre#D[A:cartucho%20hp%20664]
2025-09-25 21:42:11,733 - DEBUG - Redirecting (302) to <GET https://www.mercadolivre.com.br/gz/account-verification?go=https%3A%2F%2Flista.mercadolivre.com.br%2Fcartucho-hp-664%3Fsb%3Dall_mercadolibre&tid=e1a52218-6fdc-414a-9014-d73760e62d99> from <GET https://lista.mercadolivre.com.br/cartucho-hp-664?sb=all_mercadolibre#D%5BA:cartucho%20hp%20664%5D>
2025-09-25 21:42:12,511 - DEBUG - Crawled (200) <GET https://www.mercadolivre.com.br/gz/account-verification?go=https%3A%2F%2Flista.mercadolivre.com.br%2Fcartucho-hp-664%3Fsb%3Dall_mercadolibre&tid=e1a52218-6fdc-414a-9014-d73760e62d99> (referer: None)
2025-09-25 21:42:12,630 - INFO - Processing URL: https://www.mercadolivre.com.br/gz/account-verification?go=https%3A%2F%2Flista.mercadolivre.com.br%2Fcartucho-hp-664%3Fsb%3Dall_mercadolibre&tid=e1a52218-6fdc-414a-9014-d73760e62d99 (Page 1)
2025-09-25 21:42:12,632 - INFO - HTML da primeira página de resultados (https://www.mercadolivre.com.br/gz/account-verification?go=https%3A%2F%2Flista.mercadolivre.com.br%2Fcartucho-hp-664%3Fsb%3Dall_mercadolibre&tid=e1a52218-6fdc-414a-9014-d73760e62d99) salvo em scraped_page_content_debug.html para depuração.
2025-09-25 21:42:12,634 - WARNING - Nenhum container de produto encontrado com seletores poly-card ou geral na URL: https://www.mercadolivre.com.br/gz/account-verification?go=https%3A%2F%2Flista.mercadolivre.com.br%2Fcartucho-hp-664%3Fsb%3Dall_mercadolibre&tid=e1a52218-6fdc-414a-9014-d73760e62d99
2025-09-25 21:42:12,636 - INFO - Closing spider (finished)
2025-09-25 21:42:12,637 - INFO - Dumping Scrapy stats:
{'downloader/request_bytes': 856,
 'downloader/request_count': 2,
 'downloader/request_method_count/GET': 2,
 'downloader/response_bytes': 62073,
 'downloader/response_count': 2,
 'downloader/response_status_count/200': 1,
 'downloader/response_status_count/302': 1,
 'elapsed_time_seconds': 1.49757,
 'finish_reason': 'finished',
 'finish_time': datetime.datetime(2025, 9, 26, 0, 42, 12, 637431, tzinfo=datetime.timezone.utc),
 'httpcompression/response_bytes': 209003,
 'httpcompression/response_count': 1,
 'items_per_minute': 0.0,
 'log_count/INFO': 13,
 'log_count/WARNING': 2,
 'response_received_count': 1,
 'responses_per_minute': 60.0,
 'scheduler/dequeued': 2,
 'scheduler/dequeued/memory': 2,
 'scheduler/enqueued': 2,
 'scheduler/enqueued/memory': 2,
 'start_time': datetime.datetime(2025, 9, 26, 0, 42, 11, 139861, tzinfo=datetime.timezone.utc)}
2025-09-25 21:42:12,638 - INFO - Spider closed (finished)
2025-09-25 21:42:12,835 - WARNING - Nenhum produto foi coletado
2025-09-25 21:42:20,110 - INFO - 127.0.0.1 - - [25/Sep/2025 21:42:20] "GET /jobs HTTP/1.1" 200 -
2025-09-25 21:42:20,132 - INFO - 127.0.0.1 - - [25/Sep/2025 21:42:20] "[36mGET /static/style.css HTTP/1.1[0m" 304 -
2025-09-25 21:43:39,525 - INFO - 127.0.0.1 - - [25/Sep/2025 21:43:39] "GET /scraping HTTP/1.1" 200 -
2025-09-25 21:43:39,551 - INFO - 127.0.0.1 - - [25/Sep/2025 21:43:39] "[36mGET /static/style.css HTTP/1.1[0m" 304 -
2025-09-25 21:43:48,970 - INFO - Iniciando scraping para: Cartucho HP
2025-09-25 21:43:48,971 - INFO - Parâmetros: max_items=5, images=False, sort=relevance
2025-09-25 21:43:50,202 - INFO - Spider iniciado com configurações otimizadas:
2025-09-25 21:43:50,202 - INFO -    CONCURRENT_REQUESTS: 16
2025-09-25 21:43:50,202 - INFO -    CONCURRENT_REQUESTS_PER_DOMAIN: 8
2025-09-25 21:43:50,203 - INFO -    DOWNLOAD_TIMEOUT: 180s
2025-09-25 21:43:50,203 - INFO -    HTTPCACHE_ENABLED: False
2025-09-25 21:43:50,205 - INFO - Scrapy 2.13.0 started (bot: scrapybot)
2025-09-25 21:43:50,418 - INFO - Versions:
{'lxml': '5.4.0',
 'libxml2': '2.11.9',
 'cssselect': '1.3.0',
 'parsel': '1.10.0',
 'w3lib': '2.3.1',
 'Twisted': '24.11.0',
 'Python': '3.12.10 (tags/v3.12.10:0cc8128, Apr  8 2025, 12:21:36) [MSC v.1943 '
           '64 bit (AMD64)]',
 'pyOpenSSL': '25.1.0 (OpenSSL 3.5.0 8 Apr 2025)',
 'cryptography': '45.0.2',
 'Platform': 'Windows-11-10.0.26100-SP0'}
2025-09-25 21:43:50,448 - INFO - Spider initialized for query='Cartucho HP', sort_by='relevance', condition='all', max_items=5. Start URL: https://lista.mercadolivre.com.br/cartucho-hp?sb=all_mercadolibre#D[A:Cartucho%20HP]
2025-09-25 21:43:50,449 - INFO - Enabled addons:
[]
2025-09-25 21:43:50,452 - DEBUG - Using reactor: twisted.internet.asyncioreactor.AsyncioSelectorReactor
2025-09-25 21:43:50,453 - DEBUG - Using asyncio event loop: asyncio.windows_events._WindowsSelectorEventLoop
2025-09-25 21:43:50,456 - INFO - Telnet Password: 1a7d4d3d20dc3e05
2025-09-25 21:43:50,470 - INFO - Enabled extensions:
['scrapy.extensions.corestats.CoreStats',
 'scrapy.extensions.telnet.TelnetConsole',
 'scrapy.extensions.logstats.LogStats',
 'scrapy.extensions.throttle.AutoThrottle']
2025-09-25 21:43:50,471 - INFO - Overridden settings:
{'AUTOTHROTTLE_ENABLED': True,
 'AUTOTHROTTLE_MAX_DELAY': 10,
 'AUTOTHROTTLE_START_DELAY': 1,
 'AUTOTHROTTLE_TARGET_CONCURRENCY': 2.0,
 'DOWNLOAD_DELAY': 1,
 'LOG_LEVEL': 'INFO',
 'RANDOMIZE_DOWNLOAD_DELAY': 0.5,
 'USER_AGENT': 'Challenge HP Spider 1.0'}
2025-09-25 21:43:50,587 - INFO - Enabled downloader middlewares:
['scrapy.downloadermiddlewares.offsite.OffsiteMiddleware',
 'scrapy.downloadermiddlewares.httpauth.HttpAuthMiddleware',
 'scrapy.downloadermiddlewares.downloadtimeout.DownloadTimeoutMiddleware',
 'scrapy.downloadermiddlewares.defaultheaders.DefaultHeadersMiddleware',
 'scrapy.downloadermiddlewares.useragent.UserAgentMiddleware',
 'scrapy.downloadermiddlewares.retry.RetryMiddleware',
 'scrapy.downloadermiddlewares.redirect.MetaRefreshMiddleware',
 'scrapy.downloadermiddlewares.httpcompression.HttpCompressionMiddleware',
 'scrapy.downloadermiddlewares.redirect.RedirectMiddleware',
 'scrapy.downloadermiddlewares.cookies.CookiesMiddleware',
 'scrapy.downloadermiddlewares.httpproxy.HttpProxyMiddleware',
 'scrapy.downloadermiddlewares.stats.DownloaderStats']
2025-09-25 21:43:50,591 - INFO - Enabled spider middlewares:
['scrapy.spidermiddlewares.start.StartSpiderMiddleware',
 'scrapy.spidermiddlewares.httperror.HttpErrorMiddleware',
 'scrapy.spidermiddlewares.referer.RefererMiddleware',
 'scrapy.spidermiddlewares.urllength.UrlLengthMiddleware',
 'scrapy.spidermiddlewares.depth.DepthMiddleware']
2025-09-25 21:43:50,592 - INFO - Enabled item pipelines:
[]
2025-09-25 21:43:50,593 - INFO - Spider opened
2025-09-25 21:43:50,604 - WARNING - C:\Users\sandr\OneDrive\Área de Trabalho\Challenge HP\Challenge-HP\.venv\Lib\site-packages\scrapy\core\spidermw.py:433: ScrapyDeprecationWarning: mercadolivre_spider.MercadoLivreSpider defines the deprecated start_requests() method. start_requests() has been deprecated in favor of a new method, start(), to support asynchronous code execution. start_requests() will stop being called in a future version of Scrapy. If you use Scrapy 2.13 or higher only, replace start_requests() with start(); note that start() is a coroutine (async def). If you need to maintain compatibility with lower Scrapy versions, when overriding start_requests() in a spider class, override start() as well; you can use super() to reuse the inherited start() implementation without copy-pasting. See the release notes of Scrapy 2.13 for details: https://docs.scrapy.org/en/2.13/news.html
  warn(

2025-09-25 21:43:50,605 - INFO - Crawled 0 pages (at 0 pages/min), scraped 0 items (at 0 items/min)
2025-09-25 21:43:50,606 - INFO - Telnet console listening on 127.0.0.1:6023
2025-09-25 21:43:50,607 - INFO - Attempting to scrape URL: https://lista.mercadolivre.com.br/cartucho-hp?sb=all_mercadolibre#D[A:Cartucho%20HP]
2025-09-25 21:43:51,040 - DEBUG - Redirecting (302) to <GET https://www.mercadolivre.com.br/gz/account-verification?go=https%3A%2F%2Flista.mercadolivre.com.br%2Fcartucho-hp%3Fsb%3Dall_mercadolibre&tid=85f79e99-fb30-4b3f-b519-5e8007848986> from <GET https://lista.mercadolivre.com.br/cartucho-hp?sb=all_mercadolibre#D%5BA:Cartucho%20HP%5D>
2025-09-25 21:43:52,180 - DEBUG - Crawled (200) <GET https://www.mercadolivre.com.br/gz/account-verification?go=https%3A%2F%2Flista.mercadolivre.com.br%2Fcartucho-hp%3Fsb%3Dall_mercadolibre&tid=85f79e99-fb30-4b3f-b519-5e8007848986> (referer: None)
2025-09-25 21:43:52,305 - INFO - Processing URL: https://www.mercadolivre.com.br/gz/account-verification?go=https%3A%2F%2Flista.mercadolivre.com.br%2Fcartucho-hp%3Fsb%3Dall_mercadolibre&tid=85f79e99-fb30-4b3f-b519-5e8007848986 (Page 1)
2025-09-25 21:43:52,306 - INFO - HTML da primeira página de resultados (https://www.mercadolivre.com.br/gz/account-verification?go=https%3A%2F%2Flista.mercadolivre.com.br%2Fcartucho-hp%3Fsb%3Dall_mercadolibre&tid=85f79e99-fb30-4b3f-b519-5e8007848986) salvo em scraped_page_content_debug.html para depuração.
2025-09-25 21:43:52,310 - WARNING - Nenhum container de produto encontrado com seletores poly-card ou geral na URL: https://www.mercadolivre.com.br/gz/account-verification?go=https%3A%2F%2Flista.mercadolivre.com.br%2Fcartucho-hp%3Fsb%3Dall_mercadolibre&tid=85f79e99-fb30-4b3f-b519-5e8007848986
2025-09-25 21:43:52,311 - INFO - Closing spider (finished)
2025-09-25 21:43:52,311 - INFO - Dumping Scrapy stats:
{'downloader/request_bytes': 856,
 'downloader/request_count': 2,
 'downloader/request_method_count/GET': 2,
 'downloader/response_bytes': 61982,
 'downloader/response_count': 2,
 'downloader/response_status_count/200': 1,
 'downloader/response_status_count/302': 1,
 'elapsed_time_seconds': 1.705392,
 'finish_reason': 'finished',
 'finish_time': datetime.datetime(2025, 9, 26, 0, 43, 52, 311293, tzinfo=datetime.timezone.utc),
 'httpcompression/response_bytes': 208989,
 'httpcompression/response_count': 1,
 'items_per_minute': 0.0,
 'log_count/INFO': 13,
 'log_count/WARNING': 2,
 'response_received_count': 1,
 'responses_per_minute': 60.0,
 'scheduler/dequeued': 2,
 'scheduler/dequeued/memory': 2,
 'scheduler/enqueued': 2,
 'scheduler/enqueued/memory': 2,
 'start_time': datetime.datetime(2025, 9, 26, 0, 43, 50, 605901, tzinfo=datetime.timezone.utc)}
2025-09-25 21:43:52,312 - INFO - Spider closed (finished)
2025-09-25 21:43:52,492 - WARNING - Nenhum produto foi coletado
2025-09-25 21:43:52,492 - INFO - 127.0.0.1 - - [25/Sep/2025 21:43:52] "POST /api/scraping/simple HTTP/1.1" 200 -
2025-09-25 21:43:56,257 - INFO - 127.0.0.1 - - [25/Sep/2025 21:43:56] "GET /jobs HTTP/1.1" 200 -
2025-09-25 21:43:56,282 - INFO - 127.0.0.1 - - [25/Sep/2025 21:43:56] "[36mGET /static/style.css HTTP/1.1[0m" 304 -
2025-09-25 21:43:56,944 - INFO - 127.0.0.1 - - [25/Sep/2025 21:43:56] "GET /datasets HTTP/1.1" 200 -
2025-09-25 21:43:56,970 - INFO - 127.0.0.1 - - [25/Sep/2025 21:43:56] "[36mGET /static/style.css HTTP/1.1[0m" 304 -
2025-09-25 21:43:57,746 - INFO - 127.0.0.1 - - [25/Sep/2025 21:43:57] "GET /jobs HTTP/1.1" 200 -
2025-09-25 21:43:57,779 - INFO - 127.0.0.1 - - [25/Sep/2025 21:43:57] "[36mGET /static/style.css HTTP/1.1[0m" 304 -
2025-09-25 21:43:59,485 - INFO - 127.0.0.1 - - [25/Sep/2025 21:43:59] "GET /datasets HTTP/1.1" 200 -
2025-09-25 21:43:59,512 - INFO - 127.0.0.1 - - [25/Sep/2025 21:43:59] "[36mGET /static/style.css HTTP/1.1[0m" 304 -
2025-09-25 21:44:00,524 - INFO - 127.0.0.1 - - [25/Sep/2025 21:44:00] "GET /jobs HTTP/1.1" 200 -
2025-09-25 21:44:00,549 - INFO - 127.0.0.1 - - [25/Sep/2025 21:44:00] "[36mGET /static/style.css HTTP/1.1[0m" 304 -
2025-09-25 21:44:01,149 - INFO - 127.0.0.1 - - [25/Sep/2025 21:44:01] "GET /api/jobs/87b70bc7/status HTTP/1.1" 200 -
2025-09-25 21:44:11,648 - INFO -  * Detected change in 'C:\\Users\\sandr\\OneDrive\\Área de Trabalho\\Challenge HP\\Challenge-HP\\test_url_customizada.py', reloading
2025-09-25 21:44:11,651 - INFO -  * Detected change in 'C:\\Users\\sandr\\OneDrive\\Área de Trabalho\\Challenge HP\\Challenge-HP\\test_url_customizada.py', reloading
2025-09-25 21:44:11,652 - INFO -  * Detected change in 'C:\\Users\\sandr\\OneDrive\\Área de Trabalho\\Challenge HP\\Challenge-HP\\test_url_customizada.py', reloading
2025-09-25 21:44:12,167 - INFO -  * Restarting with watchdog (windowsapi)
2025-09-25 21:44:13,141 - WARNING -  * Debugger is active!
2025-09-25 21:44:13,144 - INFO -  * Debugger PIN: 388-795-822
2025-09-25 21:44:34,860 - INFO - [31m[1mWARNING: This is a development server. Do not use it in a production deployment. Use a production WSGI server instead.[0m
 * Running on all addresses (0.0.0.0)
 * Running on http://127.0.0.1:5000
 * Running on http://172.22.0.15:5000
2025-09-25 21:44:34,861 - INFO - [33mPress CTRL+C to quit[0m
2025-09-25 21:44:34,872 - INFO -  * Restarting with watchdog (windowsapi)
2025-09-25 21:44:36,118 - WARNING -  * Debugger is active!
2025-09-25 21:44:36,123 - INFO -  * Debugger PIN: 388-795-822
2025-09-25 21:44:37,081 - INFO - 127.0.0.1 - - [25/Sep/2025 21:44:37] "GET /scraping HTTP/1.1" 200 -
2025-09-25 21:44:37,178 - INFO - 127.0.0.1 - - [25/Sep/2025 21:44:37] "[36mGET /static/style.css HTTP/1.1[0m" 304 -
2025-09-25 21:44:41,625 - INFO - Iniciando scraping para: Cartucho hp
2025-09-25 21:44:41,626 - INFO - Parâmetros: max_items=5, images=False, sort=relevance
2025-09-25 21:44:42,823 - INFO - Spider iniciado com configurações otimizadas:
2025-09-25 21:44:42,824 - INFO -    CONCURRENT_REQUESTS: 16
2025-09-25 21:44:42,824 - INFO -    CONCURRENT_REQUESTS_PER_DOMAIN: 8
2025-09-25 21:44:42,824 - INFO -    DOWNLOAD_TIMEOUT: 180s
2025-09-25 21:44:42,824 - INFO -    HTTPCACHE_ENABLED: False
2025-09-25 21:44:42,826 - INFO - Scrapy 2.13.0 started (bot: scrapybot)
2025-09-25 21:44:42,943 - INFO - Versions:
{'lxml': '5.4.0',
 'libxml2': '2.11.9',
 'cssselect': '1.3.0',
 'parsel': '1.10.0',
 'w3lib': '2.3.1',
 'Twisted': '24.11.0',
 'Python': '3.12.10 (tags/v3.12.10:0cc8128, Apr  8 2025, 12:21:36) [MSC v.1943 '
           '64 bit (AMD64)]',
 'pyOpenSSL': '25.1.0 (OpenSSL 3.5.0 8 Apr 2025)',
 'cryptography': '45.0.2',
 'Platform': 'Windows-11-10.0.26100-SP0'}
2025-09-25 21:44:42,974 - INFO - Spider initialized for query='Cartucho hp', sort_by='relevance', condition='all', max_items=5. Start URL: https://lista.mercadolivre.com.br/cartucho-hp?sb=all_mercadolibre#D[A:Cartucho%20hp]
2025-09-25 21:44:42,975 - INFO - Enabled addons:
[]
2025-09-25 21:44:42,978 - DEBUG - Using reactor: twisted.internet.asyncioreactor.AsyncioSelectorReactor
2025-09-25 21:44:42,979 - DEBUG - Using asyncio event loop: asyncio.windows_events._WindowsSelectorEventLoop
2025-09-25 21:44:42,981 - INFO - Telnet Password: 4946fc53f1f928fa
2025-09-25 21:44:42,996 - INFO - Enabled extensions:
['scrapy.extensions.corestats.CoreStats',
 'scrapy.extensions.telnet.TelnetConsole',
 'scrapy.extensions.logstats.LogStats',
 'scrapy.extensions.throttle.AutoThrottle']
2025-09-25 21:44:42,997 - INFO - Overridden settings:
{'AUTOTHROTTLE_ENABLED': True,
 'AUTOTHROTTLE_MAX_DELAY': 10,
 'AUTOTHROTTLE_START_DELAY': 1,
 'AUTOTHROTTLE_TARGET_CONCURRENCY': 2.0,
 'DOWNLOAD_DELAY': 1,
 'LOG_LEVEL': 'INFO',
 'RANDOMIZE_DOWNLOAD_DELAY': 0.5,
 'USER_AGENT': 'Challenge HP Spider 1.0'}
2025-09-25 21:44:43,088 - INFO - Enabled downloader middlewares:
['scrapy.downloadermiddlewares.offsite.OffsiteMiddleware',
 'scrapy.downloadermiddlewares.httpauth.HttpAuthMiddleware',
 'scrapy.downloadermiddlewares.downloadtimeout.DownloadTimeoutMiddleware',
 'scrapy.downloadermiddlewares.defaultheaders.DefaultHeadersMiddleware',
 'scrapy.downloadermiddlewares.useragent.UserAgentMiddleware',
 'scrapy.downloadermiddlewares.retry.RetryMiddleware',
 'scrapy.downloadermiddlewares.redirect.MetaRefreshMiddleware',
 'scrapy.downloadermiddlewares.httpcompression.HttpCompressionMiddleware',
 'scrapy.downloadermiddlewares.redirect.RedirectMiddleware',
 'scrapy.downloadermiddlewares.cookies.CookiesMiddleware',
 'scrapy.downloadermiddlewares.httpproxy.HttpProxyMiddleware',
 'scrapy.downloadermiddlewares.stats.DownloaderStats']
2025-09-25 21:44:43,092 - INFO - Enabled spider middlewares:
['scrapy.spidermiddlewares.start.StartSpiderMiddleware',
 'scrapy.spidermiddlewares.httperror.HttpErrorMiddleware',
 'scrapy.spidermiddlewares.referer.RefererMiddleware',
 'scrapy.spidermiddlewares.urllength.UrlLengthMiddleware',
 'scrapy.spidermiddlewares.depth.DepthMiddleware']
2025-09-25 21:44:43,093 - INFO - Enabled item pipelines:
[]
2025-09-25 21:44:43,094 - INFO - Spider opened
2025-09-25 21:44:43,104 - WARNING - C:\Users\sandr\OneDrive\Área de Trabalho\Challenge HP\Challenge-HP\.venv\Lib\site-packages\scrapy\core\spidermw.py:433: ScrapyDeprecationWarning: mercadolivre_spider.MercadoLivreSpider defines the deprecated start_requests() method. start_requests() has been deprecated in favor of a new method, start(), to support asynchronous code execution. start_requests() will stop being called in a future version of Scrapy. If you use Scrapy 2.13 or higher only, replace start_requests() with start(); note that start() is a coroutine (async def). If you need to maintain compatibility with lower Scrapy versions, when overriding start_requests() in a spider class, override start() as well; you can use super() to reuse the inherited start() implementation without copy-pasting. See the release notes of Scrapy 2.13 for details: https://docs.scrapy.org/en/2.13/news.html
  warn(

2025-09-25 21:44:43,105 - INFO - Crawled 0 pages (at 0 pages/min), scraped 0 items (at 0 items/min)
2025-09-25 21:44:43,106 - INFO - Telnet console listening on 127.0.0.1:6023
2025-09-25 21:44:43,107 - INFO - Attempting to scrape URL: https://lista.mercadolivre.com.br/cartucho-hp?sb=all_mercadolibre#D[A:Cartucho%20hp]
2025-09-25 21:44:43,470 - DEBUG - Redirecting (302) to <GET https://www.mercadolivre.com.br/gz/account-verification?go=https%3A%2F%2Flista.mercadolivre.com.br%2Fcartucho-hp%3Fsb%3Dall_mercadolibre&tid=7421baf7-36ae-4491-b03b-bd87ed26e3fd> from <GET https://lista.mercadolivre.com.br/cartucho-hp?sb=all_mercadolibre#D%5BA:Cartucho%20hp%5D>
2025-09-25 21:44:44,466 - DEBUG - Crawled (200) <GET https://www.mercadolivre.com.br/gz/account-verification?go=https%3A%2F%2Flista.mercadolivre.com.br%2Fcartucho-hp%3Fsb%3Dall_mercadolibre&tid=7421baf7-36ae-4491-b03b-bd87ed26e3fd> (referer: None)
2025-09-25 21:44:44,581 - INFO - Processing URL: https://www.mercadolivre.com.br/gz/account-verification?go=https%3A%2F%2Flista.mercadolivre.com.br%2Fcartucho-hp%3Fsb%3Dall_mercadolibre&tid=7421baf7-36ae-4491-b03b-bd87ed26e3fd (Page 1)
2025-09-25 21:44:44,582 - INFO - HTML da primeira página de resultados (https://www.mercadolivre.com.br/gz/account-verification?go=https%3A%2F%2Flista.mercadolivre.com.br%2Fcartucho-hp%3Fsb%3Dall_mercadolibre&tid=7421baf7-36ae-4491-b03b-bd87ed26e3fd) salvo em scraped_page_content_debug.html para depuração.
2025-09-25 21:44:44,585 - WARNING - Nenhum container de produto encontrado com seletores poly-card ou geral na URL: https://www.mercadolivre.com.br/gz/account-verification?go=https%3A%2F%2Flista.mercadolivre.com.br%2Fcartucho-hp%3Fsb%3Dall_mercadolibre&tid=7421baf7-36ae-4491-b03b-bd87ed26e3fd
2025-09-25 21:44:44,587 - INFO - Closing spider (finished)
2025-09-25 21:44:44,588 - INFO - Dumping Scrapy stats:
{'downloader/request_bytes': 856,
 'downloader/request_count': 2,
 'downloader/request_method_count/GET': 2,
 'downloader/response_bytes': 61983,
 'downloader/response_count': 2,
 'downloader/response_status_count/200': 1,
 'downloader/response_status_count/302': 1,
 'elapsed_time_seconds': 1.481943,
 'finish_reason': 'finished',
 'finish_time': datetime.datetime(2025, 9, 26, 0, 44, 44, 587125, tzinfo=datetime.timezone.utc),
 'httpcompression/response_bytes': 208991,
 'httpcompression/response_count': 1,
 'items_per_minute': 0.0,
 'log_count/INFO': 13,
 'log_count/WARNING': 2,
 'response_received_count': 1,
 'responses_per_minute': 60.0,
 'scheduler/dequeued': 2,
 'scheduler/dequeued/memory': 2,
 'scheduler/enqueued': 2,
 'scheduler/enqueued/memory': 2,
 'start_time': datetime.datetime(2025, 9, 26, 0, 44, 43, 105182, tzinfo=datetime.timezone.utc)}
2025-09-25 21:44:44,589 - INFO - Spider closed (finished)
2025-09-25 21:44:44,770 - WARNING - Nenhum produto foi coletado
2025-09-25 21:44:44,771 - INFO - 127.0.0.1 - - [25/Sep/2025 21:44:44] "POST /api/scraping/simple HTTP/1.1" 200 -
2025-09-25 21:47:31,606 - INFO -  * Detected change in 'C:\\Users\\sandr\\OneDrive\\Área de Trabalho\\Challenge HP\\Challenge-HP\\mercadolivre_spider.py', reloading
2025-09-25 21:47:31,607 - INFO -  * Detected change in 'C:\\Users\\sandr\\OneDrive\\Área de Trabalho\\Challenge HP\\Challenge-HP\\mercadolivre_spider.py', reloading
2025-09-25 21:47:31,608 - INFO -  * Detected change in 'C:\\Users\\sandr\\OneDrive\\Área de Trabalho\\Challenge HP\\Challenge-HP\\mercadolivre_spider.py', reloading
2025-09-25 21:47:31,995 - INFO -  * Restarting with watchdog (windowsapi)
2025-09-25 21:47:33,239 - WARNING -  * Debugger is active!
2025-09-25 21:47:33,243 - INFO -  * Debugger PIN: 388-795-822
2025-09-25 21:47:44,468 - INFO -  * Detected change in 'C:\\Users\\sandr\\OneDrive\\Área de Trabalho\\Challenge HP\\Challenge-HP\\mercadolivre_spider.py', reloading
2025-09-25 21:47:44,469 - INFO -  * Detected change in 'C:\\Users\\sandr\\OneDrive\\Área de Trabalho\\Challenge HP\\Challenge-HP\\mercadolivre_spider.py', reloading
2025-09-25 21:47:44,750 - INFO -  * Restarting with watchdog (windowsapi)
2025-09-25 21:47:46,009 - WARNING -  * Debugger is active!
2025-09-25 21:47:46,013 - INFO -  * Debugger PIN: 388-795-822
2025-09-25 21:48:03,946 - INFO -  * Detected change in 'C:\\Users\\sandr\\OneDrive\\Área de Trabalho\\Challenge HP\\Challenge-HP\\mercadolivre_spider.py', reloading
2025-09-25 21:48:03,947 - INFO -  * Detected change in 'C:\\Users\\sandr\\OneDrive\\Área de Trabalho\\Challenge HP\\Challenge-HP\\mercadolivre_spider.py', reloading
2025-09-25 21:48:04,787 - INFO -  * Restarting with watchdog (windowsapi)
2025-09-25 21:48:06,082 - WARNING -  * Debugger is active!
2025-09-25 21:48:06,085 - INFO -  * Debugger PIN: 388-795-822
2025-09-25 21:48:28,152 - INFO -  * Detected change in 'C:\\Users\\sandr\\OneDrive\\Área de Trabalho\\Challenge HP\\Challenge-HP\\mercadolivre_spider.py', reloading
2025-09-25 21:48:28,153 - INFO -  * Detected change in 'C:\\Users\\sandr\\OneDrive\\Área de Trabalho\\Challenge HP\\Challenge-HP\\mercadolivre_spider.py', reloading
2025-09-25 21:48:28,154 - INFO -  * Detected change in 'C:\\Users\\sandr\\OneDrive\\Área de Trabalho\\Challenge HP\\Challenge-HP\\mercadolivre_spider.py', reloading
2025-09-25 21:48:28,920 - INFO -  * Restarting with watchdog (windowsapi)
2025-09-25 21:48:30,122 - WARNING -  * Debugger is active!
2025-09-25 21:48:30,125 - INFO -  * Debugger PIN: 388-795-822
2025-09-25 21:48:58,835 - INFO -  * Detected change in 'C:\\Users\\sandr\\OneDrive\\Área de Trabalho\\Challenge HP\\Challenge-HP\\mercadolivre_spider.py', reloading
2025-09-25 21:48:58,836 - INFO -  * Detected change in 'C:\\Users\\sandr\\OneDrive\\Área de Trabalho\\Challenge HP\\Challenge-HP\\mercadolivre_spider.py', reloading
2025-09-25 21:48:59,215 - INFO -  * Restarting with watchdog (windowsapi)
2025-09-25 21:49:00,643 - WARNING -  * Debugger is active!
2025-09-25 21:49:00,648 - INFO -  * Debugger PIN: 388-795-822
2025-09-25 21:49:25,069 - INFO -  * Detected change in 'C:\\Users\\sandr\\OneDrive\\Área de Trabalho\\Challenge HP\\Challenge-HP\\mercadolivre_spider.py', reloading
2025-09-25 21:49:25,070 - INFO -  * Detected change in 'C:\\Users\\sandr\\OneDrive\\Área de Trabalho\\Challenge HP\\Challenge-HP\\mercadolivre_spider.py', reloading
2025-09-25 21:49:25,670 - INFO -  * Restarting with watchdog (windowsapi)
2025-09-25 21:49:27,412 - WARNING -  * Debugger is active!
2025-09-25 21:49:27,419 - INFO -  * Debugger PIN: 388-795-822
2025-09-25 21:49:34,200 - INFO -  * Detected change in 'C:\\Users\\sandr\\OneDrive\\Área de Trabalho\\Challenge HP\\Challenge-HP\\mercadolivre_spider.py', reloading
2025-09-25 21:49:34,201 - INFO -  * Detected change in 'C:\\Users\\sandr\\OneDrive\\Área de Trabalho\\Challenge HP\\Challenge-HP\\mercadolivre_spider.py', reloading
2025-09-25 21:49:35,099 - INFO -  * Restarting with watchdog (windowsapi)
2025-09-25 21:49:36,772 - WARNING -  * Debugger is active!
2025-09-25 21:49:36,779 - INFO -  * Debugger PIN: 388-795-822
2025-09-25 21:50:23,615 - INFO -  * Detected change in 'C:\\Users\\sandr\\OneDrive\\Área de Trabalho\\Challenge HP\\Challenge-HP\\test_anti_bot.py', reloading
2025-09-25 21:50:23,967 - INFO -  * Restarting with watchdog (windowsapi)
2025-09-25 21:50:26,164 - WARNING -  * Debugger is active!
2025-09-25 21:50:26,170 - INFO -  * Debugger PIN: 388-795-822
2025-09-25 21:51:01,013 - INFO -  * Detected change in 'C:\\Program Files\\WindowsApps\\PythonSoftwareFoundation.Python.3.12_3.12.2800.0_x64__qbz5n2kfra8p0\\Lib\\encodings\\__init__.py', reloading
2025-09-25 21:51:01,015 - INFO -  * Detected change in 'C:\\Program Files\\WindowsApps\\PythonSoftwareFoundation.Python.3.12_3.12.2800.0_x64__qbz5n2kfra8p0\\Lib\\encodings\\aliases.py', reloading
2025-09-25 21:51:01,016 - INFO -  * Detected change in 'C:\\Program Files\\WindowsApps\\PythonSoftwareFoundation.Python.3.12_3.12.2800.0_x64__qbz5n2kfra8p0\\Lib\\encodings\\utf_8.py', reloading
2025-09-25 21:51:01,017 - INFO -  * Detected change in 'C:\\Program Files\\WindowsApps\\PythonSoftwareFoundation.Python.3.12_3.12.2800.0_x64__qbz5n2kfra8p0\\Lib\\encodings\\cp1252.py', reloading
2025-09-25 21:51:01,021 - INFO -  * Detected change in 'C:\\Program Files\\WindowsApps\\PythonSoftwareFoundation.Python.3.12_3.12.2800.0_x64__qbz5n2kfra8p0\\Lib\\encodings\\utf_8_sig.py', reloading
2025-09-25 21:51:01,024 - INFO -  * Detected change in 'C:\\Program Files\\WindowsApps\\PythonSoftwareFoundation.Python.3.12_3.12.2800.0_x64__qbz5n2kfra8p0\\Lib\\types.py', reloading
2025-09-25 21:51:01,025 - INFO -  * Detected change in 'C:\\Program Files\\WindowsApps\\PythonSoftwareFoundation.Python.3.12_3.12.2800.0_x64__qbz5n2kfra8p0\\Lib\\importlib\\__init__.py', reloading
2025-09-25 21:51:01,027 - INFO -  * Detected change in 'C:\\Program Files\\WindowsApps\\PythonSoftwareFoundation.Python.3.12_3.12.2800.0_x64__qbz5n2kfra8p0\\Lib\\warnings.py', reloading
2025-09-25 21:51:01,028 - INFO -  * Detected change in 'C:\\Program Files\\WindowsApps\\PythonSoftwareFoundation.Python.3.12_3.12.2800.0_x64__qbz5n2kfra8p0\\Lib\\importlib\\_abc.py', reloading
2025-09-25 21:51:01,572 - INFO -  * Restarting with watchdog (windowsapi)
2025-09-25 21:51:02,961 - WARNING -  * Debugger is active!
2025-09-25 21:51:02,967 - INFO -  * Debugger PIN: 388-795-822
2025-09-25 21:51:16,439 - INFO -  * Detected change in 'C:\\Program Files\\WindowsApps\\PythonSoftwareFoundation.Python.3.12_3.12.2800.0_x64__qbz5n2kfra8p0\\Lib\\netrc.py', reloading
2025-09-25 21:51:17,557 - INFO -  * Restarting with watchdog (windowsapi)
2025-09-25 21:51:18,745 - WARNING -  * Debugger is active!
2025-09-25 21:51:18,751 - INFO -  * Debugger PIN: 388-795-822
2025-09-25 21:51:18,793 - INFO - Iniciando scraping para: Cartucho HP
2025-09-25 21:51:18,794 - INFO - Parâmetros: max_items=2, images=False, sort=relevance
2025-09-25 21:51:20,040 - INFO - Spider iniciado com configurações otimizadas:
2025-09-25 21:51:20,041 - INFO -    CONCURRENT_REQUESTS: 4
2025-09-25 21:51:20,041 - INFO -    CONCURRENT_REQUESTS_PER_DOMAIN: 2
2025-09-25 21:51:20,041 - INFO -    DOWNLOAD_TIMEOUT: 30s
2025-09-25 21:51:20,042 - INFO -    HTTPCACHE_ENABLED: False
2025-09-25 21:51:20,044 - INFO - Scrapy 2.13.0 started (bot: scrapybot)
2025-09-25 21:51:20,302 - INFO - Versions:
{'lxml': '5.4.0',
 'libxml2': '2.11.9',
 'cssselect': '1.3.0',
 'parsel': '1.10.0',
 'w3lib': '2.3.1',
 'Twisted': '24.11.0',
 'Python': '3.12.10 (tags/v3.12.10:0cc8128, Apr  8 2025, 12:21:36) [MSC v.1943 '
           '64 bit (AMD64)]',
 'pyOpenSSL': '25.1.0 (OpenSSL 3.5.0 8 Apr 2025)',
 'cryptography': '45.0.2',
 'Platform': 'Windows-11-10.0.26100-SP0'}
2025-09-25 21:51:20,329 - INFO - Spider initialized for query='Cartucho HP', sort_by='relevance', condition='all', max_items=2. Start URL: https://lista.mercadolivre.com.br/cartucho-hp?sb=all_mercadolibre#D[A:Cartucho%20HP]
2025-09-25 21:51:20,330 - INFO - Enabled addons:
[]
2025-09-25 21:51:20,335 - DEBUG - Using reactor: twisted.internet.asyncioreactor.AsyncioSelectorReactor
2025-09-25 21:51:20,336 - DEBUG - Using asyncio event loop: asyncio.windows_events._WindowsSelectorEventLoop
2025-09-25 21:51:20,341 - INFO - Telnet Password: 352fafcaa0fc8c8d
2025-09-25 21:51:20,345 - INFO -  * Detected change in 'C:\\Program Files\\WindowsApps\\PythonSoftwareFoundation.Python.3.12_3.12.2800.0_x64__qbz5n2kfra8p0\\Lib\\email\\policy.py', reloading
2025-09-25 21:51:20,346 - INFO -  * Detected change in 'C:\\Program Files\\WindowsApps\\PythonSoftwareFoundation.Python.3.12_3.12.2800.0_x64__qbz5n2kfra8p0\\Lib\\email\\headerregistry.py', reloading
2025-09-25 21:51:20,347 - INFO -  * Detected change in 'C:\\Program Files\\WindowsApps\\PythonSoftwareFoundation.Python.3.12_3.12.2800.0_x64__qbz5n2kfra8p0\\Lib\\email\\_header_value_parser.py', reloading
2025-09-25 21:51:20,350 - INFO -  * Detected change in 'C:\\Program Files\\WindowsApps\\PythonSoftwareFoundation.Python.3.12_3.12.2800.0_x64__qbz5n2kfra8p0\\Lib\\email\\contentmanager.py', reloading
2025-09-25 21:51:20,358 - INFO - Enabled extensions:
['scrapy.extensions.corestats.CoreStats',
 'scrapy.extensions.telnet.TelnetConsole',
 'scrapy.extensions.logstats.LogStats',
 'scrapy.extensions.throttle.AutoThrottle']
2025-09-25 21:51:20,359 - INFO - Overridden settings:
{'AUTOTHROTTLE_ENABLED': True,
 'AUTOTHROTTLE_MAX_DELAY': 30,
 'AUTOTHROTTLE_START_DELAY': 3.977136976452841,
 'CONCURRENT_REQUESTS': 4,
 'CONCURRENT_REQUESTS_PER_DOMAIN': 2,
 'DOWNLOAD_DELAY': 2.6512521356162457,
 'DOWNLOAD_TIMEOUT': 30,
 'DOWNLOAD_WARNSIZE': 0,
 'LOG_LEVEL': 'INFO',
 'RANDOMIZE_DOWNLOAD_DELAY': 0.8,
 'RETRY_HTTP_CODES': [500, 502, 503, 504, 408, 429, 403],
 'RETRY_TIMES': 5,
 'USER_AGENT': 'Mozilla/5.0 (Windows NT 10.0; Win64; x64; rv:120.0) '
               'Gecko/20100101 Firefox/120.0'}
2025-09-25 21:51:20,489 - CRITICAL - Unhandled error in Deferred:
2025-09-25 21:51:20,538 - INFO -  * Detected change in 'C:\\Users\\sandr\\OneDrive\\Área de Trabalho\\Challenge HP\\Challenge-HP\\.venv\\Lib\\site-packages\\scrapy\\core\\engine.py', reloading
2025-09-25 21:51:20,567 - INFO -  * Detected change in 'C:\\Users\\sandr\\OneDrive\\Área de Trabalho\\Challenge HP\\Challenge-HP\\.venv\\Lib\\site-packages\\scrapy\\core\\downloader\\__init__.py', reloading
2025-09-25 21:51:20,596 - INFO -  * Detected change in 'C:\\Users\\sandr\\OneDrive\\Área de Trabalho\\Challenge HP\\Challenge-HP\\.venv\\Lib\\site-packages\\scrapy\\middleware.py', reloading
2025-09-25 21:51:20,538 - CRITICAL - 
Traceback (most recent call last):
  File "C:\Users\sandr\OneDrive\Área de Trabalho\Challenge HP\Challenge-HP\.venv\Lib\site-packages\scrapy\utils\misc.py", line 74, in load_object
    obj = getattr(mod, name)
          ^^^^^^^^^^^^^^^^^^
AttributeError: module '__mp_main__' has no attribute 'RotatingUserAgentMiddleware'

During handling of the above exception, another exception occurred:

Traceback (most recent call last):
  File "C:\Users\sandr\OneDrive\Área de Trabalho\Challenge HP\Challenge-HP\.venv\Lib\site-packages\scrapy\core\engine.py", line 110, in __init__
    self.downloader: Downloader = downloader_cls(crawler)
                                  ^^^^^^^^^^^^^^^^^^^^^^^
  File "C:\Users\sandr\OneDrive\Área de Trabalho\Challenge HP\Challenge-HP\.venv\Lib\site-packages\scrapy\core\downloader\__init__.py", line 109, in __init__
    DownloaderMiddlewareManager.from_crawler(crawler)
  File "C:\Users\sandr\OneDrive\Área de Trabalho\Challenge HP\Challenge-HP\.venv\Lib\site-packages\scrapy\middleware.py", line 77, in from_crawler
    return cls._from_settings(crawler.settings, crawler)
           ^^^^^^^^^^^^^^^^^^^^^^^^^^^^^^^^^^^^^^^^^^^^^
  File "C:\Users\sandr\OneDrive\Área de Trabalho\Challenge HP\Challenge-HP\.venv\Lib\site-packages\scrapy\middleware.py", line 86, in _from_settings
    mwcls = load_object(clspath)
            ^^^^^^^^^^^^^^^^^^^^
  File "C:\Users\sandr\OneDrive\Área de Trabalho\Challenge HP\Challenge-HP\.venv\Lib\site-packages\scrapy\utils\misc.py", line 76, in load_object
    raise NameError(f"Module '{module}' doesn't define any object named '{name}'")
NameError: Module '__main__' doesn't define any object named 'RotatingUserAgentMiddleware'

During handling of the above exception, another exception occurred:

Traceback (most recent call last):
  File "C:\Users\sandr\OneDrive\Área de Trabalho\Challenge HP\Challenge-HP\.venv\Lib\site-packages\twisted\internet\defer.py", line 2017, in _inlineCallbacks
    result = context.run(gen.send, result)
             ^^^^^^^^^^^^^^^^^^^^^^^^^^^^^
  File "C:\Users\sandr\OneDrive\Área de Trabalho\Challenge HP\Challenge-HP\.venv\Lib\site-packages\scrapy\crawler.py", line 156, in crawl
    self.engine = self._create_engine()
                  ^^^^^^^^^^^^^^^^^^^^^
  File "C:\Users\sandr\OneDrive\Área de Trabalho\Challenge HP\Challenge-HP\.venv\Lib\site-packages\scrapy\crawler.py", line 169, in _create_engine
    return ExecutionEngine(self, lambda _: self.stop())
           ^^^^^^^^^^^^^^^^^^^^^^^^^^^^^^^^^^^^^^^^^^^^
  File "C:\Users\sandr\OneDrive\Área de Trabalho\Challenge HP\Challenge-HP\.venv\Lib\site-packages\scrapy\core\engine.py", line 113, in __init__
    self.close()
  File "C:\Users\sandr\OneDrive\Área de Trabalho\Challenge HP\Challenge-HP\.venv\Lib\site-packages\scrapy\core\engine.py", line 173, in close
    self.downloader.close()
    ^^^^^^^^^^^^^^^
AttributeError: 'ExecutionEngine' object has no attribute 'downloader'. Did you mean: '_downloaded'?
2025-09-25 21:51:20,629 - INFO -  * Detected change in 'C:\\Users\\sandr\\OneDrive\\Área de Trabalho\\Challenge HP\\Challenge-HP\\.venv\\Lib\\site-packages\\scrapy\\utils\\misc.py', reloading
2025-09-25 21:51:20,777 - WARNING - Nenhum produto foi coletado
2025-09-25 21:51:20,778 - INFO - 127.0.0.1 - - [25/Sep/2025 21:51:20] "POST /api/scraping/simple HTTP/1.1" 200 -
2025-09-25 21:51:21,033 - INFO -  * Restarting with watchdog (windowsapi)
2025-09-25 21:51:22,247 - WARNING -  * Debugger is active!
2025-09-25 21:51:22,254 - INFO -  * Debugger PIN: 388-795-822
2025-09-25 21:51:36,584 - INFO -  * Detected change in 'C:\\Users\\sandr\\OneDrive\\Área de Trabalho\\Challenge HP\\Challenge-HP\\mercadolivre_spider.py', reloading
2025-09-25 21:51:36,586 - INFO -  * Detected change in 'C:\\Users\\sandr\\OneDrive\\Área de Trabalho\\Challenge HP\\Challenge-HP\\mercadolivre_spider.py', reloading
2025-09-25 21:51:36,587 - INFO -  * Detected change in 'C:\\Users\\sandr\\OneDrive\\Área de Trabalho\\Challenge HP\\Challenge-HP\\mercadolivre_spider.py', reloading
2025-09-25 21:51:36,868 - INFO -  * Restarting with watchdog (windowsapi)
2025-09-25 21:51:38,075 - WARNING -  * Debugger is active!
2025-09-25 21:51:38,078 - INFO -  * Debugger PIN: 388-795-822
2025-09-25 21:51:44,809 - INFO -  * Detected change in 'C:\\Users\\sandr\\OneDrive\\Área de Trabalho\\Challenge HP\\Challenge-HP\\mercadolivre_spider.py', reloading
2025-09-25 21:51:44,810 - INFO -  * Detected change in 'C:\\Users\\sandr\\OneDrive\\Área de Trabalho\\Challenge HP\\Challenge-HP\\mercadolivre_spider.py', reloading
2025-09-25 21:51:44,810 - INFO -  * Detected change in 'C:\\Users\\sandr\\OneDrive\\Área de Trabalho\\Challenge HP\\Challenge-HP\\mercadolivre_spider.py', reloading
2025-09-25 21:51:45,518 - INFO -  * Restarting with watchdog (windowsapi)
2025-09-25 21:51:46,745 - WARNING -  * Debugger is active!
2025-09-25 21:51:46,749 - INFO -  * Debugger PIN: 388-795-822
2025-09-25 21:52:07,935 - INFO -  * Detected change in 'C:\\Users\\sandr\\OneDrive\\Área de Trabalho\\Challenge HP\\Challenge-HP\\mercadolivre_spider.py', reloading
2025-09-25 21:52:07,936 - INFO -  * Detected change in 'C:\\Users\\sandr\\OneDrive\\Área de Trabalho\\Challenge HP\\Challenge-HP\\mercadolivre_spider.py', reloading
2025-09-25 21:52:07,937 - INFO -  * Detected change in 'C:\\Users\\sandr\\OneDrive\\Área de Trabalho\\Challenge HP\\Challenge-HP\\mercadolivre_spider.py', reloading
2025-09-25 21:52:08,919 - INFO -  * Restarting with watchdog (windowsapi)
2025-09-25 21:52:10,246 - WARNING -  * Debugger is active!
2025-09-25 21:52:10,249 - INFO -  * Debugger PIN: 388-795-822
2025-09-25 21:53:42,580 - INFO -  * Detected change in 'C:\\Users\\sandr\\OneDrive\\Área de Trabalho\\Challenge HP\\Challenge-HP\\test_quick.py', reloading
2025-09-25 21:53:42,704 - INFO -  * Detected change in 'C:\\Users\\sandr\\OneDrive\\Área de Trabalho\\Challenge HP\\Challenge-HP\\test_quick.py', reloading
2025-09-25 21:53:42,706 - INFO -  * Detected change in 'C:\\Users\\sandr\\OneDrive\\Área de Trabalho\\Challenge HP\\Challenge-HP\\test_quick.py', reloading
2025-09-25 21:53:42,706 - INFO -  * Detected change in 'C:\\Users\\sandr\\OneDrive\\Área de Trabalho\\Challenge HP\\Challenge-HP\\test_quick.py', reloading
2025-09-25 21:53:43,717 - INFO -  * Restarting with watchdog (windowsapi)
2025-09-25 21:53:45,515 - WARNING -  * Debugger is active!
2025-09-25 21:53:45,520 - INFO -  * Debugger PIN: 388-795-822
2025-09-25 21:54:05,448 - INFO - [31m[1mWARNING: This is a development server. Do not use it in a production deployment. Use a production WSGI server instead.[0m
 * Running on all addresses (0.0.0.0)
 * Running on http://127.0.0.1:5000
 * Running on http://172.22.0.15:5000
2025-09-25 21:54:05,448 - INFO - [33mPress CTRL+C to quit[0m
2025-09-25 21:54:05,460 - INFO -  * Restarting with watchdog (windowsapi)
2025-09-25 21:54:06,612 - WARNING -  * Debugger is active!
2025-09-25 21:54:06,615 - INFO -  * Debugger PIN: 388-795-822
2025-09-25 21:54:10,052 - INFO - 127.0.0.1 - - [25/Sep/2025 21:54:10] "GET /scraping HTTP/1.1" 200 -
2025-09-25 21:54:10,138 - INFO - 127.0.0.1 - - [25/Sep/2025 21:54:10] "[36mGET /static/style.css HTTP/1.1[0m" 304 -
2025-09-25 21:54:13,943 - INFO - Job 4208bbeb: Iniciando coleta de produtos
2025-09-25 21:54:13,945 - INFO - 127.0.0.1 - - [25/Sep/2025 21:54:13] "[32mPOST /web/scraping/start HTTP/1.1[0m" 302 -
2025-09-25 21:54:13,945 - INFO - Iniciando scraping para: cartucho hp 664
2025-09-25 21:54:13,946 - INFO - Parâmetros: max_items=50, images=False, sort=relevance
2025-09-25 21:54:14,031 - INFO - 127.0.0.1 - - [25/Sep/2025 21:54:14] "GET /jobs HTTP/1.1" 200 -
2025-09-25 21:54:14,082 - INFO - 127.0.0.1 - - [25/Sep/2025 21:54:14] "[36mGET /static/style.css HTTP/1.1[0m" 304 -
2025-09-25 21:54:15,171 - INFO - Spider iniciado com configurações otimizadas:
2025-09-25 21:54:15,171 - INFO -    CONCURRENT_REQUESTS: 1
2025-09-25 21:54:15,171 - INFO -    CONCURRENT_REQUESTS_PER_DOMAIN: 1
2025-09-25 21:54:15,172 - INFO -    DOWNLOAD_TIMEOUT: 30s
2025-09-25 21:54:15,172 - INFO -    HTTPCACHE_ENABLED: False
2025-09-25 21:54:15,175 - INFO - Scrapy 2.13.0 started (bot: scrapybot)
2025-09-25 21:54:15,394 - INFO - Versions:
{'lxml': '5.4.0',
 'libxml2': '2.11.9',
 'cssselect': '1.3.0',
 'parsel': '1.10.0',
 'w3lib': '2.3.1',
 'Twisted': '24.11.0',
 'Python': '3.12.10 (tags/v3.12.10:0cc8128, Apr  8 2025, 12:21:36) [MSC v.1943 '
           '64 bit (AMD64)]',
 'pyOpenSSL': '25.1.0 (OpenSSL 3.5.0 8 Apr 2025)',
 'cryptography': '45.0.2',
 'Platform': 'Windows-11-10.0.26100-SP0'}
2025-09-25 21:54:15,425 - INFO - Spider initialized for query='cartucho hp 664', sort_by='relevance', condition='all', max_items=50. Start URL: https://lista.mercadolivre.com.br/cartucho-hp-664?sb=all_mercadolibre#D[A:cartucho%20hp%20664]
2025-09-25 21:54:15,425 - INFO - Enabled addons:
[]
2025-09-25 21:54:15,429 - DEBUG - Using reactor: twisted.internet.asyncioreactor.AsyncioSelectorReactor
2025-09-25 21:54:15,429 - DEBUG - Using asyncio event loop: asyncio.windows_events._WindowsSelectorEventLoop
2025-09-25 21:54:15,433 - INFO - Telnet Password: aed7721b4c0394dd
2025-09-25 21:54:15,451 - INFO - Enabled extensions:
['scrapy.extensions.corestats.CoreStats',
 'scrapy.extensions.telnet.TelnetConsole',
 'scrapy.extensions.logstats.LogStats',
 'scrapy.extensions.throttle.AutoThrottle']
2025-09-25 21:54:15,452 - INFO - Overridden settings:
{'AUTOTHROTTLE_ENABLED': True,
 'AUTOTHROTTLE_MAX_DELAY': 30,
 'AUTOTHROTTLE_START_DELAY': 3.4886315611533636,
 'CONCURRENT_REQUESTS': 1,
 'CONCURRENT_REQUESTS_PER_DOMAIN': 1,
 'DOWNLOAD_DELAY': 7.70760752007655,
 'DOWNLOAD_TIMEOUT': 30,
 'DOWNLOAD_WARNSIZE': 0,
 'LOG_LEVEL': 'INFO',
 'RETRY_HTTP_CODES': [500, 502, 503, 504, 408, 429, 403],
 'RETRY_TIMES': 5,
 'USER_AGENT': 'Mozilla/5.0 (Windows NT 10.0; Win64; x64) AppleWebKit/537.36 '
               '(KHTML, like Gecko) Chrome/119.0.0.0 Safari/537.36'}
2025-09-25 21:54:15,573 - CRITICAL - Unhandled error in Deferred:
2025-09-25 21:54:15,575 - CRITICAL - 
Traceback (most recent call last):
  File "C:\Users\sandr\OneDrive\Área de Trabalho\Challenge HP\Challenge-HP\.venv\Lib\site-packages\scrapy\utils\misc.py", line 74, in load_object
    obj = getattr(mod, name)
          ^^^^^^^^^^^^^^^^^^
AttributeError: module '__mp_main__' has no attribute 'RotatingUserAgentMiddleware'

During handling of the above exception, another exception occurred:

Traceback (most recent call last):
  File "C:\Users\sandr\OneDrive\Área de Trabalho\Challenge HP\Challenge-HP\.venv\Lib\site-packages\scrapy\core\engine.py", line 110, in __init__
    self.downloader: Downloader = downloader_cls(crawler)
                                  ^^^^^^^^^^^^^^^^^^^^^^^
  File "C:\Users\sandr\OneDrive\Área de Trabalho\Challenge HP\Challenge-HP\.venv\Lib\site-packages\scrapy\core\downloader\__init__.py", line 109, in __init__
    DownloaderMiddlewareManager.from_crawler(crawler)
  File "C:\Users\sandr\OneDrive\Área de Trabalho\Challenge HP\Challenge-HP\.venv\Lib\site-packages\scrapy\middleware.py", line 77, in from_crawler
    return cls._from_settings(crawler.settings, crawler)
           ^^^^^^^^^^^^^^^^^^^^^^^^^^^^^^^^^^^^^^^^^^^^^
  File "C:\Users\sandr\OneDrive\Área de Trabalho\Challenge HP\Challenge-HP\.venv\Lib\site-packages\scrapy\middleware.py", line 86, in _from_settings
    mwcls = load_object(clspath)
            ^^^^^^^^^^^^^^^^^^^^
  File "C:\Users\sandr\OneDrive\Área de Trabalho\Challenge HP\Challenge-HP\.venv\Lib\site-packages\scrapy\utils\misc.py", line 76, in load_object
    raise NameError(f"Module '{module}' doesn't define any object named '{name}'")
NameError: Module '__main__' doesn't define any object named 'RotatingUserAgentMiddleware'

During handling of the above exception, another exception occurred:

Traceback (most recent call last):
  File "C:\Users\sandr\OneDrive\Área de Trabalho\Challenge HP\Challenge-HP\.venv\Lib\site-packages\twisted\internet\defer.py", line 2017, in _inlineCallbacks
    result = context.run(gen.send, result)
             ^^^^^^^^^^^^^^^^^^^^^^^^^^^^^
  File "C:\Users\sandr\OneDrive\Área de Trabalho\Challenge HP\Challenge-HP\.venv\Lib\site-packages\scrapy\crawler.py", line 156, in crawl
    self.engine = self._create_engine()
                  ^^^^^^^^^^^^^^^^^^^^^
  File "C:\Users\sandr\OneDrive\Área de Trabalho\Challenge HP\Challenge-HP\.venv\Lib\site-packages\scrapy\crawler.py", line 169, in _create_engine
    return ExecutionEngine(self, lambda _: self.stop())
           ^^^^^^^^^^^^^^^^^^^^^^^^^^^^^^^^^^^^^^^^^^^^
  File "C:\Users\sandr\OneDrive\Área de Trabalho\Challenge HP\Challenge-HP\.venv\Lib\site-packages\scrapy\core\engine.py", line 113, in __init__
    self.close()
  File "C:\Users\sandr\OneDrive\Área de Trabalho\Challenge HP\Challenge-HP\.venv\Lib\site-packages\scrapy\core\engine.py", line 173, in close
    self.downloader.close()
    ^^^^^^^^^^^^^^^
AttributeError: 'ExecutionEngine' object has no attribute 'downloader'. Did you mean: '_downloaded'?
2025-09-25 21:54:15,715 - WARNING - Nenhum produto foi coletado
2025-09-25 21:54:19,195 - INFO -  * Detected change in 'C:\\Users\\sandr\\OneDrive\\Área de Trabalho\\Challenge HP\\Challenge-HP\\mercadolivre_spider.py', reloading
2025-09-25 21:54:19,197 - INFO -  * Detected change in 'C:\\Users\\sandr\\OneDrive\\Área de Trabalho\\Challenge HP\\Challenge-HP\\test_anti_bot.py', reloading
2025-09-25 21:54:19,197 - INFO -  * Detected change in 'C:\\Users\\sandr\\OneDrive\\Área de Trabalho\\Challenge HP\\Challenge-HP\\test_quick.py', reloading
2025-09-25 21:54:19,198 - INFO -  * Detected change in 'C:\\Users\\sandr\\OneDrive\\Área de Trabalho\\Challenge HP\\Challenge-HP\\mercadolivre_spider.py', reloading
2025-09-25 21:54:19,198 - INFO -  * Detected change in 'C:\\Users\\sandr\\OneDrive\\Área de Trabalho\\Challenge HP\\Challenge-HP\\test_anti_bot.py', reloading
2025-09-25 21:54:19,198 - INFO -  * Detected change in 'C:\\Users\\sandr\\OneDrive\\Área de Trabalho\\Challenge HP\\Challenge-HP\\test_quick.py', reloading
2025-09-25 21:54:19,199 - INFO -  * Detected change in 'C:\\Users\\sandr\\OneDrive\\Área de Trabalho\\Challenge HP\\Challenge-HP\\mercadolivre_spider.py', reloading
2025-09-25 21:54:20,290 - INFO -  * Restarting with watchdog (windowsapi)
2025-09-25 21:54:21,574 - WARNING -  * Debugger is active!
2025-09-25 21:54:21,579 - INFO -  * Debugger PIN: 388-795-822
2025-09-25 21:54:22,495 - INFO -  * Detected change in 'C:\\Users\\sandr\\OneDrive\\Área de Trabalho\\Challenge HP\\Challenge-HP\\exemplo_uso.py', reloading
2025-09-25 21:54:23,016 - INFO -  * Restarting with watchdog (windowsapi)
2025-09-25 21:54:24,077 - WARNING -  * Debugger is active!
2025-09-25 21:54:24,081 - INFO -  * Debugger PIN: 388-795-822
2025-09-25 21:54:25,108 - INFO - 127.0.0.1 - - [25/Sep/2025 21:54:25] "GET /jobs HTTP/1.1" 200 -
2025-09-25 21:54:25,183 - INFO - 127.0.0.1 - - [25/Sep/2025 21:54:25] "[36mGET /static/style.css HTTP/1.1[0m" 304 -
2025-09-25 21:55:04,184 - INFO -  * Detected change in 'C:\\Users\\sandr\\OneDrive\\Área de Trabalho\\Challenge HP\\Challenge-HP\\teste_sistema.py', reloading
2025-09-25 21:55:05,334 - INFO -  * Restarting with watchdog (windowsapi)
2025-09-25 21:55:06,482 - WARNING -  * Debugger is active!
2025-09-25 21:55:06,485 - INFO -  * Debugger PIN: 388-795-822
2025-09-25 21:55:33,996 - INFO -  * Detected change in 'C:\\Users\\sandr\\OneDrive\\Área de Trabalho\\Challenge HP\\Challenge-HP\\mercadolivre_spider.py', reloading
2025-09-25 21:55:34,014 - INFO -  * Detected change in 'C:\\Users\\sandr\\OneDrive\\Área de Trabalho\\Challenge HP\\Challenge-HP\\mercadolivre_spider.py', reloading
2025-09-25 21:55:34,015 - INFO -  * Detected change in 'C:\\Users\\sandr\\OneDrive\\Área de Trabalho\\Challenge HP\\Challenge-HP\\mercadolivre_spider.py', reloading
2025-09-25 21:55:34,437 - INFO -  * Restarting with watchdog (windowsapi)
2025-09-25 21:55:35,648 - WARNING -  * Debugger is active!
2025-09-25 21:55:35,652 - INFO -  * Debugger PIN: 388-795-822
2025-09-25 21:55:57,736 - INFO -  * Detected change in 'C:\\Users\\sandr\\OneDrive\\Área de Trabalho\\Challenge HP\\Challenge-HP\\mercadolivre_spider.py', reloading
2025-09-25 21:55:57,737 - INFO -  * Detected change in 'C:\\Users\\sandr\\OneDrive\\Área de Trabalho\\Challenge HP\\Challenge-HP\\mercadolivre_spider.py', reloading
2025-09-25 21:55:58,455 - INFO -  * Restarting with watchdog (windowsapi)
2025-09-25 21:55:59,653 - WARNING -  * Debugger is active!
2025-09-25 21:55:59,659 - INFO -  * Debugger PIN: 388-795-822
2025-09-25 21:56:08,593 - INFO -  * Detected change in 'C:\\Users\\sandr\\OneDrive\\Área de Trabalho\\Challenge HP\\Challenge-HP\\mercadolivre_spider.py', reloading
2025-09-25 21:56:08,594 - INFO -  * Detected change in 'C:\\Users\\sandr\\OneDrive\\Área de Trabalho\\Challenge HP\\Challenge-HP\\mercadolivre_spider.py', reloading
2025-09-25 21:56:08,595 - INFO -  * Detected change in 'C:\\Users\\sandr\\OneDrive\\Área de Trabalho\\Challenge HP\\Challenge-HP\\mercadolivre_spider.py', reloading
2025-09-25 21:56:09,130 - INFO -  * Restarting with watchdog (windowsapi)
2025-09-25 21:56:10,415 - WARNING -  * Debugger is active!
2025-09-25 21:56:10,419 - INFO -  * Debugger PIN: 388-795-822
2025-09-25 21:56:40,660 - INFO -  * Detected change in 'C:\\Users\\sandr\\OneDrive\\Área de Trabalho\\Challenge HP\\Challenge-HP\\mercadolivre_spider.py', reloading
2025-09-25 21:56:40,661 - INFO -  * Detected change in 'C:\\Users\\sandr\\OneDrive\\Área de Trabalho\\Challenge HP\\Challenge-HP\\mercadolivre_spider.py', reloading
2025-09-25 21:56:40,665 - INFO -  * Detected change in 'C:\\Users\\sandr\\OneDrive\\Área de Trabalho\\Challenge HP\\Challenge-HP\\mercadolivre_spider.py', reloading
2025-09-25 21:56:40,668 - INFO -  * Detected change in 'C:\\Users\\sandr\\OneDrive\\Área de Trabalho\\Challenge HP\\Challenge-HP\\mercadolivre_spider.py', reloading
2025-09-25 21:56:41,447 - INFO -  * Restarting with watchdog (windowsapi)
2025-09-25 21:56:42,652 - WARNING -  * Debugger is active!
2025-09-25 21:56:42,657 - INFO -  * Debugger PIN: 388-795-822
2025-09-25 21:56:53,197 - INFO -  * Detected change in 'C:\\Users\\sandr\\OneDrive\\Área de Trabalho\\Challenge HP\\Challenge-HP\\mercadolivre_spider.py', reloading
2025-09-25 21:56:53,198 - INFO -  * Detected change in 'C:\\Users\\sandr\\OneDrive\\Área de Trabalho\\Challenge HP\\Challenge-HP\\mercadolivre_spider.py', reloading
2025-09-25 21:56:53,198 - INFO -  * Detected change in 'C:\\Users\\sandr\\OneDrive\\Área de Trabalho\\Challenge HP\\Challenge-HP\\mercadolivre_spider.py', reloading
2025-09-25 21:56:54,117 - INFO -  * Restarting with watchdog (windowsapi)
2025-09-25 21:56:55,474 - WARNING -  * Debugger is active!
2025-09-25 21:56:55,478 - INFO -  * Debugger PIN: 388-795-822
2025-09-25 21:57:11,346 - INFO -  * Detected change in 'C:\\Users\\sandr\\OneDrive\\Área de Trabalho\\Challenge HP\\Challenge-HP\\mercadolivre_spider.py', reloading
2025-09-25 21:57:11,348 - INFO -  * Detected change in 'C:\\Users\\sandr\\OneDrive\\Área de Trabalho\\Challenge HP\\Challenge-HP\\mercadolivre_spider.py', reloading
2025-09-25 21:57:12,121 - INFO -  * Restarting with watchdog (windowsapi)
2025-09-25 21:57:13,329 - WARNING -  * Debugger is active!
2025-09-25 21:57:13,333 - INFO -  * Debugger PIN: 388-795-822
2025-09-25 21:57:57,874 - INFO - [31m[1mWARNING: This is a development server. Do not use it in a production deployment. Use a production WSGI server instead.[0m
 * Running on all addresses (0.0.0.0)
 * Running on http://127.0.0.1:5000
 * Running on http://172.22.0.15:5000
2025-09-25 21:57:57,875 - INFO - [33mPress CTRL+C to quit[0m
2025-09-25 21:57:57,884 - INFO -  * Restarting with watchdog (windowsapi)
2025-09-25 21:57:59,088 - WARNING -  * Debugger is active!
2025-09-25 21:57:59,092 - INFO -  * Debugger PIN: 388-795-822
2025-09-25 21:58:47,311 - INFO - Iniciando scraping para: HP
2025-09-25 21:58:47,311 - INFO - Parâmetros: max_items=1, images=False, sort=relevance
2025-09-25 21:58:48,334 - INFO - Spider iniciado com configurações otimizadas:
2025-09-25 21:58:48,335 - INFO -    CONCURRENT_REQUESTS: 1
2025-09-25 21:58:48,335 - INFO -    CONCURRENT_REQUESTS_PER_DOMAIN: 1
2025-09-25 21:58:48,335 - INFO -    DOWNLOAD_TIMEOUT: 30s
2025-09-25 21:58:48,335 - INFO -    HTTPCACHE_ENABLED: False
2025-09-25 21:58:48,337 - INFO - Scrapy 2.13.0 started (bot: scrapybot)
2025-09-25 21:58:48,571 - INFO - Versions:
{'lxml': '5.4.0',
 'libxml2': '2.11.9',
 'cssselect': '1.3.0',
 'parsel': '1.10.0',
 'w3lib': '2.3.1',
 'Twisted': '24.11.0',
 'Python': '3.12.10 (tags/v3.12.10:0cc8128, Apr  8 2025, 12:21:36) [MSC v.1943 '
           '64 bit (AMD64)]',
 'pyOpenSSL': '25.1.0 (OpenSSL 3.5.0 8 Apr 2025)',
 'cryptography': '45.0.2',
 'Platform': 'Windows-11-10.0.26100-SP0'}
2025-09-25 21:58:48,598 - INFO - Spider initialized for query='HP', sort_by='relevance', condition='all', max_items=1. Start URL: https://lista.mercadolivre.com.br/hp?sb=all_mercadolibre#D[A:HP]
2025-09-25 21:58:48,599 - INFO - Enabled addons:
[]
2025-09-25 21:58:48,602 - DEBUG - Using reactor: twisted.internet.asyncioreactor.AsyncioSelectorReactor
2025-09-25 21:58:48,602 - DEBUG - Using asyncio event loop: asyncio.windows_events._WindowsSelectorEventLoop
2025-09-25 21:58:48,604 - INFO - Telnet Password: e77aebd794c931c0
2025-09-25 21:58:48,617 - INFO - Enabled extensions:
['scrapy.extensions.corestats.CoreStats',
 'scrapy.extensions.telnet.TelnetConsole',
 'scrapy.extensions.logstats.LogStats',
 'scrapy.extensions.throttle.AutoThrottle']
2025-09-25 21:58:48,618 - INFO - Overridden settings:
{'AUTOTHROTTLE_ENABLED': True,
 'AUTOTHROTTLE_MAX_DELAY': 30,
 'AUTOTHROTTLE_START_DELAY': 3.9616660200308873,
 'CONCURRENT_REQUESTS': 1,
 'CONCURRENT_REQUESTS_PER_DOMAIN': 1,
 'DOWNLOAD_DELAY': 6.574235823965634,
 'DOWNLOAD_TIMEOUT': 30,
 'DOWNLOAD_WARNSIZE': 0,
 'LOG_LEVEL': 'INFO',
 'RETRY_HTTP_CODES': [500, 502, 503, 504, 408, 429, 403],
 'RETRY_TIMES': 5,
 'USER_AGENT': 'Mozilla/5.0 (Windows NT 10.0; Win64; x64) AppleWebKit/537.36 '
               '(KHTML, like Gecko) Chrome/119.0.0.0 Safari/537.36 '
               'Edg/119.0.0.0'}
2025-09-25 21:58:48,710 - INFO - Enabled downloader middlewares:
['scrapy.downloadermiddlewares.offsite.OffsiteMiddleware',
 'scrapy.downloadermiddlewares.retry.RetryMiddleware',
 'scrapy.downloadermiddlewares.httpproxy.HttpProxyMiddleware',
 'scrapy.downloadermiddlewares.httpauth.HttpAuthMiddleware',
 'scrapy.downloadermiddlewares.downloadtimeout.DownloadTimeoutMiddleware',
 'scrapy.downloadermiddlewares.defaultheaders.DefaultHeadersMiddleware',
 'scrapy.downloadermiddlewares.redirect.MetaRefreshMiddleware',
 'scrapy.downloadermiddlewares.httpcompression.HttpCompressionMiddleware',
 'scrapy.downloadermiddlewares.redirect.RedirectMiddleware',
 'scrapy.downloadermiddlewares.cookies.CookiesMiddleware',
 'scrapy.downloadermiddlewares.stats.DownloaderStats']
2025-09-25 21:58:48,714 - INFO - Enabled spider middlewares:
['scrapy.spidermiddlewares.start.StartSpiderMiddleware',
 'scrapy.spidermiddlewares.httperror.HttpErrorMiddleware',
 'scrapy.spidermiddlewares.referer.RefererMiddleware',
 'scrapy.spidermiddlewares.urllength.UrlLengthMiddleware',
 'scrapy.spidermiddlewares.depth.DepthMiddleware']
2025-09-25 21:58:48,715 - INFO - Enabled item pipelines:
[]
2025-09-25 21:58:48,716 - INFO - Spider opened
2025-09-25 21:58:48,723 - WARNING - C:\Users\sandr\OneDrive\Área de Trabalho\Challenge HP\Challenge-HP\.venv\Lib\site-packages\scrapy\core\spidermw.py:433: ScrapyDeprecationWarning: mercadolivre_spider.MercadoLivreSpider defines the deprecated start_requests() method. start_requests() has been deprecated in favor of a new method, start(), to support asynchronous code execution. start_requests() will stop being called in a future version of Scrapy. If you use Scrapy 2.13 or higher only, replace start_requests() with start(); note that start() is a coroutine (async def). If you need to maintain compatibility with lower Scrapy versions, when overriding start_requests() in a spider class, override start() as well; you can use super() to reuse the inherited start() implementation without copy-pasting. See the release notes of Scrapy 2.13 for details: https://docs.scrapy.org/en/2.13/news.html
  warn(

2025-09-25 21:58:48,724 - INFO - Crawled 0 pages (at 0 pages/min), scraped 0 items (at 0 items/min)
2025-09-25 21:58:48,725 - INFO - Telnet console listening on 127.0.0.1:6023
2025-09-25 21:58:48,726 - INFO - Attempting to scrape URL: https://lista.mercadolivre.com.br/hp?sb=all_mercadolibre#D[A:HP]
2025-09-25 21:58:48,726 - INFO - Aguardando 7.4s antes da primeira requisição...
2025-09-25 21:58:56,674 - DEBUG - Crawled (302) <GET https://lista.mercadolivre.com.br/hp?sb=all_mercadolibre#D%5BA:HP%5D> (referer: None)
2025-09-25 21:58:56,787 - INFO - Processing URL: https://lista.mercadolivre.com.br/hp?sb=all_mercadolibre (Page 1)
2025-09-25 21:58:56,789 - INFO - HTML da primeira página de resultados (https://lista.mercadolivre.com.br/hp?sb=all_mercadolibre) salvo em scraped_page_content_debug.html para depuração.
2025-09-25 21:58:56,790 - WARNING - Nenhum container de produto encontrado com seletores poly-card ou geral na URL: https://lista.mercadolivre.com.br/hp?sb=all_mercadolibre
2025-09-25 21:58:56,791 - INFO - Closing spider (finished)
2025-09-25 21:58:56,792 - INFO - Dumping Scrapy stats:
{'downloader/request_bytes': 761,
 'downloader/request_count': 1,
 'downloader/request_method_count/GET': 1,
 'downloader/response_bytes': 5206,
 'downloader/response_count': 1,
 'downloader/response_status_count/302': 1,
 'elapsed_time_seconds': 8.067716,
 'finish_reason': 'finished',
 'finish_time': datetime.datetime(2025, 9, 26, 0, 58, 56, 792258, tzinfo=datetime.timezone.utc),
 'items_per_minute': 0.0,
 'log_count/INFO': 14,
 'log_count/WARNING': 2,
 'response_received_count': 1,
 'responses_per_minute': 7.5,
 'scheduler/dequeued': 1,
 'scheduler/dequeued/memory': 1,
 'scheduler/enqueued': 1,
 'scheduler/enqueued/memory': 1,
 'start_time': datetime.datetime(2025, 9, 26, 0, 58, 48, 724542, tzinfo=datetime.timezone.utc)}
2025-09-25 21:58:56,793 - INFO - Spider closed (finished)
2025-09-25 21:58:56,968 - WARNING - Nenhum produto foi coletado
2025-09-25 21:58:56,969 - INFO - 127.0.0.1 - - [25/Sep/2025 21:58:56] "POST /api/scraping/simple HTTP/1.1" 200 -
2025-09-25 21:59:25,386 - INFO - [31m[1mWARNING: This is a development server. Do not use it in a production deployment. Use a production WSGI server instead.[0m
 * Running on all addresses (0.0.0.0)
 * Running on http://127.0.0.1:5000
 * Running on http://172.22.0.15:5000
2025-09-25 21:59:25,387 - INFO - [33mPress CTRL+C to quit[0m
2025-09-25 21:59:25,394 - INFO -  * Restarting with watchdog (windowsapi)
2025-09-25 21:59:26,642 - WARNING -  * Debugger is active!
2025-09-25 21:59:26,645 - INFO -  * Debugger PIN: 388-795-822
2025-09-25 21:59:27,597 - INFO - 127.0.0.1 - - [25/Sep/2025 21:59:27] "GET /scraping HTTP/1.1" 200 -
2025-09-25 21:59:27,692 - INFO - 127.0.0.1 - - [25/Sep/2025 21:59:27] "[36mGET /static/style.css HTTP/1.1[0m" 304 -
2025-09-25 21:59:32,114 - INFO - Iniciando scraping para: cartucho
2025-09-25 21:59:32,114 - INFO - Parâmetros: max_items=5, images=False, sort=relevance
2025-09-25 21:59:33,575 - INFO - Spider iniciado com configurações otimizadas:
2025-09-25 21:59:33,576 - INFO -    CONCURRENT_REQUESTS: 1
2025-09-25 21:59:33,576 - INFO -    CONCURRENT_REQUESTS_PER_DOMAIN: 1
2025-09-25 21:59:33,576 - INFO -    DOWNLOAD_TIMEOUT: 30s
2025-09-25 21:59:33,576 - INFO -    HTTPCACHE_ENABLED: False
2025-09-25 21:59:33,579 - INFO - Scrapy 2.13.0 started (bot: scrapybot)
2025-09-25 21:59:33,703 - INFO - Versions:
{'lxml': '5.4.0',
 'libxml2': '2.11.9',
 'cssselect': '1.3.0',
 'parsel': '1.10.0',
 'w3lib': '2.3.1',
 'Twisted': '24.11.0',
 'Python': '3.12.10 (tags/v3.12.10:0cc8128, Apr  8 2025, 12:21:36) [MSC v.1943 '
           '64 bit (AMD64)]',
 'pyOpenSSL': '25.1.0 (OpenSSL 3.5.0 8 Apr 2025)',
 'cryptography': '45.0.2',
 'Platform': 'Windows-11-10.0.26100-SP0'}
2025-09-25 21:59:33,736 - INFO - Spider initialized for query='cartucho', sort_by='relevance', condition='all', max_items=5. Start URL: https://lista.mercadolivre.com.br/cartucho?sb=all_mercadolibre#D[A:cartucho]
2025-09-25 21:59:33,736 - INFO - Enabled addons:
[]
2025-09-25 21:59:33,743 - DEBUG - Using reactor: twisted.internet.asyncioreactor.AsyncioSelectorReactor
2025-09-25 21:59:33,744 - DEBUG - Using asyncio event loop: asyncio.windows_events._WindowsSelectorEventLoop
2025-09-25 21:59:33,746 - INFO - Telnet Password: d2ad9e318fa24457
2025-09-25 21:59:33,762 - INFO - Enabled extensions:
['scrapy.extensions.corestats.CoreStats',
 'scrapy.extensions.telnet.TelnetConsole',
 'scrapy.extensions.logstats.LogStats',
 'scrapy.extensions.throttle.AutoThrottle']
2025-09-25 21:59:33,763 - INFO - Overridden settings:
{'AUTOTHROTTLE_ENABLED': True,
 'AUTOTHROTTLE_MAX_DELAY': 30,
 'AUTOTHROTTLE_START_DELAY': 3.3557685316670307,
 'CONCURRENT_REQUESTS': 1,
 'CONCURRENT_REQUESTS_PER_DOMAIN': 1,
 'DOWNLOAD_DELAY': 5.71328439336494,
 'DOWNLOAD_TIMEOUT': 30,
 'DOWNLOAD_WARNSIZE': 0,
 'LOG_LEVEL': 'INFO',
 'RETRY_HTTP_CODES': [500, 502, 503, 504, 408, 429, 403],
 'RETRY_TIMES': 5,
 'USER_AGENT': 'Mozilla/5.0 (Windows NT 10.0; Win64; x64) AppleWebKit/537.36 '
               '(KHTML, like Gecko) Chrome/119.0.0.0 Safari/537.36 '
               'Edg/119.0.0.0'}
2025-09-25 21:59:33,870 - INFO - Enabled downloader middlewares:
['scrapy.downloadermiddlewares.offsite.OffsiteMiddleware',
 'scrapy.downloadermiddlewares.retry.RetryMiddleware',
 'scrapy.downloadermiddlewares.httpproxy.HttpProxyMiddleware',
 'scrapy.downloadermiddlewares.httpauth.HttpAuthMiddleware',
 'scrapy.downloadermiddlewares.downloadtimeout.DownloadTimeoutMiddleware',
 'scrapy.downloadermiddlewares.defaultheaders.DefaultHeadersMiddleware',
 'scrapy.downloadermiddlewares.redirect.MetaRefreshMiddleware',
 'scrapy.downloadermiddlewares.httpcompression.HttpCompressionMiddleware',
 'scrapy.downloadermiddlewares.redirect.RedirectMiddleware',
 'scrapy.downloadermiddlewares.cookies.CookiesMiddleware',
 'scrapy.downloadermiddlewares.stats.DownloaderStats']
2025-09-25 21:59:33,875 - INFO - Enabled spider middlewares:
['scrapy.spidermiddlewares.start.StartSpiderMiddleware',
 'scrapy.spidermiddlewares.httperror.HttpErrorMiddleware',
 'scrapy.spidermiddlewares.referer.RefererMiddleware',
 'scrapy.spidermiddlewares.urllength.UrlLengthMiddleware',
 'scrapy.spidermiddlewares.depth.DepthMiddleware']
2025-09-25 21:59:33,877 - INFO - Enabled item pipelines:
[]
2025-09-25 21:59:33,878 - INFO - Spider opened
2025-09-25 21:59:33,885 - WARNING - C:\Users\sandr\OneDrive\Área de Trabalho\Challenge HP\Challenge-HP\.venv\Lib\site-packages\scrapy\core\spidermw.py:433: ScrapyDeprecationWarning: mercadolivre_spider.MercadoLivreSpider defines the deprecated start_requests() method. start_requests() has been deprecated in favor of a new method, start(), to support asynchronous code execution. start_requests() will stop being called in a future version of Scrapy. If you use Scrapy 2.13 or higher only, replace start_requests() with start(); note that start() is a coroutine (async def). If you need to maintain compatibility with lower Scrapy versions, when overriding start_requests() in a spider class, override start() as well; you can use super() to reuse the inherited start() implementation without copy-pasting. See the release notes of Scrapy 2.13 for details: https://docs.scrapy.org/en/2.13/news.html
  warn(

2025-09-25 21:59:33,886 - INFO - Crawled 0 pages (at 0 pages/min), scraped 0 items (at 0 items/min)
2025-09-25 21:59:33,887 - INFO - Telnet console listening on 127.0.0.1:6023
2025-09-25 21:59:33,887 - INFO - Attempting to scrape URL: https://lista.mercadolivre.com.br/cartucho?sb=all_mercadolibre#D[A:cartucho]
2025-09-25 21:59:33,888 - INFO - Aguardando 6.4s antes da primeira requisição...
2025-09-25 21:59:37,985 - INFO -  * Detected change in 'C:\\Users\\sandr\\OneDrive\\Área de Trabalho\\Challenge HP\\Challenge-HP\\mercadolivre_spider.py', reloading
2025-09-25 21:59:38,001 - INFO -  * Detected change in 'C:\\Users\\sandr\\OneDrive\\Área de Trabalho\\Challenge HP\\Challenge-HP\\mercadolivre_spider.py', reloading
2025-09-25 21:59:38,002 - INFO -  * Detected change in 'C:\\Users\\sandr\\OneDrive\\Área de Trabalho\\Challenge HP\\Challenge-HP\\mercadolivre_spider.py', reloading
2025-09-25 21:59:41,066 - DEBUG - Crawled (302) <GET https://lista.mercadolivre.com.br/cartucho?sb=all_mercadolibre#D%5BA:cartucho%5D> (referer: None)
2025-09-25 21:59:41,179 - INFO - Processing URL: https://lista.mercadolivre.com.br/cartucho?sb=all_mercadolibre (Page 1)
2025-09-25 21:59:41,180 - INFO - HTML da primeira página de resultados (https://lista.mercadolivre.com.br/cartucho?sb=all_mercadolibre) salvo em scraped_page_content_debug.html para depuração.
2025-09-25 21:59:41,181 - WARNING - Nenhum container de produto encontrado com seletores poly-card ou geral na URL: https://lista.mercadolivre.com.br/cartucho?sb=all_mercadolibre
2025-09-25 21:59:41,182 - INFO - Closing spider (finished)
2025-09-25 21:59:41,182 - INFO - Dumping Scrapy stats:
{'downloader/request_bytes': 761,
 'downloader/request_count': 1,
 'downloader/request_method_count/GET': 1,
 'downloader/response_bytes': 5217,
 'downloader/response_count': 1,
 'downloader/response_status_count/302': 1,
 'elapsed_time_seconds': 7.296143,
 'finish_reason': 'finished',
 'finish_time': datetime.datetime(2025, 9, 26, 0, 59, 41, 182828, tzinfo=datetime.timezone.utc),
 'items_per_minute': 0.0,
 'log_count/INFO': 14,
 'log_count/WARNING': 2,
 'response_received_count': 1,
 'responses_per_minute': 8.571428571428571,
 'scheduler/dequeued': 1,
 'scheduler/dequeued/memory': 1,
 'scheduler/enqueued': 1,
 'scheduler/enqueued/memory': 1,
 'start_time': datetime.datetime(2025, 9, 26, 0, 59, 33, 886685, tzinfo=datetime.timezone.utc)}
2025-09-25 21:59:41,184 - INFO - Spider closed (finished)
2025-09-25 21:59:41,537 - INFO -  * Restarting with watchdog (windowsapi)
2025-09-25 21:59:42,575 - WARNING -  * Debugger is active!
2025-09-25 21:59:42,578 - INFO -  * Debugger PIN: 388-795-822
2025-09-25 22:07:34,089 - INFO -  * Detected change in 'C:\\Users\\sandr\\OneDrive\\Área de Trabalho\\Challenge HP\\Challenge-HP\\mercadolivre_spider.py', reloading
2025-09-25 22:07:34,090 - INFO -  * Detected change in 'C:\\Users\\sandr\\OneDrive\\Área de Trabalho\\Challenge HP\\Challenge-HP\\mercadolivre_spider.py', reloading
2025-09-25 22:07:34,650 - INFO -  * Restarting with watchdog (windowsapi)
2025-09-25 22:07:35,979 - WARNING -  * Debugger is active!
2025-09-25 22:07:35,985 - INFO -  * Debugger PIN: 388-795-822
2025-09-25 22:08:28,389 - INFO -  * Detected change in 'C:\\Users\\sandr\\OneDrive\\Área de Trabalho\\Challenge HP\\Challenge-HP\\mercadolivre_spider.py', reloading
2025-09-25 22:08:28,390 - INFO -  * Detected change in 'C:\\Users\\sandr\\OneDrive\\Área de Trabalho\\Challenge HP\\Challenge-HP\\mercadolivre_spider.py', reloading
2025-09-25 22:08:28,410 - INFO -  * Detected change in 'C:\\Users\\sandr\\OneDrive\\Área de Trabalho\\Challenge HP\\Challenge-HP\\mercadolivre_spider.py', reloading
2025-09-25 22:08:28,718 - INFO -  * Restarting with watchdog (windowsapi)
2025-09-25 22:08:30,114 - WARNING -  * Debugger is active!
2025-09-25 22:08:30,119 - INFO -  * Debugger PIN: 388-795-822
2025-09-25 22:09:04,749 - INFO -  * Detected change in 'C:\\Users\\sandr\\OneDrive\\Área de Trabalho\\Challenge HP\\Challenge-HP\\mercadolivre_spider.py', reloading
2025-09-25 22:09:04,751 - INFO -  * Detected change in 'C:\\Users\\sandr\\OneDrive\\Área de Trabalho\\Challenge HP\\Challenge-HP\\mercadolivre_spider.py', reloading
2025-09-25 22:09:05,325 - INFO -  * Restarting with watchdog (windowsapi)
2025-09-25 22:09:06,857 - WARNING -  * Debugger is active!
2025-09-25 22:09:06,862 - INFO -  * Debugger PIN: 388-795-822
2025-09-25 22:09:33,531 - INFO -  * Detected change in 'C:\\Users\\sandr\\OneDrive\\Área de Trabalho\\Challenge HP\\Challenge-HP\\mercadolivre_spider.py', reloading
2025-09-25 22:09:34,471 - INFO -  * Restarting with watchdog (windowsapi)
2025-09-25 22:09:36,833 - WARNING -  * Debugger is active!
2025-09-25 22:09:36,845 - INFO -  * Debugger PIN: 388-795-822
2025-09-25 22:09:47,694 - INFO -  * Detected change in 'C:\\Users\\sandr\\OneDrive\\Área de Trabalho\\Challenge HP\\Challenge-HP\\mercadolivre_spider.py', reloading
2025-09-25 22:09:47,695 - INFO -  * Detected change in 'C:\\Users\\sandr\\OneDrive\\Área de Trabalho\\Challenge HP\\Challenge-HP\\mercadolivre_spider.py', reloading
2025-09-25 22:09:48,794 - INFO -  * Restarting with watchdog (windowsapi)
2025-09-25 22:09:51,104 - WARNING -  * Debugger is active!
2025-09-25 22:09:51,115 - INFO -  * Debugger PIN: 388-795-822
2025-09-25 22:10:06,635 - INFO -  * Detected change in 'C:\\Users\\sandr\\OneDrive\\Área de Trabalho\\Challenge HP\\Challenge-HP\\mercadolivre_spider.py', reloading
2025-09-25 22:10:06,647 - INFO -  * Detected change in 'C:\\Users\\sandr\\OneDrive\\Área de Trabalho\\Challenge HP\\Challenge-HP\\mercadolivre_spider.py', reloading
2025-09-25 22:10:06,647 - INFO -  * Detected change in 'C:\\Users\\sandr\\OneDrive\\Área de Trabalho\\Challenge HP\\Challenge-HP\\mercadolivre_spider.py', reloading
2025-09-25 22:10:07,271 - INFO -  * Restarting with watchdog (windowsapi)
2025-09-25 22:10:09,460 - WARNING -  * Debugger is active!
2025-09-25 22:10:09,467 - INFO -  * Debugger PIN: 388-795-822
2025-09-25 22:11:12,176 - INFO -  * Detected change in 'C:\\Users\\sandr\\OneDrive\\Área de Trabalho\\Challenge HP\\Challenge-HP\\test_spider_corrigido.py', reloading
2025-09-25 22:11:12,303 - INFO -  * Detected change in 'C:\\Users\\sandr\\OneDrive\\Área de Trabalho\\Challenge HP\\Challenge-HP\\test_spider_corrigido.py', reloading
2025-09-25 22:11:12,305 - INFO -  * Detected change in 'C:\\Users\\sandr\\OneDrive\\Área de Trabalho\\Challenge HP\\Challenge-HP\\test_spider_corrigido.py', reloading
2025-09-25 22:11:12,306 - INFO -  * Detected change in 'C:\\Users\\sandr\\OneDrive\\Área de Trabalho\\Challenge HP\\Challenge-HP\\test_spider_corrigido.py', reloading
2025-09-25 22:11:12,929 - INFO -  * Restarting with watchdog (windowsapi)
2025-09-25 22:11:15,417 - WARNING -  * Debugger is active!
2025-09-25 22:11:15,425 - INFO -  * Debugger PIN: 388-795-822
2025-09-25 22:12:33,751 - INFO -  * Detected change in 'C:\\Users\\sandr\\OneDrive\\Área de Trabalho\\Challenge HP\\Challenge-HP\\mercadolivre_spider.py', reloading
2025-09-25 22:12:33,754 - INFO -  * Detected change in 'C:\\Users\\sandr\\OneDrive\\Área de Trabalho\\Challenge HP\\Challenge-HP\\test_spider_corrigido.py', reloading
2025-09-25 22:12:33,756 - INFO -  * Detected change in 'C:\\Users\\sandr\\OneDrive\\Área de Trabalho\\Challenge HP\\Challenge-HP\\mercadolivre_spider.py', reloading
2025-09-25 22:12:33,757 - INFO -  * Detected change in 'C:\\Users\\sandr\\OneDrive\\Área de Trabalho\\Challenge HP\\Challenge-HP\\test_spider_corrigido.py', reloading
2025-09-25 22:12:33,758 - INFO -  * Detected change in 'C:\\Users\\sandr\\OneDrive\\Área de Trabalho\\Challenge HP\\Challenge-HP\\mercadolivre_spider.py', reloading
2025-09-25 22:12:34,021 - INFO -  * Restarting with watchdog (windowsapi)
2025-09-25 22:12:35,363 - WARNING -  * Debugger is active!
2025-09-25 22:12:35,368 - INFO -  * Debugger PIN: 388-795-822
2025-09-26 01:12:15,684 - INFO - [31m[1mWARNING: This is a development server. Do not use it in a production deployment. Use a production WSGI server instead.[0m
 * Running on all addresses (0.0.0.0)
 * Running on http://127.0.0.1:5000
 * Running on http://192.168.100.14:5000
2025-09-26 01:12:15,694 - INFO - [33mPress CTRL+C to quit[0m
2025-09-26 01:12:15,742 - INFO -  * Restarting with watchdog (windowsapi)
2025-09-26 01:12:21,921 - WARNING -  * Debugger is active!
2025-09-26 01:12:21,938 - INFO -  * Debugger PIN: 702-902-971
2025-09-26 01:12:23,516 - INFO -  * Detected change in 'C:\\Program Files\\WindowsApps\\PythonSoftwareFoundation.Python.3.12_3.12.2800.0_x64__qbz5n2kfra8p0\\Lib\\encodings\\unicode_escape.py', reloading
2025-09-26 01:12:23,554 - INFO - 192.168.100.14 - - [26/Sep/2025 01:12:23] "GET / HTTP/1.1" 200 -
2025-09-26 01:12:24,219 - INFO - 192.168.100.14 - - [26/Sep/2025 01:12:24] "GET /static/style.css HTTP/1.1" 200 -
2025-09-26 01:12:25,052 - INFO -  * Restarting with watchdog (windowsapi)
2025-09-26 01:12:34,457 - WARNING -  * Debugger is active!
2025-09-26 01:12:34,579 - INFO -  * Debugger PIN: 702-902-971
2025-09-26 01:12:34,886 - INFO - 192.168.100.14 - - [26/Sep/2025 01:12:34] "GET /api/jobs HTTP/1.1" 200 -
2025-09-26 01:12:34,919 - INFO - 192.168.100.14 - - [26/Sep/2025 01:12:34] "GET /api/datasets HTTP/1.1" 200 -
2025-09-26 01:12:34,999 - INFO - 192.168.100.14 - - [26/Sep/2025 01:12:34] "[33mGET /favicon.ico HTTP/1.1[0m" 404 -
2025-09-26 01:12:35,120 - INFO - 192.168.100.14 - - [26/Sep/2025 01:12:35] "GET /scraping HTTP/1.1" 200 -
2025-09-26 01:12:35,134 - INFO - 192.168.100.14 - - [26/Sep/2025 01:12:35] "GET /scraping HTTP/1.1" 200 -
2025-09-26 01:12:35,547 - INFO - 192.168.100.14 - - [26/Sep/2025 01:12:35] "[36mGET /static/style.css HTTP/1.1[0m" 304 -
2025-09-26 01:12:56,890 - INFO - Job 3ef55169: Iniciando coleta de produtos
2025-09-26 01:12:56,897 - INFO - 192.168.100.14 - - [26/Sep/2025 01:12:56] "[32mPOST /web/scraping/start HTTP/1.1[0m" 302 -
2025-09-26 01:12:56,897 - INFO - Iniciando scraping para: cartucho hp 664
2025-09-26 01:12:56,899 - INFO - Parâmetros: max_items=10, images=True, sort=relevance
2025-09-26 01:12:56,949 - INFO - 192.168.100.14 - - [26/Sep/2025 01:12:56] "GET /jobs HTTP/1.1" 200 -
2025-09-26 01:12:56,956 - INFO -  * Detected change in 'C:\\Program Files\\WindowsApps\\PythonSoftwareFoundation.Python.3.12_3.12.2800.0_x64__qbz5n2kfra8p0\\Lib\\multiprocessing\\queues.py', reloading
2025-09-26 01:12:56,965 - INFO -  * Detected change in 'C:\\Program Files\\WindowsApps\\PythonSoftwareFoundation.Python.3.12_3.12.2800.0_x64__qbz5n2kfra8p0\\Lib\\multiprocessing\\connection.py', reloading
2025-09-26 01:12:56,972 - INFO -  * Detected change in 'C:\\Program Files\\WindowsApps\\PythonSoftwareFoundation.Python.3.12_3.12.2800.0_x64__qbz5n2kfra8p0\\Lib\\multiprocessing\\popen_spawn_win32.py', reloading
2025-09-26 01:12:57,039 - INFO -  * Detected change in 'C:\\Program Files\\WindowsApps\\PythonSoftwareFoundation.Python.3.12_3.12.2800.0_x64__qbz5n2kfra8p0\\Lib\\multiprocessing\\spawn.py', reloading
2025-09-26 01:12:57,042 - INFO - 192.168.100.14 - - [26/Sep/2025 01:12:57] "[36mGET /static/style.css HTTP/1.1[0m" 304 -
2025-09-26 01:13:01,558 - INFO - Spider iniciado com configurações otimizadas:
2025-09-26 01:13:01,559 - INFO -    CONCURRENT_REQUESTS: 1
2025-09-26 01:13:01,559 - INFO -    CONCURRENT_REQUESTS_PER_DOMAIN: 1
2025-09-26 01:13:01,559 - INFO -    DOWNLOAD_TIMEOUT: 30s
2025-09-26 01:13:01,560 - INFO -    HTTPCACHE_ENABLED: False
2025-09-26 01:13:01,565 - INFO - Scrapy 2.13.0 started (bot: scrapybot)
2025-09-26 01:13:01,968 - INFO - Versions:
{'lxml': '5.4.0',
 'libxml2': '2.11.9',
 'cssselect': '1.3.0',
 'parsel': '1.10.0',
 'w3lib': '2.3.1',
 'Twisted': '24.11.0',
 'Python': '3.12.10 (tags/v3.12.10:0cc8128, Apr  8 2025, 12:21:36) [MSC v.1943 '
           '64 bit (AMD64)]',
 'pyOpenSSL': '25.1.0 (OpenSSL 3.5.0 8 Apr 2025)',
 'cryptography': '45.0.2',
 'Platform': 'Windows-11-10.0.26100-SP0'}
2025-09-26 01:13:02,044 - INFO - Spider initialized for query='cartucho hp 664', sort_by='relevance', condition='all', max_items=10. Start URL: https://lista.mercadolivre.com.br/cartucho-hp-664?sb=all_mercadolibre#D[A:cartucho%20hp%20664]
2025-09-26 01:13:02,045 - INFO - Enabled addons:
[]
2025-09-26 01:13:02,066 - DEBUG - Using reactor: twisted.internet.asyncioreactor.AsyncioSelectorReactor
2025-09-26 01:13:02,066 - DEBUG - Using asyncio event loop: asyncio.windows_events._WindowsSelectorEventLoop
2025-09-26 01:13:02,093 - INFO - Telnet Password: ece2aeda6f509917
2025-09-26 01:13:02,451 - INFO - Enabled extensions:
['scrapy.extensions.corestats.CoreStats',
 'scrapy.extensions.telnet.TelnetConsole',
 'scrapy.extensions.logstats.LogStats',
 'scrapy.extensions.throttle.AutoThrottle']
2025-09-26 01:13:02,454 - INFO - Overridden settings:
{'AUTOTHROTTLE_ENABLED': True,
 'AUTOTHROTTLE_MAX_DELAY': 30,
 'AUTOTHROTTLE_START_DELAY': 5.141411818044634,
 'CONCURRENT_REQUESTS': 1,
 'CONCURRENT_REQUESTS_PER_DOMAIN': 1,
 'DOWNLOAD_DELAY': 8.711306834759856,
 'DOWNLOAD_TIMEOUT': 30,
 'DOWNLOAD_WARNSIZE': 0,
 'LOG_LEVEL': 'INFO',
 'RETRY_HTTP_CODES': [500, 502, 503, 504, 408, 429, 403],
 'RETRY_TIMES': 5,
 'USER_AGENT': 'Mozilla/5.0 (Macintosh; Intel Mac OS X 10_15_7) '
               'AppleWebKit/605.1.15 (KHTML, like Gecko) Version/16.6 '
               'Safari/605.1.15'}
2025-09-26 01:13:03,194 - INFO - Enabled downloader middlewares:
['scrapy.downloadermiddlewares.offsite.OffsiteMiddleware',
 'scrapy.downloadermiddlewares.retry.RetryMiddleware',
 'scrapy.downloadermiddlewares.httpproxy.HttpProxyMiddleware',
 'scrapy.downloadermiddlewares.httpauth.HttpAuthMiddleware',
 'scrapy.downloadermiddlewares.downloadtimeout.DownloadTimeoutMiddleware',
 'scrapy.downloadermiddlewares.defaultheaders.DefaultHeadersMiddleware',
 'scrapy.downloadermiddlewares.redirect.MetaRefreshMiddleware',
 'scrapy.downloadermiddlewares.httpcompression.HttpCompressionMiddleware',
 'scrapy.downloadermiddlewares.redirect.RedirectMiddleware',
 'scrapy.downloadermiddlewares.cookies.CookiesMiddleware',
 'scrapy.downloadermiddlewares.stats.DownloaderStats']
2025-09-26 01:13:03,239 - INFO - Enabled spider middlewares:
['scrapy.spidermiddlewares.start.StartSpiderMiddleware',
 'scrapy.spidermiddlewares.httperror.HttpErrorMiddleware',
 'scrapy.spidermiddlewares.referer.RefererMiddleware',
 'scrapy.spidermiddlewares.urllength.UrlLengthMiddleware',
 'scrapy.spidermiddlewares.depth.DepthMiddleware']
2025-09-26 01:13:03,247 - INFO - Enabled item pipelines:
[]
2025-09-26 01:13:03,259 - INFO - Spider opened
2025-09-26 01:13:03,331 - WARNING - C:\Challenge HP\Challenge-HP\.venv\Lib\site-packages\scrapy\core\spidermw.py:433: ScrapyDeprecationWarning: mercadolivre_spider.MercadoLivreSpider defines the deprecated start_requests() method. start_requests() has been deprecated in favor of a new method, start(), to support asynchronous code execution. start_requests() will stop being called in a future version of Scrapy. If you use Scrapy 2.13 or higher only, replace start_requests() with start(); note that start() is a coroutine (async def). If you need to maintain compatibility with lower Scrapy versions, when overriding start_requests() in a spider class, override start() as well; you can use super() to reuse the inherited start() implementation without copy-pasting. See the release notes of Scrapy 2.13 for details: https://docs.scrapy.org/en/2.13/news.html
  warn(

2025-09-26 01:13:03,333 - INFO - Crawled 0 pages (at 0 pages/min), scraped 0 items (at 0 items/min)
2025-09-26 01:13:03,347 - INFO - Telnet console listening on 127.0.0.1:6023
2025-09-26 01:13:03,362 - INFO - Attempting to scrape URL: https://lista.mercadolivre.com.br/cartucho-hp-664?sb=all_mercadolibre#D[A:cartucho%20hp%20664]
2025-09-26 01:13:03,371 - INFO - Aguardando 7.4s antes da primeira requisição...
2025-09-26 01:13:11,865 - DEBUG - Crawled (200) <GET https://lista.mercadolivre.com.br/cartucho-hp-664?sb=all_mercadolibre#D%5BA:cartucho%20hp%20664%5D> (referer: None)
2025-09-26 01:13:12,022 - INFO - Processing URL: https://lista.mercadolivre.com.br/cartucho-hp-664?sb=all_mercadolibre (Page 1)
2025-09-26 01:13:12,028 - INFO - HTML da primeira página de resultados (https://lista.mercadolivre.com.br/cartucho-hp-664?sb=all_mercadolibre) salvo em scraped_page_content_debug.html para depuração.
2025-09-26 01:13:12,201 - INFO - Encontrados 50 produtos com seletor: li.ui-search-layout__item
2025-09-26 01:13:12,206 - INFO - Usando seletor bem-sucedido: li.ui-search-layout__item
2025-09-26 01:13:12,211 - INFO - Processando 50 containers de produto encontrados em https://lista.mercadolivre.com.br/cartucho-hp-664?sb=all_mercadolibre
2025-09-26 01:13:12,213 - INFO - --- Pulando container 1 (item patrocinado 1/2) ---
2025-09-26 01:13:12,214 - INFO - --- Pulando container 2 (item patrocinado 2/2) ---
2025-09-26 01:13:12,216 - INFO - --- Processando container de produto 3/50 (total coletado: 0, pulados: 2) ---
2025-09-26 01:13:12,258 - INFO -   [TÍTULO] Encontrado: 'Cartucho De Tinta Hp 667 Cor Preto Do 2 Ml'
2025-09-26 01:13:12,264 - INFO -   [LINK] Encontrado: 'https://www.mercadolivre.com.br/cartucho-de-tinta-hp-667-cor-preto-do-2-ml/p/MLB37141763#polycard_client=search-nordic&search_layout=grid&position=3&type=product&tracking_id=f48cef79-03e9-4e95-ba78-7cf69e418c40&wid=MLB4164477091&sid=search'
2025-09-26 01:13:12,266 - INFO -   [ID PRODUTO] Encontrado: 'MLB37141763'
2025-09-26 01:13:12,275 - INFO -   [PREÇO] Encontrado com seletor '.andes-money-amount__fraction': 'R$ 71,34'
2025-09-26 01:13:12,289 - INFO -   [PREÇO ANTERIOR] Encontrado (poly-card fallback): 'R$ 71'
2025-09-26 01:13:12,297 - INFO -   [MARCA] Não encontrada (general/poly).
2025-09-26 01:13:12,309 - INFO -   [IMAGEM] URL da imagem (poly-card fallback): https://http2.mlstatic.com/D_Q_NP_2X_886903-MLA87439311815_072025-E.webp
2025-09-26 01:13:12,317 - INFO -   [VENDEDOR] Não encontrado para o container 3.
2025-09-26 01:13:12,330 - INFO -   [MÉDIA AVALIAÇÕES] Encontrada (poly-card fallback): '4.8'
2025-09-26 01:13:12,332 - INFO -   [TOTAL AVALIAÇÕES] Encontrado (poly-card fallback): '7371'
2025-09-26 01:13:12,337 - INFO -   [ENTREGA] Texto encontrado (poly-card fallback): 'Frete grátis'
2025-09-26 01:13:12,341 - INFO -   [ENTREGA FULL] Indicador FULL encontrado (poly-card fallback SVG).
2025-09-26 01:13:12,343 - INFO - Produto processado: Cartucho De Tinta Hp 667 Cor Preto Do 2 Ml
2025-09-26 01:13:12,345 - INFO - --- Processando container de produto 4/50 (total coletado: 1, pulados: 2) ---
2025-09-26 01:13:12,349 - INFO -   [TÍTULO] Encontrado: 'Cartucho de tinta preta HP Advantage 664 de 2 ml'
2025-09-26 01:13:12,350 - INFO -   [LINK] Encontrado: 'https://www.mercadolivre.com.br/cartucho-de-tinta-preta-hp-advantage-664-de-2-ml/p/MLB36751629#polycard_client=search-nordic&search_layout=grid&position=4&type=product&tracking_id=f48cef79-03e9-4e95-ba78-7cf69e418c40&wid=MLB3866554217&sid=search'
2025-09-26 01:13:12,351 - INFO -   [ID PRODUTO] Encontrado: 'MLB36751629'
2025-09-26 01:13:12,354 - INFO -   [PREÇO] Encontrado com seletor '.andes-money-amount__fraction': 'R$ 62'
2025-09-26 01:13:12,358 - INFO -   [MARCA] Não encontrada (general/poly).
2025-09-26 01:13:12,360 - INFO -   [IMAGEM] URL da imagem (poly-card fallback): https://http2.mlstatic.com/D_Q_NP_2X_901486-MLA82666700555_022025-E.webp
2025-09-26 01:13:12,361 - INFO -   [VENDEDOR] Não encontrado para o container 4.
2025-09-26 01:13:12,364 - INFO -   [MÉDIA AVALIAÇÕES] Encontrada (poly-card fallback): '4.7'
2025-09-26 01:13:12,365 - INFO -   [TOTAL AVALIAÇÕES] Encontrado (poly-card fallback): '4900'
2025-09-26 01:13:12,366 - INFO -   [ENTREGA] Texto encontrado (poly-card fallback): 'Frete grátis'
2025-09-26 01:13:12,367 - INFO -   [ENTREGA FULL] Indicador FULL encontrado (poly-card fallback SVG).
2025-09-26 01:13:12,369 - INFO - Produto processado: Cartucho de tinta preta HP Advantage 664 de 2 ml
2025-09-26 01:13:12,371 - DEBUG - Scraped from <200 https://lista.mercadolivre.com.br/cartucho-hp-664?sb=all_mercadolibre>
{'TITULO PRODUTO': 'Cartucho De Tinta Hp 667 Cor Preto Do 2 Ml', 'LINK': 'https://www.mercadolivre.com.br/cartucho-de-tinta-hp-667-cor-preto-do-2-ml/p/MLB37141763#polycard_client=search-nordic&search_layout=grid&position=3&type=product&tracking_id=f48cef79-03e9-4e95-ba78-7cf69e418c40&wid=MLB4164477091&sid=search', 'ID_PRODUTO': 'MLB37141763', 'PREÇO': 'R$ 71,34', 'PREÇO ANTERIOR': 'R$ 71', 'MARCA': 'N/A', 'IMAGEM': 'https://http2.mlstatic.com/D_Q_NP_2X_886903-MLA87439311815_072025-E.webp', 'VENDEDOR': 'N/A', 'MÉDIA AVALIAÇÕES': '4.8', 'TOTAL AVALIAÇÕES': '7371', 'ENTREGA': 'Frete grátis', 'ENTREGA FULL': 'Sim'}
2025-09-26 01:13:12,372 - INFO - --- Processando container de produto 5/50 (total coletado: 2, pulados: 2) ---
2025-09-26 01:13:12,377 - INFO -   [TÍTULO] Encontrado: 'Kit 2 Cartuchos Hp 664xl (preto + Color) 2136 2676'
2025-09-26 01:13:12,378 - INFO -   [LINK] Encontrado: 'https://www.mercadolivre.com.br/kit-2-cartuchos-hp-664xl-preto-color-2136-2676/p/MLB48102366#polycard_client=search-nordic&search_layout=grid&position=5&type=product&tracking_id=f48cef79-03e9-4e95-ba78-7cf69e418c40&wid=MLB5719977782&sid=search'
2025-09-26 01:13:12,379 - INFO -   [ID PRODUTO] Encontrado: 'MLB48102366'
2025-09-26 01:13:12,381 - INFO -   [PREÇO] Encontrado com seletor '.andes-money-amount__fraction': 'R$ 314,67'
2025-09-26 01:13:12,382 - INFO -   [PREÇO ANTERIOR] Encontrado (poly-card fallback): 'R$ 314'
2025-09-26 01:13:12,384 - INFO -   [MARCA] Não encontrada (general/poly).
2025-09-26 01:13:12,389 - INFO -   [IMAGEM] URL da imagem (poly-card fallback): https://http2.mlstatic.com/D_Q_NP_2X_921961-MLA83444909992_042025-E.webp
2025-09-26 01:13:12,393 - INFO -   [VENDEDOR] Encontrado (poly-card fallback): 'Park Ecom'
2025-09-26 01:13:12,397 - INFO -   [MÉDIA AVALIAÇÕES] Encontrada (poly-card fallback): '4.6'
2025-09-26 01:13:12,398 - INFO -   [TOTAL AVALIAÇÕES] Encontrado (poly-card fallback): '111'
2025-09-26 01:13:12,401 - INFO -   [ENTREGA] Texto encontrado (general alt): 'Chegará grátis hoje'
2025-09-26 01:13:12,407 - INFO -   [ENTREGA FULL] Indicador FULL encontrado (poly-card fallback SVG).
2025-09-26 01:13:12,410 - INFO - Produto processado: Kit 2 Cartuchos Hp 664xl (preto + Color) 2136 2676
2025-09-26 01:13:12,412 - DEBUG - Scraped from <200 https://lista.mercadolivre.com.br/cartucho-hp-664?sb=all_mercadolibre>
{'TITULO PRODUTO': 'Cartucho de tinta preta HP Advantage 664 de 2 ml', 'LINK': 'https://www.mercadolivre.com.br/cartucho-de-tinta-preta-hp-advantage-664-de-2-ml/p/MLB36751629#polycard_client=search-nordic&search_layout=grid&position=4&type=product&tracking_id=f48cef79-03e9-4e95-ba78-7cf69e418c40&wid=MLB3866554217&sid=search', 'ID_PRODUTO': 'MLB36751629', 'PREÇO': 'R$ 62', 'PREÇO ANTERIOR': 'N/A', 'MARCA': 'N/A', 'IMAGEM': 'https://http2.mlstatic.com/D_Q_NP_2X_901486-MLA82666700555_022025-E.webp', 'VENDEDOR': 'N/A', 'MÉDIA AVALIAÇÕES': '4.7', 'TOTAL AVALIAÇÕES': '4900', 'ENTREGA': 'Frete grátis', 'ENTREGA FULL': 'Sim'}
2025-09-26 01:13:12,414 - INFO - --- Processando container de produto 6/50 (total coletado: 3, pulados: 2) ---
2025-09-26 01:13:12,423 - INFO -   [TÍTULO] Encontrado: 'Cartucho HP 664 Colorido(F6V28AB) Para Ink Advantage 1115, 2134, 2136, 2676, 3636, 3776, 3786, 3788,3790, 3836, 4536, 4676,5076, 5276'
2025-09-26 01:13:12,424 - INFO -   [LINK] Encontrado: 'https://www.mercadolivre.com.br/cartucho-hp-664-coloridof6v28ab-para-ink-advantage-1115-2134-2136-2676-3636-3776-3786-37883790-3836-4536-46765076-5276/p/MLB36752265#polycard_client=search-nordic&search_layout=grid&position=6&type=product&tracking_id=f48cef79-03e9-4e95-ba78-7cf69e418c40&wid=MLB5739828170&sid=search'
2025-09-26 01:13:12,425 - INFO -   [ID PRODUTO] Encontrado: 'MLB36752265'
2025-09-26 01:13:12,430 - INFO -   [PREÇO] Encontrado com seletor '.andes-money-amount__fraction': 'R$ 77,90'
2025-09-26 01:13:12,434 - INFO -   [PREÇO ANTERIOR] Encontrado (poly-card fallback): 'R$ 77'
2025-09-26 01:13:12,438 - INFO -   [MARCA] Não encontrada (general/poly).
2025-09-26 01:13:12,442 - INFO -   [IMAGEM] URL da imagem (poly-card fallback): https://http2.mlstatic.com/D_Q_NP_2X_639008-MLA91921137841_092025-E.webp
2025-09-26 01:13:12,445 - INFO -   [VENDEDOR] Encontrado (poly-card fallback): 'Mercado Livre'
2025-09-26 01:13:12,449 - INFO -   [MÉDIA AVALIAÇÕES] Encontrada (poly-card fallback): '4.7'
2025-09-26 01:13:12,450 - INFO -   [TOTAL AVALIAÇÕES] Encontrado (poly-card fallback): '4900'
2025-09-26 01:13:12,454 - INFO -   [ENTREGA] Texto encontrado (poly-card fallback): 'Frete grátis'
2025-09-26 01:13:12,460 - INFO -   [ENTREGA FULL] Indicador FULL encontrado (poly-card fallback SVG).
2025-09-26 01:13:12,462 - INFO - Produto processado: Cartucho HP 664 Colorido(F6V28AB) Para Ink Advantage 1115, 2134, 2136, 2676, 3636, 3776, 3786, 3788,3790, 3836, 4536, 4676,5076, 5276
2025-09-26 01:13:12,464 - DEBUG - Scraped from <200 https://lista.mercadolivre.com.br/cartucho-hp-664?sb=all_mercadolibre>
{'TITULO PRODUTO': 'Kit 2 Cartuchos Hp 664xl (preto + Color) 2136 2676', 'LINK': 'https://www.mercadolivre.com.br/kit-2-cartuchos-hp-664xl-preto-color-2136-2676/p/MLB48102366#polycard_client=search-nordic&search_layout=grid&position=5&type=product&tracking_id=f48cef79-03e9-4e95-ba78-7cf69e418c40&wid=MLB5719977782&sid=search', 'ID_PRODUTO': 'MLB48102366', 'PREÇO': 'R$ 314,67', 'PREÇO ANTERIOR': 'R$ 314', 'MARCA': 'N/A', 'IMAGEM': 'https://http2.mlstatic.com/D_Q_NP_2X_921961-MLA83444909992_042025-E.webp', 'VENDEDOR': 'Park Ecom', 'MÉDIA AVALIAÇÕES': '4.6', 'TOTAL AVALIAÇÕES': '111', 'ENTREGA': 'Chegará grátis hoje', 'ENTREGA FULL': 'Sim'}
2025-09-26 01:13:12,465 - INFO - --- Processando container de produto 7/50 (total coletado: 4, pulados: 2) ---
2025-09-26 01:13:12,473 - INFO -   [TÍTULO] Encontrado: 'Cartucho Tinta Original Hp 664 Preto F6v29ab 2136 2676 3776'
2025-09-26 01:13:12,474 - INFO -   [LINK] Encontrado: 'https://www.mercadolivre.com.br/cartucho-tinta-original-hp-664-preto-f6v29ab-2136-2676-3776/up/MLBU753315902#polycard_client=search-nordic&search_layout=grid&position=7&type=product&tracking_id=f48cef79-03e9-4e95-ba78-7cf69e418c40&wid=MLB2671518847&sid=search'
2025-09-26 01:13:12,476 - WARNING -   [ID PRODUTO] Não encontrado no link: https://www.mercadolivre.com.br/cartucho-tinta-original-hp-664-preto-f6v29ab-2136-2676-3776/up/MLBU753315902#polycard_client=search-nordic&search_layout=grid&position=7&type=product&tracking_id=f48cef79-03e9-4e95-ba78-7cf69e418c40&wid=MLB2671518847&sid=search
2025-09-26 01:13:12,480 - INFO -   [PREÇO] Encontrado com seletor '.andes-money-amount__fraction': 'R$ 64,90'
2025-09-26 01:13:12,484 - INFO -   [MARCA] Não encontrada (general/poly).
2025-09-26 01:13:12,489 - INFO -   [IMAGEM] URL da imagem (poly-card fallback): https://http2.mlstatic.com/D_Q_NP_2X_604903-MLA50235451064_062022-E.webp
2025-09-26 01:13:12,491 - INFO -   [VENDEDOR] Não encontrado para o container 7.
2025-09-26 01:13:12,493 - INFO -   [MÉDIA AVALIAÇÕES] Encontrada (poly-card fallback): '4.7'
2025-09-26 01:13:12,494 - INFO -   [TOTAL AVALIAÇÕES] Encontrado (poly-card fallback): '309'
2025-09-26 01:13:12,496 - INFO -   [ENTREGA] Texto encontrado (poly-card fallback): 'Frete grátis'
2025-09-26 01:13:12,499 - INFO -   [ENTREGA FULL] Indicador FULL encontrado (poly-card fallback SVG).
2025-09-26 01:13:12,500 - INFO - Produto processado: Cartucho Tinta Original Hp 664 Preto F6v29ab 2136 2676 3776
2025-09-26 01:13:12,502 - DEBUG - Scraped from <200 https://lista.mercadolivre.com.br/cartucho-hp-664?sb=all_mercadolibre>
{'TITULO PRODUTO': 'Cartucho HP 664 Colorido(F6V28AB) Para Ink Advantage 1115, 2134, 2136, 2676, 3636, 3776, 3786, 3788,3790, 3836, 4536, 4676,5076, 5276', 'LINK': 'https://www.mercadolivre.com.br/cartucho-hp-664-coloridof6v28ab-para-ink-advantage-1115-2134-2136-2676-3636-3776-3786-37883790-3836-4536-46765076-5276/p/MLB36752265#polycard_client=search-nordic&search_layout=grid&position=6&type=product&tracking_id=f48cef79-03e9-4e95-ba78-7cf69e418c40&wid=MLB5739828170&sid=search', 'ID_PRODUTO': 'MLB36752265', 'PREÇO': 'R$ 77,90', 'PREÇO ANTERIOR': 'R$ 77', 'MARCA': 'N/A', 'IMAGEM': 'https://http2.mlstatic.com/D_Q_NP_2X_639008-MLA91921137841_092025-E.webp', 'VENDEDOR': 'Mercado Livre', 'MÉDIA AVALIAÇÕES': '4.7', 'TOTAL AVALIAÇÕES': '4900', 'ENTREGA': 'Frete grátis', 'ENTREGA FULL': 'Sim'}
2025-09-26 01:13:12,504 - INFO - --- Processando container de produto 8/50 (total coletado: 5, pulados: 2) ---
2025-09-26 01:13:12,508 - INFO -   [TÍTULO] Encontrado: 'Kit 2 Cartuchos Hp 664 Hp 2136 3636 3836 4536 4676'
2025-09-26 01:13:12,509 - INFO -   [LINK] Encontrado: 'https://www.mercadolivre.com.br/kit-2-cartuchos-hp-664-hp-2136-3636-3836-4536-4676/p/MLB39092873#polycard_client=search-nordic&search_layout=grid&position=8&type=product&tracking_id=f48cef79-03e9-4e95-ba78-7cf69e418c40&wid=MLB5012110756&sid=search'
2025-09-26 01:13:12,510 - INFO -   [ID PRODUTO] Encontrado: 'MLB39092873'
2025-09-26 01:13:12,513 - INFO -   [PREÇO] Encontrado com seletor '.andes-money-amount__fraction': 'R$ 164,99'
2025-09-26 01:13:12,514 - INFO -   [MARCA] Não encontrada (general/poly).
2025-09-26 01:13:12,516 - INFO -   [IMAGEM] URL da imagem (poly-card fallback): https://http2.mlstatic.com/D_Q_NP_2X_625071-MLA92010295485_092025-E.webp
2025-09-26 01:13:12,517 - INFO -   [VENDEDOR] Não encontrado para o container 8.
2025-09-26 01:13:12,523 - INFO -   [MÉDIA AVALIAÇÕES] Encontrada (poly-card fallback): '4.8'
2025-09-26 01:13:12,524 - INFO -   [TOTAL AVALIAÇÕES] Encontrado (poly-card fallback): '107'
2025-09-26 01:13:12,525 - INFO -   [ENTREGA] Texto encontrado (general alt): 'Chegará grátis hoje'
2025-09-26 01:13:12,527 - INFO -   [ENTREGA FULL] Indicador FULL encontrado (poly-card fallback SVG).
2025-09-26 01:13:12,527 - INFO - Produto processado: Kit 2 Cartuchos Hp 664 Hp 2136 3636 3836 4536 4676
2025-09-26 01:13:12,530 - DEBUG - Scraped from <200 https://lista.mercadolivre.com.br/cartucho-hp-664?sb=all_mercadolibre>
{'TITULO PRODUTO': 'Cartucho Tinta Original Hp 664 Preto F6v29ab 2136 2676 3776', 'LINK': 'https://www.mercadolivre.com.br/cartucho-tinta-original-hp-664-preto-f6v29ab-2136-2676-3776/up/MLBU753315902#polycard_client=search-nordic&search_layout=grid&position=7&type=product&tracking_id=f48cef79-03e9-4e95-ba78-7cf69e418c40&wid=MLB2671518847&sid=search', 'ID_PRODUTO': 'N/A', 'PREÇO': 'R$ 64,90', 'PREÇO ANTERIOR': 'N/A', 'MARCA': 'N/A', 'IMAGEM': 'https://http2.mlstatic.com/D_Q_NP_2X_604903-MLA50235451064_062022-E.webp', 'VENDEDOR': 'N/A', 'MÉDIA AVALIAÇÕES': '4.7', 'TOTAL AVALIAÇÕES': '309', 'ENTREGA': 'Frete grátis', 'ENTREGA FULL': 'Sim'}
2025-09-26 01:13:12,532 - INFO - --- Processando container de produto 9/50 (total coletado: 6, pulados: 2) ---
2025-09-26 01:13:12,539 - INFO -   [TÍTULO] Encontrado: 'Kit Cartucho Hp 664 Preto E Hp 664 Colorido'
2025-09-26 01:13:12,541 - INFO -   [LINK] Encontrado: 'https://www.mercadolivre.com.br/kit-cartucho-hp-664-preto-e-hp-664-colorido/p/MLB36751072#polycard_client=search-nordic&search_layout=grid&position=9&type=product&tracking_id=f48cef79-03e9-4e95-ba78-7cf69e418c40&wid=MLB3789824595&sid=search'
2025-09-26 01:13:12,543 - INFO -   [ID PRODUTO] Encontrado: 'MLB36751072'
2025-09-26 01:13:12,547 - INFO -   [PREÇO] Encontrado com seletor '.andes-money-amount__fraction': 'R$ 153,10'
2025-09-26 01:13:12,550 - INFO -   [PREÇO ANTERIOR] Encontrado (poly-card fallback): 'R$ 153'
2025-09-26 01:13:12,553 - INFO -   [MARCA] Não encontrada (general/poly).
2025-09-26 01:13:12,556 - INFO -   [IMAGEM] URL da imagem (poly-card fallback): https://http2.mlstatic.com/D_Q_NP_2X_950197-MLU76394007878_052024-E.webp
2025-09-26 01:13:12,558 - INFO -   [VENDEDOR] Não encontrado para o container 9.
2025-09-26 01:13:12,561 - INFO -   [MÉDIA AVALIAÇÕES] Encontrada (poly-card fallback): '4.7'
2025-09-26 01:13:12,562 - INFO -   [TOTAL AVALIAÇÕES] Encontrado (poly-card fallback): '4900'
2025-09-26 01:13:12,565 - INFO -   [ENTREGA] Texto encontrado (general alt): 'Chegará grátis hoje'
2025-09-26 01:13:12,567 - INFO -   [ENTREGA FULL] Indicador FULL encontrado (poly-card fallback SVG).
2025-09-26 01:13:12,568 - INFO - Produto processado: Kit Cartucho Hp 664 Preto E Hp 664 Colorido
2025-09-26 01:13:12,573 - DEBUG - Scraped from <200 https://lista.mercadolivre.com.br/cartucho-hp-664?sb=all_mercadolibre>
{'TITULO PRODUTO': 'Kit 2 Cartuchos Hp 664 Hp 2136 3636 3836 4536 4676', 'LINK': 'https://www.mercadolivre.com.br/kit-2-cartuchos-hp-664-hp-2136-3636-3836-4536-4676/p/MLB39092873#polycard_client=search-nordic&search_layout=grid&position=8&type=product&tracking_id=f48cef79-03e9-4e95-ba78-7cf69e418c40&wid=MLB5012110756&sid=search', 'ID_PRODUTO': 'MLB39092873', 'PREÇO': 'R$ 164,99', 'PREÇO ANTERIOR': 'N/A', 'MARCA': 'N/A', 'IMAGEM': 'https://http2.mlstatic.com/D_Q_NP_2X_625071-MLA92010295485_092025-E.webp', 'VENDEDOR': 'N/A', 'MÉDIA AVALIAÇÕES': '4.8', 'TOTAL AVALIAÇÕES': '107', 'ENTREGA': 'Chegará grátis hoje', 'ENTREGA FULL': 'Sim'}
2025-09-26 01:13:12,575 - INFO - --- Processando container de produto 10/50 (total coletado: 7, pulados: 2) ---
2025-09-26 01:13:12,580 - INFO -   [TÍTULO] Encontrado: '2 Cartuchos 664 Preto Black Impressora Hp Deskjet'
2025-09-26 01:13:12,581 - INFO -   [LINK] Encontrado: 'https://www.mercadolivre.com.br/2-cartuchos-664-preto-black-impressora-hp-deskjet/p/MLB36779932#polycard_client=search-nordic&search_layout=grid&position=10&type=product&tracking_id=f48cef79-03e9-4e95-ba78-7cf69e418c40&wid=MLB4160125791&sid=search'
2025-09-26 01:13:12,582 - INFO -   [ID PRODUTO] Encontrado: 'MLB36779932'
2025-09-26 01:13:12,584 - INFO -   [PREÇO] Encontrado com seletor '.andes-money-amount__fraction': 'R$ 152,78'
2025-09-26 01:13:12,588 - INFO -   [PREÇO ANTERIOR] Encontrado (poly-card fallback): 'R$ 152'
2025-09-26 01:13:12,591 - INFO -   [MARCA] Não encontrada (general/poly).
2025-09-26 01:13:12,594 - INFO -   [IMAGEM] URL da imagem (poly-card fallback): https://http2.mlstatic.com/D_Q_NP_2X_776710-MLU76109215014_052024-E.webp
2025-09-26 01:13:12,595 - INFO -   [VENDEDOR] Não encontrado para o container 10.
2025-09-26 01:13:12,597 - INFO -   [MÉDIA AVALIAÇÕES] Encontrada (poly-card fallback): '4.7'
2025-09-26 01:13:12,599 - INFO -   [TOTAL AVALIAÇÕES] Encontrado (poly-card fallback): '4900'
2025-09-26 01:13:12,607 - INFO -   [ENTREGA] Texto encontrado (poly-card fallback): 'Frete grátis'
2025-09-26 01:13:12,611 - INFO - Produto processado: 2 Cartuchos 664 Preto Black Impressora Hp Deskjet
2025-09-26 01:13:12,612 - DEBUG - Scraped from <200 https://lista.mercadolivre.com.br/cartucho-hp-664?sb=all_mercadolibre>
{'TITULO PRODUTO': 'Kit Cartucho Hp 664 Preto E Hp 664 Colorido', 'LINK': 'https://www.mercadolivre.com.br/kit-cartucho-hp-664-preto-e-hp-664-colorido/p/MLB36751072#polycard_client=search-nordic&search_layout=grid&position=9&type=product&tracking_id=f48cef79-03e9-4e95-ba78-7cf69e418c40&wid=MLB3789824595&sid=search', 'ID_PRODUTO': 'MLB36751072', 'PREÇO': 'R$ 153,10', 'PREÇO ANTERIOR': 'R$ 153', 'MARCA': 'N/A', 'IMAGEM': 'https://http2.mlstatic.com/D_Q_NP_2X_950197-MLU76394007878_052024-E.webp', 'VENDEDOR': 'N/A', 'MÉDIA AVALIAÇÕES': '4.7', 'TOTAL AVALIAÇÕES': '4900', 'ENTREGA': 'Chegará grátis hoje', 'ENTREGA FULL': 'Sim'}
2025-09-26 01:13:12,614 - INFO - --- Processando container de produto 11/50 (total coletado: 8, pulados: 2) ---
2025-09-26 01:13:12,621 - INFO -   [TÍTULO] Encontrado: 'Tinta Hp 664 F6v29ab Deskjetink Advantage Preto'
2025-09-26 01:13:12,622 - INFO -   [LINK] Encontrado: 'https://www.mercadolivre.com.br/tinta-hp-664-f6v29ab-deskjetink-advantage-preto/p/MLB44795245#polycard_client=search-nordic&search_layout=grid&position=11&type=product&tracking_id=f48cef79-03e9-4e95-ba78-7cf69e418c40&wid=MLB4198173329&sid=search'
2025-09-26 01:13:12,623 - INFO -   [ID PRODUTO] Encontrado: 'MLB44795245'
2025-09-26 01:13:12,626 - INFO -   [PREÇO] Encontrado com seletor '.andes-money-amount__fraction': 'R$ 78,80'
2025-09-26 01:13:12,628 - INFO -   [PREÇO ANTERIOR] Encontrado (poly-card fallback): 'R$ 78'
2025-09-26 01:13:12,630 - INFO -   [MARCA] Não encontrada (general/poly).
2025-09-26 01:13:12,631 - INFO -   [IMAGEM] URL da imagem (poly-card fallback): https://http2.mlstatic.com/D_Q_NP_2X_782586-MLA91569797218_092025-E.webp
2025-09-26 01:13:12,633 - INFO -   [VENDEDOR] Encontrado (poly-card fallback): 'Eshop'
2025-09-26 01:13:12,637 - INFO -   [MÉDIA AVALIAÇÕES] Encontrada (poly-card fallback): '4.9'
2025-09-26 01:13:12,641 - INFO -   [TOTAL AVALIAÇÕES] Encontrado (poly-card fallback): '22'
2025-09-26 01:13:12,643 - INFO -   [ENTREGA] Texto encontrado (poly-card fallback): 'Frete grátis'
2025-09-26 01:13:12,645 - INFO -   [ENTREGA FULL] Indicador FULL encontrado (poly-card fallback SVG).
2025-09-26 01:13:12,646 - INFO - Produto processado: Tinta Hp 664 F6v29ab Deskjetink Advantage Preto
2025-09-26 01:13:12,650 - DEBUG - Scraped from <200 https://lista.mercadolivre.com.br/cartucho-hp-664?sb=all_mercadolibre>
{'TITULO PRODUTO': '2 Cartuchos 664 Preto Black Impressora Hp Deskjet', 'LINK': 'https://www.mercadolivre.com.br/2-cartuchos-664-preto-black-impressora-hp-deskjet/p/MLB36779932#polycard_client=search-nordic&search_layout=grid&position=10&type=product&tracking_id=f48cef79-03e9-4e95-ba78-7cf69e418c40&wid=MLB4160125791&sid=search', 'ID_PRODUTO': 'MLB36779932', 'PREÇO': 'R$ 152,78', 'PREÇO ANTERIOR': 'R$ 152', 'MARCA': 'N/A', 'IMAGEM': 'https://http2.mlstatic.com/D_Q_NP_2X_776710-MLU76109215014_052024-E.webp', 'VENDEDOR': 'N/A', 'MÉDIA AVALIAÇÕES': '4.7', 'TOTAL AVALIAÇÕES': '4900', 'ENTREGA': 'Frete grátis', 'ENTREGA FULL': 'Não'}
2025-09-26 01:13:12,655 - INFO - --- Processando container de produto 12/50 (total coletado: 9, pulados: 2) ---
2025-09-26 01:13:12,660 - INFO -   [TÍTULO] Encontrado: 'Cartucho De Tinta Hp 664 Preto'
2025-09-26 01:13:12,661 - INFO -   [LINK] Encontrado: 'https://www.mercadolivre.com.br/cartucho-de-tinta-hp-664-preto/p/MLB36768292#polycard_client=search-nordic&search_layout=grid&position=12&type=product&tracking_id=f48cef79-03e9-4e95-ba78-7cf69e418c40&wid=MLB4678660474&sid=search'
2025-09-26 01:13:12,662 - INFO -   [ID PRODUTO] Encontrado: 'MLB36768292'
2025-09-26 01:13:12,666 - INFO -   [PREÇO] Encontrado com seletor '.andes-money-amount__fraction': 'R$ 143,90'
2025-09-26 01:13:12,671 - INFO -   [MARCA] Não encontrada (general/poly).
2025-09-26 01:13:12,676 - INFO -   [IMAGEM] URL da imagem (poly-card fallback): https://http2.mlstatic.com/D_Q_NP_2X_907517-MLA84489489161_052025-E.webp
2025-09-26 01:13:12,677 - INFO -   [VENDEDOR] Não encontrado para o container 12.
2025-09-26 01:13:12,680 - INFO -   [MÉDIA AVALIAÇÕES] Encontrada (poly-card fallback): '4.7'
2025-09-26 01:13:12,681 - INFO -   [TOTAL AVALIAÇÕES] Encontrado (poly-card fallback): '4900'
2025-09-26 01:13:12,683 - INFO -   [ENTREGA] Texto encontrado (poly-card fallback): 'Frete grátis'
2025-09-26 01:13:12,684 - INFO - Produto processado: Cartucho De Tinta Hp 664 Preto
2025-09-26 01:13:12,693 - DEBUG - Scraped from <200 https://lista.mercadolivre.com.br/cartucho-hp-664?sb=all_mercadolibre>
{'TITULO PRODUTO': 'Tinta Hp 664 F6v29ab Deskjetink Advantage Preto', 'LINK': 'https://www.mercadolivre.com.br/tinta-hp-664-f6v29ab-deskjetink-advantage-preto/p/MLB44795245#polycard_client=search-nordic&search_layout=grid&position=11&type=product&tracking_id=f48cef79-03e9-4e95-ba78-7cf69e418c40&wid=MLB4198173329&sid=search', 'ID_PRODUTO': 'MLB44795245', 'PREÇO': 'R$ 78,80', 'PREÇO ANTERIOR': 'R$ 78', 'MARCA': 'N/A', 'IMAGEM': 'https://http2.mlstatic.com/D_Q_NP_2X_782586-MLA91569797218_092025-E.webp', 'VENDEDOR': 'Eshop', 'MÉDIA AVALIAÇÕES': '4.9', 'TOTAL AVALIAÇÕES': '22', 'ENTREGA': 'Frete grátis', 'ENTREGA FULL': 'Sim'}
2025-09-26 01:13:12,694 - INFO - Limite de 10 itens atingido durante o processamento da página. Parando.
2025-09-26 01:13:12,698 - DEBUG - Scraped from <200 https://lista.mercadolivre.com.br/cartucho-hp-664?sb=all_mercadolibre>
{'TITULO PRODUTO': 'Cartucho De Tinta Hp 664 Preto', 'LINK': 'https://www.mercadolivre.com.br/cartucho-de-tinta-hp-664-preto/p/MLB36768292#polycard_client=search-nordic&search_layout=grid&position=12&type=product&tracking_id=f48cef79-03e9-4e95-ba78-7cf69e418c40&wid=MLB4678660474&sid=search', 'ID_PRODUTO': 'MLB36768292', 'PREÇO': 'R$ 143,90', 'PREÇO ANTERIOR': 'N/A', 'MARCA': 'N/A', 'IMAGEM': 'https://http2.mlstatic.com/D_Q_NP_2X_907517-MLA84489489161_052025-E.webp', 'VENDEDOR': 'N/A', 'MÉDIA AVALIAÇÕES': '4.7', 'TOTAL AVALIAÇÕES': '4900', 'ENTREGA': 'Frete grátis', 'ENTREGA FULL': 'Não'}
2025-09-26 01:13:12,703 - INFO - Closing spider (finished)
2025-09-26 01:13:12,707 - INFO - Dumping Scrapy stats:
{'downloader/request_bytes': 694,
 'downloader/request_count': 1,
 'downloader/request_method_count/GET': 1,
 'downloader/response_bytes': 170644,
 'downloader/response_count': 1,
 'downloader/response_status_count/200': 1,
 'elapsed_time_seconds': 9.372844,
 'finish_reason': 'finished',
 'finish_time': datetime.datetime(2025, 9, 26, 4, 13, 12, 706628, tzinfo=datetime.timezone.utc),
 'httpcompression/response_bytes': 1456546,
 'httpcompression/response_count': 1,
 'item_scraped_count': 10,
 'items_per_minute': 66.66666666666667,
 'log_count/INFO': 153,
 'log_count/WARNING': 2,
 'response_received_count': 1,
 'responses_per_minute': 6.666666666666667,
 'scheduler/dequeued': 1,
 'scheduler/dequeued/memory': 1,
 'scheduler/enqueued': 1,
 'scheduler/enqueued/memory': 1,
 'start_time': datetime.datetime(2025, 9, 26, 4, 13, 3, 333784, tzinfo=datetime.timezone.utc)}
2025-09-26 01:13:12,711 - INFO - Spider closed (finished)
2025-09-26 01:13:13,737 - INFO -  * Restarting with watchdog (windowsapi)
2025-09-26 01:13:19,309 - WARNING -  * Debugger is active!
2025-09-26 01:13:19,325 - INFO -  * Debugger PIN: 702-902-971
2025-09-26 01:13:19,466 - INFO - 192.168.100.14 - - [26/Sep/2025 01:13:19] "[33mGET /api/jobs/3ef55169/status HTTP/1.1[0m" 404 -
2025-09-26 01:13:19,530 - INFO - 192.168.100.14 - - [26/Sep/2025 01:13:19] "GET /jobs HTTP/1.1" 200 -
2025-09-26 01:13:19,531 - INFO - 192.168.100.14 - - [26/Sep/2025 01:13:19] "[33mGET /api/jobs/3ef55169/status HTTP/1.1[0m" 404 -
2025-09-26 01:13:23,853 - INFO - 192.168.100.14 - - [26/Sep/2025 01:13:23] "[36mGET /static/style.css HTTP/1.1[0m" 304 -
2025-09-26 01:13:27,785 - INFO - 192.168.100.14 - - [26/Sep/2025 01:13:27] "GET /scraping HTTP/1.1" 200 -
2025-09-26 01:13:27,841 - INFO - 192.168.100.14 - - [26/Sep/2025 01:13:27] "[36mGET /static/style.css HTTP/1.1[0m" 304 -
2025-09-26 01:13:40,483 - INFO -  * Detected change in 'C:\\Challenge HP\\Challenge-HP\\mercadolivre_spider.py', reloading
2025-09-26 01:13:40,646 - INFO -  * Detected change in 'C:\\Challenge HP\\Challenge-HP\\mercadolivre_spider_reviews.py', reloading
2025-09-26 01:13:40,659 - INFO -  * Detected change in 'C:\\Challenge HP\\Challenge-HP\\tests\\test_sistema_completo.py', reloading
2025-09-26 01:13:40,661 - INFO -  * Detected change in 'C:\\Challenge HP\\Challenge-HP\\mercadolivre_spider_reviews.py', reloading
2025-09-26 01:13:40,669 - INFO -  * Detected change in 'C:\\Challenge HP\\Challenge-HP\\tests\\test_sistema_completo.py', reloading
2025-09-26 01:13:40,670 - INFO -  * Detected change in 'C:\\Challenge HP\\Challenge-HP\\mercadolivre_spider.py', reloading
2025-09-26 01:13:40,792 - INFO -  * Detected change in 'C:\\Challenge HP\\Challenge-HP\\tests\\test_sistema_completo.py', reloading
2025-09-26 01:13:40,905 - INFO -  * Detected change in 'C:\\Challenge HP\\Challenge-HP\\.venv\\Lib\\site-packages\\scrapy\\crawler.py', reloading
2025-09-26 01:13:40,908 - INFO -  * Detected change in 'C:\\Challenge HP\\Challenge-HP\\tests\\test_sistema_completo.py', reloading
2025-09-26 01:13:40,960 - INFO -  * Detected change in 'C:\\Challenge HP\\Challenge-HP\\.venv\\Lib\\site-packages\\scrapy\\utils\\project.py', reloading
2025-09-26 01:13:41,006 - INFO -  * Detected change in 'C:\\Challenge HP\\Challenge-HP\\.venv\\Lib\\site-packages\\scrapy\\settings\\__init__.py', reloading
2025-09-26 01:13:41,078 - INFO -  * Detected change in 'C:\\Challenge HP\\Challenge-HP\\.venv\\Lib\\site-packages\\twisted\\internet\\__init__.py', reloading
2025-09-26 01:13:41,084 - INFO -  * Detected change in 'C:\\Challenge HP\\Challenge-HP\\.venv\\Lib\\site-packages\\twisted\\internet\\asyncioreactor.py', reloading
2025-09-26 01:13:41,130 - INFO -  * Detected change in 'C:\\Challenge HP\\Challenge-HP\\.venv\\Lib\\site-packages\\scrapy\\__init__.py', reloading
2025-09-26 01:13:42,095 - INFO -  * Restarting with watchdog (windowsapi)
2025-09-26 01:13:47,428 - WARNING -  * Debugger is active!
2025-09-26 01:13:47,436 - INFO -  * Debugger PIN: 702-902-971
2025-09-26 01:13:49,414 - INFO - 192.168.100.14 - - [26/Sep/2025 01:13:49] "GET /scraping HTTP/1.1" 200 -
2025-09-26 01:13:49,628 - INFO - 192.168.100.14 - - [26/Sep/2025 01:13:49] "[36mGET /static/style.css HTTP/1.1[0m" 304 -
2025-09-26 01:13:51,898 - INFO - 192.168.100.14 - - [26/Sep/2025 01:13:51] "GET /scraping HTTP/1.1" 200 -
2025-09-26 01:13:51,947 - INFO - 192.168.100.14 - - [26/Sep/2025 01:13:51] "[36mGET /static/style.css HTTP/1.1[0m" 304 -
2025-09-26 01:14:05,730 - INFO - Job 0f89b46d: Iniciando coleta de produtos
2025-09-26 01:14:05,733 - INFO - 192.168.100.14 - - [26/Sep/2025 01:14:05] "[32mPOST /web/scraping/start HTTP/1.1[0m" 302 -
2025-09-26 01:14:05,735 - INFO - Iniciando scraping para: cartucho hp 664
2025-09-26 01:14:05,735 - INFO - Parâmetros: max_items=10, images=True, sort=relevance
2025-09-26 01:14:05,775 - INFO - 192.168.100.14 - - [26/Sep/2025 01:14:05] "GET /jobs HTTP/1.1" 200 -
2025-09-26 01:14:05,831 - INFO - 192.168.100.14 - - [26/Sep/2025 01:14:05] "[36mGET /static/style.css HTTP/1.1[0m" 304 -
2025-09-26 01:14:09,049 - INFO - Spider iniciado com configurações otimizadas:
2025-09-26 01:14:09,049 - INFO -    CONCURRENT_REQUESTS: 1
2025-09-26 01:14:09,050 - INFO -    CONCURRENT_REQUESTS_PER_DOMAIN: 1
2025-09-26 01:14:09,050 - INFO -    DOWNLOAD_TIMEOUT: 30s
2025-09-26 01:14:09,051 - INFO -    HTTPCACHE_ENABLED: False
2025-09-26 01:14:09,057 - INFO - Scrapy 2.13.0 started (bot: scrapybot)
2025-09-26 01:14:09,259 - INFO - Versions:
{'lxml': '5.4.0',
 'libxml2': '2.11.9',
 'cssselect': '1.3.0',
 'parsel': '1.10.0',
 'w3lib': '2.3.1',
 'Twisted': '24.11.0',
 'Python': '3.12.10 (tags/v3.12.10:0cc8128, Apr  8 2025, 12:21:36) [MSC v.1943 '
           '64 bit (AMD64)]',
 'pyOpenSSL': '25.1.0 (OpenSSL 3.5.0 8 Apr 2025)',
 'cryptography': '45.0.2',
 'Platform': 'Windows-11-10.0.26100-SP0'}
2025-09-26 01:14:09,308 - INFO - Spider initialized for query='cartucho hp 664', sort_by='relevance', condition='all', max_items=10. Start URL: https://lista.mercadolivre.com.br/cartucho-hp-664?sb=all_mercadolibre#D[A:cartucho%20hp%20664]
2025-09-26 01:14:09,309 - INFO - Enabled addons:
[]
2025-09-26 01:14:09,319 - DEBUG - Using reactor: twisted.internet.asyncioreactor.AsyncioSelectorReactor
2025-09-26 01:14:09,319 - DEBUG - Using asyncio event loop: asyncio.windows_events._WindowsSelectorEventLoop
2025-09-26 01:14:09,327 - INFO - Telnet Password: 992f01f2de98f64d
2025-09-26 01:14:09,400 - INFO - Enabled extensions:
['scrapy.extensions.corestats.CoreStats',
 'scrapy.extensions.telnet.TelnetConsole',
 'scrapy.extensions.logstats.LogStats',
 'scrapy.extensions.throttle.AutoThrottle']
2025-09-26 01:14:09,453 - INFO - Overridden settings:
{'AUTOTHROTTLE_ENABLED': True,
 'AUTOTHROTTLE_MAX_DELAY': 30,
 'AUTOTHROTTLE_START_DELAY': 4.982315104341602,
 'CONCURRENT_REQUESTS': 1,
 'CONCURRENT_REQUESTS_PER_DOMAIN': 1,
 'DOWNLOAD_DELAY': 8.427874644211048,
 'DOWNLOAD_TIMEOUT': 30,
 'DOWNLOAD_WARNSIZE': 0,
 'LOG_LEVEL': 'INFO',
 'RETRY_HTTP_CODES': [500, 502, 503, 504, 408, 429, 403],
 'RETRY_TIMES': 5,
 'USER_AGENT': 'Mozilla/5.0 (Windows NT 10.0; Win64; x64; rv:121.0) '
               'Gecko/20100101 Firefox/121.0'}
2025-09-26 01:14:09,741 - INFO - Enabled downloader middlewares:
['scrapy.downloadermiddlewares.offsite.OffsiteMiddleware',
 'scrapy.downloadermiddlewares.retry.RetryMiddleware',
 'scrapy.downloadermiddlewares.httpproxy.HttpProxyMiddleware',
 'scrapy.downloadermiddlewares.httpauth.HttpAuthMiddleware',
 'scrapy.downloadermiddlewares.downloadtimeout.DownloadTimeoutMiddleware',
 'scrapy.downloadermiddlewares.defaultheaders.DefaultHeadersMiddleware',
 'scrapy.downloadermiddlewares.redirect.MetaRefreshMiddleware',
 'scrapy.downloadermiddlewares.httpcompression.HttpCompressionMiddleware',
 'scrapy.downloadermiddlewares.redirect.RedirectMiddleware',
 'scrapy.downloadermiddlewares.cookies.CookiesMiddleware',
 'scrapy.downloadermiddlewares.stats.DownloaderStats']
2025-09-26 01:14:09,753 - INFO - Enabled spider middlewares:
['scrapy.spidermiddlewares.start.StartSpiderMiddleware',
 'scrapy.spidermiddlewares.httperror.HttpErrorMiddleware',
 'scrapy.spidermiddlewares.referer.RefererMiddleware',
 'scrapy.spidermiddlewares.urllength.UrlLengthMiddleware',
 'scrapy.spidermiddlewares.depth.DepthMiddleware']
2025-09-26 01:14:09,756 - INFO - Enabled item pipelines:
[]
2025-09-26 01:14:09,758 - INFO - Spider opened
2025-09-26 01:14:09,794 - WARNING - C:\Challenge HP\Challenge-HP\.venv\Lib\site-packages\scrapy\core\spidermw.py:433: ScrapyDeprecationWarning: mercadolivre_spider.MercadoLivreSpider defines the deprecated start_requests() method. start_requests() has been deprecated in favor of a new method, start(), to support asynchronous code execution. start_requests() will stop being called in a future version of Scrapy. If you use Scrapy 2.13 or higher only, replace start_requests() with start(); note that start() is a coroutine (async def). If you need to maintain compatibility with lower Scrapy versions, when overriding start_requests() in a spider class, override start() as well; you can use super() to reuse the inherited start() implementation without copy-pasting. See the release notes of Scrapy 2.13 for details: https://docs.scrapy.org/en/2.13/news.html
  warn(

2025-09-26 01:14:09,796 - INFO - Crawled 0 pages (at 0 pages/min), scraped 0 items (at 0 items/min)
2025-09-26 01:14:09,798 - INFO - Telnet console listening on 127.0.0.1:6023
2025-09-26 01:14:09,802 - INFO - Attempting to scrape URL: https://lista.mercadolivre.com.br/cartucho-hp-664?sb=all_mercadolibre#D[A:cartucho%20hp%20664]
2025-09-26 01:14:09,803 - INFO - Aguardando 4.4s antes da primeira requisição...
2025-09-26 01:14:15,745 - DEBUG - Crawled (200) <GET https://lista.mercadolivre.com.br/cartucho-hp-664?sb=all_mercadolibre#D%5BA:cartucho%20hp%20664%5D> (referer: None)
2025-09-26 01:14:15,897 - INFO - Processing URL: https://lista.mercadolivre.com.br/cartucho-hp-664?sb=all_mercadolibre (Page 1)
2025-09-26 01:14:15,901 - INFO - HTML da primeira página de resultados (https://lista.mercadolivre.com.br/cartucho-hp-664?sb=all_mercadolibre) salvo em scraped_page_content_debug.html para depuração.
2025-09-26 01:14:16,011 - INFO - Encontrados 50 produtos com seletor: .ui-search-layout__item .andes-card.poly-card
2025-09-26 01:14:16,012 - INFO - Usando seletor bem-sucedido: .ui-search-layout__item .andes-card.poly-card
2025-09-26 01:14:16,013 - INFO - Processando 50 containers de produto encontrados em https://lista.mercadolivre.com.br/cartucho-hp-664?sb=all_mercadolibre
2025-09-26 01:14:16,013 - INFO - --- Pulando container 1 (item patrocinado 1/2) ---
2025-09-26 01:14:16,015 - INFO - --- Pulando container 2 (item patrocinado 2/2) ---
2025-09-26 01:14:16,015 - INFO - --- Processando container de produto 3/50 (total coletado: 0, pulados: 2) ---
2025-09-26 01:14:16,020 - INFO -   [TÍTULO] Encontrado: 'Cartucho De Tinta Hp 667 Cor Preto Do 2 Ml'
2025-09-26 01:14:16,021 - INFO -   [LINK] Encontrado: 'https://www.mercadolivre.com.br/cartucho-de-tinta-hp-667-cor-preto-do-2-ml/p/MLB37141763#polycard_client=search-nordic&search_layout=grid&position=3&type=product&tracking_id=af3b08f7-7856-471c-8808-0bbcaef1b6f6&wid=MLB4164477091&sid=search'
2025-09-26 01:14:16,023 - INFO -   [ID PRODUTO] Encontrado: 'MLB37141763'
2025-09-26 01:14:16,026 - INFO -   [PREÇO] Encontrado (poly-card fallback): 'R$ 57,07'
2025-09-26 01:14:16,028 - INFO -   [PREÇO ANTERIOR] Encontrado (poly-card fallback): 'R$ 71'
2025-09-26 01:14:16,033 - INFO -   [MARCA] Não encontrada (general/poly).
2025-09-26 01:14:16,038 - INFO -   [IMAGEM] URL da imagem (poly-card fallback): https://http2.mlstatic.com/D_Q_NP_2X_886903-MLA87439311815_072025-E.webp
2025-09-26 01:14:16,043 - INFO -   [VENDEDOR] Não encontrado para o container 3.
2025-09-26 01:14:16,051 - INFO -   [MÉDIA AVALIAÇÕES] Encontrada (poly-card fallback): '4.8'
2025-09-26 01:14:16,054 - INFO -   [TOTAL AVALIAÇÕES] Encontrado (poly-card fallback): '7371'
2025-09-26 01:14:16,069 - INFO -   [ENTREGA] Texto encontrado (poly-card fallback): 'Frete grátis'
2025-09-26 01:14:16,072 - INFO -   [ENTREGA FULL] Indicador FULL encontrado (poly-card fallback SVG).
2025-09-26 01:14:16,072 - INFO - Produto processado: Cartucho De Tinta Hp 667 Cor Preto Do 2 Ml
2025-09-26 01:14:16,073 - INFO - --- Processando container de produto 4/50 (total coletado: 1, pulados: 2) ---
2025-09-26 01:14:16,076 - INFO -   [TÍTULO] Encontrado: 'Cartucho de tinta preta HP Advantage 664 de 2 ml'
2025-09-26 01:14:16,078 - INFO -   [LINK] Encontrado: 'https://www.mercadolivre.com.br/cartucho-de-tinta-preta-hp-advantage-664-de-2-ml/p/MLB36751629#polycard_client=search-nordic&search_layout=grid&position=4&type=product&tracking_id=af3b08f7-7856-471c-8808-0bbcaef1b6f6&wid=MLB3866554217&sid=search'
2025-09-26 01:14:16,079 - INFO -   [ID PRODUTO] Encontrado: 'MLB36751629'
2025-09-26 01:14:16,082 - INFO -   [PREÇO] Encontrado (poly-card fallback): 'R$ 62'
2025-09-26 01:14:16,084 - INFO -   [MARCA] Não encontrada (general/poly).
2025-09-26 01:14:16,086 - INFO -   [IMAGEM] URL da imagem (poly-card fallback): https://http2.mlstatic.com/D_Q_NP_2X_901486-MLA82666700555_022025-E.webp
2025-09-26 01:14:16,087 - INFO -   [VENDEDOR] Não encontrado para o container 4.
2025-09-26 01:14:16,089 - INFO -   [MÉDIA AVALIAÇÕES] Encontrada (poly-card fallback): '4.7'
2025-09-26 01:14:16,090 - INFO -   [TOTAL AVALIAÇÕES] Encontrado (poly-card fallback): '4900'
2025-09-26 01:14:16,093 - INFO -   [ENTREGA] Texto encontrado (poly-card fallback): 'Frete grátis'
2025-09-26 01:14:16,095 - INFO -   [ENTREGA FULL] Indicador FULL encontrado (poly-card fallback SVG).
2025-09-26 01:14:16,096 - INFO - Produto processado: Cartucho de tinta preta HP Advantage 664 de 2 ml
2025-09-26 01:14:16,098 - DEBUG - Scraped from <200 https://lista.mercadolivre.com.br/cartucho-hp-664?sb=all_mercadolibre>
{'TITULO PRODUTO': 'Cartucho De Tinta Hp 667 Cor Preto Do 2 Ml', 'LINK': 'https://www.mercadolivre.com.br/cartucho-de-tinta-hp-667-cor-preto-do-2-ml/p/MLB37141763#polycard_client=search-nordic&search_layout=grid&position=3&type=product&tracking_id=af3b08f7-7856-471c-8808-0bbcaef1b6f6&wid=MLB4164477091&sid=search', 'ID_PRODUTO': 'MLB37141763', 'PREÇO': 'R$ 57,07', 'PREÇO ANTERIOR': 'R$ 71', 'MARCA': 'N/A', 'IMAGEM': 'https://http2.mlstatic.com/D_Q_NP_2X_886903-MLA87439311815_072025-E.webp', 'VENDEDOR': 'N/A', 'MÉDIA AVALIAÇÕES': '4.8', 'TOTAL AVALIAÇÕES': '7371', 'ENTREGA': 'Frete grátis', 'ENTREGA FULL': 'Sim'}
2025-09-26 01:14:16,099 - INFO - --- Processando container de produto 5/50 (total coletado: 2, pulados: 2) ---
2025-09-26 01:14:16,101 - INFO -   [TÍTULO] Encontrado: 'Kit 2 Cartuchos Hp 664xl (preto + Color) 2136 2676'
2025-09-26 01:14:16,102 - INFO -   [LINK] Encontrado: 'https://www.mercadolivre.com.br/kit-2-cartuchos-hp-664xl-preto-color-2136-2676/p/MLB48102366#polycard_client=search-nordic&search_layout=grid&position=5&type=product&tracking_id=af3b08f7-7856-471c-8808-0bbcaef1b6f6&wid=MLB5719977782&sid=search'
2025-09-26 01:14:16,103 - INFO -   [ID PRODUTO] Encontrado: 'MLB48102366'
2025-09-26 01:14:16,106 - INFO -   [PREÇO] Encontrado (poly-card fallback): 'R$ 295,67'
2025-09-26 01:14:16,108 - INFO -   [PREÇO ANTERIOR] Encontrado (poly-card fallback): 'R$ 314'
2025-09-26 01:14:16,111 - INFO -   [MARCA] Não encontrada (general/poly).
2025-09-26 01:14:16,113 - INFO -   [IMAGEM] URL da imagem (poly-card fallback): https://http2.mlstatic.com/D_Q_NP_2X_921961-MLA83444909992_042025-E.webp
2025-09-26 01:14:16,114 - INFO -   [VENDEDOR] Encontrado (poly-card fallback): 'Park Ecom'
2025-09-26 01:14:16,117 - INFO -   [MÉDIA AVALIAÇÕES] Encontrada (poly-card fallback): '4.6'
2025-09-26 01:14:16,118 - INFO -   [TOTAL AVALIAÇÕES] Encontrado (poly-card fallback): '111'
2025-09-26 01:14:16,120 - INFO -   [ENTREGA] Texto encontrado (general alt): 'Chegará grátis amanhã sábado'
2025-09-26 01:14:16,121 - INFO -   [ENTREGA FULL] Indicador FULL encontrado (poly-card fallback SVG).
2025-09-26 01:14:16,121 - INFO - Produto processado: Kit 2 Cartuchos Hp 664xl (preto + Color) 2136 2676
2025-09-26 01:14:16,123 - DEBUG - Scraped from <200 https://lista.mercadolivre.com.br/cartucho-hp-664?sb=all_mercadolibre>
{'TITULO PRODUTO': 'Cartucho de tinta preta HP Advantage 664 de 2 ml', 'LINK': 'https://www.mercadolivre.com.br/cartucho-de-tinta-preta-hp-advantage-664-de-2-ml/p/MLB36751629#polycard_client=search-nordic&search_layout=grid&position=4&type=product&tracking_id=af3b08f7-7856-471c-8808-0bbcaef1b6f6&wid=MLB3866554217&sid=search', 'ID_PRODUTO': 'MLB36751629', 'PREÇO': 'R$ 62', 'PREÇO ANTERIOR': 'N/A', 'MARCA': 'N/A', 'IMAGEM': 'https://http2.mlstatic.com/D_Q_NP_2X_901486-MLA82666700555_022025-E.webp', 'VENDEDOR': 'N/A', 'MÉDIA AVALIAÇÕES': '4.7', 'TOTAL AVALIAÇÕES': '4900', 'ENTREGA': 'Frete grátis', 'ENTREGA FULL': 'Sim'}
2025-09-26 01:14:16,124 - INFO - --- Processando container de produto 6/50 (total coletado: 3, pulados: 2) ---
2025-09-26 01:14:16,128 - INFO -   [TÍTULO] Encontrado: 'Cartucho HP 664 Colorido(F6V28AB) Para Ink Advantage 1115, 2134, 2136, 2676, 3636, 3776, 3786, 3788,3790, 3836, 4536, 4676,5076, 5276'
2025-09-26 01:14:16,130 - INFO -   [LINK] Encontrado: 'https://www.mercadolivre.com.br/cartucho-hp-664-coloridof6v28ab-para-ink-advantage-1115-2134-2136-2676-3636-3776-3786-37883790-3836-4536-46765076-5276/p/MLB36752265#polycard_client=search-nordic&search_layout=grid&position=6&type=product&tracking_id=af3b08f7-7856-471c-8808-0bbcaef1b6f6&wid=MLB5739828170&sid=search'
2025-09-26 01:14:16,132 - INFO -   [ID PRODUTO] Encontrado: 'MLB36752265'
2025-09-26 01:14:16,136 - INFO -   [PREÇO] Encontrado (poly-card fallback): 'R$ 61,96'
2025-09-26 01:14:16,138 - INFO -   [PREÇO ANTERIOR] Encontrado (poly-card fallback): 'R$ 77'
2025-09-26 01:14:16,140 - INFO -   [MARCA] Não encontrada (general/poly).
2025-09-26 01:14:16,144 - INFO -   [IMAGEM] URL da imagem (poly-card fallback): https://http2.mlstatic.com/D_Q_NP_2X_639008-MLA91921137841_092025-E.webp
2025-09-26 01:14:16,146 - INFO -   [VENDEDOR] Encontrado (poly-card fallback): 'Mercado Livre'
2025-09-26 01:14:16,150 - INFO -   [MÉDIA AVALIAÇÕES] Encontrada (poly-card fallback): '4.7'
2025-09-26 01:14:16,151 - INFO -   [TOTAL AVALIAÇÕES] Encontrado (poly-card fallback): '4900'
2025-09-26 01:14:16,153 - INFO -   [ENTREGA] Texto encontrado (poly-card fallback): 'Frete grátis'
2025-09-26 01:14:16,155 - INFO -   [ENTREGA FULL] Indicador FULL encontrado (poly-card fallback SVG).
2025-09-26 01:14:16,155 - INFO - Produto processado: Cartucho HP 664 Colorido(F6V28AB) Para Ink Advantage 1115, 2134, 2136, 2676, 3636, 3776, 3786, 3788,3790, 3836, 4536, 4676,5076, 5276
2025-09-26 01:14:16,156 - DEBUG - Scraped from <200 https://lista.mercadolivre.com.br/cartucho-hp-664?sb=all_mercadolibre>
{'TITULO PRODUTO': 'Kit 2 Cartuchos Hp 664xl (preto + Color) 2136 2676', 'LINK': 'https://www.mercadolivre.com.br/kit-2-cartuchos-hp-664xl-preto-color-2136-2676/p/MLB48102366#polycard_client=search-nordic&search_layout=grid&position=5&type=product&tracking_id=af3b08f7-7856-471c-8808-0bbcaef1b6f6&wid=MLB5719977782&sid=search', 'ID_PRODUTO': 'MLB48102366', 'PREÇO': 'R$ 295,67', 'PREÇO ANTERIOR': 'R$ 314', 'MARCA': 'N/A', 'IMAGEM': 'https://http2.mlstatic.com/D_Q_NP_2X_921961-MLA83444909992_042025-E.webp', 'VENDEDOR': 'Park Ecom', 'MÉDIA AVALIAÇÕES': '4.6', 'TOTAL AVALIAÇÕES': '111', 'ENTREGA': 'Chegará grátis amanhã sábado', 'ENTREGA FULL': 'Sim'}
2025-09-26 01:14:16,159 - INFO - --- Processando container de produto 7/50 (total coletado: 4, pulados: 2) ---
2025-09-26 01:14:16,164 - INFO -   [TÍTULO] Encontrado: 'Cartucho Tinta Original Hp 664 Preto F6v29ab 2136 2676 3776'
2025-09-26 01:14:16,165 - INFO -   [LINK] Encontrado: 'https://www.mercadolivre.com.br/cartucho-tinta-original-hp-664-preto-f6v29ab-2136-2676-3776/up/MLBU753315902#polycard_client=search-nordic&search_layout=grid&position=7&type=product&tracking_id=af3b08f7-7856-471c-8808-0bbcaef1b6f6&wid=MLB2671518847&sid=search'
2025-09-26 01:14:16,166 - WARNING -   [ID PRODUTO] Não encontrado no link: https://www.mercadolivre.com.br/cartucho-tinta-original-hp-664-preto-f6v29ab-2136-2676-3776/up/MLBU753315902#polycard_client=search-nordic&search_layout=grid&position=7&type=product&tracking_id=af3b08f7-7856-471c-8808-0bbcaef1b6f6&wid=MLB2671518847&sid=search
2025-09-26 01:14:16,169 - INFO -   [PREÇO] Encontrado (poly-card fallback): 'R$ 64,90'
2025-09-26 01:14:16,171 - INFO -   [MARCA] Não encontrada (general/poly).
2025-09-26 01:14:16,173 - INFO -   [IMAGEM] URL da imagem (poly-card fallback): https://http2.mlstatic.com/D_Q_NP_2X_604903-MLA50235451064_062022-E.webp
2025-09-26 01:14:16,175 - INFO -   [VENDEDOR] Não encontrado para o container 7.
2025-09-26 01:14:16,179 - INFO -   [MÉDIA AVALIAÇÕES] Encontrada (poly-card fallback): '4.7'
2025-09-26 01:14:16,181 - INFO -   [TOTAL AVALIAÇÕES] Encontrado (poly-card fallback): '309'
2025-09-26 01:14:16,185 - INFO -   [ENTREGA] Texto encontrado (poly-card fallback): 'Frete grátis'
2025-09-26 01:14:16,187 - INFO -   [ENTREGA FULL] Indicador FULL encontrado (poly-card fallback SVG).
2025-09-26 01:14:16,188 - INFO - Produto processado: Cartucho Tinta Original Hp 664 Preto F6v29ab 2136 2676 3776
2025-09-26 01:14:16,189 - DEBUG - Scraped from <200 https://lista.mercadolivre.com.br/cartucho-hp-664?sb=all_mercadolibre>
{'TITULO PRODUTO': 'Cartucho HP 664 Colorido(F6V28AB) Para Ink Advantage 1115, 2134, 2136, 2676, 3636, 3776, 3786, 3788,3790, 3836, 4536, 4676,5076, 5276', 'LINK': 'https://www.mercadolivre.com.br/cartucho-hp-664-coloridof6v28ab-para-ink-advantage-1115-2134-2136-2676-3636-3776-3786-37883790-3836-4536-46765076-5276/p/MLB36752265#polycard_client=search-nordic&search_layout=grid&position=6&type=product&tracking_id=af3b08f7-7856-471c-8808-0bbcaef1b6f6&wid=MLB5739828170&sid=search', 'ID_PRODUTO': 'MLB36752265', 'PREÇO': 'R$ 61,96', 'PREÇO ANTERIOR': 'R$ 77', 'MARCA': 'N/A', 'IMAGEM': 'https://http2.mlstatic.com/D_Q_NP_2X_639008-MLA91921137841_092025-E.webp', 'VENDEDOR': 'Mercado Livre', 'MÉDIA AVALIAÇÕES': '4.7', 'TOTAL AVALIAÇÕES': '4900', 'ENTREGA': 'Frete grátis', 'ENTREGA FULL': 'Sim'}
2025-09-26 01:14:16,189 - INFO - --- Processando container de produto 8/50 (total coletado: 5, pulados: 2) ---
2025-09-26 01:14:16,195 - INFO -   [TÍTULO] Encontrado: 'Kit 2 Cartuchos Hp 664 Hp 2136 3636 3836 4536 4676'
2025-09-26 01:14:16,199 - INFO -   [LINK] Encontrado: 'https://www.mercadolivre.com.br/kit-2-cartuchos-hp-664-hp-2136-3636-3836-4536-4676/p/MLB39092873#polycard_client=search-nordic&search_layout=grid&position=8&type=product&tracking_id=af3b08f7-7856-471c-8808-0bbcaef1b6f6&wid=MLB5012110756&sid=search'
2025-09-26 01:14:16,201 - INFO -   [ID PRODUTO] Encontrado: 'MLB39092873'
2025-09-26 01:14:16,204 - INFO -   [PREÇO] Encontrado (poly-card fallback): 'R$ 164,99'
2025-09-26 01:14:16,206 - INFO -   [MARCA] Não encontrada (general/poly).
2025-09-26 01:14:16,209 - INFO -   [IMAGEM] URL da imagem (poly-card fallback): https://http2.mlstatic.com/D_Q_NP_2X_625071-MLA92010295485_092025-E.webp
2025-09-26 01:14:16,212 - INFO -   [VENDEDOR] Não encontrado para o container 8.
2025-09-26 01:14:16,215 - INFO -   [MÉDIA AVALIAÇÕES] Encontrada (poly-card fallback): '4.8'
2025-09-26 01:14:16,216 - INFO -   [TOTAL AVALIAÇÕES] Encontrado (poly-card fallback): '107'
2025-09-26 01:14:16,219 - INFO -   [ENTREGA] Texto encontrado (general alt): 'Chegará grátis amanhã sábado'
2025-09-26 01:14:16,221 - INFO -   [ENTREGA FULL] Indicador FULL encontrado (poly-card fallback SVG).
2025-09-26 01:14:16,222 - INFO - Produto processado: Kit 2 Cartuchos Hp 664 Hp 2136 3636 3836 4536 4676
2025-09-26 01:14:16,224 - DEBUG - Scraped from <200 https://lista.mercadolivre.com.br/cartucho-hp-664?sb=all_mercadolibre>
{'TITULO PRODUTO': 'Cartucho Tinta Original Hp 664 Preto F6v29ab 2136 2676 3776', 'LINK': 'https://www.mercadolivre.com.br/cartucho-tinta-original-hp-664-preto-f6v29ab-2136-2676-3776/up/MLBU753315902#polycard_client=search-nordic&search_layout=grid&position=7&type=product&tracking_id=af3b08f7-7856-471c-8808-0bbcaef1b6f6&wid=MLB2671518847&sid=search', 'ID_PRODUTO': 'N/A', 'PREÇO': 'R$ 64,90', 'PREÇO ANTERIOR': 'N/A', 'MARCA': 'N/A', 'IMAGEM': 'https://http2.mlstatic.com/D_Q_NP_2X_604903-MLA50235451064_062022-E.webp', 'VENDEDOR': 'N/A', 'MÉDIA AVALIAÇÕES': '4.7', 'TOTAL AVALIAÇÕES': '309', 'ENTREGA': 'Frete grátis', 'ENTREGA FULL': 'Sim'}
2025-09-26 01:14:16,225 - INFO - --- Processando container de produto 9/50 (total coletado: 6, pulados: 2) ---
2025-09-26 01:14:16,227 - INFO -   [TÍTULO] Encontrado: 'Kit Cartucho Hp 664 Preto E Hp 664 Colorido'
2025-09-26 01:14:16,231 - INFO -   [LINK] Encontrado: 'https://www.mercadolivre.com.br/kit-cartucho-hp-664-preto-e-hp-664-colorido/p/MLB36751072#polycard_client=search-nordic&search_layout=grid&position=9&type=product&tracking_id=af3b08f7-7856-471c-8808-0bbcaef1b6f6&wid=MLB3789824595&sid=search'
2025-09-26 01:14:16,232 - INFO -   [ID PRODUTO] Encontrado: 'MLB36751072'
2025-09-26 01:14:16,235 - INFO -   [PREÇO] Encontrado (poly-card fallback): 'R$ 135'
2025-09-26 01:14:16,237 - INFO -   [PREÇO ANTERIOR] Encontrado (poly-card fallback): 'R$ 153'
2025-09-26 01:14:16,238 - INFO -   [MARCA] Não encontrada (general/poly).
2025-09-26 01:14:16,241 - INFO -   [IMAGEM] URL da imagem (poly-card fallback): https://http2.mlstatic.com/D_Q_NP_2X_950197-MLU76394007878_052024-E.webp
2025-09-26 01:14:16,243 - INFO -   [VENDEDOR] Não encontrado para o container 9.
2025-09-26 01:14:16,245 - INFO -   [MÉDIA AVALIAÇÕES] Encontrada (poly-card fallback): '4.7'
2025-09-26 01:14:16,245 - INFO -   [TOTAL AVALIAÇÕES] Encontrado (poly-card fallback): '4900'
2025-09-26 01:14:16,247 - INFO -   [ENTREGA] Texto encontrado (poly-card fallback): 'Frete grátis'
2025-09-26 01:14:16,248 - INFO -   [ENTREGA FULL] Indicador FULL encontrado (poly-card fallback SVG).
2025-09-26 01:14:16,249 - INFO - Produto processado: Kit Cartucho Hp 664 Preto E Hp 664 Colorido
2025-09-26 01:14:16,250 - DEBUG - Scraped from <200 https://lista.mercadolivre.com.br/cartucho-hp-664?sb=all_mercadolibre>
{'TITULO PRODUTO': 'Kit 2 Cartuchos Hp 664 Hp 2136 3636 3836 4536 4676', 'LINK': 'https://www.mercadolivre.com.br/kit-2-cartuchos-hp-664-hp-2136-3636-3836-4536-4676/p/MLB39092873#polycard_client=search-nordic&search_layout=grid&position=8&type=product&tracking_id=af3b08f7-7856-471c-8808-0bbcaef1b6f6&wid=MLB5012110756&sid=search', 'ID_PRODUTO': 'MLB39092873', 'PREÇO': 'R$ 164,99', 'PREÇO ANTERIOR': 'N/A', 'MARCA': 'N/A', 'IMAGEM': 'https://http2.mlstatic.com/D_Q_NP_2X_625071-MLA92010295485_092025-E.webp', 'VENDEDOR': 'N/A', 'MÉDIA AVALIAÇÕES': '4.8', 'TOTAL AVALIAÇÕES': '107', 'ENTREGA': 'Chegará grátis amanhã sábado', 'ENTREGA FULL': 'Sim'}
2025-09-26 01:14:16,251 - INFO - --- Processando container de produto 10/50 (total coletado: 7, pulados: 2) ---
2025-09-26 01:14:16,253 - INFO -   [TÍTULO] Encontrado: '2 Cartuchos 664 Preto Black Impressora Hp Deskjet'
2025-09-26 01:14:16,254 - INFO -   [LINK] Encontrado: 'https://www.mercadolivre.com.br/2-cartuchos-664-preto-black-impressora-hp-deskjet/p/MLB36779932#polycard_client=search-nordic&search_layout=grid&position=10&type=product&tracking_id=af3b08f7-7856-471c-8808-0bbcaef1b6f6&wid=MLB4160125791&sid=search'
2025-09-26 01:14:16,255 - INFO -   [ID PRODUTO] Encontrado: 'MLB36779932'
2025-09-26 01:14:16,258 - INFO -   [PREÇO] Encontrado (poly-card fallback): 'R$ 128,92'
2025-09-26 01:14:16,260 - INFO -   [PREÇO ANTERIOR] Encontrado (poly-card fallback): 'R$ 152'
2025-09-26 01:14:16,261 - INFO -   [MARCA] Não encontrada (general/poly).
2025-09-26 01:14:16,263 - INFO -   [IMAGEM] URL da imagem (poly-card fallback): https://http2.mlstatic.com/D_Q_NP_2X_776710-MLU76109215014_052024-E.webp
2025-09-26 01:14:16,264 - INFO -   [VENDEDOR] Não encontrado para o container 10.
2025-09-26 01:14:16,266 - INFO -   [MÉDIA AVALIAÇÕES] Encontrada (poly-card fallback): '4.7'
2025-09-26 01:14:16,266 - INFO -   [TOTAL AVALIAÇÕES] Encontrado (poly-card fallback): '4900'
2025-09-26 01:14:16,268 - INFO -   [ENTREGA] Texto encontrado (poly-card fallback): 'Frete grátis'
2025-09-26 01:14:16,270 - INFO - Produto processado: 2 Cartuchos 664 Preto Black Impressora Hp Deskjet
2025-09-26 01:14:16,271 - DEBUG - Scraped from <200 https://lista.mercadolivre.com.br/cartucho-hp-664?sb=all_mercadolibre>
{'TITULO PRODUTO': 'Kit Cartucho Hp 664 Preto E Hp 664 Colorido', 'LINK': 'https://www.mercadolivre.com.br/kit-cartucho-hp-664-preto-e-hp-664-colorido/p/MLB36751072#polycard_client=search-nordic&search_layout=grid&position=9&type=product&tracking_id=af3b08f7-7856-471c-8808-0bbcaef1b6f6&wid=MLB3789824595&sid=search', 'ID_PRODUTO': 'MLB36751072', 'PREÇO': 'R$ 135', 'PREÇO ANTERIOR': 'R$ 153', 'MARCA': 'N/A', 'IMAGEM': 'https://http2.mlstatic.com/D_Q_NP_2X_950197-MLU76394007878_052024-E.webp', 'VENDEDOR': 'N/A', 'MÉDIA AVALIAÇÕES': '4.7', 'TOTAL AVALIAÇÕES': '4900', 'ENTREGA': 'Frete grátis', 'ENTREGA FULL': 'Sim'}
2025-09-26 01:14:16,272 - INFO - --- Processando container de produto 11/50 (total coletado: 8, pulados: 2) ---
2025-09-26 01:14:16,275 - INFO -   [TÍTULO] Encontrado: 'Tinta Hp 664 F6v29ab Deskjetink Advantage Preto'
2025-09-26 01:14:16,276 - INFO -   [LINK] Encontrado: 'https://www.mercadolivre.com.br/tinta-hp-664-f6v29ab-deskjetink-advantage-preto/p/MLB44795245#polycard_client=search-nordic&search_layout=grid&position=11&type=product&tracking_id=af3b08f7-7856-471c-8808-0bbcaef1b6f6&wid=MLB4198173329&sid=search'
2025-09-26 01:14:16,277 - INFO -   [ID PRODUTO] Encontrado: 'MLB44795245'
2025-09-26 01:14:16,280 - INFO -   [PREÇO] Encontrado (poly-card fallback): 'R$ 65,73'
2025-09-26 01:14:16,282 - INFO -   [PREÇO ANTERIOR] Encontrado (poly-card fallback): 'R$ 78'
2025-09-26 01:14:16,284 - INFO -   [MARCA] Não encontrada (general/poly).
2025-09-26 01:14:16,286 - INFO -   [IMAGEM] URL da imagem (poly-card fallback): https://http2.mlstatic.com/D_Q_NP_2X_782586-MLA91569797218_092025-E.webp
2025-09-26 01:14:16,288 - INFO -   [VENDEDOR] Encontrado (poly-card fallback): 'Eshop'
2025-09-26 01:14:16,290 - INFO -   [MÉDIA AVALIAÇÕES] Encontrada (poly-card fallback): '4.9'
2025-09-26 01:14:16,291 - INFO -   [TOTAL AVALIAÇÕES] Encontrado (poly-card fallback): '22'
2025-09-26 01:14:16,293 - INFO -   [ENTREGA] Texto encontrado (poly-card fallback): 'Frete grátis'
2025-09-26 01:14:16,295 - INFO -   [ENTREGA FULL] Indicador FULL encontrado (poly-card fallback SVG).
2025-09-26 01:14:16,297 - INFO - Produto processado: Tinta Hp 664 F6v29ab Deskjetink Advantage Preto
2025-09-26 01:14:16,298 - DEBUG - Scraped from <200 https://lista.mercadolivre.com.br/cartucho-hp-664?sb=all_mercadolibre>
{'TITULO PRODUTO': '2 Cartuchos 664 Preto Black Impressora Hp Deskjet', 'LINK': 'https://www.mercadolivre.com.br/2-cartuchos-664-preto-black-impressora-hp-deskjet/p/MLB36779932#polycard_client=search-nordic&search_layout=grid&position=10&type=product&tracking_id=af3b08f7-7856-471c-8808-0bbcaef1b6f6&wid=MLB4160125791&sid=search', 'ID_PRODUTO': 'MLB36779932', 'PREÇO': 'R$ 128,92', 'PREÇO ANTERIOR': 'R$ 152', 'MARCA': 'N/A', 'IMAGEM': 'https://http2.mlstatic.com/D_Q_NP_2X_776710-MLU76109215014_052024-E.webp', 'VENDEDOR': 'N/A', 'MÉDIA AVALIAÇÕES': '4.7', 'TOTAL AVALIAÇÕES': '4900', 'ENTREGA': 'Frete grátis', 'ENTREGA FULL': 'Não'}
2025-09-26 01:14:16,299 - INFO - --- Processando container de produto 12/50 (total coletado: 9, pulados: 2) ---
2025-09-26 01:14:16,302 - INFO -   [TÍTULO] Encontrado: 'Cartucho De Tinta Hp 664 Preto'
2025-09-26 01:14:16,302 - INFO -   [LINK] Encontrado: 'https://www.mercadolivre.com.br/cartucho-de-tinta-hp-664-preto/p/MLB36768292#polycard_client=search-nordic&search_layout=grid&position=12&type=product&tracking_id=af3b08f7-7856-471c-8808-0bbcaef1b6f6&wid=MLB4678660474&sid=search'
2025-09-26 01:14:16,304 - INFO -   [ID PRODUTO] Encontrado: 'MLB36768292'
2025-09-26 01:14:16,306 - INFO -   [PREÇO] Encontrado (poly-card fallback): 'R$ 143,90'
2025-09-26 01:14:16,309 - INFO -   [MARCA] Não encontrada (general/poly).
2025-09-26 01:14:16,311 - INFO -   [IMAGEM] URL da imagem (poly-card fallback): https://http2.mlstatic.com/D_Q_NP_2X_907517-MLA84489489161_052025-E.webp
2025-09-26 01:14:16,314 - INFO -   [VENDEDOR] Não encontrado para o container 12.
2025-09-26 01:14:16,316 - INFO -   [MÉDIA AVALIAÇÕES] Encontrada (poly-card fallback): '4.7'
2025-09-26 01:14:16,317 - INFO -   [TOTAL AVALIAÇÕES] Encontrado (poly-card fallback): '4900'
2025-09-26 01:14:16,319 - INFO -   [ENTREGA] Texto encontrado (poly-card fallback): 'Frete grátis'
2025-09-26 01:14:16,320 - INFO - Produto processado: Cartucho De Tinta Hp 664 Preto
2025-09-26 01:14:16,322 - DEBUG - Scraped from <200 https://lista.mercadolivre.com.br/cartucho-hp-664?sb=all_mercadolibre>
{'TITULO PRODUTO': 'Tinta Hp 664 F6v29ab Deskjetink Advantage Preto', 'LINK': 'https://www.mercadolivre.com.br/tinta-hp-664-f6v29ab-deskjetink-advantage-preto/p/MLB44795245#polycard_client=search-nordic&search_layout=grid&position=11&type=product&tracking_id=af3b08f7-7856-471c-8808-0bbcaef1b6f6&wid=MLB4198173329&sid=search', 'ID_PRODUTO': 'MLB44795245', 'PREÇO': 'R$ 65,73', 'PREÇO ANTERIOR': 'R$ 78', 'MARCA': 'N/A', 'IMAGEM': 'https://http2.mlstatic.com/D_Q_NP_2X_782586-MLA91569797218_092025-E.webp', 'VENDEDOR': 'Eshop', 'MÉDIA AVALIAÇÕES': '4.9', 'TOTAL AVALIAÇÕES': '22', 'ENTREGA': 'Frete grátis', 'ENTREGA FULL': 'Sim'}
2025-09-26 01:14:16,323 - INFO - Limite de 10 itens atingido durante o processamento da página. Parando.
2025-09-26 01:14:16,325 - DEBUG - Scraped from <200 https://lista.mercadolivre.com.br/cartucho-hp-664?sb=all_mercadolibre>
{'TITULO PRODUTO': 'Cartucho De Tinta Hp 664 Preto', 'LINK': 'https://www.mercadolivre.com.br/cartucho-de-tinta-hp-664-preto/p/MLB36768292#polycard_client=search-nordic&search_layout=grid&position=12&type=product&tracking_id=af3b08f7-7856-471c-8808-0bbcaef1b6f6&wid=MLB4678660474&sid=search', 'ID_PRODUTO': 'MLB36768292', 'PREÇO': 'R$ 143,90', 'PREÇO ANTERIOR': 'N/A', 'MARCA': 'N/A', 'IMAGEM': 'https://http2.mlstatic.com/D_Q_NP_2X_907517-MLA84489489161_052025-E.webp', 'VENDEDOR': 'N/A', 'MÉDIA AVALIAÇÕES': '4.7', 'TOTAL AVALIAÇÕES': '4900', 'ENTREGA': 'Frete grátis', 'ENTREGA FULL': 'Não'}
2025-09-26 01:14:16,329 - INFO - Closing spider (finished)
2025-09-26 01:14:16,331 - INFO - Dumping Scrapy stats:
{'downloader/request_bytes': 690,
 'downloader/request_count': 1,
 'downloader/request_method_count/GET': 1,
 'downloader/response_bytes': 171339,
 'downloader/response_count': 1,
 'downloader/response_status_count/200': 1,
 'elapsed_time_seconds': 6.534982,
 'finish_reason': 'finished',
 'finish_time': datetime.datetime(2025, 9, 26, 4, 14, 16, 330120, tzinfo=datetime.timezone.utc),
 'httpcompression/response_bytes': 1456883,
 'httpcompression/response_count': 1,
 'item_scraped_count': 10,
 'items_per_minute': 100.0,
 'log_count/INFO': 153,
 'log_count/WARNING': 2,
 'response_received_count': 1,
 'responses_per_minute': 10.0,
 'scheduler/dequeued': 1,
 'scheduler/dequeued/memory': 1,
 'scheduler/enqueued': 1,
 'scheduler/enqueued/memory': 1,
 'start_time': datetime.datetime(2025, 9, 26, 4, 14, 9, 795138, tzinfo=datetime.timezone.utc)}
2025-09-26 01:14:16,332 - INFO - Spider closed (finished)
2025-09-26 01:14:16,342 - INFO - 192.168.100.14 - - [26/Sep/2025 01:14:16] "GET /jobs HTTP/1.1" 200 -
2025-09-26 01:14:16,520 - INFO - 192.168.100.14 - - [26/Sep/2025 01:14:16] "[36mGET /static/style.css HTTP/1.1[0m" 304 -
2025-09-26 01:14:17,011 - INFO - Coletados 10 produtos
2025-09-26 01:14:17,012 - INFO - Job 0f89b46d: Coletando reviews
2025-09-26 01:14:17,012 - INFO - Coletando reviews para 10 produtos
2025-09-26 01:14:17,013 - INFO - Job 0f89b46d: Gerando datasets
2025-09-26 01:14:17,013 - INFO - Gerando dataset CSV: datasets_gerados\dataset_0f89b46d_20250926_011417.csv
2025-09-26 01:14:17,127 - INFO - Dataset gerado com sucesso: datasets_gerados\dataset_0f89b46d_20250926_011417.csv
2025-09-26 01:14:17,128 - INFO - Total de produtos: 10
2025-09-26 01:14:17,130 - INFO - Gerando dataset JSON: datasets_gerados\dataset_0f89b46d_20250926_011417.json
2025-09-26 01:14:17,132 - INFO - Dataset JSON gerado com sucesso: datasets_gerados\dataset_0f89b46d_20250926_011417.json
2025-09-26 01:14:17,136 - INFO - Job 0f89b46d: Concluído com sucesso
2025-09-26 01:14:25,212 - INFO -  * Detected change in 'C:\\Challenge HP\\Challenge-HP\\.venv\\Lib\\site-packages\\flask\\app.py', reloading
2025-09-26 01:14:25,223 - INFO -  * Detected change in 'C:\\Challenge HP\\Challenge-HP\\.venv\\Lib\\site-packages\\flask\\templating.py', reloading
2025-09-26 01:14:25,225 - INFO -  * Detected change in 'C:\\Challenge HP\\Challenge-HP\\.venv\\Lib\\site-packages\\jinja2\\environment.py', reloading
2025-09-26 01:14:25,254 - INFO -  * Detected change in 'C:\\Challenge HP\\Challenge-HP\\.venv\\Lib\\site-packages\\jinja2\\async_utils.py', reloading
2025-09-26 01:14:25,286 - INFO -  * Detected change in 'C:\\Challenge HP\\Challenge-HP\\.venv\\Lib\\site-packages\\jinja2\\filters.py', reloading
2025-09-26 01:14:25,311 - INFO - 192.168.100.14 - - [26/Sep/2025 01:14:25] "[35m[1mGET /datasets HTTP/1.1[0m" 500 -
2025-09-26 01:14:25,396 - INFO - 192.168.100.14 - - [26/Sep/2025 01:14:25] "GET /datasets?__debugger__=yes&cmd=resource&f=style.css HTTP/1.1" 200 -
2025-09-26 01:14:25,426 - INFO - 192.168.100.14 - - [26/Sep/2025 01:14:25] "GET /datasets?__debugger__=yes&cmd=resource&f=debugger.js HTTP/1.1" 200 -
2025-09-26 01:14:25,655 - INFO - 192.168.100.14 - - [26/Sep/2025 01:14:25] "GET /datasets?__debugger__=yes&cmd=resource&f=console.png HTTP/1.1" 200 -
2025-09-26 01:14:26,171 - INFO -  * Restarting with watchdog (windowsapi)
2025-09-26 01:14:28,993 - WARNING -  * Debugger is active!
2025-09-26 01:14:29,000 - INFO -  * Debugger PIN: 702-902-971
2025-09-26 01:56:57,513 - INFO - 192.168.100.14 - - [26/Sep/2025 01:56:57] "[35m[1mGET /datasets HTTP/1.1[0m" 500 -
2025-09-26 01:56:57,702 - INFO - 192.168.100.14 - - [26/Sep/2025 01:56:57] "GET /datasets?__debugger__=yes&cmd=resource&f=style.css HTTP/1.1" 200 -
2025-09-26 01:56:57,708 - INFO - 192.168.100.14 - - [26/Sep/2025 01:56:57] "GET /datasets?__debugger__=yes&cmd=resource&f=debugger.js HTTP/1.1" 200 -
2025-09-26 01:56:57,788 - INFO - 192.168.100.14 - - [26/Sep/2025 01:56:57] "GET /datasets?__debugger__=yes&cmd=resource&f=console.png HTTP/1.1" 200 -
2025-09-26 01:57:01,384 - INFO - 192.168.100.14 - - [26/Sep/2025 01:57:01] "[35m[1mGET /datasets HTTP/1.1[0m" 500 -
2025-09-26 01:57:01,430 - INFO - 192.168.100.14 - - [26/Sep/2025 01:57:01] "[36mGET /datasets?__debugger__=yes&cmd=resource&f=style.css HTTP/1.1[0m" 304 -
2025-09-26 01:57:01,433 - INFO - 192.168.100.14 - - [26/Sep/2025 01:57:01] "[36mGET /datasets?__debugger__=yes&cmd=resource&f=debugger.js HTTP/1.1[0m" 304 -
2025-09-26 01:59:51,805 - INFO - 192.168.100.14 - - [26/Sep/2025 01:59:51] "GET /datasets HTTP/1.1" 200 -
2025-09-26 01:59:51,820 - INFO - 192.168.100.14 - - [26/Sep/2025 01:59:51] "[36mGET /static/style.css HTTP/1.1[0m" 304 -
2025-09-26 01:59:59,728 - INFO - 192.168.100.14 - - [26/Sep/2025 01:59:59] "GET /api/datasets/dataset_0f89b46d_20250926_011417.csv/download HTTP/1.1" 200 -
2025-09-26 02:00:21,929 - INFO - 192.168.100.14 - - [26/Sep/2025 02:00:21] "GET /datasets HTTP/1.1" 200 -
2025-09-26 02:00:21,951 - INFO - 192.168.100.14 - - [26/Sep/2025 02:00:21] "[36mGET /static/style.css HTTP/1.1[0m" 304 -
2025-09-26 02:00:52,925 - INFO - 192.168.100.14 - - [26/Sep/2025 02:00:52] "GET /datasets HTTP/1.1" 200 -
2025-09-26 02:00:52,948 - INFO - 192.168.100.14 - - [26/Sep/2025 02:00:52] "[36mGET /static/style.css HTTP/1.1[0m" 304 -
2025-09-26 02:01:23,922 - INFO - 192.168.100.14 - - [26/Sep/2025 02:01:23] "GET /datasets HTTP/1.1" 200 -
2025-09-26 02:01:23,936 - INFO - 192.168.100.14 - - [26/Sep/2025 02:01:23] "[36mGET /static/style.css HTTP/1.1[0m" 304 -
2025-09-26 02:01:54,917 - INFO - 192.168.100.14 - - [26/Sep/2025 02:01:54] "GET /datasets HTTP/1.1" 200 -
2025-09-26 02:01:54,932 - INFO - 192.168.100.14 - - [26/Sep/2025 02:01:54] "[36mGET /static/style.css HTTP/1.1[0m" 304 -
2025-09-26 02:02:25,920 - INFO - 192.168.100.14 - - [26/Sep/2025 02:02:25] "GET /datasets HTTP/1.1" 200 -
2025-09-26 02:02:25,934 - INFO - 192.168.100.14 - - [26/Sep/2025 02:02:25] "[36mGET /static/style.css HTTP/1.1[0m" 304 -
2025-09-26 02:02:56,917 - INFO - 192.168.100.14 - - [26/Sep/2025 02:02:56] "GET /datasets HTTP/1.1" 200 -
2025-09-26 02:02:56,937 - INFO - 192.168.100.14 - - [26/Sep/2025 02:02:56] "[36mGET /static/style.css HTTP/1.1[0m" 304 -
2025-09-26 02:03:27,921 - INFO - 192.168.100.14 - - [26/Sep/2025 02:03:27] "GET /datasets HTTP/1.1" 200 -
2025-09-26 02:03:27,939 - INFO - 192.168.100.14 - - [26/Sep/2025 02:03:27] "[36mGET /static/style.css HTTP/1.1[0m" 304 -
2025-09-26 02:03:58,913 - INFO - 192.168.100.14 - - [26/Sep/2025 02:03:58] "GET /datasets HTTP/1.1" 200 -
2025-09-26 02:03:58,936 - INFO - 192.168.100.14 - - [26/Sep/2025 02:03:58] "[36mGET /static/style.css HTTP/1.1[0m" 304 -
2025-09-26 02:04:29,911 - INFO - 192.168.100.14 - - [26/Sep/2025 02:04:29] "GET /datasets HTTP/1.1" 200 -
2025-09-26 02:04:29,931 - INFO - 192.168.100.14 - - [26/Sep/2025 02:04:29] "[36mGET /static/style.css HTTP/1.1[0m" 304 -
2025-09-26 02:05:00,915 - INFO - 192.168.100.14 - - [26/Sep/2025 02:05:00] "GET /datasets HTTP/1.1" 200 -
2025-09-26 02:05:00,929 - INFO - 192.168.100.14 - - [26/Sep/2025 02:05:00] "[36mGET /static/style.css HTTP/1.1[0m" 304 -
2025-09-26 02:05:31,911 - INFO - 192.168.100.14 - - [26/Sep/2025 02:05:31] "GET /datasets HTTP/1.1" 200 -
2025-09-26 02:05:31,925 - INFO - 192.168.100.14 - - [26/Sep/2025 02:05:31] "[36mGET /static/style.css HTTP/1.1[0m" 304 -
2025-09-26 02:06:02,900 - INFO - 192.168.100.14 - - [26/Sep/2025 02:06:02] "GET /datasets HTTP/1.1" 200 -
2025-09-26 02:06:02,918 - INFO - 192.168.100.14 - - [26/Sep/2025 02:06:02] "[36mGET /static/style.css HTTP/1.1[0m" 304 -
2025-09-26 02:06:33,918 - INFO - 192.168.100.14 - - [26/Sep/2025 02:06:33] "GET /datasets HTTP/1.1" 200 -
2025-09-26 02:06:33,937 - INFO - 192.168.100.14 - - [26/Sep/2025 02:06:33] "[36mGET /static/style.css HTTP/1.1[0m" 304 -
2025-09-26 02:07:04,910 - INFO - 192.168.100.14 - - [26/Sep/2025 02:07:04] "GET /datasets HTTP/1.1" 200 -
2025-09-26 02:07:04,930 - INFO - 192.168.100.14 - - [26/Sep/2025 02:07:04] "[36mGET /static/style.css HTTP/1.1[0m" 304 -
2025-09-26 02:07:35,901 - INFO - 192.168.100.14 - - [26/Sep/2025 02:07:35] "GET /datasets HTTP/1.1" 200 -
2025-09-26 02:07:35,914 - INFO - 192.168.100.14 - - [26/Sep/2025 02:07:35] "[36mGET /static/style.css HTTP/1.1[0m" 304 -
2025-09-26 02:08:06,892 - INFO - 192.168.100.14 - - [26/Sep/2025 02:08:06] "GET /datasets HTTP/1.1" 200 -
2025-09-26 02:08:06,910 - INFO - 192.168.100.14 - - [26/Sep/2025 02:08:06] "[36mGET /static/style.css HTTP/1.1[0m" 304 -
2025-09-26 02:08:12,648 - INFO -  * Detected change in 'C:\\Challenge HP\\Challenge-HP\\shared_scraping_config.py', reloading
2025-09-26 02:08:12,721 - INFO -  * Detected change in 'C:\\Challenge HP\\Challenge-HP\\shared_scraping_config.py', reloading
2025-09-26 02:08:12,722 - INFO -  * Detected change in 'C:\\Challenge HP\\Challenge-HP\\shared_scraping_config.py', reloading
2025-09-26 02:08:12,724 - INFO -  * Detected change in 'C:\\Challenge HP\\Challenge-HP\\shared_scraping_config.py', reloading
2025-09-26 02:08:13,723 - INFO -  * Restarting with watchdog (windowsapi)
2025-09-26 02:08:24,027 - WARNING -  * Debugger is active!
2025-09-26 02:08:24,036 - INFO -  * Debugger PIN: 702-902-971
2025-09-26 02:08:37,908 - INFO - 192.168.100.14 - - [26/Sep/2025 02:08:37] "GET /datasets HTTP/1.1" 200 -
2025-09-26 02:08:37,991 - INFO - 192.168.100.14 - - [26/Sep/2025 02:08:37] "[36mGET /static/style.css HTTP/1.1[0m" 304 -
2025-09-26 02:08:42,082 - INFO -  * Detected change in 'C:\\Challenge HP\\Challenge-HP\\mercadolivre_spider_reviews.py', reloading
2025-09-26 02:08:42,083 - INFO -  * Detected change in 'C:\\Challenge HP\\Challenge-HP\\mercadolivre_spider_reviews.py', reloading
2025-09-26 02:08:42,741 - INFO -  * Restarting with watchdog (windowsapi)
2025-09-26 02:08:43,843 - WARNING -  * Debugger is active!
2025-09-26 02:08:43,846 - INFO -  * Debugger PIN: 702-902-971
2025-09-26 02:08:50,341 - INFO -  * Detected change in 'C:\\Challenge HP\\Challenge-HP\\mercadolivre_spider_reviews.py', reloading
2025-09-26 02:08:50,342 - INFO -  * Detected change in 'C:\\Challenge HP\\Challenge-HP\\mercadolivre_spider_reviews.py', reloading
2025-09-26 02:08:51,208 - INFO -  * Restarting with watchdog (windowsapi)
2025-09-26 02:08:52,506 - WARNING -  * Debugger is active!
2025-09-26 02:08:52,513 - INFO -  * Debugger PIN: 702-902-971
2025-09-26 02:09:08,905 - INFO - 192.168.100.14 - - [26/Sep/2025 02:09:08] "GET /datasets HTTP/1.1" 200 -
2025-09-26 02:09:08,988 - INFO - 192.168.100.14 - - [26/Sep/2025 02:09:08] "[36mGET /static/style.css HTTP/1.1[0m" 304 -
2025-09-26 02:09:13,295 - INFO -  * Detected change in 'C:\\Challenge HP\\Challenge-HP\\mercadolivre_spider.py', reloading
2025-09-26 02:09:13,296 - INFO -  * Detected change in 'C:\\Challenge HP\\Challenge-HP\\mercadolivre_spider.py', reloading
2025-09-26 02:09:13,297 - INFO -  * Detected change in 'C:\\Challenge HP\\Challenge-HP\\mercadolivre_spider.py', reloading
2025-09-26 02:09:14,299 - INFO -  * Restarting with watchdog (windowsapi)
2025-09-26 02:09:15,728 - WARNING -  * Debugger is active!
2025-09-26 02:09:15,731 - INFO -  * Debugger PIN: 702-902-971
2025-09-26 02:09:37,518 - INFO -  * Detected change in 'C:\\Challenge HP\\Challenge-HP\\mercadolivre_spider.py', reloading
2025-09-26 02:09:37,519 - INFO -  * Detected change in 'C:\\Challenge HP\\Challenge-HP\\mercadolivre_spider.py', reloading
2025-09-26 02:09:37,520 - INFO -  * Detected change in 'C:\\Challenge HP\\Challenge-HP\\mercadolivre_spider.py', reloading
2025-09-26 02:09:38,551 - INFO -  * Restarting with watchdog (windowsapi)
2025-09-26 02:09:39,898 - WARNING -  * Debugger is active!
2025-09-26 02:09:39,901 - INFO -  * Debugger PIN: 702-902-971
2025-09-26 02:09:39,957 - INFO - 192.168.100.14 - - [26/Sep/2025 02:09:39] "GET /datasets HTTP/1.1" 200 -
2025-09-26 02:09:40,037 - INFO - 192.168.100.14 - - [26/Sep/2025 02:09:40] "[36mGET /static/style.css HTTP/1.1[0m" 304 -
2025-09-26 02:09:55,292 - INFO -  * Detected change in 'C:\\Challenge HP\\Challenge-HP\\mercadolivre_spider.py', reloading
2025-09-26 02:09:55,294 - INFO -  * Detected change in 'C:\\Challenge HP\\Challenge-HP\\mercadolivre_spider.py', reloading
2025-09-26 02:09:55,295 - INFO -  * Detected change in 'C:\\Challenge HP\\Challenge-HP\\mercadolivre_spider.py', reloading
2025-09-26 02:09:55,642 - INFO -  * Restarting with watchdog (windowsapi)
2025-09-26 02:09:57,074 - WARNING -  * Debugger is active!
2025-09-26 02:09:57,079 - INFO -  * Debugger PIN: 702-902-971
2025-09-26 02:10:02,533 - INFO -  * Detected change in 'C:\\Challenge HP\\Challenge-HP\\app.py', reloading
2025-09-26 02:10:02,534 - INFO -  * Detected change in 'C:\\Challenge HP\\Challenge-HP\\app.py', reloading
2025-09-26 02:10:03,462 - INFO -  * Restarting with watchdog (windowsapi)
2025-09-26 02:12:34,065 - INFO -  * Restarting with watchdog (windowsapi)
2025-09-26 02:12:46,644 - INFO -  * Restarting with watchdog (windowsapi)
2025-09-26 02:12:54,385 - INFO -  * Restarting with watchdog (windowsapi)
2025-09-26 02:13:03,642 - INFO -  * Restarting with watchdog (windowsapi)
2025-09-26 02:13:31,305 - INFO -  * Restarting with watchdog (windowsapi)
2025-09-26 02:14:12,943 - INFO -  * Restarting with watchdog (windowsapi)
2025-09-26 02:15:50,061 - INFO -  * Restarting with watchdog (windowsapi)
2025-09-26 02:16:17,573 - INFO -  * Restarting with watchdog (windowsapi)
2025-09-26 02:16:50,372 - INFO - Iniciando scraping para: cartucho hp 664
2025-09-26 02:16:50,373 - INFO - Parâmetros: max_items=10, images=True, sort=relevance
2025-09-26 02:17:00,463 - INFO - Coletados 10 produtos
2025-09-26 02:18:52,565 - INFO - Iniciando scraping para: cartucho hp 664
2025-09-26 02:18:52,567 - INFO - Parâmetros: max_items=50, images=True, sort=relevance
2025-09-26 02:19:02,146 - INFO - Coletados 48 produtos
2025-09-26 02:19:02,148 - INFO - Coletando reviews para 48 produtos
2025-09-26 02:19:02,148 - INFO - Gerando dataset CSV: datasets_gerados\dataset_77d7131c_20250926_021902.csv
2025-09-26 02:19:02,229 - INFO - Dataset gerado com sucesso: datasets_gerados\dataset_77d7131c_20250926_021902.csv
2025-09-26 02:19:02,230 - INFO - Total de produtos: 48
2025-09-26 02:19:02,231 - INFO - Gerando dataset JSON: datasets_gerados\dataset_77d7131c_20250926_021902.json
2025-09-26 02:19:02,235 - INFO - Dataset JSON gerado com sucesso: datasets_gerados\dataset_77d7131c_20250926_021902.json
2025-09-26 02:22:15,335 - INFO - Iniciando scraping para: cartucho hp 664
2025-09-26 02:22:15,336 - INFO - Parâmetros: max_items=200, images=False, sort=relevance
2025-09-26 02:22:44,162 - INFO - Coletados 200 produtos
2025-09-26 02:22:44,163 - INFO - Coletando reviews para 200 produtos
2025-09-26 02:22:44,164 - INFO - Gerando dataset CSV: datasets_gerados\dataset_74c77276_20250926_022244.csv
2025-09-26 02:22:44,169 - INFO - Dataset gerado com sucesso: datasets_gerados\dataset_74c77276_20250926_022244.csv
2025-09-26 02:22:44,169 - INFO - Total de produtos: 200
2025-09-26 02:22:44,171 - INFO - Gerando dataset JSON: datasets_gerados\dataset_74c77276_20250926_022244.json
2025-09-26 02:22:44,181 - INFO - Dataset JSON gerado com sucesso: datasets_gerados\dataset_74c77276_20250926_022244.json
2025-09-26 20:47:54,823 - INFO - Iniciando scraping para: cartucho hp 664
2025-09-26 20:47:55,127 - INFO - Parâmetros: max_items=10, images=True, sort=relevance
2025-09-26 20:48:48,272 - INFO - Iniciando scraping para: cartucho hp 664
2025-09-26 20:48:48,274 - INFO - Parâmetros: max_items=10, images=True, sort=relevance
2025-09-26 20:49:03,324 - INFO - Coletados 10 produtos
2025-09-26 20:49:30,204 - INFO - Iniciando scraping para: cartucho hp 664
2025-09-26 20:49:30,205 - INFO - Parâmetros: max_items=10, images=True, sort=relevance
2025-09-26 20:49:40,699 - INFO - Coletados 10 produtos
2025-09-26 20:49:40,701 - INFO - Coletando reviews para 10 produtos
2025-09-26 20:49:40,703 - INFO - Gerando dataset CSV: datasets_gerados\dataset_dd7d607c_20250926_204940.csv
2025-09-26 20:49:40,772 - INFO - Dataset gerado com sucesso: datasets_gerados\dataset_dd7d607c_20250926_204940.csv
2025-09-26 20:49:40,774 - INFO - Total de produtos: 10
2025-09-26 20:49:40,775 - INFO - Gerando dataset JSON: datasets_gerados\dataset_dd7d607c_20250926_204940.json
2025-09-26 20:49:40,779 - INFO - Dataset JSON gerado com sucesso: datasets_gerados\dataset_dd7d607c_20250926_204940.json
2025-09-26 20:55:56,268 - INFO - Gerando dataset CSV: teste_detalhado_20250926_205556.csv
2025-09-26 20:55:56,276 - INFO - Dataset gerado com sucesso: teste_detalhado_20250926_205556.csv
2025-09-26 20:55:56,276 - INFO - Total de produtos: 1
2025-09-26 20:55:56,324 - INFO - Gerando dataset JSON: teste_detalhado_20250926_205556.json
2025-09-26 20:55:56,326 - INFO - Dataset JSON gerado com sucesso: teste_detalhado_20250926_205556.json
2025-09-26 20:56:42,526 - INFO - Gerando dataset CSV: teste_temp.csv
2025-09-26 20:56:42,536 - INFO - Dataset gerado com sucesso: teste_temp.csv
2025-09-26 20:56:42,536 - INFO - Total de produtos: 1
2025-09-26 20:56:42,561 - INFO - Gerando dataset JSON: teste_temp.json
2025-09-26 20:56:42,563 - INFO - Dataset JSON gerado com sucesso: teste_temp.json
2025-09-26 20:57:57,574 - INFO - Iniciando scraping para: cartucho hp 664
2025-09-26 20:57:57,734 - INFO - Parâmetros: max_items=10, images=True, sort=relevance
2025-09-26 20:57:57,817 - INFO - Extração detalhada: ATIVADA
2025-09-26 20:58:12,953 - INFO - Executando extração detalhada para todos os produtos...
2025-09-26 20:58:12,954 - ERROR - Erro durante scraping de produtos: A search query or custom URL must be provided to the MercadoLivreSpider.
2025-09-26 20:59:25,375 - INFO - Gerando dataset CSV: teste_temp.csv
2025-09-26 20:59:25,380 - INFO - Dataset gerado com sucesso: teste_temp.csv
2025-09-26 20:59:25,380 - INFO - Total de produtos: 1
2025-09-26 20:59:25,407 - INFO - Gerando dataset JSON: teste_temp.json
2025-09-26 20:59:25,409 - INFO - Dataset JSON gerado com sucesso: teste_temp.json
2025-09-26 21:00:07,554 - INFO - Iniciando scraping para: cartucho hp 664
2025-09-26 21:00:07,893 - INFO - Parâmetros: max_items=10, images=True, sort=relevance
2025-09-26 21:00:07,903 - INFO - Extração detalhada: ATIVADA
2025-09-26 21:00:20,837 - INFO - Executando extração detalhada para todos os produtos...
2025-09-26 21:00:20,838 - INFO - Executando extração detalhada para 10 produtos...
2025-09-26 21:00:20,838 - WARNING - Produto 1 sem URL válida
2025-09-26 21:00:20,839 - WARNING - Produto 2 sem URL válida
2025-09-26 21:00:20,839 - WARNING - Produto 3 sem URL válida
2025-09-26 21:00:20,839 - WARNING - Produto 4 sem URL válida
2025-09-26 21:00:20,840 - WARNING - Produto 5 sem URL válida
2025-09-26 21:00:20,840 - WARNING - Produto 6 sem URL válida
2025-09-26 21:00:20,840 - WARNING - Produto 7 sem URL válida
2025-09-26 21:00:20,842 - WARNING - Produto 8 sem URL válida
2025-09-26 21:00:20,842 - WARNING - Produto 9 sem URL válida
2025-09-26 21:00:20,842 - WARNING - Produto 10 sem URL válida
2025-09-26 21:00:20,843 - INFO - Extração detalhada concluída: 10 produtos processados
2025-09-26 21:00:20,849 - INFO - Coletados 10 produtos
2025-09-26 21:00:20,851 - INFO - Coletando reviews para 10 produtos
2025-09-26 21:00:20,852 - INFO - Gerando dataset CSV: datasets_gerados\dataset_8cb7e21c_20250926_210020.csv
2025-09-26 21:00:20,863 - INFO - Dataset gerado com sucesso: datasets_gerados\dataset_8cb7e21c_20250926_210020.csv
2025-09-26 21:00:20,866 - INFO - Total de produtos: 10
2025-09-26 21:00:20,867 - INFO - Gerando dataset JSON: datasets_gerados\dataset_8cb7e21c_20250926_210020.json
2025-09-26 21:00:20,876 - INFO - Dataset JSON gerado com sucesso: datasets_gerados\dataset_8cb7e21c_20250926_210020.json
