2025-09-26 21:22:54,253 - INFO - [31m[1mWARNING: This is a development server. Do not use it in a production deployment. Use a production WSGI server instead.[0m
 * Running on all addresses (0.0.0.0)
 * Running on http://127.0.0.1:5000
 * Running on http://192.168.100.14:5000
2025-09-26 21:22:54,253 - INFO - [33mPress CTRL+C to quit[0m
2025-09-26 21:22:54,271 - INFO -  * Restarting with watchdog (windowsapi)
2025-09-26 21:22:56,785 - WARNING -  * Debugger is active!
2025-09-26 21:22:56,791 - INFO -  * Debugger PIN: 639-855-048
2025-09-26 21:23:52,621 - INFO - 192.168.100.14 - - [26/Sep/2025 21:23:52] "[33mGET /api/datasets/dataset_8cb7e21c_20250926_210020.json/download HTTP/1.1[0m" 404 -
2025-09-26 21:23:57,948 - INFO -  * Detected change in 'C:\\Program Files\\WindowsApps\\PythonSoftwareFoundation.Python.3.12_3.12.2800.0_x64__qbz5n2kfra8p0\\Lib\\encodings\\unicode_escape.py', reloading
2025-09-26 21:23:57,993 - INFO - 192.168.100.14 - - [26/Sep/2025 21:23:57] "GET / HTTP/1.1" 200 -
2025-09-26 21:23:58,337 - INFO - 192.168.100.14 - - [26/Sep/2025 21:23:58] "GET /static/style.css HTTP/1.1" 200 -
2025-09-26 21:23:58,538 - INFO - 192.168.100.14 - - [26/Sep/2025 21:23:58] "GET /api/datasets HTTP/1.1" 200 -
2025-09-26 21:23:58,551 - INFO - 192.168.100.14 - - [26/Sep/2025 21:23:58] "GET /api/jobs HTTP/1.1" 200 -
2025-09-26 21:23:59,315 - INFO -  * Restarting with watchdog (windowsapi)
2025-09-26 21:24:02,339 - WARNING -  * Debugger is active!
2025-09-26 21:24:02,368 - INFO -  * Debugger PIN: 639-855-048
2025-09-26 21:24:02,528 - INFO - 192.168.100.14 - - [26/Sep/2025 21:24:02] "GET /scraping HTTP/1.1" 200 -
2025-09-26 21:24:02,735 - INFO - 192.168.100.14 - - [26/Sep/2025 21:24:02] "[36mGET /static/style.css HTTP/1.1[0m" 304 -
2025-09-26 21:24:22,420 - INFO - Job dbdf1ab4: Iniciando coleta de produtos
2025-09-26 21:24:22,421 - INFO - 192.168.100.14 - - [26/Sep/2025 21:24:22] "[32mPOST /web/scraping/start HTTP/1.1[0m" 302 -
2025-09-26 21:24:22,423 - INFO - Iniciando scraping para: cartucho hp 664
2025-09-26 21:24:22,761 - INFO - Parâmetros: max_items=10, images=True, sort=relevance
2025-09-26 21:24:22,783 - INFO - 192.168.100.14 - - [26/Sep/2025 21:24:22] "GET /jobs HTTP/1.1" 200 -
2025-09-26 21:24:22,783 - INFO - Extração detalhada: ATIVADA
2025-09-26 21:24:22,788 - INFO -  * Detected change in 'C:\\Program Files\\WindowsApps\\PythonSoftwareFoundation.Python.3.12_3.12.2800.0_x64__qbz5n2kfra8p0\\Lib\\multiprocessing\\queues.py', reloading
2025-09-26 21:24:22,873 - INFO -  * Detected change in 'C:\\Program Files\\WindowsApps\\PythonSoftwareFoundation.Python.3.12_3.12.2800.0_x64__qbz5n2kfra8p0\\Lib\\multiprocessing\\connection.py', reloading
2025-09-26 21:24:22,908 - INFO -  * Detected change in 'C:\\Program Files\\WindowsApps\\PythonSoftwareFoundation.Python.3.12_3.12.2800.0_x64__qbz5n2kfra8p0\\Lib\\multiprocessing\\util.py', reloading
2025-09-26 21:24:22,908 - INFO - 192.168.100.14 - - [26/Sep/2025 21:24:22] "[36mGET /static/style.css HTTP/1.1[0m" 304 -
2025-09-26 21:24:22,916 - INFO -  * Detected change in 'C:\\Program Files\\WindowsApps\\PythonSoftwareFoundation.Python.3.12_3.12.2800.0_x64__qbz5n2kfra8p0\\Lib\\multiprocessing\\synchronize.py', reloading
2025-09-26 21:24:22,921 - INFO -  * Detected change in 'C:\\Program Files\\WindowsApps\\PythonSoftwareFoundation.Python.3.12_3.12.2800.0_x64__qbz5n2kfra8p0\\Lib\\multiprocessing\\popen_spawn_win32.py', reloading
2025-09-26 21:24:22,953 - INFO -  * Detected change in 'C:\\Program Files\\WindowsApps\\PythonSoftwareFoundation.Python.3.12_3.12.2800.0_x64__qbz5n2kfra8p0\\Lib\\multiprocessing\\spawn.py', reloading
2025-09-26 21:24:26,804 - INFO -  * Restarting with watchdog (windowsapi)
2025-09-26 21:24:28,994 - WARNING -  * Debugger is active!
2025-09-26 21:24:29,003 - INFO -  * Debugger PIN: 639-855-048
2025-09-26 21:24:34,000 - INFO - 192.168.100.14 - - [26/Sep/2025 21:24:34] "GET /jobs HTTP/1.1" 200 -
2025-09-26 21:24:34,156 - INFO - 192.168.100.14 - - [26/Sep/2025 21:24:34] "[36mGET /static/style.css HTTP/1.1[0m" 304 -
2025-09-26 21:25:42,706 - INFO -  * Detected change in 'C:\\Challenge HP\\Challenge-HP\\src\\core\\app.py', reloading
2025-09-26 21:25:42,719 - INFO -  * Detected change in 'C:\\Challenge HP\\Challenge-HP\\src\\core\\app.py', reloading
2025-09-26 21:25:43,791 - INFO -  * Restarting with watchdog (windowsapi)
2025-09-26 21:25:45,913 - WARNING -  * Debugger is active!
2025-09-26 21:25:45,924 - INFO -  * Debugger PIN: 639-855-048
2025-09-26 21:25:50,042 - INFO -  * Detected change in 'C:\\Challenge HP\\Challenge-HP\\src\\core\\app.py', reloading
2025-09-26 21:25:50,044 - INFO -  * Detected change in 'C:\\Challenge HP\\Challenge-HP\\src\\core\\app.py', reloading
2025-09-26 21:25:50,472 - INFO -  * Restarting with watchdog (windowsapi)
2025-09-26 21:25:52,734 - WARNING -  * Debugger is active!
2025-09-26 21:25:52,743 - INFO -  * Debugger PIN: 639-855-048
2025-09-26 21:26:10,706 - INFO -  * Detected change in 'C:\\Challenge HP\\Challenge-HP\\src\\core\\__init__.py', reloading
2025-09-26 21:26:11,122 - INFO -  * Restarting with watchdog (windowsapi)
2025-09-26 21:26:13,243 - WARNING -  * Debugger is active!
2025-09-26 21:26:13,257 - INFO -  * Debugger PIN: 639-855-048
2025-09-26 21:26:15,779 - INFO -  * Detected change in 'C:\\Challenge HP\\Challenge-HP\\src\\web\\run_flask.py', reloading
2025-09-26 21:26:16,733 - INFO -  * Restarting with watchdog (windowsapi)
2025-09-26 21:26:18,639 - WARNING -  * Debugger is active!
2025-09-26 21:26:18,645 - INFO -  * Debugger PIN: 639-855-048
2025-09-26 21:26:20,490 - INFO -  * Detected change in 'C:\\Challenge HP\\Challenge-HP\\src\\web\\flask_app.py', reloading
2025-09-26 21:26:20,491 - INFO -  * Detected change in 'C:\\Challenge HP\\Challenge-HP\\src\\web\\flask_app.py', reloading
2025-09-26 21:26:21,027 - INFO -  * Restarting with watchdog (windowsapi)
2025-09-26 21:28:21,627 - INFO - [31m[1mWARNING: This is a development server. Do not use it in a production deployment. Use a production WSGI server instead.[0m
 * Running on all addresses (0.0.0.0)
 * Running on http://127.0.0.1:5000
 * Running on http://192.168.100.14:5000
2025-09-26 21:28:21,639 - INFO - [33mPress CTRL+C to quit[0m
2025-09-26 21:28:21,655 - INFO -  * Restarting with watchdog (windowsapi)
2025-09-26 21:28:23,615 - WARNING -  * Debugger is active!
2025-09-26 21:28:23,626 - INFO -  * Debugger PIN: 639-855-048
2025-09-26 21:29:20,595 - INFO - 192.168.100.14 - - [26/Sep/2025 21:29:20] "GET /scraping HTTP/1.1" 200 -
2025-09-26 21:29:20,763 - INFO - 192.168.100.14 - - [26/Sep/2025 21:29:20] "[36mGET /static/style.css HTTP/1.1[0m" 304 -
2025-09-26 21:29:36,167 - INFO - Job 9ca5a8bd: Iniciando coleta de produtos
2025-09-26 21:29:36,171 - INFO - Iniciando scraping para: cartucho hp 664
2025-09-26 21:29:36,170 - INFO - 192.168.100.14 - - [26/Sep/2025 21:29:36] "[32mPOST /web/scraping/start HTTP/1.1[0m" 302 -
2025-09-26 21:29:36,172 - INFO - Parâmetros: max_items=10, images=True, sort=relevance
2025-09-26 21:29:36,185 - INFO - Extração detalhada: ATIVADA
2025-09-26 21:29:36,371 - INFO - 192.168.100.14 - - [26/Sep/2025 21:29:36] "GET /jobs HTTP/1.1" 200 -
2025-09-26 21:29:36,464 - INFO - 192.168.100.14 - - [26/Sep/2025 21:29:36] "[36mGET /static/style.css HTTP/1.1[0m" 304 -
2025-09-26 21:29:42,631 - INFO -  * Detected change in 'C:\\Program Files\\WindowsApps\\PythonSoftwareFoundation.Python.3.12_3.12.2800.0_x64__qbz5n2kfra8p0\\Lib\\email\\mime\\base.py', reloading
2025-09-26 21:29:42,634 - INFO -  * Detected change in 'C:\\Program Files\\WindowsApps\\PythonSoftwareFoundation.Python.3.12_3.12.2800.0_x64__qbz5n2kfra8p0\\Lib\\email\\policy.py', reloading
2025-09-26 21:29:42,635 - INFO -  * Detected change in 'C:\\Program Files\\WindowsApps\\PythonSoftwareFoundation.Python.3.12_3.12.2800.0_x64__qbz5n2kfra8p0\\Lib\\email\\headerregistry.py', reloading
2025-09-26 21:29:42,636 - INFO -  * Detected change in 'C:\\Program Files\\WindowsApps\\PythonSoftwareFoundation.Python.3.12_3.12.2800.0_x64__qbz5n2kfra8p0\\Lib\\email\\_header_value_parser.py', reloading
2025-09-26 21:29:42,639 - INFO -  * Detected change in 'C:\\Program Files\\WindowsApps\\PythonSoftwareFoundation.Python.3.12_3.12.2800.0_x64__qbz5n2kfra8p0\\Lib\\email\\contentmanager.py', reloading
2025-09-26 21:29:42,646 - INFO -  * Detected change in 'C:\\Program Files\\WindowsApps\\PythonSoftwareFoundation.Python.3.12_3.12.2800.0_x64__qbz5n2kfra8p0\\Lib\\email\\mime\\multipart.py', reloading
2025-09-26 21:29:42,654 - INFO -  * Detected change in 'C:\\Program Files\\WindowsApps\\PythonSoftwareFoundation.Python.3.12_3.12.2800.0_x64__qbz5n2kfra8p0\\Lib\\email\\mime\\nonmultipart.py', reloading
2025-09-26 21:29:42,656 - INFO -  * Detected change in 'C:\\Program Files\\WindowsApps\\PythonSoftwareFoundation.Python.3.12_3.12.2800.0_x64__qbz5n2kfra8p0\\Lib\\email\\mime\\text.py', reloading
2025-09-26 21:29:42,664 - INFO -  * Detected change in 'C:\\Program Files\\WindowsApps\\PythonSoftwareFoundation.Python.3.12_3.12.2800.0_x64__qbz5n2kfra8p0\\Lib\\ftplib.py', reloading
2025-09-26 21:29:43,003 - INFO -  * Detected change in 'C:\\Program Files\\WindowsApps\\PythonSoftwareFoundation.Python.3.12_3.12.2800.0_x64__qbz5n2kfra8p0\\Lib\\sqlite3\\__init__.py', reloading
2025-09-26 21:29:43,005 - INFO -  * Detected change in 'C:\\Program Files\\WindowsApps\\PythonSoftwareFoundation.Python.3.12_3.12.2800.0_x64__qbz5n2kfra8p0\\Lib\\sqlite3\\dbapi2.py', reloading
2025-09-26 21:29:49,231 - INFO -  * Restarting with watchdog (windowsapi)
2025-09-26 21:29:52,153 - WARNING -  * Debugger is active!
2025-09-26 21:29:52,162 - INFO -  * Debugger PIN: 639-855-048
2025-09-26 21:29:52,270 - INFO - 192.168.100.14 - - [26/Sep/2025 21:29:52] "GET /jobs HTTP/1.1" 200 -
2025-09-26 21:29:52,484 - INFO - 192.168.100.14 - - [26/Sep/2025 21:29:52] "[36mGET /static/style.css HTTP/1.1[0m" 304 -
2025-09-26 21:30:29,713 - INFO -  * Detected change in 'C:\\Challenge HP\\Challenge-HP\\src\\core\\__init__.py', reloading
2025-09-26 21:30:29,715 - INFO -  * Detected change in 'C:\\Challenge HP\\Challenge-HP\\src\\core\\app.py', reloading
2025-09-26 21:30:29,715 - INFO -  * Detected change in 'C:\\Challenge HP\\Challenge-HP\\src\\core\\__init__.py', reloading
2025-09-26 21:30:29,717 - INFO -  * Detected change in 'C:\\Challenge HP\\Challenge-HP\\src\\web\\flask_app.py', reloading
2025-09-26 21:30:29,718 - INFO -  * Detected change in 'C:\\Challenge HP\\Challenge-HP\\main.py', reloading
2025-09-26 21:30:29,719 - INFO -  * Detected change in 'C:\\Challenge HP\\Challenge-HP\\src\\web\\flask_app.py', reloading
2025-09-26 21:30:29,720 - INFO -  * Detected change in 'C:\\Challenge HP\\Challenge-HP\\src\\core\\app.py', reloading
2025-09-26 21:30:30,730 - INFO -  * Restarting with watchdog (windowsapi)
2025-09-26 21:30:32,823 - WARNING -  * Debugger is active!
2025-09-26 21:30:32,828 - INFO -  * Debugger PIN: 639-855-048
2025-09-26 21:31:57,388 - INFO -  * Detected change in 'C:\\Challenge HP\\Challenge-HP\\src\\web\\flask_app.py', reloading
2025-09-26 21:31:57,390 - INFO -  * Detected change in 'C:\\Challenge HP\\Challenge-HP\\src\\web\\flask_app.py', reloading
2025-09-26 21:31:57,391 - INFO -  * Detected change in 'C:\\Challenge HP\\Challenge-HP\\src\\web\\flask_app.py', reloading
2025-09-26 21:31:57,882 - INFO -  * Restarting with watchdog (windowsapi)
2025-09-26 21:31:59,911 - WARNING -  * Debugger is active!
2025-09-26 21:31:59,916 - INFO -  * Debugger PIN: 639-855-048
2025-09-26 21:32:05,398 - INFO -  * Detected change in 'C:\\Challenge HP\\Challenge-HP\\src\\web\\flask_app.py', reloading
2025-09-26 21:32:05,399 - INFO -  * Detected change in 'C:\\Challenge HP\\Challenge-HP\\src\\web\\flask_app.py', reloading
2025-09-26 21:32:05,400 - INFO -  * Detected change in 'C:\\Challenge HP\\Challenge-HP\\src\\web\\flask_app.py', reloading
2025-09-26 21:32:06,504 - INFO -  * Restarting with watchdog (windowsapi)
2025-09-26 21:32:08,447 - WARNING -  * Debugger is active!
2025-09-26 21:32:08,453 - INFO -  * Debugger PIN: 639-855-048
2025-09-26 21:32:14,392 - INFO -  * Detected change in 'C:\\Challenge HP\\Challenge-HP\\src\\web\\flask_app.py', reloading
2025-09-26 21:32:14,394 - INFO -  * Detected change in 'C:\\Challenge HP\\Challenge-HP\\src\\web\\flask_app.py', reloading
2025-09-26 21:32:15,107 - INFO -  * Restarting with watchdog (windowsapi)
2025-09-26 21:32:17,024 - WARNING -  * Debugger is active!
2025-09-26 21:32:17,029 - INFO -  * Debugger PIN: 639-855-048
2025-09-26 21:33:25,823 - INFO - Job 8ed71cb3: Iniciando coleta de produtos
2025-09-26 21:33:25,823 - INFO - Job 8ed71cb3 iniciado para query: cartucho hp 664
2025-09-26 21:33:25,826 - INFO - 127.0.0.1 - - [26/Sep/2025 21:33:25] "POST /api/scraping/start HTTP/1.1" 200 -
2025-09-26 21:33:25,825 - INFO - Iniciando scraping para: cartucho hp 664
2025-09-26 21:33:25,826 - INFO - Parâmetros: max_items=5, images=True, sort=relevance
2025-09-26 21:33:25,827 - INFO - Extração detalhada: ATIVADA
2025-09-26 21:33:33,583 - INFO - Executando extração detalhada para todos os produtos...
2025-09-26 21:33:33,584 - INFO - Executando extração detalhada para 5 produtos...
2025-09-26 21:33:33,584 - WARNING - Produto 1 sem URL válida
2025-09-26 21:33:33,584 - WARNING - Produto 2 sem URL válida
2025-09-26 21:33:33,584 - WARNING - Produto 3 sem URL válida
2025-09-26 21:33:33,584 - WARNING - Produto 4 sem URL válida
2025-09-26 21:33:33,585 - WARNING - Produto 5 sem URL válida
2025-09-26 21:33:33,585 - INFO - Extração detalhada concluída: 5 produtos processados
2025-09-26 21:33:33,585 - INFO - Coletados 5 produtos
2025-09-26 21:33:33,585 - INFO - Job 8ed71cb3: Gerando datasets
2025-09-26 21:33:33,585 - INFO - Gerando dataset CSV: datasets_gerados\dataset_8ed71cb3_20250926_213333.csv
2025-09-26 21:33:33,591 - INFO - Dataset gerado com sucesso: datasets_gerados\dataset_8ed71cb3_20250926_213333.csv
2025-09-26 21:33:33,592 - INFO - Total de produtos: 5
2025-09-26 21:33:33,592 - INFO - Job 8ed71cb3: Arquivo CSV gerado - dataset_8ed71cb3_20250926_213333.csv
2025-09-26 21:33:33,593 - INFO - Gerando dataset JSON: datasets_gerados\dataset_8ed71cb3_20250926_213333.json
2025-09-26 21:33:33,595 - INFO - Dataset JSON gerado com sucesso: datasets_gerados\dataset_8ed71cb3_20250926_213333.json
2025-09-26 21:33:33,596 - INFO - Job 8ed71cb3: Arquivo JSON gerado - dataset_8ed71cb3_20250926_213333.json
2025-09-26 21:33:33,596 - INFO - Job 8ed71cb3: Concluído com sucesso
2025-09-26 21:33:33,598 - INFO -    - Produtos coletados: 5
2025-09-26 21:33:33,598 - INFO -    - Reviews coletadas: 0
2025-09-26 21:33:33,598 - INFO -    - Arquivos gerados: 2
2025-09-26 21:33:33,598 - INFO -      * CSV: dataset_8ed71cb3_20250926_213333.csv (1.0 KB)
2025-09-26 21:33:33,599 - INFO -      * JSON: dataset_8ed71cb3_20250926_213333.json (4.1 KB)
2025-09-26 21:35:09,101 - INFO -  * Detected change in 'C:\\Challenge HP\\Challenge-HP\\src\\core\\app.py', reloading
2025-09-26 21:35:09,102 - INFO -  * Detected change in 'C:\\Challenge HP\\Challenge-HP\\src\\core\\app.py', reloading
2025-09-26 21:35:09,103 - INFO -  * Detected change in 'C:\\Challenge HP\\Challenge-HP\\src\\core\\app.py', reloading
2025-09-26 21:35:09,533 - INFO -  * Restarting with watchdog (windowsapi)
2025-09-26 21:35:11,467 - WARNING -  * Debugger is active!
2025-09-26 21:35:11,473 - INFO -  * Debugger PIN: 639-855-048
2025-09-26 21:35:20,565 - INFO - Job 6a53158b: Iniciando coleta de produtos
2025-09-26 21:35:20,565 - INFO - Job 6a53158b iniciado para query: cartucho hp 662
2025-09-26 21:35:20,566 - INFO - Iniciando scraping para: cartucho hp 662
2025-09-26 21:35:20,567 - INFO - 127.0.0.1 - - [26/Sep/2025 21:35:20] "POST /api/scraping/start HTTP/1.1" 200 -
2025-09-26 21:35:20,567 - INFO - Parâmetros: max_items=3, images=True, sort=relevance
2025-09-26 21:35:20,569 - INFO - Extração detalhada: DESATIVADA
2025-09-26 21:35:34,595 - INFO - Coletados 3 produtos
2025-09-26 21:35:34,595 - INFO - Job 6a53158b: Gerando datasets
2025-09-26 21:35:34,596 - INFO - Gerando dataset CSV: datasets_gerados\dataset_6a53158b_20250926_213534.csv
2025-09-26 21:35:34,624 - INFO - Dataset gerado com sucesso: datasets_gerados\dataset_6a53158b_20250926_213534.csv
2025-09-26 21:35:34,625 - INFO - Total de produtos: 3
2025-09-26 21:35:34,626 - INFO - Job 6a53158b: Arquivo CSV gerado - dataset_6a53158b_20250926_213534.csv
2025-09-26 21:35:34,626 - INFO - Gerando dataset JSON: datasets_gerados\dataset_6a53158b_20250926_213534.json
2025-09-26 21:35:34,629 - INFO - Dataset JSON gerado com sucesso: datasets_gerados\dataset_6a53158b_20250926_213534.json
2025-09-26 21:35:34,630 - INFO - Job 6a53158b: Arquivo JSON gerado - dataset_6a53158b_20250926_213534.json
2025-09-26 21:35:34,631 - INFO - Job 6a53158b: Concluído com sucesso
2025-09-26 21:35:34,632 - INFO -    - Produtos coletados: 3
2025-09-26 21:35:34,633 - INFO -    - Reviews coletadas: 0
2025-09-26 21:35:34,633 - INFO -    - Arquivos gerados: 2
2025-09-26 21:35:34,633 - INFO -      * CSV: dataset_6a53158b_20250926_213534.csv (2.1 KB)
2025-09-26 21:35:34,633 - INFO -      * JSON: dataset_6a53158b_20250926_213534.json (2.3 KB)
2025-09-26 21:36:50,998 - INFO -  * Detected change in 'C:\\Challenge HP\\Challenge-HP\\src\\web\\flask_app.py', reloading
2025-09-26 21:36:51,014 - INFO -  * Detected change in 'C:\\Challenge HP\\Challenge-HP\\src\\web\\flask_app.py', reloading
2025-09-26 21:36:51,014 - INFO -  * Detected change in 'C:\\Challenge HP\\Challenge-HP\\src\\core\\app.py', reloading
2025-09-26 21:36:51,018 - INFO -  * Detected change in 'C:\\Challenge HP\\Challenge-HP\\src\\web\\flask_app.py', reloading
2025-09-26 21:36:51,019 - INFO -  * Detected change in 'C:\\Challenge HP\\Challenge-HP\\src\\core\\app.py', reloading
2025-09-26 21:36:52,128 - INFO -  * Restarting with watchdog (windowsapi)
2025-09-26 21:36:54,009 - WARNING -  * Debugger is active!
2025-09-26 21:36:54,015 - INFO -  * Debugger PIN: 639-855-048
2025-09-26 21:37:08,450 - INFO - 192.168.100.14 - - [26/Sep/2025 21:37:08] "GET /scraping HTTP/1.1" 200 -
2025-09-26 21:37:08,605 - INFO - 192.168.100.14 - - [26/Sep/2025 21:37:08] "[36mGET /static/style.css HTTP/1.1[0m" 304 -
2025-09-26 21:37:24,743 - INFO - Job 659ae317: Iniciando coleta de produtos
2025-09-26 21:37:24,745 - INFO - Iniciando scraping para: cartucho hp 664
2025-09-26 21:37:24,753 - INFO - Parâmetros: max_items=10, images=True, sort=relevance
2025-09-26 21:37:24,753 - INFO - Extração detalhada: ATIVADA
2025-09-26 21:37:24,744 - INFO - 192.168.100.14 - - [26/Sep/2025 21:37:24] "[32mPOST /web/scraping/start HTTP/1.1[0m" 302 -
2025-09-26 21:37:24,806 - INFO - 192.168.100.14 - - [26/Sep/2025 21:37:24] "GET /jobs HTTP/1.1" 200 -
2025-09-26 21:37:24,891 - INFO - 192.168.100.14 - - [26/Sep/2025 21:37:24] "[36mGET /static/style.css HTTP/1.1[0m" 304 -
2025-09-26 21:37:35,288 - INFO - 192.168.100.14 - - [26/Sep/2025 21:37:35] "GET /jobs HTTP/1.1" 200 -
2025-09-26 21:37:35,375 - INFO - 192.168.100.14 - - [26/Sep/2025 21:37:35] "[36mGET /static/style.css HTTP/1.1[0m" 304 -
2025-09-26 21:37:36,865 - INFO - Executando extração detalhada para todos os produtos...
2025-09-26 21:37:36,865 - INFO - Executando extração detalhada para 10 produtos...
2025-09-26 21:37:36,865 - WARNING - Produto 1 sem URL válida
2025-09-26 21:37:36,865 - WARNING - Produto 2 sem URL válida
2025-09-26 21:37:36,866 - WARNING - Produto 3 sem URL válida
2025-09-26 21:37:36,866 - WARNING - Produto 4 sem URL válida
2025-09-26 21:37:36,866 - WARNING - Produto 5 sem URL válida
2025-09-26 21:37:36,866 - WARNING - Produto 6 sem URL válida
2025-09-26 21:37:36,866 - WARNING - Produto 7 sem URL válida
2025-09-26 21:37:36,866 - WARNING - Produto 8 sem URL válida
2025-09-26 21:37:36,867 - WARNING - Produto 9 sem URL válida
2025-09-26 21:37:36,867 - WARNING - Produto 10 sem URL válida
2025-09-26 21:37:36,868 - INFO - Extração detalhada concluída: 10 produtos processados
2025-09-26 21:37:36,868 - INFO - Coletados 10 produtos
2025-09-26 21:37:36,868 - INFO - Job 659ae317: Coletando reviews
2025-09-26 21:37:36,868 - INFO - Coletando reviews para 10 produtos
2025-09-26 21:37:36,868 - INFO - Job 659ae317: Gerando datasets
2025-09-26 21:37:36,868 - INFO - Gerando dataset CSV: datasets_gerados\dataset_659ae317_20250926_213736.csv
2025-09-26 21:37:36,875 - INFO - Dataset gerado com sucesso: datasets_gerados\dataset_659ae317_20250926_213736.csv
2025-09-26 21:37:36,875 - INFO - Total de produtos: 10
2025-09-26 21:37:36,875 - INFO - Job 659ae317: Arquivo CSV gerado - dataset_659ae317_20250926_213736.csv
2025-09-26 21:37:36,876 - INFO - Gerando dataset JSON: datasets_gerados\dataset_659ae317_20250926_213736.json
2025-09-26 21:37:36,877 - INFO - Dataset JSON gerado com sucesso: datasets_gerados\dataset_659ae317_20250926_213736.json
2025-09-26 21:37:36,878 - INFO - Job 659ae317: Arquivo JSON gerado - dataset_659ae317_20250926_213736.json
2025-09-26 21:37:36,878 - INFO - Job 659ae317: Concluído com sucesso
2025-09-26 21:37:36,878 - INFO -    - Produtos coletados: 10
2025-09-26 21:37:36,878 - INFO -    - Reviews coletadas: 0
2025-09-26 21:37:36,878 - INFO -    - Arquivos gerados: 2
2025-09-26 21:37:36,878 - INFO -      * CSV: dataset_659ae317_20250926_213736.csv (5.8 KB)
2025-09-26 21:37:36,878 - INFO -      * JSON: dataset_659ae317_20250926_213736.json (7.8 KB)
2025-09-26 21:37:41,443 - INFO - 192.168.100.14 - - [26/Sep/2025 21:37:41] "GET /api/jobs/659ae317/status HTTP/1.1" 200 -
2025-09-26 21:37:45,444 - INFO - 192.168.100.14 - - [26/Sep/2025 21:37:45] "GET /jobs HTTP/1.1" 200 -
2025-09-26 21:37:45,489 - INFO - 192.168.100.14 - - [26/Sep/2025 21:37:45] "[36mGET /static/style.css HTTP/1.1[0m" 304 -
2025-09-26 21:37:47,521 - INFO -  * Detected change in 'C:\\Users\\sandr\\AppData\\Local\\Packages\\PythonSoftwareFoundation.Python.3.12_qbz5n2kfra8p0\\LocalCache\\local-packages\\Python312\\site-packages\\flask\\app.py', reloading
2025-09-26 21:37:47,568 - INFO -  * Detected change in 'C:\\Users\\sandr\\AppData\\Local\\Packages\\PythonSoftwareFoundation.Python.3.12_qbz5n2kfra8p0\\LocalCache\\local-packages\\Python312\\site-packages\\flask\\helpers.py', reloading
2025-09-26 21:37:47,623 - INFO -  * Detected change in 'C:\\Users\\sandr\\AppData\\Local\\Packages\\PythonSoftwareFoundation.Python.3.12_qbz5n2kfra8p0\\LocalCache\\local-packages\\Python312\\site-packages\\werkzeug\\utils.py', reloading
2025-09-26 21:37:47,720 - INFO - 192.168.100.14 - - [26/Sep/2025 21:37:47] "[35m[1mGET /api/datasets/dataset_659ae317_20250926_213736.csv/download HTTP/1.1[0m" 500 -
2025-09-26 21:37:47,800 - INFO - 192.168.100.14 - - [26/Sep/2025 21:37:47] "GET /api/datasets/dataset_659ae317_20250926_213736.csv/download?__debugger__=yes&cmd=resource&f=style.css HTTP/1.1" 200 -
2025-09-26 21:37:47,843 - INFO - 192.168.100.14 - - [26/Sep/2025 21:37:47] "GET /api/datasets/dataset_659ae317_20250926_213736.csv/download?__debugger__=yes&cmd=resource&f=debugger.js HTTP/1.1" 200 -
2025-09-26 21:37:47,900 - INFO - 192.168.100.14 - - [26/Sep/2025 21:37:47] "GET /api/datasets/dataset_659ae317_20250926_213736.csv/download?__debugger__=yes&cmd=resource&f=console.png HTTP/1.1" 200 -
2025-09-26 21:37:47,993 - INFO - 192.168.100.14 - - [26/Sep/2025 21:37:47] "[36mGET /api/datasets/dataset_659ae317_20250926_213736.csv/download?__debugger__=yes&cmd=resource&f=console.png HTTP/1.1[0m" 304 -
2025-09-26 21:37:48,700 - INFO -  * Restarting with watchdog (windowsapi)
2025-09-26 21:37:51,116 - WARNING -  * Debugger is active!
2025-09-26 21:37:51,130 - INFO -  * Debugger PIN: 639-855-048
2025-09-26 21:38:28,411 - INFO -  * Detected change in 'C:\\Challenge HP\\Challenge-HP\\src\\web\\flask_app.py', reloading
2025-09-26 21:38:29,668 - INFO -  * Restarting with watchdog (windowsapi)
2025-09-26 21:38:31,604 - WARNING -  * Debugger is active!
2025-09-26 21:38:31,617 - INFO -  * Debugger PIN: 639-855-048
2025-09-26 21:38:34,877 - INFO -  * Detected change in 'C:\\Challenge HP\\Challenge-HP\\src\\web\\flask_app.py', reloading
2025-09-26 21:38:34,878 - INFO -  * Detected change in 'C:\\Challenge HP\\Challenge-HP\\src\\web\\flask_app.py', reloading
2025-09-26 21:38:36,135 - INFO -  * Restarting with watchdog (windowsapi)
2025-09-26 21:38:38,271 - INFO - Diretório de datasets configurado: C:\Challenge HP\Challenge-HP\datasets_gerados
2025-09-26 21:38:38,300 - WARNING -  * Debugger is active!
2025-09-26 21:38:38,307 - INFO -  * Debugger PIN: 639-855-048
2025-09-26 21:38:44,209 - INFO -  * Detected change in 'C:\\Challenge HP\\Challenge-HP\\src\\web\\flask_app.py', reloading
2025-09-26 21:38:44,210 - INFO -  * Detected change in 'C:\\Challenge HP\\Challenge-HP\\src\\web\\flask_app.py', reloading
2025-09-26 21:38:44,211 - INFO -  * Detected change in 'C:\\Challenge HP\\Challenge-HP\\src\\web\\flask_app.py', reloading
2025-09-26 21:38:44,873 - INFO -  * Restarting with watchdog (windowsapi)
2025-09-26 21:38:46,899 - INFO - Diretório de datasets configurado: C:\Challenge HP\Challenge-HP\datasets_gerados
2025-09-26 21:38:46,923 - WARNING -  * Debugger is active!
2025-09-26 21:38:46,928 - INFO -  * Debugger PIN: 639-855-048
2025-09-26 21:39:17,309 - INFO - Tentando download de: dataset_6a53158b_20250926_213534.csv
2025-09-26 21:39:17,310 - INFO - Caminho completo: C:\Challenge HP\Challenge-HP\datasets_gerados\dataset_6a53158b_20250926_213534.csv
2025-09-26 21:39:17,311 - INFO - Arquivo existe: True
2025-09-26 21:39:17,462 - INFO - 127.0.0.1 - - [26/Sep/2025 21:39:17] "GET /api/datasets/dataset_6a53158b_20250926_213534.csv/download HTTP/1.1" 200 -
2025-09-26 21:39:33,526 - INFO - Tentando download de: dataset_6a53158b_20250926_213534.json
2025-09-26 21:39:33,526 - INFO - Caminho completo: C:\Challenge HP\Challenge-HP\datasets_gerados\dataset_6a53158b_20250926_213534.json
2025-09-26 21:39:33,527 - INFO - Arquivo existe: True
2025-09-26 21:39:33,529 - INFO - 127.0.0.1 - - [26/Sep/2025 21:39:33] "GET /api/datasets/dataset_6a53158b_20250926_213534.json/download HTTP/1.1" 200 -
2025-09-26 21:39:41,162 - INFO - Tentando download de: arquivo_inexistente.csv
2025-09-26 21:39:41,162 - INFO - Caminho completo: C:\Challenge HP\Challenge-HP\datasets_gerados\arquivo_inexistente.csv
2025-09-26 21:39:41,163 - INFO - Arquivo existe: False
2025-09-26 21:39:41,164 - WARNING - Arquivo não encontrado: C:\Challenge HP\Challenge-HP\datasets_gerados\arquivo_inexistente.csv
2025-09-26 21:39:41,164 - WARNING - Arquivos disponíveis: ['dataset_659ae317_20250926_213736.csv', 'dataset_659ae317_20250926_213736.json', 'dataset_6a53158b_20250926_213534.csv', 'dataset_6a53158b_20250926_213534.json', 'dataset_8ed71cb3_20250926_213333.csv', 'dataset_8ed71cb3_20250926_213333.json']
2025-09-26 21:39:41,165 - INFO - 127.0.0.1 - - [26/Sep/2025 21:39:41] "[33mGET /api/datasets/arquivo_inexistente.csv/download HTTP/1.1[0m" 404 -
2025-09-26 21:40:05,197 - INFO - 127.0.0.1 - - [26/Sep/2025 21:40:05] "GET /api/datasets HTTP/1.1" 200 -
2025-09-26 21:40:28,697 - INFO -  * Detected change in 'C:\\Challenge HP\\Challenge-HP\\src\\web\\flask_app.py', reloading
2025-09-26 21:40:28,714 - INFO -  * Detected change in 'C:\\Challenge HP\\Challenge-HP\\src\\web\\flask_app.py', reloading
2025-09-26 21:40:28,716 - INFO -  * Detected change in 'C:\\Challenge HP\\Challenge-HP\\src\\web\\flask_app.py', reloading
2025-09-26 21:40:29,593 - INFO -  * Restarting with watchdog (windowsapi)
2025-09-26 21:40:31,351 - INFO - Diretório de datasets configurado: C:\Challenge HP\Challenge-HP\datasets_gerados
2025-09-26 21:40:31,386 - WARNING -  * Debugger is active!
2025-09-26 21:40:31,390 - INFO -  * Debugger PIN: 639-855-048
2025-09-26 21:43:04,726 - INFO - Diretório de datasets configurado: C:\Challenge HP\Challenge-HP\datasets_gerados
2025-09-26 21:43:04,824 - INFO - [31m[1mWARNING: This is a development server. Do not use it in a production deployment. Use a production WSGI server instead.[0m
 * Running on all addresses (0.0.0.0)
 * Running on http://127.0.0.1:5000
 * Running on http://192.168.100.14:5000
2025-09-26 21:43:04,825 - INFO - [33mPress CTRL+C to quit[0m
2025-09-26 21:43:04,851 - INFO -  * Restarting with watchdog (windowsapi)
2025-09-26 21:43:06,788 - INFO - Diretório de datasets configurado: C:\Challenge HP\Challenge-HP\datasets_gerados
2025-09-26 21:43:06,822 - WARNING -  * Debugger is active!
2025-09-26 21:43:06,829 - INFO -  * Debugger PIN: 639-855-048
2025-09-26 21:43:07,094 - INFO - Tentando download de: dataset_659ae317_20250926_213736.csv
2025-09-26 21:43:07,095 - INFO - Caminho completo: C:\Challenge HP\Challenge-HP\datasets_gerados\dataset_659ae317_20250926_213736.csv
2025-09-26 21:43:07,095 - INFO - Arquivo existe: True
2025-09-26 21:43:07,232 - INFO - 192.168.100.14 - - [26/Sep/2025 21:43:07] "GET /api/datasets/dataset_659ae317_20250926_213736.csv/download HTTP/1.1" 200 -
2025-09-26 21:46:13,909 - INFO -  * Detected change in 'C:\\Challenge HP\\Challenge-HP\\src\\core\\app.py', reloading
2025-09-26 21:46:13,910 - INFO -  * Detected change in 'C:\\Challenge HP\\Challenge-HP\\src\\core\\app.py', reloading
2025-09-26 21:46:13,911 - INFO -  * Detected change in 'C:\\Challenge HP\\Challenge-HP\\src\\core\\app.py', reloading
2025-09-26 21:46:13,914 - INFO -  * Detected change in 'C:\\Challenge HP\\Challenge-HP\\src\\core\\app.py', reloading
2025-09-26 21:46:13,916 - INFO -  * Detected change in 'C:\\Challenge HP\\Challenge-HP\\src\\core\\app.py', reloading
2025-09-26 21:46:13,917 - INFO -  * Detected change in 'C:\\Challenge HP\\Challenge-HP\\src\\core\\app.py', reloading
2025-09-26 21:46:14,725 - INFO -  * Restarting with watchdog (windowsapi)
2025-09-26 21:46:14,726 - INFO -  * Restarting with watchdog (windowsapi)
2025-09-26 21:46:16,897 - INFO - Diretório de datasets configurado: C:\Challenge HP\Challenge-HP\datasets_gerados
2025-09-26 21:46:16,901 - INFO - Diretório de datasets configurado: C:\Challenge HP\Challenge-HP\datasets_gerados
2025-09-26 21:46:16,941 - WARNING -  * Debugger is active!
2025-09-26 21:46:16,942 - WARNING -  * Debugger is active!
2025-09-26 21:46:16,948 - INFO -  * Debugger PIN: 639-855-048
2025-09-26 21:46:39,579 - INFO -  * Detected change in 'C:\\Challenge HP\\Challenge-HP\\src\\core\\app.py', reloading
2025-09-26 21:46:39,595 - INFO -  * Detected change in 'C:\\Challenge HP\\Challenge-HP\\src\\core\\app.py', reloading
2025-09-26 21:46:40,678 - INFO -  * Restarting with watchdog (windowsapi)
2025-09-26 21:46:42,700 - INFO - Diretório de datasets configurado: C:\Challenge HP\Challenge-HP\datasets_gerados
2025-09-26 21:46:42,704 - INFO - Diretório de datasets configurado: C:\Challenge HP\Challenge-HP\datasets_gerados
2025-09-26 21:46:42,763 - WARNING -  * Debugger is active!
2025-09-26 21:46:42,763 - WARNING -  * Debugger is active!
2025-09-26 21:46:42,772 - INFO -  * Debugger PIN: 639-855-048
2025-09-26 21:46:42,773 - INFO -  * Debugger PIN: 639-855-048
2025-09-26 21:47:37,216 - INFO -  * Detected change in 'C:\\Challenge HP\\Challenge-HP\\src\\core\\app.py', reloading
2025-09-26 21:47:37,216 - INFO -  * Detected change in 'C:\\Challenge HP\\Challenge-HP\\src\\core\\app.py', reloading
2025-09-26 21:47:37,218 - INFO -  * Detected change in 'C:\\Challenge HP\\Challenge-HP\\src\\core\\app.py', reloading
2025-09-26 21:47:37,218 - INFO -  * Detected change in 'C:\\Challenge HP\\Challenge-HP\\src\\core\\app.py', reloading
2025-09-26 21:47:37,220 - INFO -  * Detected change in 'C:\\Challenge HP\\Challenge-HP\\src\\core\\app.py', reloading
2025-09-26 21:47:38,368 - INFO -  * Restarting with watchdog (windowsapi)
2025-09-26 21:47:38,388 - INFO -  * Restarting with watchdog (windowsapi)
2025-09-26 21:47:40,458 - INFO - Diretório de datasets configurado: C:\Challenge HP\Challenge-HP\datasets_gerados
2025-09-26 21:47:40,473 - INFO - Diretório de datasets configurado: C:\Challenge HP\Challenge-HP\datasets_gerados
2025-09-26 21:47:40,528 - WARNING -  * Debugger is active!
2025-09-26 21:47:40,528 - WARNING -  * Debugger is active!
2025-09-26 21:47:40,535 - INFO -  * Debugger PIN: 639-855-048
2025-09-26 21:47:40,537 - INFO -  * Debugger PIN: 639-855-048
2025-09-26 21:48:03,658 - INFO -  * Detected change in 'C:\\Challenge HP\\Challenge-HP\\src\\core\\app.py', reloading
2025-09-26 21:48:03,659 - INFO -  * Detected change in 'C:\\Challenge HP\\Challenge-HP\\src\\core\\app.py', reloading
2025-09-26 21:48:04,308 - INFO -  * Restarting with watchdog (windowsapi)
2025-09-26 21:48:04,309 - INFO -  * Restarting with watchdog (windowsapi)
2025-09-26 21:48:06,257 - INFO - Diretório de datasets configurado: C:\Challenge HP\Challenge-HP\datasets_gerados
2025-09-26 21:48:06,257 - INFO - Diretório de datasets configurado: C:\Challenge HP\Challenge-HP\datasets_gerados
2025-09-26 21:48:06,330 - WARNING -  * Debugger is active!
2025-09-26 21:48:06,331 - WARNING -  * Debugger is active!
2025-09-26 21:48:06,337 - INFO -  * Debugger PIN: 639-855-048
2025-09-26 21:48:06,337 - INFO -  * Debugger PIN: 639-855-048
2025-09-26 21:49:08,009 - INFO -  * Detected change in 'C:\\Challenge HP\\Challenge-HP\\main.py', reloading
2025-09-26 21:49:08,009 - INFO -  * Detected change in 'C:\\Challenge HP\\Challenge-HP\\main.py', reloading
2025-09-26 21:49:08,276 - INFO -  * Restarting with watchdog (windowsapi)
2025-09-26 21:49:08,279 - INFO -  * Restarting with watchdog (windowsapi)
2025-09-26 21:49:10,263 - INFO - Diretório de datasets configurado: C:\Challenge HP\Challenge-HP\datasets_gerados
2025-09-26 21:49:10,265 - INFO - Diretório de datasets configurado: C:\Challenge HP\Challenge-HP\datasets_gerados
2025-09-26 21:49:10,313 - WARNING -  * Debugger is active!
2025-09-26 21:49:10,315 - WARNING -  * Debugger is active!
2025-09-26 21:49:10,321 - INFO -  * Debugger PIN: 639-855-048
2025-09-26 21:49:10,323 - INFO -  * Debugger PIN: 639-855-048
2025-09-26 21:49:56,951 - INFO -  * Detected change in 'C:\\Program Files\\WindowsApps\\PythonSoftwareFoundation.Python.3.12_3.12.2800.0_x64__qbz5n2kfra8p0\\Lib\\netrc.py', reloading
2025-09-26 21:49:56,955 - INFO -  * Detected change in 'C:\\Program Files\\WindowsApps\\PythonSoftwareFoundation.Python.3.12_3.12.2800.0_x64__qbz5n2kfra8p0\\Lib\\netrc.py', reloading
2025-09-26 21:49:57,217 - INFO -  * Restarting with watchdog (windowsapi)
2025-09-26 21:49:58,314 - INFO -  * Restarting with watchdog (windowsapi)
2025-09-26 21:50:00,840 - INFO - Diretório de datasets configurado: C:\Challenge HP\Challenge-HP\datasets_gerados
2025-09-26 21:50:00,890 - WARNING -  * Debugger is active!
2025-09-26 21:50:00,898 - INFO -  * Debugger PIN: 639-855-048
2025-09-26 21:50:01,692 - INFO - Diretório de datasets configurado: C:\Challenge HP\Challenge-HP\datasets_gerados
2025-09-26 21:50:01,742 - WARNING -  * Debugger is active!
2025-09-26 21:50:01,750 - INFO -  * Debugger PIN: 639-855-048
2025-09-26 21:50:14,090 - INFO -  * Detected change in 'C:\\Challenge HP\\Challenge-HP\\src\\core\\app.py', reloading
2025-09-26 21:50:14,090 - INFO -  * Detected change in 'C:\\Challenge HP\\Challenge-HP\\src\\core\\app.py', reloading
2025-09-26 21:50:14,092 - INFO -  * Detected change in 'C:\\Challenge HP\\Challenge-HP\\src\\core\\app.py', reloading
2025-09-26 21:50:14,093 - INFO -  * Detected change in 'C:\\Challenge HP\\Challenge-HP\\src\\core\\app.py', reloading
2025-09-26 21:50:14,095 - INFO -  * Detected change in 'C:\\Challenge HP\\Challenge-HP\\src\\core\\app.py', reloading
2025-09-26 21:50:14,438 - INFO -  * Restarting with watchdog (windowsapi)
2025-09-26 21:50:15,264 - INFO -  * Restarting with watchdog (windowsapi)
2025-09-26 21:50:18,253 - INFO - Diretório de datasets configurado: C:\Challenge HP\Challenge-HP\datasets_gerados
2025-09-26 21:50:18,353 - WARNING -  * Debugger is active!
2025-09-26 21:50:18,370 - INFO -  * Debugger PIN: 639-855-048
2025-09-26 21:50:18,946 - INFO - Diretório de datasets configurado: C:\Challenge HP\Challenge-HP\datasets_gerados
2025-09-26 21:50:19,043 - WARNING -  * Debugger is active!
2025-09-26 21:50:19,059 - INFO -  * Debugger PIN: 639-855-048
2025-09-26 21:50:19,820 - INFO -  * Detected change in 'C:\\Challenge HP\\Challenge-HP\\src\\core\\app.py', reloading
2025-09-26 21:50:19,832 - INFO -  * Detected change in 'C:\\Challenge HP\\Challenge-HP\\src\\core\\app.py', reloading
2025-09-26 21:50:19,835 - INFO -  * Detected change in 'C:\\Challenge HP\\Challenge-HP\\src\\core\\app.py', reloading
2025-09-26 21:50:19,836 - INFO -  * Detected change in 'C:\\Challenge HP\\Challenge-HP\\src\\core\\app.py', reloading
2025-09-26 21:50:19,838 - INFO -  * Detected change in 'C:\\Challenge HP\\Challenge-HP\\src\\core\\app.py', reloading
2025-09-26 21:50:20,610 - INFO -  * Restarting with watchdog (windowsapi)
2025-09-26 21:50:20,878 - INFO -  * Restarting with watchdog (windowsapi)
2025-09-26 21:50:24,350 - INFO - Diretório de datasets configurado: C:\Challenge HP\Challenge-HP\datasets_gerados
2025-09-26 21:50:24,442 - WARNING -  * Debugger is active!
2025-09-26 21:50:24,451 - INFO -  * Debugger PIN: 639-855-048
2025-09-26 21:50:24,643 - INFO - Diretório de datasets configurado: C:\Challenge HP\Challenge-HP\datasets_gerados
2025-09-26 21:50:24,722 - WARNING -  * Debugger is active!
2025-09-26 21:50:24,733 - INFO -  * Debugger PIN: 639-855-048
2025-09-26 21:52:55,229 - INFO -  * Detected change in 'C:\\Challenge HP\\Challenge-HP\\src\\core\\app.py', reloading
2025-09-26 21:52:55,247 - INFO -  * Detected change in 'C:\\Challenge HP\\Challenge-HP\\main.py', reloading
eloading
2025-09-26 21:52:55,250 - INFO -  * Detected change in 'C:\\Challenge HP\\Challenge-HP\\main.py', reloading
2025-09-26 21:52:55,251 - INFO -  * Detected change in 'C:\\Challenge HP\\Challenge-HP\\src\\core\\app.py', reloading
2025-09-26 21:52:55,252 - INFO -  * Detected change in 'C:\\Challenge HP\\Challenge-HP\\main.py', reloading
2025-09-26 21:52:55,252 - INFO -  * Detected change in 'C:\\Challenge HP\\Challenge-HP\\src\\core\\app.py', reloading
2025-09-26 21:52:55,253 - INFO -  * Detected change in 'C:\\Challenge HP\\Challenge-HP\\main.py', reloading
2025-09-26 21:52:55,847 - INFO -  * Restarting with watchdog (windowsapi)
2025-09-26 21:52:55,877 - INFO -  * Restarting with watchdog (windowsapi)
2025-09-26 21:52:59,647 - INFO - Diretório de datasets configurado: C:\Challenge HP\Challenge-HP\datasets_gerados
2025-09-26 21:52:59,688 - INFO - Diretório de datasets configurado: C:\Challenge HP\Challenge-HP\datasets_gerados
2025-09-26 21:52:59,726 - WARNING -  * Debugger is active!
2025-09-26 21:52:59,738 - INFO -  * Debugger PIN: 639-855-048
2025-09-26 21:52:59,774 - WARNING -  * Debugger is active!
2025-09-26 21:52:59,784 - INFO -  * Debugger PIN: 639-855-048
2025-09-26 22:02:57,534 - INFO -  * Detected change in 'C:\\Program Files\\WindowsApps\\PythonSoftwareFoundation.Python.3.12_3.12.2800.0_x64__qbz5n2kfra8p0\\Lib\\encodings\\unicode_escape.py', reloading
2025-09-26 22:02:57,544 - INFO -  * Detected change in 'C:\\Program Files\\WindowsApps\\PythonSoftwareFoundation.Python.3.12_3.12.2800.0_x64__qbz5n2kfra8p0\\Lib\\encodings\\unicode_escape.py', reloading
2025-09-26 22:02:57,613 - INFO - 192.168.100.14 - - [26/Sep/2025 22:02:57] "GET / HTTP/1.1" 200 -
2025-09-26 22:02:58,570 - INFO -  * Restarting with watchdog (windowsapi)
2025-09-26 22:02:58,903 - INFO -  * Restarting with watchdog (windowsapi)
2025-09-26 22:03:05,125 - INFO - Diretório de datasets configurado: C:\Challenge HP\Challenge-HP\datasets_gerados
2025-09-26 22:03:05,154 - WARNING -  * Debugger is active!
2025-09-26 22:03:05,160 - INFO -  * Debugger PIN: 639-855-048
2025-09-26 22:03:05,387 - INFO - 192.168.100.14 - - [26/Sep/2025 22:03:05] "[36mGET /static/style.css HTTP/1.1[0m" 304 -
2025-09-26 22:03:05,430 - INFO - 192.168.100.14 - - [26/Sep/2025 22:03:05] "GET /api/jobs HTTP/1.1" 200 -
2025-09-26 22:03:05,452 - INFO - 192.168.100.14 - - [26/Sep/2025 22:03:05] "GET /api/datasets HTTP/1.1" 200 -
2025-09-26 22:03:05,679 - INFO - Diretório de datasets configurado: C:\Challenge HP\Challenge-HP\datasets_gerados
2025-09-26 22:03:05,711 - WARNING -  * Debugger is active!
2025-09-26 22:03:05,718 - INFO -  * Debugger PIN: 639-855-048
2025-09-26 22:03:08,607 - INFO - 192.168.100.14 - - [26/Sep/2025 22:03:08] "GET /scraping HTTP/1.1" 200 -
2025-09-26 22:03:08,662 - INFO - 192.168.100.14 - - [26/Sep/2025 22:03:08] "[36mGET /static/style.css HTTP/1.1[0m" 304 -
2025-09-26 22:03:27,578 - INFO - Job 528609ed: Iniciando coleta de produtos
2025-09-26 22:03:27,583 - INFO - Iniciando scraping para: cartucho hp 664
2025-09-26 22:03:27,580 - INFO - 192.168.100.14 - - [26/Sep/2025 22:03:27] "[32mPOST /web/scraping/start HTTP/1.1[0m" 302 -
2025-09-26 22:03:27,587 - INFO - Parâmetros: max_items=10, images=False, sort=relevance
2025-09-26 22:03:27,629 - INFO - Extração detalhada: ATIVADA
2025-09-26 22:03:27,684 - INFO - 192.168.100.14 - - [26/Sep/2025 22:03:27] "GET /jobs HTTP/1.1" 200 -
2025-09-26 22:03:27,801 - INFO - 192.168.100.14 - - [26/Sep/2025 22:03:27] "[36mGET /static/style.css HTTP/1.1[0m" 304 -
2025-09-26 22:03:31,202 - INFO -  * Detected change in 'C:\\Program Files\\WindowsApps\\PythonSoftwareFoundation.Python.3.12_3.12.2800.0_x64__qbz5n2kfra8p0\\Lib\\multiprocessing\\queues.py', reloading
2025-09-26 22:03:31,204 - INFO -  * Detected change in 'C:\\Program Files\\WindowsApps\\PythonSoftwareFoundation.Python.3.12_3.12.2800.0_x64__qbz5n2kfra8p0\\Lib\\multiprocessing\\queues.py', reloading
2025-09-26 22:03:31,221 - INFO -  * Detected change in 'C:\\Program Files\\WindowsApps\\PythonSoftwareFoundation.Python.3.12_3.12.2800.0_x64__qbz5n2kfra8p0\\Lib\\multiprocessing\\connection.py', reloading
2025-09-26 22:03:31,236 - INFO -  * Detected change in 'C:\\Program Files\\WindowsApps\\PythonSoftwareFoundation.Python.3.12_3.12.2800.0_x64__qbz5n2kfra8p0\\Lib\\multiprocessing\\connection.py', reloading
2025-09-26 22:03:31,255 - INFO -  * Detected change in 'C:\\Program Files\\WindowsApps\\PythonSoftwareFoundation.Python.3.12_3.12.2800.0_x64__qbz5n2kfra8p0\\Lib\\multiprocessing\\util.py', reloading
2025-09-26 22:03:31,257 - INFO -  * Detected change in 'C:\\Program Files\\WindowsApps\\PythonSoftwareFoundation.Python.3.12_3.12.2800.0_x64__qbz5n2kfra8p0\\Lib\\multiprocessing\\util.py', reloading
2025-09-26 22:03:31,261 - INFO -  * Detected change in 'C:\\Program Files\\WindowsApps\\PythonSoftwareFoundation.Python.3.12_3.12.2800.0_x64__qbz5n2kfra8p0\\Lib\\multiprocessing\\synchronize.py', reloading
2025-09-26 22:03:31,262 - INFO -  * Detected change in 'C:\\Program Files\\WindowsApps\\PythonSoftwareFoundation.Python.3.12_3.12.2800.0_x64__qbz5n2kfra8p0\\Lib\\multiprocessing\\synchronize.py', reloading
2025-09-26 22:03:31,265 - INFO -  * Detected change in 'C:\\Program Files\\WindowsApps\\PythonSoftwareFoundation.Python.3.12_3.12.2800.0_x64__qbz5n2kfra8p0\\Lib\\multiprocessing\\popen_spawn_win32.py', reloading
2025-09-26 22:03:31,265 - INFO -  * Detected change in 'C:\\Program Files\\WindowsApps\\PythonSoftwareFoundation.Python.3.12_3.12.2800.0_x64__qbz5n2kfra8p0\\Lib\\multiprocessing\\popen_spawn_win32.py', reloading
2025-09-26 22:03:31,270 - INFO -  * Detected change in 'C:\\Program Files\\WindowsApps\\PythonSoftwareFoundation.Python.3.12_3.12.2800.0_x64__qbz5n2kfra8p0\\Lib\\multiprocessing\\spawn.py', reloading
2025-09-26 22:03:31,271 - INFO -  * Detected change in 'C:\\Program Files\\WindowsApps\\PythonSoftwareFoundation.Python.3.12_3.12.2800.0_x64__qbz5n2kfra8p0\\Lib\\multiprocessing\\spawn.py', reloading
2025-09-26 22:03:33,004 - INFO -  * Restarting with watchdog (windowsapi)
2025-09-26 22:03:34,809 - INFO - Diretório de datasets configurado: C:\Challenge HP\Challenge-HP\datasets_gerados
2025-09-26 22:03:34,997 - WARNING -  * Debugger is active!
2025-09-26 22:03:35,005 - INFO -  * Debugger PIN: 639-855-048
2025-09-26 22:03:36,815 - INFO -  * Detected change in 'C:\\Program Files\\WindowsApps\\PythonSoftwareFoundation.Python.3.12_3.12.2800.0_x64__qbz5n2kfra8p0\\Lib\\encodings\\charmap.py', reloading
2025-09-26 22:03:37,385 - INFO -  * Restarting with watchdog (windowsapi)
2025-09-26 22:03:39,106 - INFO -  * Restarting with watchdog (windowsapi)
2025-09-26 22:03:39,802 - INFO - Diretório de datasets configurado: C:\Challenge HP\Challenge-HP\datasets_gerados
2025-09-26 22:03:39,862 - WARNING -  * Debugger is active!
2025-09-26 22:03:39,870 - INFO -  * Debugger PIN: 639-855-048
2025-09-26 22:03:41,236 - INFO - Diretório de datasets configurado: C:\Challenge HP\Challenge-HP\datasets_gerados
2025-09-26 22:03:41,265 - WARNING -  * Debugger is active!
2025-09-26 22:03:41,270 - INFO -  * Debugger PIN: 639-855-048
2025-09-26 22:03:41,356 - INFO - 192.168.100.14 - - [26/Sep/2025 22:03:41] "GET /jobs HTTP/1.1" 200 -
2025-09-26 22:03:41,605 - INFO - 192.168.100.14 - - [26/Sep/2025 22:03:41] "[36mGET /static/style.css HTTP/1.1[0m" 304 -
2025-09-26 22:03:45,530 - INFO - 192.168.100.14 - - [26/Sep/2025 22:03:45] "GET /scraping HTTP/1.1" 200 -
2025-09-26 22:03:45,598 - INFO - 192.168.100.14 - - [26/Sep/2025 22:03:45] "[36mGET /static/style.css HTTP/1.1[0m" 304 -
2025-09-26 22:03:59,295 - INFO - Job add52ac2: Iniciando coleta de produtos
2025-09-26 22:03:59,299 - INFO - Iniciando scraping para: cartucho hp 664
2025-09-26 22:03:59,299 - INFO - Parâmetros: max_items=50, images=True, sort=relevance
2025-09-26 22:03:59,299 - INFO - Extração detalhada: ATIVADA
2025-09-26 22:03:59,298 - INFO - 192.168.100.14 - - [26/Sep/2025 22:03:59] "[32mPOST /web/scraping/start HTTP/1.1[0m" 302 -
2025-09-26 22:03:59,318 - INFO - 192.168.100.14 - - [26/Sep/2025 22:03:59] "GET /jobs HTTP/1.1" 200 -
2025-09-26 22:03:59,412 - INFO - 192.168.100.14 - - [26/Sep/2025 22:03:59] "[36mGET /static/style.css HTTP/1.1[0m" 304 -
2025-09-26 22:04:09,919 - INFO - 192.168.100.14 - - [26/Sep/2025 22:04:09] "GET /jobs HTTP/1.1" 200 -
2025-09-26 22:04:10,001 - INFO - 192.168.100.14 - - [26/Sep/2025 22:04:10] "[36mGET /static/style.css HTTP/1.1[0m" 304 -
2025-09-26 22:04:13,693 - INFO - Executando extração detalhada para todos os produtos...
2025-09-26 22:04:13,693 - INFO - Executando extração detalhada aprimorada para 48 produtos...
2025-09-26 22:04:13,693 - INFO - Extração detalhada 1/48: https://www.mercadolivre.com.br/cartucho-de-tinta-hp-667-cor-preto-do-2-ml/p/MLB37141763#polycard_cl...
2025-09-26 22:04:14,426 - INFO - Spider initialized for query='dummy', sort_by='relevance', condition='all', max_items=0. Start URL: https://lista.mercadolivre.com.br/dummy?sb=all_mercadolibre#D[A:dummy]
2025-09-26 22:04:14,448 - INFO - Dados estruturados JSON-LD encontrados: Cartucho De Tinta Hp 667 Cor Preto Do 2 Ml
2025-09-26 22:04:14,449 - INFO - Event data encontrados: seller=OBERO INFORMATICA
2025-09-26 22:04:14,520 - INFO - Extração detalhada concluída para: Cartucho De Tinta Hp 667 Cor Preto Do 2 Ml
2025-09-26 22:04:14,520 - INFO -   [OK] Extração detalhada concluída: Cartucho De Tinta Hp 667 Cor Preto Do 2 Ml
2025-09-26 22:04:15,642 - INFO - 192.168.100.14 - - [26/Sep/2025 22:04:15] "GET /api/jobs/add52ac2/status HTTP/1.1" 200 -
2025-09-26 22:04:16,841 - INFO - Extração detalhada 2/48: https://www.mercadolivre.com.br/cartucho-de-tinta-preta-hp-advantage-664-de-2-ml/p/MLB36751629#polyc...
2025-09-26 22:04:17,455 - INFO - Spider initialized for query='dummy', sort_by='relevance', condition='all', max_items=0. Start URL: https://lista.mercadolivre.com.br/dummy?sb=all_mercadolibre#D[A:dummy]
2025-09-26 22:04:17,478 - INFO - Dados estruturados JSON-LD encontrados: Cartucho de tinta preta HP Advantage 664 de 2 ml
2025-09-26 22:04:17,479 - INFO - Event data encontrados: seller=Eshop
2025-09-26 22:04:17,541 - INFO - Extração detalhada concluída para: Cartucho de tinta preta HP Advantage 664 de 2 ml
2025-09-26 22:04:17,541 - INFO -   [OK] Extração detalhada concluída: Cartucho de tinta preta HP Advantage 664 de 2 ml
2025-09-26 22:04:19,060 - INFO - Extração detalhada 3/48: https://www.mercadolivre.com.br/2-cartuchos-664-preto-black-impressora-hp-deskjet/p/MLB36779932#poly...
2025-09-26 22:04:19,684 - INFO - Spider initialized for query='dummy', sort_by='relevance', condition='all', max_items=0. Start URL: https://lista.mercadolivre.com.br/dummy?sb=all_mercadolibre#D[A:dummy]
2025-09-26 22:04:19,724 - INFO - Dados estruturados JSON-LD encontrados: 2 Cartuchos 664 Preto Black Impressora Hp Deskjet
2025-09-26 22:04:19,726 - INFO - Event data encontrados: seller=VIIT
2025-09-26 22:04:19,898 - INFO - Extração detalhada concluída para: 2 Cartuchos 664 Preto Black Impressora Hp Deskjet
2025-09-26 22:04:19,899 - INFO -   [OK] Extração detalhada concluída: 2 Cartuchos 664 Preto Black Impressora Hp Deskjet
2025-09-26 22:04:20,909 - INFO - 192.168.100.14 - - [26/Sep/2025 22:04:20] "GET /jobs HTTP/1.1" 200 -
2025-09-26 22:04:21,038 - INFO - 192.168.100.14 - - [26/Sep/2025 22:04:21] "[36mGET /static/style.css HTTP/1.1[0m" 304 -
2025-09-26 22:04:21,419 - INFO - Extração detalhada 4/48: https://www.mercadolivre.com.br/kit-cartucho-hp-664-preto-e-hp-664-colorido/p/MLB36751072#polycard_c...
2025-09-26 22:04:21,992 - INFO - Spider initialized for query='dummy', sort_by='relevance', condition='all', max_items=0. Start URL: https://lista.mercadolivre.com.br/dummy?sb=all_mercadolibre#D[A:dummy]
2025-09-26 22:04:22,012 - INFO - Dados estruturados JSON-LD encontrados: Kit Cartucho Hp 664 Preto E Hp 664 Colorido
2025-09-26 22:04:22,013 - INFO - Event data encontrados: seller=GUINDINHAPAPELARIA202212192153
2025-09-26 22:04:22,074 - INFO - Extração detalhada concluída para: Kit Cartucho Hp 664 Preto E Hp 664 Colorido
2025-09-26 22:04:22,075 - INFO -   [OK] Extração detalhada concluída: Kit Cartucho Hp 664 Preto E Hp 664 Colorido
2025-09-26 22:04:24,745 - INFO - Extração detalhada 5/48: https://www.mercadolivre.com.br/kit-2-cartuchos-hp-664xl-preto-color-2136-2676/p/MLB48102366#polycar...
2025-09-26 22:04:25,322 - INFO - Spider initialized for query='dummy', sort_by='relevance', condition='all', max_items=0. Start URL: https://lista.mercadolivre.com.br/dummy?sb=all_mercadolibre#D[A:dummy]
2025-09-26 22:04:25,342 - INFO - Dados estruturados JSON-LD encontrados: Kit 2 Cartuchos Hp 664xl (preto + Color) 2136 2676
2025-09-26 22:04:25,343 - INFO - Event data encontrados: seller=Park Ecom
2025-09-26 22:04:25,415 - INFO - Extração detalhada concluída para: Kit 2 Cartuchos Hp 664xl (preto + Color) 2136 2676
2025-09-26 22:04:25,415 - INFO -   [OK] Extração detalhada concluída: Kit 2 Cartuchos Hp 664xl (preto + Color) 2136 2676
2025-09-26 22:04:28,005 - INFO - Extração detalhada 6/48: https://www.mercadolivre.com.br/cartucho-tinta-original-hp-664-preto-f6v29ab-2136-2676-3776/up/MLBU7...
2025-09-26 22:04:28,580 - INFO - Spider initialized for query='dummy', sort_by='relevance', condition='all', max_items=0. Start URL: https://lista.mercadolivre.com.br/dummy?sb=all_mercadolibre#D[A:dummy]
2025-09-26 22:04:28,599 - INFO - Dados estruturados JSON-LD encontrados: Cartucho Tinta Original Hp 664 Preto F6v29ab 2136 2676 3776
2025-09-26 22:04:28,600 - INFO - Event data encontrados: seller=OBERO INFORMATICA
2025-09-26 22:04:28,649 - INFO - Extração detalhada concluída para: Cartucho Tinta Original Hp 664 Preto F6v29ab 2136 2676 3776
2025-09-26 22:04:28,650 - INFO -   [OK] Extração detalhada concluída: Cartucho Tinta Original Hp 664 Preto F6v29ab 2136 2676 3776
2025-09-26 22:04:31,029 - INFO - Extração detalhada 7/48: https://www.mercadolivre.com.br/cartucho-hp-664-coloridof6v28ab-para-ink-advantage-1115-2134-2136-26...
2025-09-26 22:04:31,630 - INFO - Spider initialized for query='dummy', sort_by='relevance', condition='all', max_items=0. Start URL: https://lista.mercadolivre.com.br/dummy?sb=all_mercadolibre#D[A:dummy]
2025-09-26 22:04:31,666 - INFO - Dados estruturados JSON-LD encontrados: Cartucho HP 664 Colorido(F6V28AB) Para Ink Advantage 1115, 2134, 2136, 2676, 3636, 3776, 3786, 3788,3790, 3836, 4536, 4676,5076, 5276
2025-09-26 22:04:31,667 - INFO - Event data encontrados: seller=Mercado Livre
2025-09-26 22:04:31,749 - INFO - Extração detalhada concluída para: Cartucho HP 664 Colorido(F6V28AB) Para Ink Advantage 1115, 2134, 2136, 2676, 3636, 3776, 3786, 3788,3790, 3836, 4536, 4676,5076, 5276
2025-09-26 22:04:31,750 - INFO -   [OK] Extração detalhada concluída: Cartucho HP 664 Colorido(F6V28AB) Para Ink Advantage 1115, 2134, 2136, 2676, 3636, 3776, 3786, 3788,3790, 3836, 4536, 4676,5076, 5276
2025-09-26 22:04:31,934 - INFO - 192.168.100.14 - - [26/Sep/2025 22:04:31] "GET /jobs HTTP/1.1" 200 -
2025-09-26 22:04:31,999 - INFO - 192.168.100.14 - - [26/Sep/2025 22:04:31] "[36mGET /static/style.css HTTP/1.1[0m" 304 -
2025-09-26 22:04:33,983 - INFO - Extração detalhada 8/48: https://www.mercadolivre.com.br/kit-2-cartuchos-hp-664-hp-2136-3636-3836-4536-4676/p/MLB39092873#pol...
2025-09-26 22:04:34,537 - INFO - Spider initialized for query='dummy', sort_by='relevance', condition='all', max_items=0. Start URL: https://lista.mercadolivre.com.br/dummy?sb=all_mercadolibre#D[A:dummy]
2025-09-26 22:04:34,557 - INFO - Dados estruturados JSON-LD encontrados: Kit 2 Cartuchos Hp 664 Hp 2136 3636 3836 4536 4676
2025-09-26 22:04:34,558 - INFO - Event data encontrados: seller=lvstecnologia
2025-09-26 22:04:34,647 - INFO - Extração detalhada concluída para: Kit 2 Cartuchos Hp 664 Hp 2136 3636 3836 4536 4676
2025-09-26 22:04:34,647 - INFO -   [OK] Extração detalhada concluída: Kit 2 Cartuchos Hp 664 Hp 2136 3636 3836 4536 4676
2025-09-26 22:04:37,455 - INFO - Extração detalhada 9/48: https://www.mercadolivre.com.br/kit-cartucho-de-tinta-664xl-bk-e-color-novo-original/p/MLB2039342702...
2025-09-26 22:04:38,606 - INFO - Spider initialized for query='dummy', sort_by='relevance', condition='all', max_items=0. Start URL: https://lista.mercadolivre.com.br/dummy?sb=all_mercadolibre#D[A:dummy]
2025-09-26 22:04:38,645 - INFO - Dados estruturados JSON-LD encontrados: Kit 02 Cartucho 664xl Preto 664 Xl Original Hp E Lacrado
2025-09-26 22:04:38,647 - INFO - Event data encontrados: seller=Park Ecom
2025-09-26 22:04:38,725 - INFO - Extração detalhada concluída para: Kit 02 Cartucho 664xl Preto 664 Xl Original Hp E Lacrado
2025-09-26 22:04:38,726 - INFO -   [OK] Extração detalhada concluída: Kit 02 Cartucho 664xl Preto 664 Xl Original Hp E Lacrado
2025-09-26 22:04:40,412 - INFO - Extração detalhada 10/48: https://www.mercadolivre.com.br/kit-2-cartuchos-hp-664-1un-preto-1un-color/p/MLB39028313#polycard_cl...
2025-09-26 22:04:41,076 - INFO - Spider initialized for query='dummy', sort_by='relevance', condition='all', max_items=0. Start URL: https://lista.mercadolivre.com.br/dummy?sb=all_mercadolibre#D[A:dummy]
2025-09-26 22:04:41,102 - INFO - Dados estruturados JSON-LD encontrados: Kit 2 Cartuchos Hp 664: 1un Preto + 1un Color
2025-09-26 22:04:41,104 - INFO - Event data encontrados: seller=offpriceecommerce
2025-09-26 22:04:41,199 - INFO - Extração detalhada concluída para: Kit 2 Cartuchos Hp 664: 1un Preto + 1un Color
2025-09-26 22:04:41,201 - INFO -   [OK] Extração detalhada concluída: Kit 2 Cartuchos Hp 664: 1un Preto + 1un Color
2025-09-26 22:04:42,916 - INFO - 192.168.100.14 - - [26/Sep/2025 22:04:42] "GET /jobs HTTP/1.1" 200 -
2025-09-26 22:04:42,973 - INFO - 192.168.100.14 - - [26/Sep/2025 22:04:42] "[36mGET /static/style.css HTTP/1.1[0m" 304 -
2025-09-26 22:04:43,468 - INFO - Extração detalhada 11/48: https://www.mercadolivre.com.br/kit-cartucho-de-tinta-hp-662-preto-e-622-colorido/p/MLB44336841#poly...
2025-09-26 22:04:44,123 - INFO - Spider initialized for query='dummy', sort_by='relevance', condition='all', max_items=0. Start URL: https://lista.mercadolivre.com.br/dummy?sb=all_mercadolibre#D[A:dummy]
2025-09-26 22:04:44,148 - INFO - Dados estruturados JSON-LD encontrados: Kit Cartucho De Tinta Hp 662 Preto E 622 Colorido
2025-09-26 22:04:44,149 - INFO - Event data encontrados: seller=siad
2025-09-26 22:04:44,210 - INFO - Extração detalhada concluída para: Kit Cartucho De Tinta Hp 662 Preto E 622 Colorido
2025-09-26 22:04:44,211 - INFO -   [OK] Extração detalhada concluída: Kit Cartucho De Tinta Hp 662 Preto E 622 Colorido
2025-09-26 22:04:46,705 - INFO - Extração detalhada 12/48: https://www.mercadolivre.com.br/3-cartuchos-hp-664xl-preto-2-color-genuino/p/MLB39028582#polycard_cl...
2025-09-26 22:04:47,937 - INFO - Spider initialized for query='dummy', sort_by='relevance', condition='all', max_items=0. Start URL: https://lista.mercadolivre.com.br/dummy?sb=all_mercadolibre#D[A:dummy]
2025-09-26 22:04:47,980 - INFO - Dados estruturados JSON-LD encontrados: 3 Cartuchos Hp 664xl Preto 2 Color Genuíno
2025-09-26 22:04:47,981 - INFO - Event data encontrados: seller=Park Ecom
2025-09-26 22:04:48,146 - INFO - Extração detalhada concluída para: 3 Cartuchos Hp 664xl Preto 2 Color Genuíno
2025-09-26 22:04:48,148 - INFO -   [OK] Extração detalhada concluída: 3 Cartuchos Hp 664xl Preto 2 Color Genuíno
2025-09-26 22:04:50,763 - INFO - Extração detalhada 13/48: https://www.mercadolivre.com.br/cartucho-hp-664xl-preto-664xl-original-hp-deskjet-1115-2136/p/MLB222...
2025-09-26 22:04:51,402 - INFO - Spider initialized for query='dummy', sort_by='relevance', condition='all', max_items=0. Start URL: https://lista.mercadolivre.com.br/dummy?sb=all_mercadolibre#D[A:dummy]
2025-09-26 22:04:51,421 - INFO - Dados estruturados JSON-LD encontrados: Cartucho Hp 664xl Preto 664xl Original Hp Deskjet 1115, 2136
2025-09-26 22:04:51,422 - INFO - Event data encontrados: seller=supryecomerce
2025-09-26 22:04:51,496 - INFO - Extração detalhada concluída para: Cartucho Hp 664xl Preto 664xl Original Hp Deskjet 1115, 2136
2025-09-26 22:04:51,497 - INFO -   [OK] Extração detalhada concluída: Cartucho Hp 664xl Preto 664xl Original Hp Deskjet 1115, 2136
2025-09-26 22:04:53,921 - INFO - 192.168.100.14 - - [26/Sep/2025 22:04:53] "GET /jobs HTTP/1.1" 200 -
2025-09-26 22:04:53,983 - INFO - 192.168.100.14 - - [26/Sep/2025 22:04:53] "[36mGET /static/style.css HTTP/1.1[0m" 304 -
2025-09-26 22:04:54,315 - INFO - Extração detalhada 14/48: https://www.mercadolivre.com.br/cartucho-de-tinta-hp-662-preto-advantage/p/MLB36772792#polycard_clie...
2025-09-26 22:04:54,858 - INFO - Spider initialized for query='dummy', sort_by='relevance', condition='all', max_items=0. Start URL: https://lista.mercadolivre.com.br/dummy?sb=all_mercadolibre#D[A:dummy]
2025-09-26 22:04:54,885 - INFO - Dados estruturados JSON-LD encontrados: Cartucho De Tinta Hp 662 Preto Advantage
2025-09-26 22:04:54,886 - INFO - Event data encontrados: seller=MegaByteMagazine
2025-09-26 22:04:54,955 - INFO - Extração detalhada concluída para: Cartucho De Tinta Hp 662 Preto Advantage
2025-09-26 22:04:54,956 - INFO -   [OK] Extração detalhada concluída: Cartucho De Tinta Hp 662 Preto Advantage
2025-09-26 22:04:56,640 - INFO - Extração detalhada 15/48: https://www.mercadolivre.com.br/cartucho-de-tinta-hp-664-preto/p/MLB36768292#polycard_client=search-...
2025-09-26 22:04:57,189 - INFO - Spider initialized for query='dummy', sort_by='relevance', condition='all', max_items=0. Start URL: https://lista.mercadolivre.com.br/dummy?sb=all_mercadolibre#D[A:dummy]
2025-09-26 22:04:57,217 - INFO - Dados estruturados JSON-LD encontrados: Cartucho De Tinta Hp 664 Preto
2025-09-26 22:04:57,218 - INFO - Event data encontrados: seller=OBERO INFORMATICA
2025-09-26 22:04:57,282 - INFO - Extração detalhada concluída para: Cartucho De Tinta Hp 664 Preto
2025-09-26 22:04:57,283 - INFO -   [OK] Extração detalhada concluída: Cartucho De Tinta Hp 664 Preto
2025-09-26 22:04:59,465 - INFO - Extração detalhada 16/48: https://www.mercadolivre.com.br/cartucho-de-tinta-preto-e-tricolor-hp-664-de-2-ml-2-unidades/p/MLB36...
2025-09-26 22:05:00,009 - INFO - Spider initialized for query='dummy', sort_by='relevance', condition='all', max_items=0. Start URL: https://lista.mercadolivre.com.br/dummy?sb=all_mercadolibre#D[A:dummy]
2025-09-26 22:05:00,047 - INFO - Dados estruturados JSON-LD encontrados: Cartucho de tinta preto e tricolor HP 664 de 2 ml 2 unidades
2025-09-26 22:05:00,048 - INFO - Event data encontrados: seller=offpriceecommerce
2025-09-26 22:05:00,117 - INFO - Extração detalhada concluída para: Cartucho de tinta preto e tricolor HP 664 de 2 ml 2 unidades
2025-09-26 22:05:00,117 - INFO -   [OK] Extração detalhada concluída: Cartucho de tinta preto e tricolor HP 664 de 2 ml 2 unidades
2025-09-26 22:05:02,629 - INFO - Extração detalhada 17/48: https://www.mercadolivre.com.br/3-cartuchos-hp-664xl-preto-1-color-genuino/p/MLB47914809#polycard_cl...
2025-09-26 22:05:03,266 - INFO - Spider initialized for query='dummy', sort_by='relevance', condition='all', max_items=0. Start URL: https://lista.mercadolivre.com.br/dummy?sb=all_mercadolibre#D[A:dummy]
2025-09-26 22:05:03,289 - INFO - Dados estruturados JSON-LD encontrados: 3 Cartuchos Hp 664xl Preto 1 Color Genuíno
2025-09-26 22:05:03,290 - INFO - Event data encontrados: seller=Park Ecom
2025-09-26 22:05:03,370 - INFO - Extração detalhada concluída para: 3 Cartuchos Hp 664xl Preto 1 Color Genuíno
2025-09-26 22:05:03,370 - INFO -   [OK] Extração detalhada concluída: 3 Cartuchos Hp 664xl Preto 1 Color Genuíno
2025-09-26 22:05:04,930 - INFO - 192.168.100.14 - - [26/Sep/2025 22:05:04] "GET /jobs HTTP/1.1" 200 -
2025-09-26 22:05:04,972 - INFO - 192.168.100.14 - - [26/Sep/2025 22:05:04] "[36mGET /static/style.css HTTP/1.1[0m" 304 -
2025-09-26 22:05:05,613 - INFO - Extração detalhada 18/48: https://www.mercadolivre.com.br/cartucho-de-tinta-hp-664xl-preto-f6v31ab/p/MLB43544566#polycard_clie...
2025-09-26 22:05:06,224 - INFO - Spider initialized for query='dummy', sort_by='relevance', condition='all', max_items=0. Start URL: https://lista.mercadolivre.com.br/dummy?sb=all_mercadolibre#D[A:dummy]
2025-09-26 22:05:06,252 - INFO - Dados estruturados JSON-LD encontrados: Cartucho De Tinta Hp 664xl Preto F6v31ab
2025-09-26 22:05:06,253 - INFO - Event data encontrados: seller=Park Ecom
2025-09-26 22:05:06,346 - INFO - Extração detalhada concluída para: Cartucho De Tinta Hp 664xl Preto F6v31ab
2025-09-26 22:05:06,346 - INFO -   [OK] Extração detalhada concluída: Cartucho De Tinta Hp 664xl Preto F6v31ab
2025-09-26 22:05:08,195 - INFO - Extração detalhada 19/48: https://www.mercadolivre.com.br/cartucho-hp-664-preto-original-f6v29ab--2136-2676-3776-5076/up/MLBU7...
2025-09-26 22:05:08,905 - INFO - Spider initialized for query='dummy', sort_by='relevance', condition='all', max_items=0. Start URL: https://lista.mercadolivre.com.br/dummy?sb=all_mercadolibre#D[A:dummy]
2025-09-26 22:05:08,936 - INFO - Dados estruturados JSON-LD encontrados: Cartucho Hp 664 Preto Original F6v29ab - 2136 2676 3776 5076
2025-09-26 22:05:08,938 - INFO - Event data encontrados: seller=OBERO INFORMATICA
2025-09-26 22:05:09,008 - INFO - Extração detalhada concluída para: Cartucho Hp 664 Preto Original F6v29ab - 2136 2676 3776 5076
2025-09-26 22:05:09,009 - INFO -   [OK] Extração detalhada concluída: Cartucho Hp 664 Preto Original F6v29ab - 2136 2676 3776 5076
2025-09-26 22:05:10,735 - INFO - Extração detalhada 20/48: https://www.mercadolivre.com.br/cartucho-hp-664xl-color-664-xl-hp-e/p/MLB47973601#polycard_client=se...
2025-09-26 22:05:11,342 - INFO - Spider initialized for query='dummy', sort_by='relevance', condition='all', max_items=0. Start URL: https://lista.mercadolivre.com.br/dummy?sb=all_mercadolibre#D[A:dummy]
2025-09-26 22:05:11,361 - INFO - Dados estruturados JSON-LD encontrados: Cartucho Hp 664xl Color 664 Xl Hp E
2025-09-26 22:05:11,362 - INFO - Event data encontrados: seller=Park Ecom
2025-09-26 22:05:11,412 - INFO - Extração detalhada concluída para: Cartucho Hp 664xl Color 664 Xl Hp E
2025-09-26 22:05:11,413 - INFO -   [OK] Extração detalhada concluída: Cartucho Hp 664xl Color 664 Xl Hp E
2025-09-26 22:05:13,374 - INFO - Extração detalhada 21/48: https://www.mercadolivre.com.br/hp-advantage-664/p/MLB55040393#polycard_client=search-nordic&search_...
2025-09-26 22:05:13,902 - INFO - Spider initialized for query='dummy', sort_by='relevance', condition='all', max_items=0. Start URL: https://lista.mercadolivre.com.br/dummy?sb=all_mercadolibre#D[A:dummy]
2025-09-26 22:05:13,930 - INFO - Dados estruturados JSON-LD encontrados: HP Advantage 664
2025-09-26 22:05:13,931 - INFO - Event data encontrados: seller=offpriceecommerce
2025-09-26 22:05:14,058 - INFO - Extração detalhada concluída para: HP Advantage 664
2025-09-26 22:05:14,059 - INFO -   [OK] Extração detalhada concluída: HP Advantage 664
2025-09-26 22:05:15,940 - INFO - 192.168.100.14 - - [26/Sep/2025 22:05:15] "GET /jobs HTTP/1.1" 200 -
2025-09-26 22:05:15,953 - INFO - Extração detalhada 22/48: https://www.mercadolivre.com.br/cartucho-de-tinta-hp-664xl-tricolor-8ml/p/MLB36751101#polycard_clien...
2025-09-26 22:05:15,998 - INFO - 192.168.100.14 - - [26/Sep/2025 22:05:15] "[36mGET /static/style.css HTTP/1.1[0m" 304 -
2025-09-26 22:05:16,670 - INFO - Spider initialized for query='dummy', sort_by='relevance', condition='all', max_items=0. Start URL: https://lista.mercadolivre.com.br/dummy?sb=all_mercadolibre#D[A:dummy]
2025-09-26 22:05:16,699 - INFO - Dados estruturados JSON-LD encontrados: Cartucho de tinta HP 664xl Tricolor 8ml
2025-09-26 22:05:16,701 - INFO - Event data encontrados: seller=Park Ecom
2025-09-26 22:05:16,765 - INFO - Extração detalhada concluída para: Cartucho de tinta HP 664xl Tricolor 8ml
2025-09-26 22:05:16,765 - INFO -   [OK] Extração detalhada concluída: Cartucho de tinta HP 664xl Tricolor 8ml
2025-09-26 22:05:19,367 - INFO - Extração detalhada 23/48: https://www.mercadolivre.com.br/hp-kit-cartuchos-hp-664-2-cartucho-hp-664-colorido-1/p/MLB2039724604...
2025-09-26 22:05:20,829 - INFO - Spider initialized for query='dummy', sort_by='relevance', condition='all', max_items=0. Start URL: https://lista.mercadolivre.com.br/dummy?sb=all_mercadolibre#D[A:dummy]
2025-09-26 22:05:20,862 - INFO - Dados estruturados JSON-LD encontrados: Kit De Cartuchos 664 Hp -  2 Pretos E 1 Color Original
2025-09-26 22:05:20,863 - INFO - Event data encontrados: seller=OBERO INFORMATICA
2025-09-26 22:05:20,944 - INFO - Extração detalhada concluída para: Kit De Cartuchos 664 Hp -  2 Pretos E 1 Color Original
2025-09-26 22:05:20,945 - INFO -   [OK] Extração detalhada concluída: Kit De Cartuchos 664 Hp -  2 Pretos E 1 Color Original
2025-09-26 22:05:22,558 - INFO - Extração detalhada 24/48: https://www.mercadolivre.com.br/kit-2-cartuchos-hp-664xl-preto-color-2136-2676/p/MLB48686774#polycar...
2025-09-26 22:05:23,207 - INFO - Spider initialized for query='dummy', sort_by='relevance', condition='all', max_items=0. Start URL: https://lista.mercadolivre.com.br/dummy?sb=all_mercadolibre#D[A:dummy]
2025-09-26 22:05:23,229 - INFO - Dados estruturados JSON-LD encontrados: Kit 2 Cartuchos Hp 664xl (preto + Color) 2136 2676
2025-09-26 22:05:23,230 - INFO - Event data encontrados: seller=MVCARTUCHOS8
2025-09-26 22:05:23,282 - INFO - Extração detalhada concluída para: Kit 2 Cartuchos Hp 664xl (preto + Color) 2136 2676
2025-09-26 22:05:23,283 - INFO -   [OK] Extração detalhada concluída: Kit 2 Cartuchos Hp 664xl (preto + Color) 2136 2676
2025-09-26 22:05:25,507 - INFO - Extração detalhada 25/48: https://www.mercadolivre.com.br/cartucho-667-hp-preto-original--1275-2374--2376-2775--6476/up/MLBU14...
2025-09-26 22:05:26,318 - INFO - Spider initialized for query='dummy', sort_by='relevance', condition='all', max_items=0. Start URL: https://lista.mercadolivre.com.br/dummy?sb=all_mercadolibre#D[A:dummy]
2025-09-26 22:05:26,344 - INFO - Dados estruturados JSON-LD encontrados: Cartucho 667 Hp Preto Original  1275 2374  2376 2775  6476
2025-09-26 22:05:26,346 - INFO - Event data encontrados: seller=vanvan
2025-09-26 22:05:26,406 - INFO - Extração detalhada concluída para: Cartucho 667 Hp Preto Original  1275 2374  2376 2775  6476
2025-09-26 22:05:26,406 - INFO -   [OK] Extração detalhada concluída: Cartucho 667 Hp Preto Original  1275 2374  2376 2775  6476
2025-09-26 22:05:26,922 - INFO - 192.168.100.14 - - [26/Sep/2025 22:05:26] "GET /jobs HTTP/1.1" 200 -
2025-09-26 22:05:26,969 - INFO - 192.168.100.14 - - [26/Sep/2025 22:05:26] "[36mGET /static/style.css HTTP/1.1[0m" 304 -
2025-09-26 22:05:27,990 - INFO - Extração detalhada 26/48: https://www.mercadolivre.com.br/kit-cartucho-hp-667-preto-e-667-colorido-2376-2776/p/MLB39019456#pol...
2025-09-26 22:05:28,895 - INFO - Spider initialized for query='dummy', sort_by='relevance', condition='all', max_items=0. Start URL: https://lista.mercadolivre.com.br/dummy?sb=all_mercadolibre#D[A:dummy]
2025-09-26 22:05:28,917 - INFO - Dados estruturados JSON-LD encontrados: Kit Cartucho Hp 667 Preto E 667 Colorido 2376 2776
2025-09-26 22:05:28,918 - INFO - Event data encontrados: seller=vanvan
2025-09-26 22:05:29,000 - INFO - Extração detalhada concluída para: Kit Cartucho Hp 667 Preto E 667 Colorido 2376 2776
2025-09-26 22:05:29,004 - INFO -   [OK] Extração detalhada concluída: Kit Cartucho Hp 667 Preto E 667 Colorido 2376 2776
2025-09-26 22:05:31,682 - INFO - Extração detalhada 27/48: https://www.mercadolivre.com.br/cartucho-de-tinta-hp-664-cor-pretotricolor-do-4-ml/p/MLB36804595#pol...
2025-09-26 22:05:32,315 - INFO - Spider initialized for query='dummy', sort_by='relevance', condition='all', max_items=0. Start URL: https://lista.mercadolivre.com.br/dummy?sb=all_mercadolibre#D[A:dummy]
2025-09-26 22:05:32,346 - INFO - Dados estruturados JSON-LD encontrados: Cartucho De Tinta Hp 664 Cor Preto/tricolor Do 4 Ml
2025-09-26 22:05:32,347 - INFO - Event data encontrados: seller=SMCORP
2025-09-26 22:05:32,435 - INFO - Extração detalhada concluída para: Cartucho De Tinta Hp 664 Cor Preto/tricolor Do 4 Ml
2025-09-26 22:05:32,435 - INFO -   [OK] Extração detalhada concluída: Cartucho De Tinta Hp 664 Cor Preto/tricolor Do 4 Ml
2025-09-26 22:05:34,626 - INFO - Extração detalhada 28/48: https://www.mercadolivre.com.br/cartucho-jato-de-tinta-ink-advantage-664xl-black/p/MLB36877280#polyc...
2025-09-26 22:05:35,252 - INFO - Spider initialized for query='dummy', sort_by='relevance', condition='all', max_items=0. Start URL: https://lista.mercadolivre.com.br/dummy?sb=all_mercadolibre#D[A:dummy]
2025-09-26 22:05:35,277 - INFO - Dados estruturados JSON-LD encontrados: Cartucho Jato De Tinta Ink Advantage 664xl Black
2025-09-26 22:05:35,277 - INFO - Event data encontrados: seller=TAAL6757405
2025-09-26 22:05:35,343 - INFO - Extração detalhada concluída para: Cartucho Jato De Tinta Ink Advantage 664xl Black
2025-09-26 22:05:35,344 - INFO -   [OK] Extração detalhada concluída: Cartucho Jato De Tinta Ink Advantage 664xl Black
2025-09-26 22:05:36,862 - INFO - Extração detalhada 29/48: https://www.mercadolivre.com.br/kit-cartuchos-de-tinta-colorida-e-preta-664xl-para-impressor/p/MLB39...
2025-09-26 22:05:37,572 - INFO - Spider initialized for query='dummy', sort_by='relevance', condition='all', max_items=0. Start URL: https://lista.mercadolivre.com.br/dummy?sb=all_mercadolibre#D[A:dummy]
2025-09-26 22:05:37,598 - INFO - Dados estruturados JSON-LD encontrados: Kit Cartuchos De Tinta Colorida E Preta 664xl Para Impressor
2025-09-26 22:05:37,599 - INFO - Event data encontrados: seller=PRIMER.PRINT
2025-09-26 22:05:37,672 - INFO - Extração detalhada concluída para: Kit Cartuchos De Tinta Colorida E Preta 664xl Para Impressor
2025-09-26 22:05:37,673 - INFO -   [OK] Extração detalhada concluída: Kit Cartuchos De Tinta Colorida E Preta 664xl Para Impressor
2025-09-26 22:05:37,925 - INFO - 192.168.100.14 - - [26/Sep/2025 22:05:37] "GET /jobs HTTP/1.1" 200 -
2025-09-26 22:05:37,974 - INFO - 192.168.100.14 - - [26/Sep/2025 22:05:37] "[36mGET /static/style.css HTTP/1.1[0m" 304 -
2025-09-26 22:05:40,228 - INFO - Extração detalhada 30/48: https://www.mercadolivre.com.br/kit-cartucho-hp-664-preto-e-color-para-4535-4675-3835-1115-2135-3635...
2025-09-26 22:05:40,959 - INFO - Spider initialized for query='dummy', sort_by='relevance', condition='all', max_items=0. Start URL: https://lista.mercadolivre.com.br/dummy?sb=all_mercadolibre#D[A:dummy]
2025-09-26 22:05:40,979 - INFO - Dados estruturados JSON-LD encontrados: Kit Cartucho Hp 664 Preto E Color Para 4535 4675 3835 1115 2135 3635 2675 3775 3785 3787 3789
2025-09-26 22:05:40,980 - INFO - Event data encontrados: seller=TC20240813115050
2025-09-26 22:05:41,040 - INFO - Extração detalhada concluída para: Kit Cartucho Hp 664 Preto E Color Para 4535 4675 3835 1115 2135 3635 2675 3775 3785 3787 3789
2025-09-26 22:05:41,040 - INFO -   [OK] Extração detalhada concluída: Kit Cartucho Hp 664 Preto E Color Para 4535 4675 3835 1115 2135 3635 2675 3775 3785 3787 3789
2025-09-26 22:05:43,745 - INFO - Extração detalhada 31/48: https://www.mercadolivre.com.br/cartucho-tinta-original-hp-664-preto-f6v29ab-2136-2676-3776/up/MLBU7...
2025-09-26 22:05:44,347 - INFO - Spider initialized for query='dummy', sort_by='relevance', condition='all', max_items=0. Start URL: https://lista.mercadolivre.com.br/dummy?sb=all_mercadolibre#D[A:dummy]
2025-09-26 22:05:44,366 - INFO - Dados estruturados JSON-LD encontrados: Cartucho Tinta Original Hp 664 Preto F6v29ab 2136 2676 3776
2025-09-26 22:05:44,367 - INFO - Event data encontrados: seller=Park Ecom
2025-09-26 22:05:44,438 - INFO - Extração detalhada concluída para: Cartucho Tinta Original Hp 664 Preto F6v29ab 2136 2676 3776
2025-09-26 22:05:44,439 - INFO -   [OK] Extração detalhada concluída: Cartucho Tinta Original Hp 664 Preto F6v29ab 2136 2676 3776
2025-09-26 22:05:47,272 - INFO - Extração detalhada 32/48: https://www.mercadolivre.com.br/kit-2-cartuchos-hp-664-preto-e-hp-664-colorido-hp-2676-3636/up/MLBU1...
2025-09-26 22:05:47,847 - INFO - Spider initialized for query='dummy', sort_by='relevance', condition='all', max_items=0. Start URL: https://lista.mercadolivre.com.br/dummy?sb=all_mercadolibre#D[A:dummy]
2025-09-26 22:05:47,889 - INFO - Dados estruturados JSON-LD encontrados: Kit 2 Cartuchos Hp 664 Preto E Hp 664 Colorido Hp 2676 ,3636
2025-09-26 22:05:47,890 - INFO - Event data encontrados: seller=PMM STORE
2025-09-26 22:05:48,063 - INFO - Extração detalhada concluída para: Kit 2 Cartuchos Hp 664 Preto E Hp 664 Colorido Hp 2676 ,3636
2025-09-26 22:05:48,065 - INFO -   [OK] Extração detalhada concluída: Kit 2 Cartuchos Hp 664 Preto E Hp 664 Colorido Hp 2676 ,3636
2025-09-26 22:05:48,919 - INFO - 192.168.100.14 - - [26/Sep/2025 22:05:48] "GET /jobs HTTP/1.1" 200 -
2025-09-26 22:05:48,960 - INFO - 192.168.100.14 - - [26/Sep/2025 22:05:48] "[36mGET /static/style.css HTTP/1.1[0m" 304 -
2025-09-26 22:05:50,135 - INFO - Extração detalhada 33/48: https://www.mercadolivre.com.br/cartucho-de-tinta-hp-664-negro-y-664-tricolor-2-unidades/p/MLB367838...
2025-09-26 22:05:50,647 - INFO - Spider initialized for query='dummy', sort_by='relevance', condition='all', max_items=0. Start URL: https://lista.mercadolivre.com.br/dummy?sb=all_mercadolibre#D[A:dummy]
2025-09-26 22:05:50,677 - INFO - Dados estruturados JSON-LD encontrados: Cartucho De Tinta Hp 664 Negro y 664 Tricolor 2 Unidades
2025-09-26 22:05:50,678 - INFO - Event data encontrados: seller=OBERO INFORMATICA
2025-09-26 22:05:50,743 - INFO - Extração detalhada concluída para: Cartucho De Tinta Hp 664 Negro y 664 Tricolor 2 Unidades
2025-09-26 22:05:50,744 - INFO -   [OK] Extração detalhada concluída: Cartucho De Tinta Hp 664 Negro y 664 Tricolor 2 Unidades
2025-09-26 22:05:52,354 - INFO - Extração detalhada 34/48: https://www.mercadolivre.com.br/kit-cartucho-hp-664-preto--hp-664-colorido-original-nf/up/MLBU145588...
2025-09-26 22:05:52,884 - INFO - Spider initialized for query='dummy', sort_by='relevance', condition='all', max_items=0. Start URL: https://lista.mercadolivre.com.br/dummy?sb=all_mercadolibre#D[A:dummy]
2025-09-26 22:05:52,910 - INFO - Dados estruturados JSON-LD encontrados: Kit Cartucho Hp 664 Preto + Hp 664 Colorido Original Nf
2025-09-26 22:05:52,911 - INFO - Event data encontrados: seller=vanvan
2025-09-26 22:05:52,981 - INFO - Extração detalhada concluída para: Kit Cartucho Hp 664 Preto + Hp 664 Colorido Original Nf
2025-09-26 22:05:52,982 - INFO -   [OK] Extração detalhada concluída: Kit Cartucho Hp 664 Preto + Hp 664 Colorido Original Nf
2025-09-26 22:05:55,557 - INFO - Extração detalhada 35/48: https://www.mercadolivre.com.br/kit-cartucho-hp-664-preto-e-colorido-2135-2674-2676-original/up/MLBU...
2025-09-26 22:05:56,044 - INFO - Spider initialized for query='dummy', sort_by='relevance', condition='all', max_items=0. Start URL: https://lista.mercadolivre.com.br/dummy?sb=all_mercadolibre#D[A:dummy]
2025-09-26 22:05:56,069 - INFO - Dados estruturados JSON-LD encontrados: Kit Cartucho Hp 664 Preto E Colorido 2135 2674 2676 Original
2025-09-26 22:05:56,071 - INFO - Event data encontrados: seller=OBERO INFORMATICA
2025-09-26 22:05:56,122 - INFO - Extração detalhada concluída para: Kit Cartucho Hp 664 Preto E Colorido 2135 2674 2676 Original
2025-09-26 22:05:56,123 - INFO -   [OK] Extração detalhada concluída: Kit Cartucho Hp 664 Preto E Colorido 2135 2674 2676 Original
2025-09-26 22:05:57,633 - INFO - Extração detalhada 36/48: https://www.mercadolivre.com.br/cartucho-hp-664xl-664-xl-preto-hp-e/p/MLB52063715#polycard_client=se...
2025-09-26 22:05:58,262 - INFO - Spider initialized for query='dummy', sort_by='relevance', condition='all', max_items=0. Start URL: https://lista.mercadolivre.com.br/dummy?sb=all_mercadolibre#D[A:dummy]
2025-09-26 22:05:58,289 - INFO - Dados estruturados JSON-LD encontrados: Cartucho Hp 664xl 664 Xl Preto Hp E
2025-09-26 22:05:58,291 - INFO - Event data encontrados: seller=Park Ecom
2025-09-26 22:05:58,383 - INFO - Extração detalhada concluída para: Cartucho Hp 664xl 664 Xl Preto Hp E
2025-09-26 22:05:58,384 - INFO -   [OK] Extração detalhada concluída: Cartucho Hp 664xl 664 Xl Preto Hp E
2025-09-26 22:05:59,930 - INFO - 192.168.100.14 - - [26/Sep/2025 22:05:59] "GET /jobs HTTP/1.1" 200 -
2025-09-26 22:05:59,999 - INFO - 192.168.100.14 - - [26/Sep/2025 22:05:59] "[36mGET /static/style.css HTTP/1.1[0m" 304 -
2025-09-26 22:06:00,957 - INFO - Extração detalhada 37/48: https://www.mercadolivre.com.br/cartucho-de-tinta-hp-664-colorido-advantage-original/up/MLBU75030984...
2025-09-26 22:06:01,464 - INFO - Spider initialized for query='dummy', sort_by='relevance', condition='all', max_items=0. Start URL: https://lista.mercadolivre.com.br/dummy?sb=all_mercadolibre#D[A:dummy]
2025-09-26 22:06:01,490 - INFO - Dados estruturados JSON-LD encontrados: Cartucho De Tinta Hp 664 Colorido Advantage Original
2025-09-26 22:06:01,491 - INFO - Event data encontrados: seller=OBERO INFORMATICA
2025-09-26 22:06:01,565 - INFO - Extração detalhada concluída para: Cartucho De Tinta Hp 664 Colorido Advantage Original
2025-09-26 22:06:01,566 - INFO -   [OK] Extração detalhada concluída: Cartucho De Tinta Hp 664 Colorido Advantage Original
2025-09-26 22:06:04,479 - INFO - Extração detalhada 38/48: https://www.mercadolivre.com.br/cartucho-de-tinta-hp-664-xl-fvc631-ab-original-pretoblack/up/MLBU143...
2025-09-26 22:06:05,019 - INFO - Spider initialized for query='dummy', sort_by='relevance', condition='all', max_items=0. Start URL: https://lista.mercadolivre.com.br/dummy?sb=all_mercadolibre#D[A:dummy]
2025-09-26 22:06:05,043 - INFO - Dados estruturados JSON-LD encontrados: Cartucho De Tinta Hp 664 Xl Fvc631 Ab Original Preto-black
2025-09-26 22:06:05,044 - INFO - Event data encontrados: seller=vanvan
2025-09-26 22:06:05,110 - INFO - Extração detalhada concluída para: Cartucho De Tinta Hp 664 Xl Fvc631 Ab Original Preto-black
2025-09-26 22:06:05,111 - INFO -   [OK] Extração detalhada concluída: Cartucho De Tinta Hp 664 Xl Fvc631 Ab Original Preto-black
2025-09-26 22:06:07,566 - INFO - Extração detalhada 39/48: https://www.mercadolivre.com.br/cartucho-hp-664-pretof6v29ab-para-deskjet-4535-4675-1115-2135-3775/p...
2025-09-26 22:06:08,189 - INFO - Spider initialized for query='dummy', sort_by='relevance', condition='all', max_items=0. Start URL: https://lista.mercadolivre.com.br/dummy?sb=all_mercadolibre#D[A:dummy]
2025-09-26 22:06:08,207 - INFO - Dados estruturados JSON-LD encontrados: Cartucho Hp 664 Preto(f6v29ab) Para Deskjet 4535, 4675, 1115, 2135, 3775
2025-09-26 22:06:08,208 - INFO - Event data encontrados: seller=SCOTCH
2025-09-26 22:06:08,264 - INFO - Extração detalhada concluída para: Cartucho Hp 664 Preto(f6v29ab) Para Deskjet 4535, 4675, 1115, 2135, 3775
2025-09-26 22:06:08,265 - INFO -   [OK] Extração detalhada concluída: Cartucho Hp 664 Preto(f6v29ab) Para Deskjet 4535, 4675, 1115, 2135, 3775
2025-09-26 22:06:10,875 - INFO - Extração detalhada 40/48: https://www.mercadolivre.com.br/cartucho-hp-664xl-preto-original-f6v31ab/up/MLBU3283536628#polycard_...
2025-09-26 22:06:10,909 - INFO - 192.168.100.14 - - [26/Sep/2025 22:06:10] "GET /jobs HTTP/1.1" 200 -
2025-09-26 22:06:10,951 - INFO - 192.168.100.14 - - [26/Sep/2025 22:06:10] "[36mGET /static/style.css HTTP/1.1[0m" 304 -
2025-09-26 22:06:11,377 - INFO - Spider initialized for query='dummy', sort_by='relevance', condition='all', max_items=0. Start URL: https://lista.mercadolivre.com.br/dummy?sb=all_mercadolibre#D[A:dummy]
2025-09-26 22:06:11,393 - INFO - Dados estruturados JSON-LD encontrados: Cartucho Hp 664xl Preto Original (f6v31ab)
2025-09-26 22:06:11,394 - INFO - Event data encontrados: seller=Mercado Livre
2025-09-26 22:06:11,439 - INFO - Extração detalhada concluída para: Cartucho Hp 664xl Preto Original (f6v31ab)
2025-09-26 22:06:11,439 - INFO -   [OK] Extração detalhada concluída: Cartucho Hp 664xl Preto Original (f6v31ab)
2025-09-26 22:06:13,003 - INFO - Extração detalhada 41/48: https://www.mercadolivre.com.br/cartucho-original-hp-664-preto-deskjet-1115-2136-2676-4676/up/MLBU14...
2025-09-26 22:06:13,527 - INFO - Spider initialized for query='dummy', sort_by='relevance', condition='all', max_items=0. Start URL: https://lista.mercadolivre.com.br/dummy?sb=all_mercadolibre#D[A:dummy]
2025-09-26 22:06:13,554 - INFO - Dados estruturados JSON-LD encontrados: Cartucho Original Hp 664 Preto Deskjet 1115 2136 2676 4676
2025-09-26 22:06:13,556 - INFO - Event data encontrados: seller=SARAIVA COMERCIO
2025-09-26 22:06:13,619 - INFO - Extração detalhada concluída para: Cartucho Original Hp 664 Preto Deskjet 1115 2136 2676 4676
2025-09-26 22:06:13,620 - INFO -   [OK] Extração detalhada concluída: Cartucho Original Hp 664 Preto Deskjet 1115 2136 2676 4676
2025-09-26 22:06:16,376 - INFO - Extração detalhada 42/48: https://www.mercadolivre.com.br/kit-cartucho-de-tinta-hp-664xl-preto-colorido/p/MLB39023549#polycard...
2025-09-26 22:06:16,894 - INFO - Spider initialized for query='dummy', sort_by='relevance', condition='all', max_items=0. Start URL: https://lista.mercadolivre.com.br/dummy?sb=all_mercadolibre#D[A:dummy]
2025-09-26 22:06:16,924 - INFO - Dados estruturados JSON-LD encontrados: Kit Cartucho De Tinta Hp 664xl Preto + Colorido
2025-09-26 22:06:16,925 - INFO - Event data encontrados: seller=Park Ecom
2025-09-26 22:06:16,994 - INFO - Extração detalhada concluída para: Kit Cartucho De Tinta Hp 664xl Preto + Colorido
2025-09-26 22:06:16,995 - INFO -   [OK] Extração detalhada concluída: Kit Cartucho De Tinta Hp 664xl Preto + Colorido
2025-09-26 22:06:19,574 - INFO - Extração detalhada 43/48: https://www.mercadolivre.com.br/kit-3-cartuchos-hp-664-preto--colorido-2136-2676-3636-3776/up/MLBU14...
2025-09-26 22:06:20,173 - INFO - Spider initialized for query='dummy', sort_by='relevance', condition='all', max_items=0. Start URL: https://lista.mercadolivre.com.br/dummy?sb=all_mercadolibre#D[A:dummy]
2025-09-26 22:06:20,190 - INFO - Dados estruturados JSON-LD encontrados: Kit 3 Cartuchos Hp 664 Preto + Colorido 2136 2676 3636 3776
2025-09-26 22:06:20,191 - INFO - Event data encontrados: seller=SARAIVA COMERCIO
2025-09-26 22:06:20,241 - INFO - Extração detalhada concluída para: Kit 3 Cartuchos Hp 664 Preto + Colorido 2136 2676 3636 3776
2025-09-26 22:06:20,242 - INFO -   [OK] Extração detalhada concluída: Kit 3 Cartuchos Hp 664 Preto + Colorido 2136 2676 3636 3776
2025-09-26 22:06:21,911 - INFO - 192.168.100.14 - - [26/Sep/2025 22:06:21] "GET /jobs HTTP/1.1" 200 -
2025-09-26 22:06:21,976 - INFO - 192.168.100.14 - - [26/Sep/2025 22:06:21] "[36mGET /static/style.css HTTP/1.1[0m" 304 -
2025-09-26 22:06:22,625 - INFO - Extração detalhada 44/48: https://www.mercadolivre.com.br/kit-cartucho-hp-667-preto--667-colorido-original-2376-2776/up/MLBU17...
2025-09-26 22:06:23,194 - INFO - Spider initialized for query='dummy', sort_by='relevance', condition='all', max_items=0. Start URL: https://lista.mercadolivre.com.br/dummy?sb=all_mercadolibre#D[A:dummy]
2025-09-26 22:06:23,221 - INFO - Dados estruturados JSON-LD encontrados: Kit Cartucho Hp 667 Preto + 667 Colorido Original 2376 2776
2025-09-26 22:06:23,223 - INFO - Event data encontrados: seller=SMCORP
2025-09-26 22:06:23,296 - INFO - Extração detalhada concluída para: Kit Cartucho Hp 667 Preto + 667 Colorido Original 2376 2776
2025-09-26 22:06:23,298 - INFO -   [OK] Extração detalhada concluída: Kit Cartucho Hp 667 Preto + 667 Colorido Original 2376 2776
2025-09-26 22:06:24,802 - INFO - Extração detalhada 45/48: https://www.mercadolivre.com.br/kit-cartucho-hp-667-preto-e-667-colorido-original-tinta/up/MLBU14333...
2025-09-26 22:06:25,399 - INFO - Spider initialized for query='dummy', sort_by='relevance', condition='all', max_items=0. Start URL: https://lista.mercadolivre.com.br/dummy?sb=all_mercadolibre#D[A:dummy]
2025-09-26 22:06:25,420 - INFO - Dados estruturados JSON-LD encontrados: Kit Cartucho Hp 667 Preto E 667 Colorido Original Tinta 
2025-09-26 22:06:25,421 - INFO - Event data encontrados: seller=mercadoall
2025-09-26 22:06:25,503 - INFO - Extração detalhada concluída para: Kit Cartucho Hp 667 Preto E 667 Colorido Original Tinta 
2025-09-26 22:06:25,504 - INFO -   [OK] Extração detalhada concluída: Kit Cartucho Hp 667 Preto E 667 Colorido Original Tinta 
2025-09-26 22:06:27,818 - INFO - Extração detalhada 46/48: https://www.mercadolivre.com.br/kit-cartucho-hp-664-preto--hp-664-colorido-original-nf/up/MLBU778583...
2025-09-26 22:06:28,319 - INFO - Spider initialized for query='dummy', sort_by='relevance', condition='all', max_items=0. Start URL: https://lista.mercadolivre.com.br/dummy?sb=all_mercadolibre#D[A:dummy]
2025-09-26 22:06:28,343 - INFO - Dados estruturados JSON-LD encontrados: Kit Cartucho Hp 664 Preto + Hp 664 Colorido Original Nf
2025-09-26 22:06:28,345 - INFO - Event data encontrados: seller=WEBBEST
2025-09-26 22:06:28,433 - INFO - Extração detalhada concluída para: Kit Cartucho Hp 664 Preto + Hp 664 Colorido Original Nf
2025-09-26 22:06:28,434 - INFO -   [OK] Extração detalhada concluída: Kit Cartucho Hp 664 Preto + Hp 664 Colorido Original Nf
2025-09-26 22:06:29,961 - INFO - Extração detalhada 47/48: https://www.mercadolivre.com.br/kit-cartucho-hp-664-preto--hp-664-colorido-original-nf/up/MLBU142590...
2025-09-26 22:06:30,520 - INFO - Spider initialized for query='dummy', sort_by='relevance', condition='all', max_items=0. Start URL: https://lista.mercadolivre.com.br/dummy?sb=all_mercadolibre#D[A:dummy]
2025-09-26 22:06:30,546 - INFO - Dados estruturados JSON-LD encontrados: Kit Cartucho Hp 664 Preto + Hp 664 Colorido Original Nf
2025-09-26 22:06:30,547 - INFO - Event data encontrados: seller=mercadoall
2025-09-26 22:06:30,615 - INFO - Extração detalhada concluída para: Kit Cartucho Hp 664 Preto + Hp 664 Colorido Original Nf
2025-09-26 22:06:30,615 - INFO -   [OK] Extração detalhada concluída: Kit Cartucho Hp 664 Preto + Hp 664 Colorido Original Nf
2025-09-26 22:06:32,898 - INFO - Extração detalhada 48/48: https://www.mercadolivre.com.br/kit-2-cartuchos-hp-664-xl-preto-2136-3776-3790-4676/p/MLB41548143#po...
2025-09-26 22:06:32,942 - INFO - 192.168.100.14 - - [26/Sep/2025 22:06:32] "GET /jobs HTTP/1.1" 200 -
2025-09-26 22:06:33,024 - INFO - 192.168.100.14 - - [26/Sep/2025 22:06:33] "[36mGET /static/style.css HTTP/1.1[0m" 304 -
2025-09-26 22:06:33,538 - INFO - Spider initialized for query='dummy', sort_by='relevance', condition='all', max_items=0. Start URL: https://lista.mercadolivre.com.br/dummy?sb=all_mercadolibre#D[A:dummy]
2025-09-26 22:06:33,570 - INFO - Dados estruturados JSON-LD encontrados: Kit 2 Cartuchos Hp 664 Xl Preto 2136 3776 3790 4676
2025-09-26 22:06:33,571 - INFO - Event data encontrados: seller=DT20250325164552
2025-09-26 22:06:33,745 - INFO - Extração detalhada concluída para: Kit 2 Cartuchos Hp 664 Xl Preto 2136 3776 3790 4676
2025-09-26 22:06:33,746 - INFO -   [OK] Extração detalhada concluída: Kit 2 Cartuchos Hp 664 Xl Preto 2136 3776 3790 4676
2025-09-26 22:06:35,467 - INFO - Extração detalhada concluída: 48 produtos processados
2025-09-26 22:06:35,467 - INFO - Coletados 48 produtos
2025-09-26 22:06:35,467 - INFO - Job add52ac2: Coletando reviews
2025-09-26 22:06:35,467 - INFO - Coletando reviews para 48 produtos
2025-09-26 22:06:35,468 - INFO - Job add52ac2: Gerando datasets
2025-09-26 22:06:35,468 - INFO - Gerando dataset CSV: C:\Challenge HP\Challenge-HP\datasets_gerados\dataset_add52ac2_20250926_220635.csv
2025-09-26 22:06:35,488 - INFO - Dataset gerado com sucesso: C:\Challenge HP\Challenge-HP\datasets_gerados\dataset_add52ac2_20250926_220635.csv
2025-09-26 22:06:35,490 - INFO - Total de produtos: 48
2025-09-26 22:06:35,491 - INFO - Job add52ac2: Arquivo CSV gerado - dataset_add52ac2_20250926_220635.csv
2025-09-26 22:06:35,492 - INFO - Gerando dataset JSON: C:\Challenge HP\Challenge-HP\datasets_gerados\dataset_add52ac2_20250926_220635.json
2025-09-26 22:06:35,508 - INFO - Dataset JSON gerado com sucesso: C:\Challenge HP\Challenge-HP\datasets_gerados\dataset_add52ac2_20250926_220635.json
2025-09-26 22:06:35,510 - INFO - Job add52ac2: Arquivo JSON gerado - dataset_add52ac2_20250926_220635.json
2025-09-26 22:06:35,510 - INFO - Job add52ac2: Concluído com sucesso
2025-09-26 22:06:35,510 - INFO -    - Produtos coletados: 48
2025-09-26 22:06:35,510 - INFO -    - Reviews coletadas: 0
2025-09-26 22:06:35,510 - INFO -    - Arquivos gerados: 2
2025-09-26 22:06:35,510 - INFO -      * CSV: dataset_add52ac2_20250926_220635.csv (59.7 KB)
2025-09-26 22:06:35,510 - INFO -      * JSON: dataset_add52ac2_20250926_220635.json (122.0 KB)
2025-09-26 22:06:43,923 - INFO - 192.168.100.14 - - [26/Sep/2025 22:06:43] "GET /jobs HTTP/1.1" 200 -
2025-09-26 22:06:43,966 - INFO - 192.168.100.14 - - [26/Sep/2025 22:06:43] "[36mGET /static/style.css HTTP/1.1[0m" 304 -
2025-09-26 22:07:36,280 - INFO - Tentando download de: dataset_add52ac2_20250926_220635.csv
2025-09-26 22:07:36,280 - INFO - Caminho completo: C:\Challenge HP\Challenge-HP\datasets_gerados\dataset_add52ac2_20250926_220635.csv
2025-09-26 22:07:36,281 - INFO - Arquivo existe: True
2025-09-26 22:07:36,324 - INFO - 192.168.100.14 - - [26/Sep/2025 22:07:36] "GET /api/datasets/dataset_add52ac2_20250926_220635.csv/download HTTP/1.1" 200 -
2025-09-26 22:07:37,357 - INFO - Tentando download de: dataset_add52ac2_20250926_220635.json
2025-09-26 22:07:37,358 - INFO - Caminho completo: C:\Challenge HP\Challenge-HP\datasets_gerados\dataset_add52ac2_20250926_220635.json
2025-09-26 22:07:37,365 - INFO - Arquivo existe: True
2025-09-26 22:07:37,811 - INFO - 192.168.100.14 - - [26/Sep/2025 22:07:37] "GET /api/datasets/dataset_add52ac2_20250926_220635.json/download HTTP/1.1" 200 -
2025-09-26 22:08:18,436 - INFO - Tentando download de: dataset_add52ac2_20250926_220635.csv
2025-09-26 22:08:18,436 - INFO - Caminho completo: C:\Challenge HP\Challenge-HP\datasets_gerados\dataset_add52ac2_20250926_220635.csv
2025-09-26 22:08:18,436 - INFO - Arquivo existe: True
2025-09-26 22:08:18,438 - INFO - 192.168.100.14 - - [26/Sep/2025 22:08:18] "[36mGET /api/datasets/dataset_add52ac2_20250926_220635.csv/download HTTP/1.1[0m" 304 -
2025-09-26 22:13:14,677 - INFO -  * Detected change in 'C:\\Challenge HP\\Challenge-HP\\src\\spiders\\mercadolivre_spider.py', reloading
2025-09-26 22:13:14,680 - INFO -  * Detected change in 'C:\\Challenge HP\\Challenge-HP\\src\\spiders\\mercadolivre_spider.py', reloading
2025-09-26 22:13:15,203 - INFO -  * Restarting with watchdog (windowsapi)
2025-09-26 22:13:15,307 - INFO -  * Restarting with watchdog (windowsapi)
2025-09-26 22:13:17,365 - INFO - Diretório de datasets configurado: C:\Challenge HP\Challenge-HP\datasets_gerados
2025-09-26 22:13:17,385 - INFO - Diretório de datasets configurado: C:\Challenge HP\Challenge-HP\datasets_gerados
2025-09-26 22:13:17,409 - WARNING -  * Debugger is active!
2025-09-26 22:13:17,418 - INFO -  * Debugger PIN: 639-855-048
2025-09-26 22:13:17,423 - WARNING -  * Debugger is active!
2025-09-26 22:13:17,434 - INFO -  * Debugger PIN: 639-855-048
2025-09-26 22:13:39,789 - INFO -  * Detected change in 'C:\\Challenge HP\\Challenge-HP\\src\\spiders\\mercadolivre_spider.py', reloading
2025-09-26 22:13:39,789 - INFO -  * Detected change in 'C:\\Challenge HP\\Challenge-HP\\src\\spiders\\mercadolivre_spider.py', reloading
2025-09-26 22:13:39,804 - INFO -  * Detected change in 'C:\\Challenge HP\\Challenge-HP\\src\\spiders\\mercadolivre_spider.py', reloading
2025-09-26 22:13:39,804 - INFO -  * Detected change in 'C:\\Challenge HP\\Challenge-HP\\src\\spiders\\mercadolivre_spider.py', reloading
2025-09-26 22:13:39,805 - INFO -  * Detected change in 'C:\\Challenge HP\\Challenge-HP\\src\\spiders\\mercadolivre_spider.py', reloading
2025-09-26 22:13:39,809 - INFO -  * Detected change in 'C:\\Challenge HP\\Challenge-HP\\src\\spiders\\mercadolivre_spider.py', reloading
2025-09-26 22:13:40,161 - INFO -  * Restarting with watchdog (windowsapi)
2025-09-26 22:13:40,168 - INFO -  * Restarting with watchdog (windowsapi)
2025-09-26 22:13:42,145 - INFO - Diretório de datasets configurado: C:\Challenge HP\Challenge-HP\datasets_gerados
2025-09-26 22:13:42,155 - INFO - Diretório de datasets configurado: C:\Challenge HP\Challenge-HP\datasets_gerados
2025-09-26 22:13:42,176 - WARNING -  * Debugger is active!
2025-09-26 22:13:42,186 - INFO -  * Debugger PIN: 639-855-048
2025-09-26 22:13:42,190 - WARNING -  * Debugger is active!
2025-09-26 22:13:42,199 - INFO -  * Debugger PIN: 639-855-048
2025-09-26 22:13:52,700 - INFO -  * Detected change in 'C:\\Challenge HP\\Challenge-HP\\src\\spiders\\mercadolivre_spider.py', reloading
2025-09-26 22:13:52,717 - INFO -  * Detected change in 'C:\\Challenge HP\\Challenge-HP\\src\\spiders\\mercadolivre_spider.py', reloading
2025-09-26 22:13:52,717 - INFO -  * Detected change in 'C:\\Challenge HP\\Challenge-HP\\src\\spiders\\mercadolivre_spider.py', reloading
2025-09-26 22:13:52,718 - INFO -  * Detected change in 'C:\\Challenge HP\\Challenge-HP\\src\\spiders\\mercadolivre_spider.py', reloading
2025-09-26 22:13:52,719 - INFO -  * Detected change in 'C:\\Challenge HP\\Challenge-HP\\src\\spiders\\mercadolivre_spider.py', reloading
2025-09-26 22:13:53,110 - INFO -  * Restarting with watchdog (windowsapi)
2025-09-26 22:13:53,113 - INFO -  * Restarting with watchdog (windowsapi)
2025-09-26 22:13:55,160 - INFO - Diretório de datasets configurado: C:\Challenge HP\Challenge-HP\datasets_gerados
2025-09-26 22:13:55,162 - INFO - Diretório de datasets configurado: C:\Challenge HP\Challenge-HP\datasets_gerados
2025-09-26 22:13:55,204 - WARNING -  * Debugger is active!
2025-09-26 22:13:55,210 - WARNING -  * Debugger is active!
2025-09-26 22:13:55,214 - INFO -  * Debugger PIN: 639-855-048
2025-09-26 22:13:55,217 - INFO -  * Debugger PIN: 639-855-048
2025-09-26 22:14:55,772 - INFO -  * Detected change in 'C:\\Challenge HP\\Challenge-HP\\src\\core\\app.py', reloading
2025-09-26 22:14:55,772 - INFO -  * Detected change in 'C:\\Challenge HP\\Challenge-HP\\src\\core\\app.py', reloading
2025-09-26 22:14:55,773 - INFO -  * Detected change in 'C:\\Challenge HP\\Challenge-HP\\src\\core\\app.py', reloading
2025-09-26 22:14:55,775 - INFO -  * Detected change in 'C:\\Challenge HP\\Challenge-HP\\src\\core\\app.py', reloading
2025-09-26 22:14:56,417 - INFO -  * Restarting with watchdog (windowsapi)
2025-09-26 22:14:56,423 - INFO -  * Restarting with watchdog (windowsapi)
2025-09-26 22:14:58,430 - INFO - Diretório de datasets configurado: C:\Challenge HP\Challenge-HP\datasets_gerados
2025-09-26 22:14:58,436 - INFO - Diretório de datasets configurado: C:\Challenge HP\Challenge-HP\datasets_gerados
2025-09-26 22:14:58,479 - WARNING -  * Debugger is active!
2025-09-26 22:14:58,483 - INFO -  * Debugger PIN: 639-855-048
2025-09-26 22:14:58,492 - WARNING -  * Debugger is active!
2025-09-26 22:14:58,503 - INFO -  * Debugger PIN: 639-855-048
2025-09-26 22:15:20,393 - INFO -  * Detected change in 'C:\\Program Files\\WindowsApps\\PythonSoftwareFoundation.Python.3.12_3.12.2800.0_x64__qbz5n2kfra8p0\\Lib\\shlex.py', reloading
2025-09-26 22:15:20,393 - INFO -  * Detected change in 'C:\\Program Files\\WindowsApps\\PythonSoftwareFoundation.Python.3.12_3.12.2800.0_x64__qbz5n2kfra8p0\\Lib\\shlex.py', reloading
2025-09-26 22:15:20,446 - INFO -  * Detected change in 'C:\\Program Files\\WindowsApps\\PythonSoftwareFoundation.Python.3.12_3.12.2800.0_x64__qbz5n2kfra8p0\\Lib\\xmlrpc\\__init__.py', reloading
2025-09-26 22:15:20,447 - INFO -  * Detected change in 'C:\\Program Files\\WindowsApps\\PythonSoftwareFoundation.Python.3.12_3.12.2800.0_x64__qbz5n2kfra8p0\\Lib\\xmlrpc\\client.py', reloading
2025-09-26 22:15:20,447 - INFO -  * Detected change in 'C:\\Program Files\\WindowsApps\\PythonSoftwareFoundation.Python.3.12_3.12.2800.0_x64__qbz5n2kfra8p0\\Lib\\xmlrpc\\client.py', reloading
2025-09-26 22:15:20,450 - INFO -  * Detected change in 'C:\\Program Files\\WindowsApps\\PythonSoftwareFoundation.Python.3.12_3.12.2800.0_x64__qbz5n2kfra8p0\\Lib\\xml\\__init__.py', reloading
2025-09-26 22:15:20,450 - INFO -  * Detected change in 'C:\\Program Files\\WindowsApps\\PythonSoftwareFoundation.Python.3.12_3.12.2800.0_x64__qbz5n2kfra8p0\\Lib\\xml\\__init__.py', reloading
2025-09-26 22:15:20,454 - INFO -  * Detected change in 'C:\\Program Files\\WindowsApps\\PythonSoftwareFoundation.Python.3.12_3.12.2800.0_x64__qbz5n2kfra8p0\\Lib\\xml\\parsers\\__init__.py', reloading
2025-09-26 22:15:20,454 - INFO -  * Detected change in 'C:\\Program Files\\WindowsApps\\PythonSoftwareFoundation.Python.3.12_3.12.2800.0_x64__qbz5n2kfra8p0\\Lib\\xml\\parsers\\__init__.py', reloading
2025-09-26 22:15:20,458 - INFO -  * Detected change in 'C:\\Program Files\\WindowsApps\\PythonSoftwareFoundation.Python.3.12_3.12.2800.0_x64__qbz5n2kfra8p0\\Lib\\xml\\parsers\\expat.py', reloading
2025-09-26 22:15:20,459 - INFO -  * Detected change in 'C:\\Program Files\\WindowsApps\\PythonSoftwareFoundation.Python.3.12_3.12.2800.0_x64__qbz5n2kfra8p0\\Lib\\xml\\parsers\\expat.py', reloading
2025-09-26 22:15:20,468 - INFO -  * Detected change in 'C:\\Program Files\\WindowsApps\\PythonSoftwareFoundation.Python.3.12_3.12.2800.0_x64__qbz5n2kfra8p0\\Lib\\xmlrpc\\server.py', reloading
2025-09-26 22:15:20,468 - INFO -  * Detected change in 'C:\\Program Files\\WindowsApps\\PythonSoftwareFoundation.Python.3.12_3.12.2800.0_x64__qbz5n2kfra8p0\\Lib\\xmlrpc\\server.py', reloading
2025-09-26 22:15:20,531 - INFO -  * Detected change in 'C:\\Program Files\\WindowsApps\\PythonSoftwareFoundation.Python.3.12_3.12.2800.0_x64__qbz5n2kfra8p0\\Lib\\webbrowser.py', reloading
2025-09-26 22:15:20,531 - INFO -  * Detected change in 'C:\\Program Files\\WindowsApps\\PythonSoftwareFoundation.Python.3.12_3.12.2800.0_x64__qbz5n2kfra8p0\\Lib\\webbrowser.py', reloading
2025-09-26 22:15:20,625 - INFO -  * Detected change in 'C:\\Program Files\\WindowsApps\\PythonSoftwareFoundation.Python.3.12_3.12.2800.0_x64__qbz5n2kfra8p0\\Lib\\asyncio\\__init__.py', reloading
2025-09-26 22:15:20,627 - INFO -  * Detected change in 'C:\\Program Files\\WindowsApps\\PythonSoftwareFoundation.Python.3.12_3.12.2800.0_x64__qbz5n2kfra8p0\\Lib\\asyncio\\base_events.py', reloading
2025-09-26 22:15:20,627 - INFO -  * Detected change in 'C:\\Program Files\\WindowsApps\\PythonSoftwareFoundation.Python.3.12_3.12.2800.0_x64__qbz5n2kfra8p0\\Lib\\asyncio\\base_events.py', reloading
2025-09-26 22:15:20,628 - INFO -  * Detected change in 'C:\\Program Files\\WindowsApps\\PythonSoftwareFoundation.Python.3.12_3.12.2800.0_x64__qbz5n2kfra8p0\\Lib\\concurrent\\__init__.py', reloading
2025-09-26 22:15:20,628 - INFO -  * Detected change in 'C:\\Program Files\\WindowsApps\\PythonSoftwareFoundation.Python.3.12_3.12.2800.0_x64__qbz5n2kfra8p0\\Lib\\concurrent\\__init__.py', reloading
2025-09-26 22:15:20,631 - INFO -  * Detected change in 'C:\\Program Files\\WindowsApps\\PythonSoftwareFoundation.Python.3.12_3.12.2800.0_x64__qbz5n2kfra8p0\\Lib\\concurrent\\futures\\__init__.py', reloading
2025-09-26 22:15:20,631 - INFO -  * Detected change in 'C:\\Program Files\\WindowsApps\\PythonSoftwareFoundation.Python.3.12_3.12.2800.0_x64__qbz5n2kfra8p0\\Lib\\concurrent\\futures\\__init__.py', reloading
2025-09-26 22:15:20,633 - INFO -  * Detected change in 'C:\\Program Files\\WindowsApps\\PythonSoftwareFoundation.Python.3.12_3.12.2800.0_x64__qbz5n2kfra8p0\\Lib\\concurrent\\futures\\_base.py', reloading
2025-09-26 22:15:20,634 - INFO -  * Detected change in 'C:\\Program Files\\WindowsApps\\PythonSoftwareFoundation.Python.3.12_3.12.2800.0_x64__qbz5n2kfra8p0\\Lib\\concurrent\\futures\\_base.py', reloading
2025-09-26 22:15:20,636 - INFO -  * Detected change in 'C:\\Program Files\\WindowsApps\\PythonSoftwareFoundation.Python.3.12_3.12.2800.0_x64__qbz5n2kfra8p0\\Lib\\asyncio\\constants.py', reloading
2025-09-26 22:15:20,638 - INFO -  * Detected change in 'C:\\Program Files\\WindowsApps\\PythonSoftwareFoundation.Python.3.12_3.12.2800.0_x64__qbz5n2kfra8p0\\Lib\\asyncio\\coroutines.py', reloading
2025-09-26 22:15:20,639 - INFO -  * Detected change in 'C:\\Program Files\\WindowsApps\\PythonSoftwareFoundation.Python.3.12_3.12.2800.0_x64__qbz5n2kfra8p0\\Lib\\asyncio\\constants.py', reloading
2025-09-26 22:15:20,640 - INFO -  * Detected change in 'C:\\Program Files\\WindowsApps\\PythonSoftwareFoundation.Python.3.12_3.12.2800.0_x64__qbz5n2kfra8p0\\Lib\\asyncio\\events.py', reloading
2025-09-26 22:15:20,643 - INFO -  * Detected change in 'C:\\Program Files\\WindowsApps\\PythonSoftwareFoundation.Python.3.12_3.12.2800.0_x64__qbz5n2kfra8p0\\Lib\\asyncio\\format_helpers.py', reloading
2025-09-26 22:15:20,644 - INFO -  * Detected change in 'C:\\Program Files\\WindowsApps\\PythonSoftwareFoundation.Python.3.12_3.12.2800.0_x64__qbz5n2kfra8p0\\Lib\\asyncio\\coroutines.py', reloading
2025-09-26 22:15:20,645 - INFO -  * Detected change in 'C:\\Program Files\\WindowsApps\\PythonSoftwareFoundation.Python.3.12_3.12.2800.0_x64__qbz5n2kfra8p0\\Lib\\asyncio\\base_futures.py', reloading
2025-09-26 22:15:20,646 - INFO -  * Detected change in 'C:\\Program Files\\WindowsApps\\PythonSoftwareFoundation.Python.3.12_3.12.2800.0_x64__qbz5n2kfra8p0\\Lib\\asyncio\\events.py', reloading
2025-09-26 22:15:20,647 - INFO -  * Detected change in 'C:\\Program Files\\WindowsApps\\PythonSoftwareFoundation.Python.3.12_3.12.2800.0_x64__qbz5n2kfra8p0\\Lib\\asyncio\\exceptions.py', reloading
2025-09-26 22:15:20,648 - INFO -  * Detected change in 'C:\\Program Files\\WindowsApps\\PythonSoftwareFoundation.Python.3.12_3.12.2800.0_x64__qbz5n2kfra8p0\\Lib\\asyncio\\base_tasks.py', reloading
2025-09-26 22:15:20,648 - INFO -  * Detected change in 'C:\\Program Files\\WindowsApps\\PythonSoftwareFoundation.Python.3.12_3.12.2800.0_x64__qbz5n2kfra8p0\\Lib\\asyncio\\format_helpers.py', reloading
2025-09-26 22:15:20,649 - INFO -  * Detected change in 'C:\\Program Files\\WindowsApps\\PythonSoftwareFoundation.Python.3.12_3.12.2800.0_x64__qbz5n2kfra8p0\\Lib\\asyncio\\futures.py', reloading
2025-09-26 22:15:20,649 - INFO -  * Detected change in 'C:\\Program Files\\WindowsApps\\PythonSoftwareFoundation.Python.3.12_3.12.2800.0_x64__qbz5n2kfra8p0\\Lib\\asyncio\\base_futures.py', reloading
2025-09-26 22:15:20,651 - INFO -  * Detected change in 'C:\\Program Files\\WindowsApps\\PythonSoftwareFoundation.Python.3.12_3.12.2800.0_x64__qbz5n2kfra8p0\\Lib\\asyncio\\protocols.py', reloading
2025-09-26 22:15:20,652 - INFO -  * Detected change in 'C:\\Program Files\\WindowsApps\\PythonSoftwareFoundation.Python.3.12_3.12.2800.0_x64__qbz5n2kfra8p0\\Lib\\asyncio\\exceptions.py', reloading
2025-09-26 22:15:20,653 - INFO -  * Detected change in 'C:\\Program Files\\WindowsApps\\PythonSoftwareFoundation.Python.3.12_3.12.2800.0_x64__qbz5n2kfra8p0\\Lib\\asyncio\\base_tasks.py', reloading
2025-09-26 22:15:20,655 - INFO -  * Detected change in 'C:\\Program Files\\WindowsApps\\PythonSoftwareFoundation.Python.3.12_3.12.2800.0_x64__qbz5n2kfra8p0\\Lib\\asyncio\\futures.py', reloading
2025-09-26 22:15:20,655 - INFO -  * Detected change in 'C:\\Program Files\\WindowsApps\\PythonSoftwareFoundation.Python.3.12_3.12.2800.0_x64__qbz5n2kfra8p0\\Lib\\asyncio\\sslproto.py', reloading
2025-09-26 22:15:20,656 - INFO -  * Detected change in 'C:\\Program Files\\WindowsApps\\PythonSoftwareFoundation.Python.3.12_3.12.2800.0_x64__qbz5n2kfra8p0\\Lib\\asyncio\\protocols.py', reloading
2025-09-26 22:15:20,657 - INFO -  * Detected change in 'C:\\Program Files\\WindowsApps\\PythonSoftwareFoundation.Python.3.12_3.12.2800.0_x64__qbz5n2kfra8p0\\Lib\\asyncio\\sslproto.py', reloading
2025-09-26 22:15:20,659 - INFO -  * Detected change in 'C:\\Program Files\\WindowsApps\\PythonSoftwareFoundation.Python.3.12_3.12.2800.0_x64__qbz5n2kfra8p0\\Lib\\asyncio\\transports.py', reloading
2025-09-26 22:15:20,659 - INFO -  * Detected change in 'C:\\Program Files\\WindowsApps\\PythonSoftwareFoundation.Python.3.12_3.12.2800.0_x64__qbz5n2kfra8p0\\Lib\\asyncio\\transports.py', reloading
2025-09-26 22:15:20,662 - INFO -  * Detected change in 'C:\\Program Files\\WindowsApps\\PythonSoftwareFoundation.Python.3.12_3.12.2800.0_x64__qbz5n2kfra8p0\\Lib\\asyncio\\log.py', reloading
2025-09-26 22:15:20,664 - INFO -  * Detected change in 'C:\\Program Files\\WindowsApps\\PythonSoftwareFoundation.Python.3.12_3.12.2800.0_x64__qbz5n2kfra8p0\\Lib\\asyncio\\staggered.py', reloading
2025-09-26 22:15:20,665 - INFO -  * Detected change in 'C:\\Program Files\\WindowsApps\\PythonSoftwareFoundation.Python.3.12_3.12.2800.0_x64__qbz5n2kfra8p0\\Lib\\asyncio\\locks.py', reloading
2025-09-26 22:15:20,665 - INFO -  * Detected change in 'C:\\Program Files\\WindowsApps\\PythonSoftwareFoundation.Python.3.12_3.12.2800.0_x64__qbz5n2kfra8p0\\Lib\\asyncio\\locks.py', reloading
2025-09-26 22:15:20,668 - INFO -  * Detected change in 'C:\\Program Files\\WindowsApps\\PythonSoftwareFoundation.Python.3.12_3.12.2800.0_x64__qbz5n2kfra8p0\\Lib\\asyncio\\mixins.py', reloading
2025-09-26 22:15:20,669 - INFO -  * Detected change in 'C:\\Program Files\\WindowsApps\\PythonSoftwareFoundation.Python.3.12_3.12.2800.0_x64__qbz5n2kfra8p0\\Lib\\asyncio\\mixins.py', reloading
2025-09-26 22:15:20,671 - INFO -  * Detected change in 'C:\\Program Files\\WindowsApps\\PythonSoftwareFoundation.Python.3.12_3.12.2800.0_x64__qbz5n2kfra8p0\\Lib\\asyncio\\tasks.py', reloading
2025-09-26 22:15:20,674 - INFO -  * Detected change in 'C:\\Program Files\\WindowsApps\\PythonSoftwareFoundation.Python.3.12_3.12.2800.0_x64__qbz5n2kfra8p0\\Lib\\asyncio\\timeouts.py', reloading
2025-09-26 22:15:20,674 - INFO -  * Detected change in 'C:\\Program Files\\WindowsApps\\PythonSoftwareFoundation.Python.3.12_3.12.2800.0_x64__qbz5n2kfra8p0\\Lib\\asyncio\\timeouts.py', reloading
2025-09-26 22:15:20,678 - INFO -  * Detected change in 'C:\\Program Files\\WindowsApps\\PythonSoftwareFoundation.Python.3.12_3.12.2800.0_x64__qbz5n2kfra8p0\\Lib\\asyncio\\trsock.py', reloading
2025-09-26 22:15:20,678 - INFO -  * Detected change in 'C:\\Program Files\\WindowsApps\\PythonSoftwareFoundation.Python.3.12_3.12.2800.0_x64__qbz5n2kfra8p0\\Lib\\asyncio\\trsock.py', reloading
2025-09-26 22:15:20,680 - INFO -  * Detected change in 'C:\\Program Files\\WindowsApps\\PythonSoftwareFoundation.Python.3.12_3.12.2800.0_x64__qbz5n2kfra8p0\\Lib\\asyncio\\runners.py', reloading
2025-09-26 22:15:20,683 - INFO -  * Detected change in 'C:\\Program Files\\WindowsApps\\PythonSoftwareFoundation.Python.3.12_3.12.2800.0_x64__qbz5n2kfra8p0\\Lib\\asyncio\\queues.py', reloading
2025-09-26 22:15:20,683 - INFO -  * Detected change in 'C:\\Program Files\\WindowsApps\\PythonSoftwareFoundation.Python.3.12_3.12.2800.0_x64__qbz5n2kfra8p0\\Lib\\asyncio\\queues.py', reloading
2025-09-26 22:15:20,686 - INFO -  * Detected change in 'C:\\Program Files\\WindowsApps\\PythonSoftwareFoundation.Python.3.12_3.12.2800.0_x64__qbz5n2kfra8p0\\Lib\\asyncio\\streams.py', reloading
2025-09-26 22:15:20,689 - INFO -  * Detected change in 'C:\\Program Files\\WindowsApps\\PythonSoftwareFoundation.Python.3.12_3.12.2800.0_x64__qbz5n2kfra8p0\\Lib\\asyncio\\subprocess.py', reloading
2025-09-26 22:15:20,689 - INFO -  * Detected change in 'C:\\Program Files\\WindowsApps\\PythonSoftwareFoundation.Python.3.12_3.12.2800.0_x64__qbz5n2kfra8p0\\Lib\\asyncio\\subprocess.py', reloading
2025-09-26 22:15:20,693 - INFO -  * Detected change in 'C:\\Program Files\\WindowsApps\\PythonSoftwareFoundation.Python.3.12_3.12.2800.0_x64__qbz5n2kfra8p0\\Lib\\asyncio\\taskgroups.py', reloading
2025-09-26 22:15:20,693 - INFO -  * Detected change in 'C:\\Program Files\\WindowsApps\\PythonSoftwareFoundation.Python.3.12_3.12.2800.0_x64__qbz5n2kfra8p0\\Lib\\asyncio\\taskgroups.py', reloading
2025-09-26 22:15:20,695 - INFO -  * Detected change in 'C:\\Program Files\\WindowsApps\\PythonSoftwareFoundation.Python.3.12_3.12.2800.0_x64__qbz5n2kfra8p0\\Lib\\asyncio\\threads.py', reloading
2025-09-26 22:15:20,695 - INFO -  * Detected change in 'C:\\Program Files\\WindowsApps\\PythonSoftwareFoundation.Python.3.12_3.12.2800.0_x64__qbz5n2kfra8p0\\Lib\\asyncio\\threads.py', reloading
2025-09-26 22:15:20,696 - INFO -  * Detected change in 'C:\\Program Files\\WindowsApps\\PythonSoftwareFoundation.Python.3.12_3.12.2800.0_x64__qbz5n2kfra8p0\\Lib\\asyncio\\windows_events.py', reloading
2025-09-26 22:15:20,696 - INFO -  * Detected change in 'C:\\Program Files\\WindowsApps\\PythonSoftwareFoundation.Python.3.12_3.12.2800.0_x64__qbz5n2kfra8p0\\Lib\\asyncio\\windows_events.py', reloading
2025-09-26 22:15:20,701 - INFO -  * Detected change in 'C:\\Program Files\\WindowsApps\\PythonSoftwareFoundation.Python.3.12_3.12.2800.0_x64__qbz5n2kfra8p0\\Lib\\asyncio\\base_subprocess.py', reloading
2025-09-26 22:15:20,705 - INFO -  * Detected change in 'C:\\Program Files\\WindowsApps\\PythonSoftwareFoundation.Python.3.12_3.12.2800.0_x64__qbz5n2kfra8p0\\Lib\\asyncio\\proactor_events.py', reloading
2025-09-26 22:15:20,706 - INFO -  * Detected change in 'C:\\Program Files\\WindowsApps\\PythonSoftwareFoundation.Python.3.12_3.12.2800.0_x64__qbz5n2kfra8p0\\Lib\\asyncio\\proactor_events.py', reloading
2025-09-26 22:15:20,710 - INFO -  * Detected change in 'C:\\Program Files\\WindowsApps\\PythonSoftwareFoundation.Python.3.12_3.12.2800.0_x64__qbz5n2kfra8p0\\Lib\\asyncio\\selector_events.py', reloading
2025-09-26 22:15:20,712 - INFO -  * Detected change in 'C:\\Program Files\\WindowsApps\\PythonSoftwareFoundation.Python.3.12_3.12.2800.0_x64__qbz5n2kfra8p0\\Lib\\asyncio\\windows_utils.py', reloading
2025-09-26 22:15:20,712 - INFO -  * Detected change in 'C:\\Program Files\\WindowsApps\\PythonSoftwareFoundation.Python.3.12_3.12.2800.0_x64__qbz5n2kfra8p0\\Lib\\asyncio\\windows_utils.py', reloading
2025-09-26 22:15:21,019 - INFO -  * Detected change in 'C:\\Program Files\\WindowsApps\\PythonSoftwareFoundation.Python.3.12_3.12.2800.0_x64__qbz5n2kfra8p0\\Lib\\configparser.py', reloading
2025-09-26 22:15:21,019 - INFO -  * Detected change in 'C:\\Program Files\\WindowsApps\\PythonSoftwareFoundation.Python.3.12_3.12.2800.0_x64__qbz5n2kfra8p0\\Lib\\configparser.py', reloading
2025-09-26 22:15:21,039 - INFO -  * Detected change in 'C:\\Program Files\\WindowsApps\\PythonSoftwareFoundation.Python.3.12_3.12.2800.0_x64__qbz5n2kfra8p0\\Lib\\logging\\config.py', reloading
2025-09-26 22:15:21,039 - INFO -  * Detected change in 'C:\\Program Files\\WindowsApps\\PythonSoftwareFoundation.Python.3.12_3.12.2800.0_x64__qbz5n2kfra8p0\\Lib\\logging\\config.py', reloading
2025-09-26 22:15:21,041 - INFO -  * Detected change in 'C:\\Program Files\\WindowsApps\\PythonSoftwareFoundation.Python.3.12_3.12.2800.0_x64__qbz5n2kfra8p0\\Lib\\logging\\handlers.py', reloading
2025-09-26 22:15:21,059 - INFO -  * Detected change in 'C:\\Program Files\\WindowsApps\\PythonSoftwareFoundation.Python.3.12_3.12.2800.0_x64__qbz5n2kfra8p0\\Lib\\multiprocessing\\__init__.py', reloading
2025-09-26 22:15:21,060 - INFO -  * Detected change in 'C:\\Program Files\\WindowsApps\\PythonSoftwareFoundation.Python.3.12_3.12.2800.0_x64__qbz5n2kfra8p0\\Lib\\multiprocessing\\__init__.py', reloading
2025-09-26 22:15:21,061 - INFO -  * Detected change in 'C:\\Program Files\\WindowsApps\\PythonSoftwareFoundation.Python.3.12_3.12.2800.0_x64__qbz5n2kfra8p0\\Lib\\multiprocessing\\context.py', reloading
2025-09-26 22:15:21,061 - INFO -  * Detected change in 'C:\\Program Files\\WindowsApps\\PythonSoftwareFoundation.Python.3.12_3.12.2800.0_x64__qbz5n2kfra8p0\\Lib\\multiprocessing\\context.py', reloading
2025-09-26 22:15:21,063 - INFO -  * Detected change in 'C:\\Program Files\\WindowsApps\\PythonSoftwareFoundation.Python.3.12_3.12.2800.0_x64__qbz5n2kfra8p0\\Lib\\multiprocessing\\process.py', reloading
2025-09-26 22:15:21,063 - INFO -  * Detected change in 'C:\\Program Files\\WindowsApps\\PythonSoftwareFoundation.Python.3.12_3.12.2800.0_x64__qbz5n2kfra8p0\\Lib\\multiprocessing\\process.py', reloading
2025-09-26 22:15:21,064 - INFO -  * Detected change in 'C:\\Program Files\\WindowsApps\\PythonSoftwareFoundation.Python.3.12_3.12.2800.0_x64__qbz5n2kfra8p0\\Lib\\multiprocessing\\reduction.py', reloading
2025-09-26 22:15:21,064 - INFO -  * Detected change in 'C:\\Program Files\\WindowsApps\\PythonSoftwareFoundation.Python.3.12_3.12.2800.0_x64__qbz5n2kfra8p0\\Lib\\multiprocessing\\reduction.py', reloading
2025-09-26 22:15:21,067 - INFO -  * Detected change in 'C:\\Program Files\\WindowsApps\\PythonSoftwareFoundation.Python.3.12_3.12.2800.0_x64__qbz5n2kfra8p0\\Lib\\concurrent\\futures\\thread.py', reloading
2025-09-26 22:15:21,068 - INFO -  * Detected change in 'C:\\Program Files\\WindowsApps\\PythonSoftwareFoundation.Python.3.12_3.12.2800.0_x64__qbz5n2kfra8p0\\Lib\\concurrent\\futures\\thread.py', reloading
2025-09-26 22:15:21,350 - INFO -  * Restarting with watchdog (windowsapi)
2025-09-26 22:15:21,357 - INFO -  * Restarting with watchdog (windowsapi)
2025-09-26 22:15:23,600 - INFO - Diretório de datasets configurado: C:\Challenge HP\Challenge-HP\datasets_gerados
2025-09-26 22:15:23,629 - INFO - Diretório de datasets configurado: C:\Challenge HP\Challenge-HP\datasets_gerados
2025-09-26 22:15:23,633 - WARNING -  * Debugger is active!
2025-09-26 22:15:23,640 - INFO -  * Debugger PIN: 639-855-048
2025-09-26 22:15:23,658 - WARNING -  * Debugger is active!
2025-09-26 22:15:23,663 - INFO -  * Debugger PIN: 639-855-048
2025-09-26 22:16:49,951 - INFO -  * Detected change in 'C:\\Challenge HP\\Challenge-HP\\tests\\test_anti_bot.py', reloading
2025-09-26 22:16:49,952 - INFO -  * Detected change in 'C:\\Challenge HP\\Challenge-HP\\tests\\test_anti_bot.py', reloading
2025-09-26 22:16:49,954 - INFO -  * Detected change in 'C:\\Challenge HP\\Challenge-HP\\tests\\test_flask_api.py', reloading
2025-09-26 22:16:49,955 - INFO -  * Detected change in 'C:\\Challenge HP\\Challenge-HP\\tests\\teste_sistema.py', reloading
2025-09-26 22:16:49,956 - INFO -  * Detected change in 'C:\\Challenge HP\\Challenge-HP\\tests\\test_quick.py', reloading
2025-09-26 22:16:49,957 - INFO -  * Detected change in 'C:\\Challenge HP\\Challenge-HP\\tests\\test_url_customizada.py', reloading
2025-09-26 22:16:49,958 - INFO -  * Detected change in 'C:\\Challenge HP\\Challenge-HP\\tests\\test_spider_corrigido.py', reloading
2025-09-26 22:16:49,959 - INFO -  * Detected change in 'C:\\Challenge HP\\Challenge-HP\\tests\\unit\\test_padronizacao_simples.py', reloading
2025-09-26 22:16:49,959 - INFO -  * Detected change in 'C:\\Challenge HP\\Challenge-HP\\src\\__init__.py', reloading
2025-09-26 22:16:49,961 - INFO -  * Detected change in 'C:\\Challenge HP\\Challenge-HP\\src\\web\\__init__.py', reloading
2025-09-26 22:16:49,962 - INFO -  * Detected change in 'C:\\Challenge HP\\Challenge-HP\\src\\web\\run_flask.py', reloading
2025-09-26 22:16:49,962 - INFO -  * Detected change in 'C:\\Challenge HP\\Challenge-HP\\tests\\test_flask_api.py', reloading
2025-09-26 22:16:49,964 - INFO -  * Detected change in 'C:\\Challenge HP\\Challenge-HP\\tests\\teste_sistema.py', reloading
2025-09-26 22:16:49,967 - INFO -  * Detected change in 'C:\\Challenge HP\\Challenge-HP\\tests\\test_quick.py', reloading
2025-09-26 22:16:49,969 - INFO -  * Detected change in 'C:\\Challenge HP\\Challenge-HP\\tests\\integration\\teste_integracao_completa.py', reloading
2025-09-26 22:16:49,970 - INFO -  * Detected change in 'C:\\Challenge HP\\Challenge-HP\\src\\core\\shared_scraping_config.py', reloading
2025-09-26 22:16:49,971 - INFO -  * Detected change in 'C:\\Challenge HP\\Challenge-HP\\tests\\test_url_customizada.py', reloading
2025-09-26 22:16:49,972 - INFO -  * Detected change in 'C:\\Challenge HP\\Challenge-HP\\tests\\integration\\teste_integracao_final.py', reloading
2025-09-26 22:16:49,972 - INFO -  * Detected change in 'C:\\Challenge HP\\Challenge-HP\\tests\\test_spider_corrigido.py', reloading
2025-09-26 22:16:49,973 - INFO -  * Detected change in 'C:\\Challenge HP\\Challenge-HP\\tests\\integration\\teste_extracao_detalhada.py', reloading
2025-09-26 22:16:49,974 - INFO -  * Detected change in 'C:\\Challenge HP\\Challenge-HP\\src\\spiders\\__init__.py', reloading
2025-09-26 22:16:49,976 - INFO -  * Detected change in 'C:\\Challenge HP\\Challenge-HP\\tests\\unit\\test_padronizacao_simples.py', reloading
2025-09-26 22:16:49,976 - INFO -  * Detected change in 'C:\\Challenge HP\\Challenge-HP\\src\\spiders\\mercadolivre_spider_reviews.py', reloading
2025-09-26 22:16:49,977 - INFO -  * Detected change in 'C:\\Challenge HP\\Challenge-HP\\src\\utils\\__init__.py', reloading
2025-09-26 22:16:49,979 - INFO -  * Detected change in 'C:\\Challenge HP\\Challenge-HP\\src\\web\\__init__.py', reloading
2025-09-26 22:16:49,981 - INFO -  * Detected change in 'C:\\Challenge HP\\Challenge-HP\\src\\web\\run_flask.py', reloading
2025-09-26 22:16:49,982 - INFO -  * Detected change in 'C:\\Challenge HP\\Challenge-HP\\examples\\exemplo_flask.py', reloading
2025-09-26 22:16:49,984 - INFO -  * Detected change in 'C:\\Challenge HP\\Challenge-HP\\examples\\exemplo_url_customizada.py', reloading
2025-09-26 22:16:49,985 - INFO -  * Detected change in 'C:\\Challenge HP\\Challenge-HP\\tests\\integration\\teste_integracao_completa.py', reloading
2025-09-26 22:16:49,985 - INFO -  * Detected change in 'C:\\Challenge HP\\Challenge-HP\\config\\settings.py', reloading
2025-09-26 22:16:49,986 - INFO -  * Detected change in 'C:\\Challenge HP\\Challenge-HP\\examples\\exemplo_extracao_detalhada.py', reloading
2025-09-26 22:16:49,987 - INFO -  * Detected change in 'C:\\Challenge HP\\Challenge-HP\\examples\\exemplo_uso.py', reloading
2025-09-26 22:16:49,987 - INFO -  * Detected change in 'C:\\Challenge HP\\Challenge-HP\\src\\core\\shared_scraping_config.py', reloading
2025-09-26 22:16:49,989 - INFO -  * Detected change in 'C:\\Challenge HP\\Challenge-HP\\tests\\integration\\teste_integracao_final.py', reloading
2025-09-26 22:16:49,991 - INFO -  * Detected change in 'C:\\Challenge HP\\Challenge-HP\\tests\\integration\\teste_extracao_detalhada.py', reloading
2025-09-26 22:16:49,995 - INFO -  * Detected change in 'C:\\Challenge HP\\Challenge-HP\\src\\spiders\\__init__.py', reloading
2025-09-26 22:16:49,997 - INFO -  * Detected change in 'C:\\Challenge HP\\Challenge-HP\\src\\spiders\\mercadolivre_spider_reviews.py', reloading
2025-09-26 22:16:50,000 - INFO -  * Detected change in 'C:\\Challenge HP\\Challenge-HP\\src\\utils\\__init__.py', reloading
2025-09-26 22:16:50,007 - INFO -  * Detected change in 'C:\\Challenge HP\\Challenge-HP\\examples\\exemplo_flask.py', reloading
2025-09-26 22:16:50,010 - INFO -  * Detected change in 'C:\\Challenge HP\\Challenge-HP\\examples\\exemplo_url_customizada.py', reloading
2025-09-26 22:16:50,013 - INFO -  * Detected change in 'C:\\Challenge HP\\Challenge-HP\\config\\settings.py', reloading
2025-09-26 22:16:50,016 - INFO -  * Detected change in 'C:\\Challenge HP\\Challenge-HP\\examples\\exemplo_extracao_detalhada.py', reloading
2025-09-26 22:16:50,017 - INFO -  * Detected change in 'C:\\Challenge HP\\Challenge-HP\\examples\\exemplo_uso.py', reloading
2025-09-26 22:16:50,594 - INFO -  * Restarting with watchdog (windowsapi)
2025-09-26 22:16:50,650 - INFO -  * Restarting with watchdog (windowsapi)
2025-09-26 22:16:54,635 - INFO - Diretório de datasets configurado: C:\Challenge HP\Challenge-HP\datasets_gerados
2025-09-26 22:16:54,642 - INFO - Diretório de datasets configurado: C:\Challenge HP\Challenge-HP\datasets_gerados
2025-09-26 22:16:54,694 - WARNING -  * Debugger is active!
2025-09-26 22:16:54,696 - WARNING -  * Debugger is active!
2025-09-26 22:16:54,706 - INFO -  * Debugger PIN: 639-855-048
2025-09-26 22:16:54,707 - INFO -  * Debugger PIN: 639-855-048
2025-09-26 22:17:28,112 - INFO -  * Detected change in 'C:\\Challenge HP\\Challenge-HP\\src\\spiders\\mercadolivre_spider.py', reloading
2025-09-26 22:17:28,112 - INFO -  * Detected change in 'C:\\Challenge HP\\Challenge-HP\\src\\spiders\\mercadolivre_spider.py', reloading
2025-09-26 22:17:28,116 - INFO -  * Detected change in 'C:\\Challenge HP\\Challenge-HP\\src\\core\\app.py', reloading
2025-09-26 22:17:28,117 - INFO -  * Detected change in 'C:\\Challenge HP\\Challenge-HP\\src\\core\\app.py', reloading
2025-09-26 22:17:28,117 - INFO -  * Detected change in 'C:\\Challenge HP\\Challenge-HP\\src\\spiders\\mercadolivre_spider.py', reloading
2025-09-26 22:17:28,118 - INFO -  * Detected change in 'C:\\Challenge HP\\Challenge-HP\\src\\spiders\\mercadolivre_spider.py', reloading
2025-09-26 22:17:28,119 - INFO -  * Detected change in 'C:\\Challenge HP\\Challenge-HP\\src\\core\\app.py', reloading
2025-09-26 22:17:28,121 - INFO -  * Detected change in 'C:\\Challenge HP\\Challenge-HP\\src\\core\\app.py', reloading
2025-09-26 22:17:29,175 - INFO -  * Restarting with watchdog (windowsapi)
2025-09-26 22:17:29,175 - INFO -  * Restarting with watchdog (windowsapi)
2025-09-26 22:17:31,232 - INFO - Diretório de datasets configurado: C:\Challenge HP\Challenge-HP\datasets_gerados
2025-09-26 22:17:31,242 - INFO - Diretório de datasets configurado: C:\Challenge HP\Challenge-HP\datasets_gerados
2025-09-26 22:17:31,283 - WARNING -  * Debugger is active!
2025-09-26 22:17:31,291 - INFO -  * Debugger PIN: 639-855-048
2025-09-26 22:17:31,293 - WARNING -  * Debugger is active!
2025-09-26 22:17:31,302 - INFO -  * Debugger PIN: 639-855-048
2025-09-26 22:17:31,377 - INFO - 192.168.100.14 - - [26/Sep/2025 22:17:31] "GET /scraping HTTP/1.1" 200 -
2025-09-26 22:17:31,525 - INFO - 192.168.100.14 - - [26/Sep/2025 22:17:31] "[36mGET /static/style.css HTTP/1.1[0m" 304 -
2025-09-26 22:17:44,023 - INFO - Job 1ae2c213: Iniciando coleta de produtos
2025-09-26 22:17:44,024 - INFO - 192.168.100.14 - - [26/Sep/2025 22:17:44] "[32mPOST /web/scraping/start HTTP/1.1[0m" 302 -
2025-09-26 22:17:44,025 - INFO - Iniciando scraping para: cartucho hp 664
2025-09-26 22:17:44,026 - INFO - Parâmetros: max_items=50, images=True, sort=relevance
2025-09-26 22:17:44,027 - INFO - Extração detalhada: ATIVADA
2025-09-26 22:17:44,157 - INFO - 192.168.100.14 - - [26/Sep/2025 22:17:44] "GET /jobs HTTP/1.1" 200 -
2025-09-26 22:17:44,272 - INFO - 192.168.100.14 - - [26/Sep/2025 22:17:44] "[36mGET /static/style.css HTTP/1.1[0m" 304 -
2025-09-26 22:17:49,755 - INFO - 192.168.100.14 - - [26/Sep/2025 22:17:49] "GET /api/jobs/1ae2c213/status HTTP/1.1" 200 -
2025-09-26 22:17:54,418 - INFO - 192.168.100.14 - - [26/Sep/2025 22:17:54] "GET /jobs HTTP/1.1" 200 -
2025-09-26 22:17:54,454 - INFO - 192.168.100.14 - - [26/Sep/2025 22:17:54] "[36mGET /static/style.css HTTP/1.1[0m" 304 -
2025-09-26 22:18:00,394 - INFO - Executando extração detalhada para todos os produtos...
2025-09-26 22:18:00,395 - INFO - Executando extração detalhada aprimorada para 48 produtos...
2025-09-26 22:18:00,395 - INFO - Extração detalhada 1/48: https://www.mercadolivre.com.br/cartucho-de-tinta-hp-667-cor-preto-do-2-ml/p/MLB37141763#polycard_cl...
2025-09-26 22:18:01,068 - INFO - Spider initialized for query='dummy', sort_by='relevance', condition='all', max_items=0. Start URL: https://lista.mercadolivre.com.br/dummy?sb=all_mercadolibre#D[A:dummy]
2025-09-26 22:18:01,114 - INFO - Dados estruturados JSON-LD encontrados: Cartucho De Tinta Hp 667 Cor Preto Do 2 Ml
2025-09-26 22:18:01,117 - INFO - Event data encontrados: seller=MegaByteMagazine, reviews={'qualitative_attributes': [], 'attributes_quantity': 5, 'count': 7399, 'reviews_with_comment': 1256, 'pictures_quantity': 38, 'rate': 4.8, 'summary': {'status': 'published', 'prompt_version': 3.2, 'ai_model': 'gpt-4o-2024-08-06', 'last_updated': '2025-05-28T05:29:03Z', 'build_version': 'i5skLa7pJQK90nV9ia1mEeLGFmlHGfL5dO1YSORSWas=', 'likes': 3, 'valorization': 3}}
2025-09-26 22:18:01,266 - INFO - Reviews extraídos: rating=4.8, count=7399
2025-09-26 22:18:01,266 - INFO - Extração detalhada concluída para: Cartucho De Tinta Hp 667 Cor Preto Do 2 Ml
2025-09-26 22:18:01,268 - INFO -   [OK] Extração detalhada concluída: Cartucho De Tinta Hp 667 Cor Preto Do 2 Ml
2025-09-26 22:18:04,032 - INFO - Extração detalhada 2/48: https://www.mercadolivre.com.br/cartucho-de-tinta-preta-hp-advantage-664-de-2-ml/p/MLB36751629#polyc...
2025-09-26 22:18:04,596 - INFO - Spider initialized for query='dummy', sort_by='relevance', condition='all', max_items=0. Start URL: https://lista.mercadolivre.com.br/dummy?sb=all_mercadolibre#D[A:dummy]
2025-09-26 22:18:04,617 - INFO - Dados estruturados JSON-LD encontrados: Cartucho de tinta preta HP Advantage 664 de 2 ml
2025-09-26 22:18:04,618 - INFO - Event data encontrados: seller=Eshop, reviews={'qualitative_attributes': [], 'attributes_quantity': 5, 'count': 4928, 'reviews_with_comment': 857, 'pictures_quantity': 41, 'rate': 4.7, 'summary': {'status': 'inactive', 'prompt_version': 3, 'ai_model': 'gpt-4-turbo-mercado', 'last_updated': '2025-09-23T14:00:30Z', 'build_version': 'IwdkzSxDp0z4JFxR6U9Sm63l1ORwowFY5KkYGzDGH4M=', 'likes': 0, 'valorization': 0}}
2025-09-26 22:18:04,723 - INFO - Reviews extraídos: rating=4.7, count=4928
2025-09-26 22:18:04,724 - INFO - Extração detalhada concluída para: Cartucho de tinta preta HP Advantage 664 de 2 ml
2025-09-26 22:18:04,725 - INFO -   [OK] Extração detalhada concluída: Cartucho de tinta preta HP Advantage 664 de 2 ml
2025-09-26 22:18:04,917 - INFO - 192.168.100.14 - - [26/Sep/2025 22:18:04] "GET /jobs HTTP/1.1" 200 -
2025-09-26 22:18:05,000 - INFO - 192.168.100.14 - - [26/Sep/2025 22:18:05] "[36mGET /static/style.css HTTP/1.1[0m" 304 -
2025-09-26 22:18:06,271 - INFO - Extração detalhada 3/48: https://www.mercadolivre.com.br/kit-2-cartuchos-hp-664xl-preto-color-2136-2676/p/MLB48102366#polycar...
2025-09-26 22:18:06,885 - INFO - Spider initialized for query='dummy', sort_by='relevance', condition='all', max_items=0. Start URL: https://lista.mercadolivre.com.br/dummy?sb=all_mercadolibre#D[A:dummy]
2025-09-26 22:18:06,917 - INFO - Dados estruturados JSON-LD encontrados: Kit 2 Cartuchos Hp 664xl (preto + Color) 2136 2676
2025-09-26 22:18:06,919 - INFO - Event data encontrados: seller=Park Ecom, reviews={'qualitative_attributes': [], 'attributes_quantity': 5, 'count': 113, 'reviews_with_comment': 27, 'pictures_quantity': 5, 'rate': 4.6, 'summary': {'status': 'published', 'prompt_version': 3.2, 'ai_model': 'gpt-4o-2024-08-06', 'last_updated': '2025-09-13T05:18:53Z', 'build_version': '+P+Z7DdO75Z/ctAg/pe8IH50vWv4shEvmJ+79+EPOiA=', 'likes': 1, 'valorization': 1}}
2025-09-26 22:18:06,978 - INFO - Reviews extraídos: rating=4.6, count=113
2025-09-26 22:18:06,979 - INFO - Extração detalhada concluída para: Kit 2 Cartuchos Hp 664xl (preto + Color) 2136 2676
2025-09-26 22:18:06,979 - INFO -   [OK] Extração detalhada concluída: Kit 2 Cartuchos Hp 664xl (preto + Color) 2136 2676
2025-09-26 22:18:09,538 - INFO - Extração detalhada 4/48: https://www.mercadolivre.com.br/cartucho-tinta-original-hp-664-preto-f6v29ab-2136-2676-3776/up/MLBU7...
2025-09-26 22:18:10,154 - INFO - Spider initialized for query='dummy', sort_by='relevance', condition='all', max_items=0. Start URL: https://lista.mercadolivre.com.br/dummy?sb=all_mercadolibre#D[A:dummy]
2025-09-26 22:18:10,183 - INFO - Dados estruturados JSON-LD encontrados: Cartucho Tinta Original Hp 664 Preto F6v29ab 2136 2676 3776
2025-09-26 22:18:10,185 - INFO - Event data encontrados: seller=OBERO INFORMATICA, reviews={'qualitative_attributes': [], 'attributes_quantity': 5, 'count': 313, 'reviews_with_comment': 67, 'pictures_quantity': 4, 'rate': 4.7, 'summary': {'status': 'published', 'prompt_version': 3.2, 'ai_model': 'gpt-4o-2024-08-06', 'last_updated': '2025-08-21T05:20:44Z', 'build_version': 'jdv2/btwb9HMHgr9AMaOV73+O3l6nt3Nn0Qoq4xFzTQ=', 'likes': 0, 'valorization': 0}}
2025-09-26 22:18:10,257 - INFO - Reviews extraídos: rating=4.7, count=313
2025-09-26 22:18:10,258 - INFO - Extração detalhada concluída para: Cartucho Tinta Original Hp 664 Preto F6v29ab 2136 2676 3776
2025-09-26 22:18:10,259 - INFO -   [OK] Extração detalhada concluída: Cartucho Tinta Original Hp 664 Preto F6v29ab 2136 2676 3776
2025-09-26 22:18:12,125 - INFO - Extração detalhada 5/48: https://www.mercadolivre.com.br/cartucho-hp-664-coloridof6v28ab-para-ink-advantage-1115-2134-2136-26...
2025-09-26 22:18:12,783 - INFO - Spider initialized for query='dummy', sort_by='relevance', condition='all', max_items=0. Start URL: https://lista.mercadolivre.com.br/dummy?sb=all_mercadolibre#D[A:dummy]
2025-09-26 22:18:12,816 - INFO - Dados estruturados JSON-LD encontrados: Cartucho HP 664 Colorido(F6V28AB) Para Ink Advantage 1115, 2134, 2136, 2676, 3636, 3776, 3786, 3788,3790, 3836, 4536, 4676,5076, 5276
2025-09-26 22:18:12,817 - INFO - Event data encontrados: seller=Mercado Livre, reviews={'qualitative_attributes': [], 'attributes_quantity': 5, 'count': 4928, 'reviews_with_comment': 857, 'pictures_quantity': 41, 'rate': 4.7, 'summary': {'status': 'inactive', 'prompt_version': 3, 'ai_model': 'gpt-4-turbo-mercado', 'last_updated': '2025-09-23T14:00:30Z', 'build_version': 'IwdkzSxDp0z4JFxR6U9Sm63l1ORwowFY5KkYGzDGH4M=', 'likes': 0, 'valorization': 0}}
2025-09-26 22:18:12,897 - INFO - Reviews extraídos: rating=4.7, count=4928
2025-09-26 22:18:12,897 - INFO - Extração detalhada concluída para: Cartucho HP 664 Colorido(F6V28AB) Para Ink Advantage 1115, 2134, 2136, 2676, 3636, 3776, 3786, 3788,3790, 3836, 4536, 4676,5076, 5276
2025-09-26 22:18:12,898 - INFO -   [OK] Extração detalhada concluída: Cartucho HP 664 Colorido(F6V28AB) Para Ink Advantage 1115, 2134, 2136, 2676, 3636, 3776, 3786, 3788,3790, 3836, 4536, 4676,5076, 5276
2025-09-26 22:18:15,392 - INFO - 192.168.100.14 - - [26/Sep/2025 22:18:15] "GET /jobs HTTP/1.1" 200 -
2025-09-26 22:18:15,426 - INFO - 192.168.100.14 - - [26/Sep/2025 22:18:15] "[36mGET /static/style.css HTTP/1.1[0m" 304 -
2025-09-26 22:18:15,481 - INFO - Extração detalhada 6/48: https://www.mercadolivre.com.br/2-cartuchos-664-preto-black-impressora-hp-deskjet/p/MLB36779932#poly...
2025-09-26 22:18:16,051 - INFO - Spider initialized for query='dummy', sort_by='relevance', condition='all', max_items=0. Start URL: https://lista.mercadolivre.com.br/dummy?sb=all_mercadolibre#D[A:dummy]
2025-09-26 22:18:16,071 - INFO - Dados estruturados JSON-LD encontrados: 2 Cartuchos 664 Preto Black Impressora Hp Deskjet
2025-09-26 22:18:16,072 - INFO - Event data encontrados: seller=VIIT, reviews={'qualitative_attributes': [], 'attributes_quantity': 5, 'count': 4928, 'reviews_with_comment': 857, 'pictures_quantity': 41, 'rate': 4.7, 'summary': {'status': 'inactive', 'prompt_version': 3, 'ai_model': 'gpt-4-turbo-mercado', 'last_updated': '2025-09-23T14:00:30Z', 'build_version': 'IwdkzSxDp0z4JFxR6U9Sm63l1ORwowFY5KkYGzDGH4M=', 'likes': 0, 'valorization': 0}}
2025-09-26 22:18:16,142 - INFO - Reviews extraídos: rating=4.7, count=4928
2025-09-26 22:18:16,142 - INFO - Extração detalhada concluída para: 2 Cartuchos 664 Preto Black Impressora Hp Deskjet
2025-09-26 22:18:16,143 - INFO -   [OK] Extração detalhada concluída: 2 Cartuchos 664 Preto Black Impressora Hp Deskjet
2025-09-26 22:18:16,854 - INFO - 192.168.100.14 - - [26/Sep/2025 22:18:16] "GET /api/jobs/1ae2c213/status HTTP/1.1" 200 -
2025-09-26 22:18:18,759 - INFO - Extração detalhada 7/48: https://www.mercadolivre.com.br/kit-cartucho-de-tinta-664xl-bk-e-color-novo-original/p/MLB2039342702...
2025-09-26 22:18:21,012 - INFO - Spider initialized for query='dummy', sort_by='relevance', condition='all', max_items=0. Start URL: https://lista.mercadolivre.com.br/dummy?sb=all_mercadolibre#D[A:dummy]
2025-09-26 22:18:21,058 - INFO - Dados estruturados JSON-LD encontrados: Kit 02 Cartucho 664xl Preto 664 Xl Original Hp E Lacrado
2025-09-26 22:18:21,061 - INFO - Event data encontrados: seller=Park Ecom, reviews={'qualitative_attributes': [], 'attributes_quantity': 5, 'count': 164, 'reviews_with_comment': 40, 'pictures_quantity': 2, 'rate': 4.3, 'summary': {'status': 'published', 'prompt_version': 3.2, 'ai_model': 'gpt-4o-2024-08-06', 'last_updated': '2025-09-26T05:20:57Z', 'build_version': 'rSO+KB5xwICoC0GDsNknnGuM3mRJUvny3drxybh0Dwc=', 'likes': 0, 'valorization': 0}}
2025-09-26 22:18:21,188 - INFO - Reviews extraídos: rating=4.3, count=164
2025-09-26 22:18:21,189 - INFO - Extração detalhada concluída para: Kit 02 Cartucho 664xl Preto 664 Xl Original Hp E Lacrado
2025-09-26 22:18:21,189 - INFO -   [OK] Extração detalhada concluída: Kit 02 Cartucho 664xl Preto 664 Xl Original Hp E Lacrado
2025-09-26 22:18:23,595 - INFO - Extração detalhada 8/48: https://www.mercadolivre.com.br/kit-2-cartuchos-hp-664-1un-preto-1un-color/p/MLB39028313#polycard_cl...
2025-09-26 22:18:24,138 - INFO - Spider initialized for query='dummy', sort_by='relevance', condition='all', max_items=0. Start URL: https://lista.mercadolivre.com.br/dummy?sb=all_mercadolibre#D[A:dummy]
2025-09-26 22:18:24,187 - INFO - Dados estruturados JSON-LD encontrados: Kit 2 Cartuchos Hp 664: 1un Preto + 1un Color
2025-09-26 22:18:24,189 - INFO - Event data encontrados: seller=offpriceecommerce, reviews={'qualitative_attributes': [], 'attributes_quantity': 5, 'count': 4928, 'reviews_with_comment': 857, 'pictures_quantity': 41, 'rate': 4.7, 'summary': {'status': 'inactive', 'prompt_version': 3, 'ai_model': 'gpt-4-turbo-mercado', 'last_updated': '2025-09-23T14:00:30Z', 'build_version': 'IwdkzSxDp0z4JFxR6U9Sm63l1ORwowFY5KkYGzDGH4M=', 'likes': 0, 'valorization': 0}}
2025-09-26 22:18:24,287 - INFO - Reviews extraídos: rating=4.7, count=4928
2025-09-26 22:18:24,288 - INFO - Extração detalhada concluída para: Kit 2 Cartuchos Hp 664: 1un Preto + 1un Color
2025-09-26 22:18:24,289 - INFO -   [OK] Extração detalhada concluída: Kit 2 Cartuchos Hp 664: 1un Preto + 1un Color
2025-09-26 22:18:25,496 - INFO - 192.168.100.14 - - [26/Sep/2025 22:18:25] "GET /jobs HTTP/1.1" 200 -
2025-09-26 22:18:25,539 - INFO - 192.168.100.14 - - [26/Sep/2025 22:18:25] "[36mGET /static/style.css HTTP/1.1[0m" 304 -
2025-09-26 22:18:25,837 - INFO - 192.168.100.14 - - [26/Sep/2025 22:18:25] "GET /api/jobs/1ae2c213/status HTTP/1.1" 200 -
2025-09-26 22:18:28,421 - INFO - Extração detalhada 9/48: https://www.mercadolivre.com.br/cartucho-de-tinta-hp-664-preto/p/MLB36768292#polycard_client=search-...
2025-09-26 22:18:29,043 - INFO - Spider initialized for query='dummy', sort_by='relevance', condition='all', max_items=0. Start URL: https://lista.mercadolivre.com.br/dummy?sb=all_mercadolibre#D[A:dummy]
2025-09-26 22:18:29,096 - INFO - Dados estruturados JSON-LD encontrados: Cartucho De Tinta Hp 664 Preto
2025-09-26 22:18:29,099 - INFO - Event data encontrados: seller=OBERO INFORMATICA, reviews={'qualitative_attributes': [], 'attributes_quantity': 5, 'count': 4928, 'reviews_with_comment': 857, 'pictures_quantity': 41, 'rate': 4.7, 'summary': {'status': 'inactive', 'prompt_version': 3, 'ai_model': 'gpt-4-turbo-mercado', 'last_updated': '2025-09-23T14:00:30Z', 'build_version': 'IwdkzSxDp0z4JFxR6U9Sm63l1ORwowFY5KkYGzDGH4M=', 'likes': 0, 'valorization': 0}}
2025-09-26 22:18:29,235 - INFO - Reviews extraídos: rating=4.7, count=4928
2025-09-26 22:18:29,235 - INFO - Extração detalhada concluída para: Cartucho De Tinta Hp 664 Preto
2025-09-26 22:18:29,236 - INFO -   [OK] Extração detalhada concluída: Cartucho De Tinta Hp 664 Preto
2025-09-26 22:18:30,843 - INFO - Extração detalhada 10/48: https://www.mercadolivre.com.br/3-cartuchos-hp-664xl-preto-2-color-genuino/p/MLB39028582#polycard_cl...
2025-09-26 22:18:31,845 - INFO - Spider initialized for query='dummy', sort_by='relevance', condition='all', max_items=0. Start URL: https://lista.mercadolivre.com.br/dummy?sb=all_mercadolibre#D[A:dummy]
2025-09-26 22:18:31,914 - INFO - Dados estruturados JSON-LD encontrados: 3 Cartuchos Hp 664xl Preto 2 Color Genuíno
2025-09-26 22:18:31,917 - INFO - Event data encontrados: seller=Park Ecom, reviews={'qualitative_attributes': [], 'attributes_quantity': 5, 'count': 113, 'reviews_with_comment': 27, 'pictures_quantity': 5, 'rate': 4.6, 'summary': {'status': 'published', 'prompt_version': 3.2, 'ai_model': 'gpt-4o-2024-08-06', 'last_updated': '2025-09-13T05:18:53Z', 'build_version': '+P+Z7DdO75Z/ctAg/pe8IH50vWv4shEvmJ+79+EPOiA=', 'likes': 1, 'valorization': 1}}
2025-09-26 22:18:32,679 - INFO - Reviews extraídos: rating=4.6, count=113
2025-09-26 22:18:32,680 - INFO - Extração detalhada concluída para: 3 Cartuchos Hp 664xl Preto 2 Color Genuíno
2025-09-26 22:18:32,681 - INFO -   [OK] Extração detalhada concluída: 3 Cartuchos Hp 664xl Preto 2 Color Genuíno
2025-09-26 22:18:34,985 - INFO - Extração detalhada 11/48: https://www.mercadolivre.com.br/kit-cartucho-de-tinta-hp-662-preto-e-622-colorido/p/MLB44336841#poly...
2025-09-26 22:18:35,482 - INFO - Spider initialized for query='dummy', sort_by='relevance', condition='all', max_items=0. Start URL: https://lista.mercadolivre.com.br/dummy?sb=all_mercadolibre#D[A:dummy]
2025-09-26 22:18:35,518 - INFO - Dados estruturados JSON-LD encontrados: Kit Cartucho De Tinta Hp 662 Preto E 622 Colorido
2025-09-26 22:18:35,519 - INFO - Event data encontrados: seller=siad, reviews={'qualitative_attributes': [], 'attributes_quantity': 5, 'count': 53, 'reviews_with_comment': 7, 'pictures_quantity': 1, 'rate': 4.6}
2025-09-26 22:18:35,627 - INFO - 192.168.100.14 - - [26/Sep/2025 22:18:35] "GET /jobs HTTP/1.1" 200 -
2025-09-26 22:18:35,714 - INFO - 192.168.100.14 - - [26/Sep/2025 22:18:35] "[36mGET /static/style.css HTTP/1.1[0m" 304 -
2025-09-26 22:18:35,765 - INFO - Reviews extraídos: rating=4.6, count=53
2025-09-26 22:18:35,767 - INFO - Extração detalhada concluída para: Kit Cartucho De Tinta Hp 662 Preto E 622 Colorido
2025-09-26 22:18:35,770 - INFO -   [OK] Extração detalhada concluída: Kit Cartucho De Tinta Hp 662 Preto E 622 Colorido
2025-09-26 22:18:38,766 - INFO - Extração detalhada 12/48: https://www.mercadolivre.com.br/cartucho-hp-664xl-preto-664xl-original-hp-deskjet-1115-2136/p/MLB222...
2025-09-26 22:18:38,784 - INFO - 192.168.100.14 - - [26/Sep/2025 22:18:38] "GET /jobs HTTP/1.1" 200 -
2025-09-26 22:18:38,836 - INFO - 192.168.100.14 - - [26/Sep/2025 22:18:38] "[36mGET /static/style.css HTTP/1.1[0m" 304 -
2025-09-26 22:18:39,311 - INFO - Spider initialized for query='dummy', sort_by='relevance', condition='all', max_items=0. Start URL: https://lista.mercadolivre.com.br/dummy?sb=all_mercadolibre#D[A:dummy]
2025-09-26 22:18:39,343 - INFO - Dados estruturados JSON-LD encontrados: Cartucho Hp 664xl Preto 664xl Original Hp Deskjet 1115, 2136
2025-09-26 22:18:39,345 - INFO - Event data encontrados: seller=supryecomerce, reviews={'qualitative_attributes': [], 'attributes_quantity': 5, 'count': 20, 'reviews_with_comment': 8, 'pictures_quantity': 0, 'rate': 4.1}
2025-09-26 22:18:39,433 - INFO - Reviews extraídos: rating=4.1, count=20
2025-09-26 22:18:39,433 - INFO - Extração detalhada concluída para: Cartucho Hp 664xl Preto 664xl Original Hp Deskjet 1115, 2136
2025-09-26 22:18:39,434 - INFO -   [OK] Extração detalhada concluída: Cartucho Hp 664xl Preto 664xl Original Hp Deskjet 1115, 2136
2025-09-26 22:18:42,337 - INFO - Extração detalhada 13/48: https://www.mercadolivre.com.br/cartucho-de-tinta-preto-e-tricolor-hp-664-de-2-ml-2-unidades/p/MLB36...
2025-09-26 22:18:43,247 - INFO - Spider initialized for query='dummy', sort_by='relevance', condition='all', max_items=0. Start URL: https://lista.mercadolivre.com.br/dummy?sb=all_mercadolibre#D[A:dummy]
2025-09-26 22:18:43,370 - INFO - Dados estruturados JSON-LD encontrados: Cartucho de tinta preto e tricolor HP 664 de 2 ml 2 unidades
2025-09-26 22:18:43,377 - INFO - Event data encontrados: seller=offpriceecommerce, reviews={'qualitative_attributes': [], 'attributes_quantity': 5, 'count': 4928, 'reviews_with_comment': 857, 'pictures_quantity': 41, 'rate': 4.7, 'summary': {'status': 'inactive', 'prompt_version': 3, 'ai_model': 'gpt-4-turbo-mercado', 'last_updated': '2025-09-23T14:00:30Z', 'build_version': 'IwdkzSxDp0z4JFxR6U9Sm63l1ORwowFY5KkYGzDGH4M=', 'likes': 0, 'valorization': 0}}
2025-09-26 22:18:43,526 - INFO - Reviews extraídos: rating=4.7, count=4928
2025-09-26 22:18:43,527 - INFO - Extração detalhada concluída para: Cartucho de tinta preto e tricolor HP 664 de 2 ml 2 unidades
2025-09-26 22:18:43,528 - INFO -   [OK] Extração detalhada concluída: Cartucho de tinta preto e tricolor HP 664 de 2 ml 2 unidades
2025-09-26 22:18:45,962 - INFO - Extração detalhada 14/48: https://www.mercadolivre.com.br/hp-advantage-664/p/MLB55040393#polycard_client=search-nordic&search_...
2025-09-26 22:18:46,618 - INFO - Spider initialized for query='dummy', sort_by='relevance', condition='all', max_items=0. Start URL: https://lista.mercadolivre.com.br/dummy?sb=all_mercadolibre#D[A:dummy]
2025-09-26 22:18:46,650 - INFO - Dados estruturados JSON-LD encontrados: HP Advantage 664
2025-09-26 22:18:46,652 - INFO - Event data encontrados: seller=offpriceecommerce, reviews={'qualitative_attributes': [], 'attributes_quantity': 5, 'count': 4928, 'reviews_with_comment': 857, 'pictures_quantity': 41, 'rate': 4.7, 'summary': {'status': 'inactive', 'prompt_version': 3, 'ai_model': 'gpt-4-turbo-mercado', 'last_updated': '2025-09-23T14:00:30Z', 'build_version': 'IwdkzSxDp0z4JFxR6U9Sm63l1ORwowFY5KkYGzDGH4M=', 'likes': 0, 'valorization': 0}}
2025-09-26 22:18:46,737 - INFO - Reviews extraídos: rating=4.7, count=4928
2025-09-26 22:18:46,737 - INFO - Extração detalhada concluída para: HP Advantage 664
2025-09-26 22:18:46,738 - INFO -   [OK] Extração detalhada concluída: HP Advantage 664
2025-09-26 22:18:48,880 - INFO - 192.168.100.14 - - [26/Sep/2025 22:18:48] "GET /jobs HTTP/1.1" 200 -
2025-09-26 22:18:48,899 - INFO - 192.168.100.14 - - [26/Sep/2025 22:18:48] "[36mGET /static/style.css HTTP/1.1[0m" 304 -
2025-09-26 22:18:49,508 - INFO - Extração detalhada 15/48: https://www.mercadolivre.com.br/3-cartuchos-hp-664xl-preto-1-color-genuino/p/MLB47914809#polycard_cl...
2025-09-26 22:18:49,868 - INFO - 192.168.100.14 - - [26/Sep/2025 22:18:49] "GET /api/jobs/1ae2c213/status HTTP/1.1" 200 -
2025-09-26 22:18:50,295 - INFO - Spider initialized for query='dummy', sort_by='relevance', condition='all', max_items=0. Start URL: https://lista.mercadolivre.com.br/dummy?sb=all_mercadolibre#D[A:dummy]
2025-09-26 22:18:50,310 - INFO - Dados estruturados JSON-LD encontrados: 3 Cartuchos Hp 664xl Preto 1 Color Genuíno
2025-09-26 22:18:50,311 - INFO - Event data encontrados: seller=Park Ecom, reviews={'qualitative_attributes': [], 'attributes_quantity': 5, 'count': 113, 'reviews_with_comment': 27, 'pictures_quantity': 5, 'rate': 4.6, 'summary': {'status': 'published', 'prompt_version': 3.2, 'ai_model': 'gpt-4o-2024-08-06', 'last_updated': '2025-09-13T05:18:53Z', 'build_version': '+P+Z7DdO75Z/ctAg/pe8IH50vWv4shEvmJ+79+EPOiA=', 'likes': 1, 'valorization': 1}}
2025-09-26 22:18:50,353 - INFO - Reviews extraídos: rating=4.6, count=113
2025-09-26 22:18:50,353 - INFO - Extração detalhada concluída para: 3 Cartuchos Hp 664xl Preto 1 Color Genuíno
2025-09-26 22:18:50,354 - INFO -   [OK] Extração detalhada concluída: 3 Cartuchos Hp 664xl Preto 1 Color Genuíno
2025-09-26 22:18:52,204 - INFO - Extração detalhada 16/48: https://www.mercadolivre.com.br/cartucho-de-tinta-hp-664xl-preto-f6v31ab/p/MLB43544566#polycard_clie...
2025-09-26 22:18:52,846 - INFO - Spider initialized for query='dummy', sort_by='relevance', condition='all', max_items=0. Start URL: https://lista.mercadolivre.com.br/dummy?sb=all_mercadolibre#D[A:dummy]
2025-09-26 22:18:52,882 - INFO - Dados estruturados JSON-LD encontrados: Cartucho De Tinta Hp 664xl Preto F6v31ab
2025-09-26 22:18:52,885 - INFO - Event data encontrados: seller=Park Ecom, reviews={'qualitative_attributes': [], 'attributes_quantity': 5, 'count': 24, 'reviews_with_comment': 7, 'pictures_quantity': 1, 'rate': 4.8}
2025-09-26 22:18:52,992 - INFO - Reviews extraídos: rating=4.8, count=24
2025-09-26 22:18:52,992 - INFO - Extração detalhada concluída para: Cartucho De Tinta Hp 664xl Preto F6v31ab
2025-09-26 22:18:52,994 - INFO -   [OK] Extração detalhada concluída: Cartucho De Tinta Hp 664xl Preto F6v31ab
2025-09-26 22:18:54,813 - INFO - Extração detalhada 17/48: https://www.mercadolivre.com.br/cartucho-hp-664-preto-original-f6v29ab--2136-2676-3776-5076/up/MLBU7...
2025-09-26 22:18:55,344 - INFO - Spider initialized for query='dummy', sort_by='relevance', condition='all', max_items=0. Start URL: https://lista.mercadolivre.com.br/dummy?sb=all_mercadolibre#D[A:dummy]
2025-09-26 22:18:55,379 - INFO - Dados estruturados JSON-LD encontrados: Cartucho Hp 664 Preto Original F6v29ab - 2136 2676 3776 5076
2025-09-26 22:18:55,382 - INFO - Event data encontrados: seller=OBERO INFORMATICA, reviews={'qualitative_attributes': [], 'attributes_quantity': 5, 'count': 41, 'reviews_with_comment': 6, 'pictures_quantity': 0, 'rate': 4.7}
2025-09-26 22:18:55,501 - INFO - Reviews extraídos: rating=4.7, count=41
2025-09-26 22:18:55,502 - INFO - Extração detalhada concluída para: Cartucho Hp 664 Preto Original F6v29ab - 2136 2676 3776 5076
2025-09-26 22:18:55,502 - INFO -   [OK] Extração detalhada concluída: Cartucho Hp 664 Preto Original F6v29ab - 2136 2676 3776 5076
2025-09-26 22:18:57,948 - INFO - Extração detalhada 18/48: https://www.mercadolivre.com.br/cartucho-hp-664xl-color-664-xl-hp-e/p/MLB47973601#polycard_client=se...
2025-09-26 22:18:58,453 - INFO - Spider initialized for query='dummy', sort_by='relevance', condition='all', max_items=0. Start URL: https://lista.mercadolivre.com.br/dummy?sb=all_mercadolibre#D[A:dummy]
2025-09-26 22:18:58,510 - INFO - Dados estruturados JSON-LD encontrados: Cartucho Hp 664xl Color 664 Xl Hp E
2025-09-26 22:18:58,521 - INFO - Event data encontrados: seller=Park Ecom, reviews={'qualitative_attributes': [], 'attributes_quantity': 5, 'count': 12, 'reviews_with_comment': 3, 'pictures_quantity': 0, 'rate': 4.3}
2025-09-26 22:18:58,623 - INFO - Reviews extraídos: rating=4.3, count=12
2025-09-26 22:18:58,624 - INFO - Extração detalhada concluída para: Cartucho Hp 664xl Color 664 Xl Hp E
2025-09-26 22:18:58,625 - INFO -   [OK] Extração detalhada concluída: Cartucho Hp 664xl Color 664 Xl Hp E
2025-09-26 22:18:58,945 - INFO - 192.168.100.14 - - [26/Sep/2025 22:18:58] "GET /jobs HTTP/1.1" 200 -
2025-09-26 22:18:58,973 - INFO - 192.168.100.14 - - [26/Sep/2025 22:18:58] "[36mGET /static/style.css HTTP/1.1[0m" 304 -
2025-09-26 22:19:00,524 - INFO - Extração detalhada 19/48: https://www.mercadolivre.com.br/kit-2-cartuchos-hp-664-hp-2136-3636-3836-4536-4676/p/MLB39092873#pol...
2025-09-26 22:19:01,182 - INFO - Spider initialized for query='dummy', sort_by='relevance', condition='all', max_items=0. Start URL: https://lista.mercadolivre.com.br/dummy?sb=all_mercadolibre#D[A:dummy]
2025-09-26 22:19:01,223 - INFO - Dados estruturados JSON-LD encontrados: Kit 2 Cartuchos Hp 664 Hp 2136 3636 3836 4536 4676
2025-09-26 22:19:01,225 - INFO - Event data encontrados: seller=CASAPRINT SPEED, reviews={'qualitative_attributes': [], 'attributes_quantity': 5, 'count': 107, 'reviews_with_comment': 12, 'pictures_quantity': 1, 'rate': 4.8, 'summary': {'status': 'published', 'prompt_version': 3.2, 'ai_model': 'gpt-4o-2024-08-06', 'last_updated': '2025-08-29T05:27:22Z', 'build_version': '9u/SUCmh+TXzmNw7sxxmUCXRRV46Thq4tMV+210Ps5U=', 'likes': 0, 'valorization': 0}}
2025-09-26 22:19:01,329 - INFO - Reviews extraídos: rating=4.8, count=107
2025-09-26 22:19:01,330 - INFO - Extração detalhada concluída para: Kit 2 Cartuchos Hp 664 Hp 2136 3636 3836 4536 4676
2025-09-26 22:19:01,332 - INFO -   [OK] Extração detalhada concluída: Kit 2 Cartuchos Hp 664 Hp 2136 3636 3836 4536 4676
2025-09-26 22:19:03,377 - INFO - Extração detalhada 20/48: https://www.mercadolivre.com.br/cartucho-de-tinta-hp-664-cor-pretotricolor-do-4-ml/p/MLB36804595#pol...
2025-09-26 22:19:03,961 - INFO - Spider initialized for query='dummy', sort_by='relevance', condition='all', max_items=0. Start URL: https://lista.mercadolivre.com.br/dummy?sb=all_mercadolibre#D[A:dummy]
2025-09-26 22:19:04,037 - INFO - Dados estruturados JSON-LD encontrados: Cartucho De Tinta Hp 664 Cor Preto/tricolor Do 4 Ml
2025-09-26 22:19:04,040 - INFO - Event data encontrados: seller=SMCORP, reviews={'qualitative_attributes': [], 'attributes_quantity': 5, 'count': 4928, 'reviews_with_comment': 857, 'pictures_quantity': 41, 'rate': 4.7, 'summary': {'status': 'inactive', 'prompt_version': 3, 'ai_model': 'gpt-4-turbo-mercado', 'last_updated': '2025-09-23T14:00:30Z', 'build_version': 'IwdkzSxDp0z4JFxR6U9Sm63l1ORwowFY5KkYGzDGH4M=', 'likes': 0, 'valorization': 0}}
2025-09-26 22:19:04,220 - INFO - Reviews extraídos: rating=4.7, count=4928
2025-09-26 22:19:04,221 - INFO - Extração detalhada concluída para: Cartucho De Tinta Hp 664 Cor Preto/tricolor Do 4 Ml
2025-09-26 22:19:04,223 - INFO -   [OK] Extração detalhada concluída: Cartucho De Tinta Hp 664 Cor Preto/tricolor Do 4 Ml
2025-09-26 22:19:05,822 - INFO - Extração detalhada 21/48: https://www.mercadolivre.com.br/cartucho-de-tinta-hp-664xl-tricolor-8ml/p/MLB36751101#polycard_clien...
2025-09-26 22:19:06,441 - INFO - Spider initialized for query='dummy', sort_by='relevance', condition='all', max_items=0. Start URL: https://lista.mercadolivre.com.br/dummy?sb=all_mercadolibre#D[A:dummy]
2025-09-26 22:19:06,475 - INFO - Dados estruturados JSON-LD encontrados: Cartucho de tinta HP 664xl Tricolor 8ml
2025-09-26 22:19:06,478 - INFO - Event data encontrados: seller=Park Ecom, reviews={'qualitative_attributes': [], 'attributes_quantity': 5, 'count': 377, 'reviews_with_comment': 89, 'pictures_quantity': 25, 'rate': 4.5, 'summary': {'status': 'published', 'prompt_version': 3.2, 'ai_model': 'gpt-4o-2024-08-06', 'last_updated': '2025-08-30T05:24:01Z', 'build_version': 'q91kdxRUsBu3B2nGifIGP0LP6rpwP+yskbwbG+MxFzQ=', 'likes': 9, 'valorization': 4}}
2025-09-26 22:19:06,575 - INFO - Reviews extraídos: rating=4.5, count=377
2025-09-26 22:19:06,576 - INFO - Extração detalhada concluída para: Cartucho de tinta HP 664xl Tricolor 8ml
2025-09-26 22:19:06,578 - INFO -   [OK] Extração detalhada concluída: Cartucho de tinta HP 664xl Tricolor 8ml
2025-09-26 22:19:09,031 - INFO - 192.168.100.14 - - [26/Sep/2025 22:19:09] "GET /jobs HTTP/1.1" 200 -
2025-09-26 22:19:09,076 - INFO - 192.168.100.14 - - [26/Sep/2025 22:19:09] "[36mGET /static/style.css HTTP/1.1[0m" 304 -
2025-09-26 22:19:09,430 - INFO - Extração detalhada 22/48: https://www.mercadolivre.com.br/hp-kit-cartuchos-hp-664-2-cartucho-hp-664-colorido-1/p/MLB2039724604...
2025-09-26 22:19:10,610 - INFO - Spider initialized for query='dummy', sort_by='relevance', condition='all', max_items=0. Start URL: https://lista.mercadolivre.com.br/dummy?sb=all_mercadolibre#D[A:dummy]
2025-09-26 22:19:10,647 - INFO - Dados estruturados JSON-LD encontrados: Kit De Cartuchos 664 Hp -  2 Pretos E 1 Color Original
2025-09-26 22:19:10,650 - INFO - Event data encontrados: seller=OBERO INFORMATICA, reviews={'qualitative_attributes': [], 'attributes_quantity': 5, 'count': 81, 'reviews_with_comment': 21, 'pictures_quantity': 0, 'rate': 4.8, 'summary': {'status': 'inactive', 'prompt_version': 3, 'ai_model': 'gpt-4-turbo-mercado', 'last_updated': '2025-09-25T20:46:35Z', 'build_version': 'z4M4b5mMvfVkvYgeeq9PkHTvsdGxCr9xsloVrzJIjbY=', 'likes': 0, 'valorization': 0}}
2025-09-26 22:19:10,953 - INFO - Reviews extraídos: rating=4.8, count=81
2025-09-26 22:19:10,953 - INFO - Extração detalhada concluída para: Kit De Cartuchos 664 Hp -  2 Pretos E 1 Color Original
2025-09-26 22:19:10,956 - INFO -   [OK] Extração detalhada concluída: Kit De Cartuchos 664 Hp -  2 Pretos E 1 Color Original
2025-09-26 22:19:13,894 - INFO - Extração detalhada 23/48: https://www.mercadolivre.com.br/kit-2-cartuchos-hp-664xl-preto-color-2136-2676/p/MLB48686774#polycar...
2025-09-26 22:19:14,477 - INFO - Spider initialized for query='dummy', sort_by='relevance', condition='all', max_items=0. Start URL: https://lista.mercadolivre.com.br/dummy?sb=all_mercadolibre#D[A:dummy]
2025-09-26 22:19:14,513 - INFO - Dados estruturados JSON-LD encontrados: Kit 2 Cartuchos Hp 664xl (preto + Color) 2136 2676
2025-09-26 22:19:14,515 - INFO - Event data encontrados: seller=MVCARTUCHOS8, reviews={'qualitative_attributes': [], 'attributes_quantity': 0, 'count': 2, 'reviews_with_comment': 0, 'pictures_quantity': 0, 'rate': 4.5}
2025-09-26 22:19:14,591 - INFO - Reviews extraídos: rating=4.5, count=2
2025-09-26 22:19:14,591 - INFO - Extração detalhada concluída para: Kit 2 Cartuchos Hp 664xl (preto + Color) 2136 2676
2025-09-26 22:19:14,592 - INFO -   [OK] Extração detalhada concluída: Kit 2 Cartuchos Hp 664xl (preto + Color) 2136 2676
2025-09-26 22:19:16,451 - INFO - Extração detalhada 24/48: https://www.mercadolivre.com.br/cartucho-667-hp-preto-original--1275-2374--2376-2775--6476/up/MLBU14...
2025-09-26 22:19:17,009 - INFO - Spider initialized for query='dummy', sort_by='relevance', condition='all', max_items=0. Start URL: https://lista.mercadolivre.com.br/dummy?sb=all_mercadolibre#D[A:dummy]
2025-09-26 22:19:17,050 - INFO - Dados estruturados JSON-LD encontrados: Cartucho 667 Hp Preto Original  1275 2374  2376 2775  6476
2025-09-26 22:19:17,052 - INFO - Event data encontrados: seller=vanvan, reviews={'qualitative_attributes': [], 'attributes_quantity': 5, 'count': 35, 'reviews_with_comment': 6, 'pictures_quantity': 1, 'rate': 4.8}
2025-09-26 22:19:17,164 - INFO - Reviews extraídos: rating=4.8, count=35
2025-09-26 22:19:17,164 - INFO - Extração detalhada concluída para: Cartucho 667 Hp Preto Original  1275 2374  2376 2775  6476
2025-09-26 22:19:17,167 - INFO -   [OK] Extração detalhada concluída: Cartucho 667 Hp Preto Original  1275 2374  2376 2775  6476
2025-09-26 22:19:19,125 - INFO - 192.168.100.14 - - [26/Sep/2025 22:19:19] "GET /jobs HTTP/1.1" 200 -
2025-09-26 22:19:19,166 - INFO - 192.168.100.14 - - [26/Sep/2025 22:19:19] "[36mGET /static/style.css HTTP/1.1[0m" 304 -
2025-09-26 22:19:19,415 - INFO - Extração detalhada 25/48: https://www.mercadolivre.com.br/kit-cartucho-hp-667-preto-e-667-colorido-2376-2776/p/MLB39019456#pol...
2025-09-26 22:19:20,024 - INFO - Spider initialized for query='dummy', sort_by='relevance', condition='all', max_items=0. Start URL: https://lista.mercadolivre.com.br/dummy?sb=all_mercadolibre#D[A:dummy]
2025-09-26 22:19:20,052 - INFO - Dados estruturados JSON-LD encontrados: Kit Cartucho Hp 667 Preto E 667 Colorido 2376 2776
2025-09-26 22:19:20,056 - INFO - Event data encontrados: seller=vanvan, reviews={'qualitative_attributes': [], 'attributes_quantity': 5, 'count': 316, 'reviews_with_comment': 59, 'pictures_quantity': 14, 'rate': 4.8, 'summary': {'status': 'published', 'prompt_version': 3.2, 'ai_model': 'gpt-4o-2024-08-06', 'last_updated': '2025-09-15T05:26:53Z', 'build_version': 'dWjROfkFHHYqJPHMtq1zP0ex9kAyG8zZQ/u+WbwyDd4=', 'likes': 0, 'valorization': 0}}
2025-09-26 22:19:20,146 - INFO - Reviews extraídos: rating=4.8, count=316
2025-09-26 22:19:20,146 - INFO - Extração detalhada concluída para: Kit Cartucho Hp 667 Preto E 667 Colorido 2376 2776
2025-09-26 22:19:20,149 - INFO -   [OK] Extração detalhada concluída: Kit Cartucho Hp 667 Preto E 667 Colorido 2376 2776
2025-09-26 22:19:21,826 - INFO - Extração detalhada 26/48: https://www.mercadolivre.com.br/cartucho-de-tinta-hp-662-preto-advantage/p/MLB36772792#polycard_clie...
2025-09-26 22:19:22,414 - INFO - Spider initialized for query='dummy', sort_by='relevance', condition='all', max_items=0. Start URL: https://lista.mercadolivre.com.br/dummy?sb=all_mercadolibre#D[A:dummy]
2025-09-26 22:19:22,447 - INFO - Dados estruturados JSON-LD encontrados: Cartucho De Tinta Hp 662 Preto Advantage
2025-09-26 22:19:22,449 - INFO - Event data encontrados: seller=MegaByteMagazine, reviews={'qualitative_attributes': [], 'attributes_quantity': 5, 'count': 1758, 'reviews_with_comment': 338, 'pictures_quantity': 26, 'rate': 4.7, 'summary': {'status': 'published', 'prompt_version': 3.2, 'ai_model': 'gpt-4o-2024-08-06', 'last_updated': '2025-09-24T05:55:49Z', 'build_version': '0DZq7KBoqBdAvkempEt1pXsUz7GcXHrwQDc8bcC9F28=', 'likes': 0, 'valorization': 0}}
2025-09-26 22:19:22,559 - INFO - Reviews extraídos: rating=4.7, count=1758
2025-09-26 22:19:22,559 - INFO - Extração detalhada concluída para: Cartucho De Tinta Hp 662 Preto Advantage
2025-09-26 22:19:22,560 - INFO -   [OK] Extração detalhada concluída: Cartucho De Tinta Hp 662 Preto Advantage
2025-09-26 22:19:24,234 - INFO - Extração detalhada 27/48: https://www.mercadolivre.com.br/kit-cartucho-hp-664-preto-e-hp-664-colorido/p/MLB36751072#polycard_c...
2025-09-26 22:19:24,973 - INFO - Spider initialized for query='dummy', sort_by='relevance', condition='all', max_items=0. Start URL: https://lista.mercadolivre.com.br/dummy?sb=all_mercadolibre#D[A:dummy]
2025-09-26 22:19:25,010 - INFO - Dados estruturados JSON-LD encontrados: Kit Cartucho Hp 664 Preto E Hp 664 Colorido
2025-09-26 22:19:25,012 - INFO - Event data encontrados: seller=vanvan, reviews={'qualitative_attributes': [], 'attributes_quantity': 5, 'count': 4928, 'reviews_with_comment': 857, 'pictures_quantity': 41, 'rate': 4.7, 'summary': {'status': 'inactive', 'prompt_version': 3, 'ai_model': 'gpt-4-turbo-mercado', 'last_updated': '2025-09-23T14:00:30Z', 'build_version': 'IwdkzSxDp0z4JFxR6U9Sm63l1ORwowFY5KkYGzDGH4M=', 'likes': 0, 'valorization': 0}}
2025-09-26 22:19:25,135 - INFO - Reviews extraídos: rating=4.7, count=4928
2025-09-26 22:19:25,135 - INFO - Extração detalhada concluída para: Kit Cartucho Hp 664 Preto E Hp 664 Colorido
2025-09-26 22:19:25,138 - INFO -   [OK] Extração detalhada concluída: Kit Cartucho Hp 664 Preto E Hp 664 Colorido
2025-09-26 22:19:28,025 - INFO - Extração detalhada 28/48: https://www.mercadolivre.com.br/kit-cartuchos-de-tinta-colorida-e-preta-664xl-para-impressor/p/MLB39...
2025-09-26 22:19:28,561 - INFO - Spider initialized for query='dummy', sort_by='relevance', condition='all', max_items=0. Start URL: https://lista.mercadolivre.com.br/dummy?sb=all_mercadolibre#D[A:dummy]
2025-09-26 22:19:28,604 - INFO - Dados estruturados JSON-LD encontrados: Kit Cartuchos De Tinta Colorida E Preta 664xl Para Impressor
2025-09-26 22:19:28,607 - INFO - Event data encontrados: seller=PRIMER.PRINT, reviews={'qualitative_attributes': [], 'attributes_quantity': 5, 'count': 113, 'reviews_with_comment': 27, 'pictures_quantity': 5, 'rate': 4.6, 'summary': {'status': 'published', 'prompt_version': 3.2, 'ai_model': 'gpt-4o-2024-08-06', 'last_updated': '2025-09-13T05:18:53Z', 'build_version': '+P+Z7DdO75Z/ctAg/pe8IH50vWv4shEvmJ+79+EPOiA=', 'likes': 1, 'valorization': 1}}
2025-09-26 22:19:28,699 - INFO - Reviews extraídos: rating=4.6, count=113
2025-09-26 22:19:28,700 - INFO - Extração detalhada concluída para: Kit Cartuchos De Tinta Colorida E Preta 664xl Para Impressor
2025-09-26 22:19:28,700 - INFO -   [OK] Extração detalhada concluída: Kit Cartuchos De Tinta Colorida E Preta 664xl Para Impressor
2025-09-26 22:19:29,215 - INFO - 192.168.100.14 - - [26/Sep/2025 22:19:29] "GET /jobs HTTP/1.1" 200 -
2025-09-26 22:19:29,259 - INFO - 192.168.100.14 - - [26/Sep/2025 22:19:29] "[36mGET /static/style.css HTTP/1.1[0m" 304 -
2025-09-26 22:19:30,322 - INFO - Extração detalhada 29/48: https://www.mercadolivre.com.br/kit-cartucho-hp-664-preto-e-color-para-4535-4675-3835-1115-2135-3635...
2025-09-26 22:19:31,100 - INFO - Spider initialized for query='dummy', sort_by='relevance', condition='all', max_items=0. Start URL: https://lista.mercadolivre.com.br/dummy?sb=all_mercadolibre#D[A:dummy]
2025-09-26 22:19:31,285 - INFO - Dados estruturados JSON-LD encontrados: Kit Cartucho Hp 664 Preto E Color Para 4535 4675 3835 1115 2135 3635 2675 3775 3785 3787 3789
2025-09-26 22:19:31,312 - INFO - Event data encontrados: seller=TC20240813115050, reviews={'qualitative_attributes': [], 'attributes_quantity': 5, 'count': 87, 'reviews_with_comment': 14, 'pictures_quantity': 0, 'rate': 4.9, 'summary': {'status': 'published', 'prompt_version': 3.2, 'ai_model': 'gpt-4o-2024-08-06', 'last_updated': '2025-09-26T05:41:51Z', 'build_version': 'EXwUlZAq8vReyIDd2lODzWwoCK6IEzCvutv9QJewaPI=', 'likes': 0, 'valorization': 0}}
2025-09-26 22:19:31,532 - INFO - Reviews extraídos: rating=4.9, count=87
2025-09-26 22:19:31,532 - INFO - Extração detalhada concluída para: Kit Cartucho Hp 664 Preto E Color Para 4535 4675 3835 1115 2135 3635 2675 3775 3785 3787 3789
2025-09-26 22:19:31,533 - INFO -   [OK] Extração detalhada concluída: Kit Cartucho Hp 664 Preto E Color Para 4535 4675 3835 1115 2135 3635 2675 3775 3785 3787 3789
2025-09-26 22:19:34,104 - INFO - Extração detalhada 30/48: https://www.mercadolivre.com.br/cartucho-de-tinta-hp-664-negro-y-664-tricolor-2-unidades/p/MLB367838...
2025-09-26 22:19:34,708 - INFO - Spider initialized for query='dummy', sort_by='relevance', condition='all', max_items=0. Start URL: https://lista.mercadolivre.com.br/dummy?sb=all_mercadolibre#D[A:dummy]
2025-09-26 22:19:34,743 - INFO - Dados estruturados JSON-LD encontrados: Cartucho De Tinta Hp 664 Negro y 664 Tricolor 2 Unidades
2025-09-26 22:19:34,745 - INFO - Event data encontrados: seller=OBERO INFORMATICA, reviews={'qualitative_attributes': [], 'attributes_quantity': 5, 'count': 539, 'reviews_with_comment': 116, 'pictures_quantity': 11, 'rate': 4.7, 'summary': {'status': 'published', 'prompt_version': 3.2, 'ai_model': 'gpt-4o-2024-08-06', 'last_updated': '2025-09-25T05:35:53Z', 'build_version': 'CtDTbUpn0D2YD6sqY9bh19q6CbD6Heyz445nSSMCu20=', 'likes': 0, 'valorization': 0}}
2025-09-26 22:19:34,846 - INFO - Reviews extraídos: rating=4.7, count=539
2025-09-26 22:19:34,847 - INFO - Extração detalhada concluída para: Cartucho De Tinta Hp 664 Negro y 664 Tricolor 2 Unidades
2025-09-26 22:19:34,850 - INFO -   [OK] Extração detalhada concluída: Cartucho De Tinta Hp 664 Negro y 664 Tricolor 2 Unidades
2025-09-26 22:19:37,448 - INFO - Extração detalhada 31/48: https://www.mercadolivre.com.br/kit-cartucho-original-hp-664-preto--color-deskjet-2676-3636/up/MLBU1...
2025-09-26 22:19:38,038 - INFO - Spider initialized for query='dummy', sort_by='relevance', condition='all', max_items=0. Start URL: https://lista.mercadolivre.com.br/dummy?sb=all_mercadolibre#D[A:dummy]
2025-09-26 22:19:38,100 - INFO - Dados estruturados JSON-LD encontrados: Kit Cartucho Original Hp 664 Preto + Color Deskjet 2676 3636
2025-09-26 22:19:38,103 - INFO - Event data encontrados: seller=CASAPRINT SPEED, reviews={'qualitative_attributes': [], 'attributes_quantity': 5, 'count': 111, 'reviews_with_comment': 14, 'pictures_quantity': 0, 'rate': 4.6, 'summary': {'status': 'published', 'prompt_version': 3.2, 'ai_model': 'gpt-4o-2024-08-06', 'last_updated': '2025-09-13T05:31:15Z', 'build_version': '9y0a+XOk1HZSjWeMwLhbopMHjvjzRnA4Sqn1sMiUI58=', 'likes': 0, 'valorization': 0}}
2025-09-26 22:19:38,230 - INFO - Reviews extraídos: rating=4.6, count=111
2025-09-26 22:19:38,230 - INFO - Extração detalhada concluída para: Kit Cartucho Original Hp 664 Preto + Color Deskjet 2676 3636
2025-09-26 22:19:38,231 - INFO -   [OK] Extração detalhada concluída: Kit Cartucho Original Hp 664 Preto + Color Deskjet 2676 3636
2025-09-26 22:19:39,318 - INFO - 192.168.100.14 - - [26/Sep/2025 22:19:39] "GET /jobs HTTP/1.1" 200 -
2025-09-26 22:19:39,362 - INFO - 192.168.100.14 - - [26/Sep/2025 22:19:39] "[36mGET /static/style.css HTTP/1.1[0m" 304 -
2025-09-26 22:19:40,216 - INFO - Extração detalhada 32/48: https://www.mercadolivre.com.br/cartucho-tinta-original-hp-664-preto-f6v29ab-2136-2676-3776/up/MLBU7...
2025-09-26 22:19:40,744 - INFO - Spider initialized for query='dummy', sort_by='relevance', condition='all', max_items=0. Start URL: https://lista.mercadolivre.com.br/dummy?sb=all_mercadolibre#D[A:dummy]
2025-09-26 22:19:40,779 - INFO - Dados estruturados JSON-LD encontrados: Cartucho Tinta Original Hp 664 Preto F6v29ab 2136 2676 3776
2025-09-26 22:19:40,781 - INFO - Event data encontrados: seller=Park Ecom, reviews={'qualitative_attributes': [], 'attributes_quantity': 5, 'count': 118, 'reviews_with_comment': 18, 'pictures_quantity': 5, 'rate': 4.7}
2025-09-26 22:19:40,909 - INFO - Reviews extraídos: rating=4.7, count=118
2025-09-26 22:19:40,910 - INFO - Extração detalhada concluída para: Cartucho Tinta Original Hp 664 Preto F6v29ab 2136 2676 3776
2025-09-26 22:19:40,911 - INFO -   [OK] Extração detalhada concluída: Cartucho Tinta Original Hp 664 Preto F6v29ab 2136 2676 3776
2025-09-26 22:19:43,388 - INFO - Extração detalhada 33/48: https://www.mercadolivre.com.br/kit-cartucho-hp-664-preto-e-colorido-2135-2674-2676-original/up/MLBU...
2025-09-26 22:19:43,925 - INFO - Spider initialized for query='dummy', sort_by='relevance', condition='all', max_items=0. Start URL: https://lista.mercadolivre.com.br/dummy?sb=all_mercadolibre#D[A:dummy]
2025-09-26 22:19:43,980 - INFO - Dados estruturados JSON-LD encontrados: Kit Cartucho Hp 664 Preto E Colorido 2135 2674 2676 Original
2025-09-26 22:19:43,982 - INFO - Event data encontrados: seller=vanvan, reviews={'qualitative_attributes': [], 'attributes_quantity': 5, 'count': 406, 'reviews_with_comment': 80, 'pictures_quantity': 5, 'rate': 4.6, 'summary': {'status': 'published', 'prompt_version': 3.2, 'ai_model': 'gpt-4o-2024-08-06', 'last_updated': '2025-09-16T05:21:36Z', 'build_version': 'EUmesDCOZTwXwS4FvhgjI01S6sw/H/wRrVGvSAA4m3Q=', 'likes': 0, 'valorization': 0}}
2025-09-26 22:19:44,065 - INFO - Reviews extraídos: rating=4.6, count=406
2025-09-26 22:19:44,066 - INFO - Extração detalhada concluída para: Kit Cartucho Hp 664 Preto E Colorido 2135 2674 2676 Original
2025-09-26 22:19:44,067 - INFO -   [OK] Extração detalhada concluída: Kit Cartucho Hp 664 Preto E Colorido 2135 2674 2676 Original
2025-09-26 22:19:45,586 - INFO - Extração detalhada 34/48: https://www.mercadolivre.com.br/kit-cartucho-hp-664-preto--hp-664-colorido-original-nf/up/MLBU145588...
2025-09-26 22:19:46,123 - INFO - Spider initialized for query='dummy', sort_by='relevance', condition='all', max_items=0. Start URL: https://lista.mercadolivre.com.br/dummy?sb=all_mercadolibre#D[A:dummy]
2025-09-26 22:19:46,249 - INFO - Dados estruturados JSON-LD encontrados: Kit Cartucho Hp 664 Preto + Hp 664 Colorido Original Nf
2025-09-26 22:19:46,255 - INFO - Event data encontrados: seller=vanvan, reviews={'qualitative_attributes': [], 'attributes_quantity': 5, 'count': 508, 'reviews_with_comment': 93, 'pictures_quantity': 19, 'rate': 4.7, 'summary': {'status': 'published', 'prompt_version': 3.2, 'ai_model': 'gpt-4o-2024-08-06', 'last_updated': '2025-08-21T05:29:58Z', 'build_version': 'YAC2o7SSPbOczyB7GeDCWUMILw8WtKLg5E67FYoK/BU=', 'likes': 0, 'valorization': 0}}
2025-09-26 22:19:46,422 - INFO - Reviews extraídos: rating=4.7, count=508
2025-09-26 22:19:46,423 - INFO - Extração detalhada concluída para: Kit Cartucho Hp 664 Preto + Hp 664 Colorido Original Nf
2025-09-26 22:19:46,424 - INFO -   [OK] Extração detalhada concluída: Kit Cartucho Hp 664 Preto + Hp 664 Colorido Original Nf
2025-09-26 22:19:48,560 - INFO - Extração detalhada 35/48: https://www.mercadolivre.com.br/cartucho-hp-664xl-664-xl-preto-hp-e/p/MLB52063715#polycard_client=se...
2025-09-26 22:19:49,143 - INFO - Spider initialized for query='dummy', sort_by='relevance', condition='all', max_items=0. Start URL: https://lista.mercadolivre.com.br/dummy?sb=all_mercadolibre#D[A:dummy]
2025-09-26 22:19:49,196 - INFO - Dados estruturados JSON-LD encontrados: Cartucho Hp 664xl 664 Xl Preto Hp E
2025-09-26 22:19:49,199 - INFO - Event data encontrados: seller=Park Ecom, reviews={'qualitative_attributes': [], 'attributes_quantity': 5, 'count': 52, 'reviews_with_comment': 13, 'pictures_quantity': 4, 'rate': 4.3, 'summary': {'status': 'published', 'prompt_version': 3.2, 'ai_model': 'gpt-4o-2024-08-06', 'last_updated': '2025-09-13T05:40:03Z', 'build_version': 'v+HQXC8xAaFJdaxPg3GAQ32/Dq1uPrO2J4jqqHUmG0c=', 'likes': 0, 'valorization': 0}}
2025-09-26 22:19:49,357 - INFO - Reviews extraídos: rating=4.3, count=52
2025-09-26 22:19:49,359 - INFO - Extração detalhada concluída para: Cartucho Hp 664xl 664 Xl Preto Hp E
2025-09-26 22:19:49,360 - INFO -   [OK] Extração detalhada concluída: Cartucho Hp 664xl 664 Xl Preto Hp E
2025-09-26 22:19:49,433 - INFO - 192.168.100.14 - - [26/Sep/2025 22:19:49] "GET /jobs HTTP/1.1" 200 -
2025-09-26 22:19:49,469 - INFO - 192.168.100.14 - - [26/Sep/2025 22:19:49] "[36mGET /static/style.css HTTP/1.1[0m" 304 -
2025-09-26 22:19:50,866 - INFO - Extração detalhada 36/48: https://www.mercadolivre.com.br/cartucho-de-tinta-hp-664-colorido-advantage-original/up/MLBU75030984...
2025-09-26 22:19:51,363 - INFO - Spider initialized for query='dummy', sort_by='relevance', condition='all', max_items=0. Start URL: https://lista.mercadolivre.com.br/dummy?sb=all_mercadolibre#D[A:dummy]
2025-09-26 22:19:51,428 - INFO - Dados estruturados JSON-LD encontrados: Cartucho De Tinta Hp 664 Colorido Advantage Original
2025-09-26 22:19:51,430 - INFO - Event data encontrados: seller=OBERO INFORMATICA, reviews={'qualitative_attributes': [], 'attributes_quantity': 5, 'count': 36, 'reviews_with_comment': 8, 'pictures_quantity': 0, 'rate': 4.6}
2025-09-26 22:19:51,553 - INFO - Reviews extraídos: rating=4.6, count=36
2025-09-26 22:19:51,554 - INFO - Extração detalhada concluída para: Cartucho De Tinta Hp 664 Colorido Advantage Original
2025-09-26 22:19:51,557 - INFO -   [OK] Extração detalhada concluída: Cartucho De Tinta Hp 664 Colorido Advantage Original
2025-09-26 22:19:53,374 - INFO - Extração detalhada 37/48: https://www.mercadolivre.com.br/kit-2-cartuchos-hp-664-preto-e-hp-664-colorido-hp-2676-3636/up/MLBU1...
2025-09-26 22:19:53,951 - INFO - Spider initialized for query='dummy', sort_by='relevance', condition='all', max_items=0. Start URL: https://lista.mercadolivre.com.br/dummy?sb=all_mercadolibre#D[A:dummy]
2025-09-26 22:19:53,994 - INFO - Dados estruturados JSON-LD encontrados: Kit 2 Cartuchos Hp 664 Preto E Hp 664 Colorido Hp 2676 ,3636
2025-09-26 22:19:53,997 - INFO - Event data encontrados: seller=PMM STORE, reviews={'qualitative_attributes': [], 'attributes_quantity': 5, 'count': 143, 'reviews_with_comment': 20, 'pictures_quantity': 0, 'rate': 4.8, 'summary': {'status': 'published', 'prompt_version': 3.2, 'ai_model': 'gpt-4o-2024-08-06', 'last_updated': '2025-08-21T05:23:00Z', 'build_version': 'Bmccc2dc2n52rM9E6a3yWr5TmIagbVMhImIvXXsBowc=', 'likes': 0, 'valorization': 0}}
2025-09-26 22:19:54,131 - INFO - Reviews extraídos: rating=4.8, count=143
2025-09-26 22:19:54,132 - INFO - Extração detalhada concluída para: Kit 2 Cartuchos Hp 664 Preto E Hp 664 Colorido Hp 2676 ,3636
2025-09-26 22:19:54,135 - INFO -   [OK] Extração detalhada concluída: Kit 2 Cartuchos Hp 664 Preto E Hp 664 Colorido Hp 2676 ,3636
2025-09-26 22:19:56,210 - INFO - Extração detalhada 38/48: https://www.mercadolivre.com.br/cartuchos-hp-664xl-preto-e-colorido-hp-lacrados/p/MLB39021524#polyca...
2025-09-26 22:19:56,703 - INFO - Spider initialized for query='dummy', sort_by='relevance', condition='all', max_items=0. Start URL: https://lista.mercadolivre.com.br/dummy?sb=all_mercadolibre#D[A:dummy]
2025-09-26 22:19:56,738 - INFO - Dados estruturados JSON-LD encontrados: Cartuchos Hp 664xl Preto E Colorido Hp Lacrados
2025-09-26 22:19:56,741 - INFO - Event data encontrados: seller=Park Ecom, reviews={'qualitative_attributes': [], 'attributes_quantity': 5, 'count': 118, 'reviews_with_comment': 27, 'pictures_quantity': 4, 'rate': 4.6, 'summary': {'status': 'published', 'prompt_version': 3.2, 'ai_model': 'gpt-4o-2024-08-06', 'last_updated': '2025-08-14T05:19:45Z', 'build_version': 'VB2TZJkbcEoAmui2KMjRJIPK912I2VOssSdmWvHN7yY=', 'likes': 0, 'valorization': 0}}
2025-09-26 22:19:56,832 - INFO - Reviews extraídos: rating=4.6, count=118
2025-09-26 22:19:56,832 - INFO - Extração detalhada concluída para: Cartuchos Hp 664xl Preto E Colorido Hp Lacrados
2025-09-26 22:19:56,833 - INFO -   [OK] Extração detalhada concluída: Cartuchos Hp 664xl Preto E Colorido Hp Lacrados
2025-09-26 22:19:59,498 - INFO - 192.168.100.14 - - [26/Sep/2025 22:19:59] "GET /jobs HTTP/1.1" 200 -
2025-09-26 22:19:59,556 - INFO - 192.168.100.14 - - [26/Sep/2025 22:19:59] "[36mGET /static/style.css HTTP/1.1[0m" 304 -
2025-09-26 22:19:59,797 - INFO - Extração detalhada 39/48: https://www.mercadolivre.com.br/cartucho-de-tinta-hp-664-xl-fvc631-ab-original-pretoblack/up/MLBU143...
2025-09-26 22:20:00,428 - INFO - Spider initialized for query='dummy', sort_by='relevance', condition='all', max_items=0. Start URL: https://lista.mercadolivre.com.br/dummy?sb=all_mercadolibre#D[A:dummy]
2025-09-26 22:20:00,471 - INFO - Dados estruturados JSON-LD encontrados: Cartucho De Tinta Hp 664 Xl Fvc631 Ab Original Preto-black
2025-09-26 22:20:00,473 - INFO - Event data encontrados: seller=vanvan, reviews={'qualitative_attributes': [], 'attributes_quantity': 0, 'count': 1, 'reviews_with_comment': 0, 'pictures_quantity': 0, 'rate': 5}
2025-09-26 22:20:00,540 - INFO - Reviews extraídos: rating=5, count=1
2025-09-26 22:20:00,541 - INFO - Extração detalhada concluída para: Cartucho De Tinta Hp 664 Xl Fvc631 Ab Original Preto-black
2025-09-26 22:20:00,542 - INFO -   [OK] Extração detalhada concluída: Cartucho De Tinta Hp 664 Xl Fvc631 Ab Original Preto-black
2025-09-26 22:20:03,449 - INFO - Extração detalhada 40/48: https://www.mercadolivre.com.br/kit-cartucho-hp-664-preto-e-hp-664-colorido-original-nf/up/MLBU11226...
2025-09-26 22:20:03,927 - INFO - Spider initialized for query='dummy', sort_by='relevance', condition='all', max_items=0. Start URL: https://lista.mercadolivre.com.br/dummy?sb=all_mercadolibre#D[A:dummy]
2025-09-26 22:20:03,961 - INFO - Dados estruturados JSON-LD encontrados: Kit Cartucho Hp 664 Preto E Hp 664 Colorido Original Nf
2025-09-26 22:20:03,963 - INFO - Event data encontrados: seller=Park Ecom, reviews={'qualitative_attributes': [], 'attributes_quantity': 5, 'count': 105, 'reviews_with_comment': 16, 'pictures_quantity': 2, 'rate': 4.7, 'summary': {'status': 'published', 'prompt_version': 3.2, 'ai_model': 'gpt-4o-2024-08-06', 'last_updated': '2025-06-28T05:33:18Z', 'build_version': 'kMfbRqkbkFhZQ8wDGfUVYogGj8793vERUAC/zQsEsrs=', 'likes': 0, 'valorization': 0}}
2025-09-26 22:20:04,047 - INFO - Reviews extraídos: rating=4.7, count=105
2025-09-26 22:20:04,048 - INFO - Extração detalhada concluída para: Kit Cartucho Hp 664 Preto E Hp 664 Colorido Original Nf
2025-09-26 22:20:04,048 - INFO -   [OK] Extração detalhada concluída: Kit Cartucho Hp 664 Preto E Hp 664 Colorido Original Nf
2025-09-26 22:20:05,749 - INFO - Extração detalhada 41/48: https://www.mercadolivre.com.br/cartucho-hp-664-pretof6v29ab-para-deskjet-4535-4675-1115-2135-3775/p...
2025-09-26 22:20:06,374 - INFO - Spider initialized for query='dummy', sort_by='relevance', condition='all', max_items=0. Start URL: https://lista.mercadolivre.com.br/dummy?sb=all_mercadolibre#D[A:dummy]
2025-09-26 22:20:06,414 - INFO - Dados estruturados JSON-LD encontrados: Cartucho Hp 664 Preto(f6v29ab) Para Deskjet 4535, 4675, 1115, 2135, 3775
2025-09-26 22:20:06,415 - INFO - Event data encontrados: seller=SCOTCH, reviews={'qualitative_attributes': [], 'attributes_quantity': 0, 'count': 0, 'reviews_with_comment': 0, 'pictures_quantity': 0, 'rate': 0}
2025-09-26 22:20:06,497 - INFO - Reviews extraídos: rating=0, count=0
2025-09-26 22:20:06,498 - INFO - Extração detalhada concluída para: Cartucho Hp 664 Preto(f6v29ab) Para Deskjet 4535, 4675, 1115, 2135, 3775
2025-09-26 22:20:06,499 - INFO -   [OK] Extração detalhada concluída: Cartucho Hp 664 Preto(f6v29ab) Para Deskjet 4535, 4675, 1115, 2135, 3775
2025-09-26 22:20:08,058 - INFO - Extração detalhada 42/48: https://www.mercadolivre.com.br/cartucho-hp-664xl-preto-original-f6v31ab/up/MLBU3283536628#polycard_...
2025-09-26 22:20:08,645 - INFO - Spider initialized for query='dummy', sort_by='relevance', condition='all', max_items=0. Start URL: https://lista.mercadolivre.com.br/dummy?sb=all_mercadolibre#D[A:dummy]
2025-09-26 22:20:08,674 - INFO - Dados estruturados JSON-LD encontrados: Cartucho Hp 664xl Preto Original (f6v31ab)
2025-09-26 22:20:08,676 - INFO - Event data encontrados: seller=Mercado Livre, reviews={'qualitative_attributes': [], 'attributes_quantity': 0, 'count': 0, 'reviews_with_comment': 0, 'pictures_quantity': 0, 'rate': 0}
2025-09-26 22:20:08,741 - INFO - Reviews extraídos: rating=0, count=0
2025-09-26 22:20:08,742 - INFO - Extração detalhada concluída para: Cartucho Hp 664xl Preto Original (f6v31ab)
2025-09-26 22:20:08,743 - INFO -   [OK] Extração detalhada concluída: Cartucho Hp 664xl Preto Original (f6v31ab)
2025-09-26 22:20:09,626 - INFO - 192.168.100.14 - - [26/Sep/2025 22:20:09] "GET /jobs HTTP/1.1" 200 -
2025-09-26 22:20:09,672 - INFO - 192.168.100.14 - - [26/Sep/2025 22:20:09] "[36mGET /static/style.css HTTP/1.1[0m" 304 -
2025-09-26 22:20:10,584 - INFO - Extração detalhada 43/48: https://www.mercadolivre.com.br/cartucho-original-hp-664-preto-deskjet-1115-2136-2676-4676/up/MLBU14...
2025-09-26 22:20:11,056 - INFO - Spider initialized for query='dummy', sort_by='relevance', condition='all', max_items=0. Start URL: https://lista.mercadolivre.com.br/dummy?sb=all_mercadolibre#D[A:dummy]
2025-09-26 22:20:11,092 - INFO - Dados estruturados JSON-LD encontrados: Cartucho Original Hp 664 Preto Deskjet 1115 2136 2676 4676
2025-09-26 22:20:11,094 - INFO - Event data encontrados: seller=SARAIVA COMERCIO, reviews={'qualitative_attributes': [], 'attributes_quantity': 5, 'count': 50, 'reviews_with_comment': 8, 'pictures_quantity': 0, 'rate': 4.9}
2025-09-26 22:20:11,193 - INFO - Reviews extraídos: rating=4.9, count=50
2025-09-26 22:20:11,194 - INFO - Extração detalhada concluída para: Cartucho Original Hp 664 Preto Deskjet 1115 2136 2676 4676
2025-09-26 22:20:11,195 - INFO -   [OK] Extração detalhada concluída: Cartucho Original Hp 664 Preto Deskjet 1115 2136 2676 4676
2025-09-26 22:20:12,972 - INFO - Extração detalhada 44/48: https://www.mercadolivre.com.br/kit-cartucho-de-tinta-hp-664xl-preto-colorido/p/MLB39023549#polycard...
2025-09-26 22:20:13,482 - INFO - Spider initialized for query='dummy', sort_by='relevance', condition='all', max_items=0. Start URL: https://lista.mercadolivre.com.br/dummy?sb=all_mercadolibre#D[A:dummy]
2025-09-26 22:20:13,541 - INFO - Dados estruturados JSON-LD encontrados: Kit Cartucho De Tinta Hp 664xl Preto + Colorido
2025-09-26 22:20:13,543 - INFO - Event data encontrados: seller=Park Ecom, reviews={'qualitative_attributes': [], 'attributes_quantity': 5, 'count': 88, 'reviews_with_comment': 24, 'pictures_quantity': 1, 'rate': 4.8, 'summary': {'status': 'published', 'prompt_version': 3.2, 'ai_model': 'gpt-4o-2024-08-06', 'last_updated': '2025-08-10T05:20:43Z', 'build_version': 'iFcMWGbQgyTSA0ucIrQylwlXsJvxVM1jqAG0m84TMfU=', 'likes': 0, 'valorization': 0}}
2025-09-26 22:20:13,632 - INFO - Reviews extraídos: rating=4.8, count=88
2025-09-26 22:20:13,632 - INFO - Extração detalhada concluída para: Kit Cartucho De Tinta Hp 664xl Preto + Colorido
2025-09-26 22:20:13,636 - INFO -   [OK] Extração detalhada concluída: Kit Cartucho De Tinta Hp 664xl Preto + Colorido
2025-09-26 22:20:16,218 - INFO - Extração detalhada 45/48: https://www.mercadolivre.com.br/kit-3-cartuchos-hp-664-preto--colorido-2136-2676-3636-3776/up/MLBU14...
2025-09-26 22:20:16,820 - INFO - Spider initialized for query='dummy', sort_by='relevance', condition='all', max_items=0. Start URL: https://lista.mercadolivre.com.br/dummy?sb=all_mercadolibre#D[A:dummy]
2025-09-26 22:20:16,854 - INFO - Dados estruturados JSON-LD encontrados: Kit 3 Cartuchos Hp 664 Preto + Colorido 2136 2676 3636 3776
2025-09-26 22:20:16,856 - INFO - Event data encontrados: seller=SARAIVA COMERCIO, reviews={'qualitative_attributes': [], 'attributes_quantity': 5, 'count': 32, 'reviews_with_comment': 4, 'pictures_quantity': 0, 'rate': 4.7}
2025-09-26 22:20:16,947 - INFO - Reviews extraídos: rating=4.7, count=32
2025-09-26 22:20:16,947 - INFO - Extração detalhada concluída para: Kit 3 Cartuchos Hp 664 Preto + Colorido 2136 2676 3636 3776
2025-09-26 22:20:16,949 - INFO -   [OK] Extração detalhada concluída: Kit 3 Cartuchos Hp 664 Preto + Colorido 2136 2676 3636 3776
2025-09-26 22:20:18,848 - INFO - Extração detalhada 46/48: https://www.mercadolivre.com.br/kit-cartucho-hp-667-preto--667-colorido-original-2376-2776/up/MLBU17...
2025-09-26 22:20:19,449 - INFO - Spider initialized for query='dummy', sort_by='relevance', condition='all', max_items=0. Start URL: https://lista.mercadolivre.com.br/dummy?sb=all_mercadolibre#D[A:dummy]
2025-09-26 22:20:19,537 - INFO - Dados estruturados JSON-LD encontrados: Kit Cartucho Hp 667 Preto + 667 Colorido Original 2376 2776
2025-09-26 22:20:19,540 - INFO - Event data encontrados: seller=SMCORP, reviews={'qualitative_attributes': [], 'attributes_quantity': 5, 'count': 99, 'reviews_with_comment': 8, 'pictures_quantity': 0, 'rate': 4.9}
2025-09-26 22:20:19,648 - INFO - Reviews extraídos: rating=4.9, count=99
2025-09-26 22:20:19,649 - INFO - Extração detalhada concluída para: Kit Cartucho Hp 667 Preto + 667 Colorido Original 2376 2776
2025-09-26 22:20:19,650 - INFO -   [OK] Extração detalhada concluída: Kit Cartucho Hp 667 Preto + 667 Colorido Original 2376 2776
2025-09-26 22:20:19,729 - INFO - 192.168.100.14 - - [26/Sep/2025 22:20:19] "GET /jobs HTTP/1.1" 200 -
2025-09-26 22:20:19,780 - INFO - 192.168.100.14 - - [26/Sep/2025 22:20:19] "[36mGET /static/style.css HTTP/1.1[0m" 304 -
2025-09-26 22:20:22,142 - INFO - Extração detalhada 47/48: https://www.mercadolivre.com.br/kit-cartucho-hp-667-preto-e-667-colorido-original-tinta/up/MLBU14333...
2025-09-26 22:20:22,729 - INFO - Spider initialized for query='dummy', sort_by='relevance', condition='all', max_items=0. Start URL: https://lista.mercadolivre.com.br/dummy?sb=all_mercadolibre#D[A:dummy]
2025-09-26 22:20:22,764 - INFO - Dados estruturados JSON-LD encontrados: Kit Cartucho Hp 667 Preto E 667 Colorido Original Tinta 
2025-09-26 22:20:22,766 - INFO - Event data encontrados: seller=mercadoall, reviews={'qualitative_attributes': [], 'attributes_quantity': 5, 'count': 62, 'reviews_with_comment': 12, 'pictures_quantity': 0, 'rate': 4.8}
2025-09-26 22:20:22,866 - INFO - Reviews extraídos: rating=4.8, count=62
2025-09-26 22:20:22,866 - INFO - Extração detalhada concluída para: Kit Cartucho Hp 667 Preto E 667 Colorido Original Tinta 
2025-09-26 22:20:22,871 - INFO -   [OK] Extração detalhada concluída: Kit Cartucho Hp 667 Preto E 667 Colorido Original Tinta 
2025-09-26 22:20:24,560 - INFO - Extração detalhada 48/48: https://www.mercadolivre.com.br/kit-cartucho-hp-664-preto--hp-664-colorido-original-nf/up/MLBU778583...
2025-09-26 22:20:25,087 - INFO - Spider initialized for query='dummy', sort_by='relevance', condition='all', max_items=0. Start URL: https://lista.mercadolivre.com.br/dummy?sb=all_mercadolibre#D[A:dummy]
2025-09-26 22:20:25,120 - INFO - Dados estruturados JSON-LD encontrados: Kit Cartucho Hp 664 Preto + Hp 664 Colorido Original Nf
2025-09-26 22:20:25,122 - INFO - Event data encontrados: seller=WEBBEST, reviews={'qualitative_attributes': [], 'attributes_quantity': 5, 'count': 12, 'reviews_with_comment': 1, 'pictures_quantity': 0, 'rate': 5}
2025-09-26 22:20:25,199 - INFO - Reviews extraídos: rating=5, count=12
2025-09-26 22:20:25,200 - INFO - Extração detalhada concluída para: Kit Cartucho Hp 664 Preto + Hp 664 Colorido Original Nf
2025-09-26 22:20:25,200 - INFO -   [OK] Extração detalhada concluída: Kit Cartucho Hp 664 Preto + Hp 664 Colorido Original Nf
2025-09-26 22:20:28,067 - INFO - Extração detalhada concluída: 48 produtos processados
2025-09-26 22:20:28,068 - INFO - Coletados 48 produtos
2025-09-26 22:20:28,069 - INFO - Job 1ae2c213: Coletando reviews
2025-09-26 22:20:28,069 - INFO - Coletando reviews para 48 produtos
2025-09-26 22:20:28,071 - INFO - Job 1ae2c213: Gerando datasets
2025-09-26 22:20:28,071 - INFO - Gerando dataset CSV: C:\Challenge HP\Challenge-HP\datasets_gerados\dataset_1ae2c213_20250926_222028.csv
2025-09-26 22:20:28,094 - INFO - Dataset gerado com sucesso: C:\Challenge HP\Challenge-HP\datasets_gerados\dataset_1ae2c213_20250926_222028.csv
2025-09-26 22:20:28,096 - INFO - Total de produtos: 48
2025-09-26 22:20:28,097 - INFO - Job 1ae2c213: Arquivo CSV gerado - dataset_1ae2c213_20250926_222028.csv
2025-09-26 22:20:28,097 - INFO - Gerando dataset JSON: C:\Challenge HP\Challenge-HP\datasets_gerados\dataset_1ae2c213_20250926_222028.json
2025-09-26 22:20:28,117 - INFO - Dataset JSON gerado com sucesso: C:\Challenge HP\Challenge-HP\datasets_gerados\dataset_1ae2c213_20250926_222028.json
2025-09-26 22:20:28,117 - INFO - Job 1ae2c213: Arquivo JSON gerado - dataset_1ae2c213_20250926_222028.json
2025-09-26 22:20:28,117 - INFO - Job 1ae2c213: Concluído com sucesso
2025-09-26 22:20:28,119 - INFO -    - Produtos coletados: 48
2025-09-26 22:20:28,119 - INFO -    - Reviews coletadas: 0
2025-09-26 22:20:28,119 - INFO -    - Arquivos gerados: 2
2025-09-26 22:20:28,119 - INFO -      * CSV: dataset_1ae2c213_20250926_222028.csv (62.4 KB)
2025-09-26 22:20:28,119 - INFO -      * JSON: dataset_1ae2c213_20250926_222028.json (132.7 KB)
2025-09-26 22:20:29,845 - INFO - 192.168.100.14 - - [26/Sep/2025 22:20:29] "GET /jobs HTTP/1.1" 200 -
2025-09-26 22:20:29,901 - INFO - 192.168.100.14 - - [26/Sep/2025 22:20:29] "[36mGET /static/style.css HTTP/1.1[0m" 304 -
2025-09-26 22:22:44,704 - INFO - Tentando download de: dataset_1ae2c213_20250926_222028.csv
2025-09-26 22:22:44,705 - INFO - Caminho completo: C:\Challenge HP\Challenge-HP\datasets_gerados\dataset_1ae2c213_20250926_222028.csv
2025-09-26 22:22:44,705 - INFO - Arquivo existe: True
2025-09-26 22:22:44,772 - INFO - 192.168.100.14 - - [26/Sep/2025 22:22:44] "GET /api/datasets/dataset_1ae2c213_20250926_222028.csv/download HTTP/1.1" 200 -
2025-09-26 22:22:46,905 - INFO - Tentando download de: dataset_1ae2c213_20250926_222028.json
2025-09-26 22:22:46,905 - INFO - Caminho completo: C:\Challenge HP\Challenge-HP\datasets_gerados\dataset_1ae2c213_20250926_222028.json
2025-09-26 22:22:46,906 - INFO - Arquivo existe: True
2025-09-26 22:22:46,914 - INFO - 192.168.100.14 - - [26/Sep/2025 22:22:46] "GET /api/datasets/dataset_1ae2c213_20250926_222028.json/download HTTP/1.1" 200 -
2025-09-27 11:14:30,758 - INFO -  * Detected change in 'C:\\Challenge HP\\Challenge-HP\\src\\core\\app.py', reloading
2025-09-27 11:14:30,758 - INFO -  * Detected change in 'C:\\Challenge HP\\Challenge-HP\\src\\core\\app.py', reloading
2025-09-27 11:14:30,758 - INFO -  * Detected change in 'C:\\Challenge HP\\Challenge-HP\\src\\spiders\\mercadolivre_spider.py', reloading
2025-09-27 11:14:30,759 - INFO -  * Detected change in 'C:\\Challenge HP\\Challenge-HP\\src\\spiders\\mercadolivre_spider.py', reloading
2025-09-27 11:14:31,324 - INFO -  * Restarting with watchdog (windowsapi)
2025-09-27 11:14:31,551 - INFO -  * Restarting with watchdog (windowsapi)
2025-09-27 11:14:33,205 - INFO - Diretório de datasets configurado: C:\Challenge HP\Challenge-HP\datasets_gerados
2025-09-27 11:14:33,209 - INFO - Diretório de datasets configurado: C:\Challenge HP\Challenge-HP\datasets_gerados
2025-09-27 11:14:33,255 - WARNING -  * Debugger is active!
2025-09-27 11:14:33,256 - WARNING -  * Debugger is active!
2025-09-27 11:14:33,262 - INFO -  * Debugger PIN: 639-855-048
2025-09-27 11:14:33,262 - INFO -  * Debugger PIN: 639-855-048
2025-09-27 11:19:26,281 - INFO -  * Detected change in 'C:\\Challenge HP\\Challenge-HP\\src\\core\\app.py', reloading
2025-09-27 11:19:26,282 - INFO -  * Detected change in 'C:\\Challenge HP\\Challenge-HP\\src\\core\\app.py', reloading
2025-09-27 11:19:26,282 - INFO -  * Detected change in 'C:\\Challenge HP\\Challenge-HP\\src\\core\\app.py', reloading
2025-09-27 11:19:26,283 - INFO -  * Detected change in 'C:\\Challenge HP\\Challenge-HP\\src\\core\\app.py', reloading
2025-09-27 11:19:26,283 - INFO -  * Detected change in 'C:\\Challenge HP\\Challenge-HP\\src\\core\\app.py', reloading
2025-09-27 11:19:26,283 - INFO -  * Detected change in 'C:\\Challenge HP\\Challenge-HP\\src\\core\\app.py', reloading
2025-09-27 11:19:26,915 - INFO -  * Restarting with watchdog (windowsapi)
2025-09-27 11:19:26,918 - INFO -  * Restarting with watchdog (windowsapi)
2025-09-27 11:19:28,111 - INFO - Diretório de datasets configurado: C:\Challenge HP\Challenge-HP\datasets_gerados
2025-09-27 11:19:28,118 - INFO - Diretório de datasets configurado: C:\Challenge HP\Challenge-HP\datasets_gerados
2025-09-27 11:19:28,144 - WARNING -  * Debugger is active!
2025-09-27 11:19:28,149 - INFO -  * Debugger PIN: 639-855-048
2025-09-27 11:19:28,155 - WARNING -  * Debugger is active!
2025-09-27 11:19:28,163 - INFO -  * Debugger PIN: 639-855-048
2025-09-27 11:19:33,367 - INFO -  * Detected change in 'C:\\Challenge HP\\Challenge-HP\\src\\core\\app.py', reloading
2025-09-27 11:19:33,371 - INFO -  * Detected change in 'C:\\Challenge HP\\Challenge-HP\\src\\core\\app.py', reloading
2025-09-27 11:19:33,375 - INFO -  * Detected change in 'C:\\Challenge HP\\Challenge-HP\\src\\core\\app.py', reloading
2025-09-27 11:19:33,379 - INFO -  * Detected change in 'C:\\Challenge HP\\Challenge-HP\\src\\core\\app.py', reloading
2025-09-27 11:19:33,603 - INFO -  * Restarting with watchdog (windowsapi)
2025-09-27 11:19:34,557 - INFO -  * Restarting with watchdog (windowsapi)
2025-09-27 11:19:34,646 - INFO - Diretório de datasets configurado: C:\Challenge HP\Challenge-HP\datasets_gerados
2025-09-27 11:19:34,694 - WARNING -  * Debugger is active!
2025-09-27 11:19:34,699 - INFO -  * Debugger PIN: 639-855-048
2025-09-27 11:19:35,567 - INFO - Diretório de datasets configurado: C:\Challenge HP\Challenge-HP\datasets_gerados
2025-09-27 11:19:35,597 - WARNING -  * Debugger is active!
2025-09-27 11:19:35,599 - INFO -  * Debugger PIN: 639-855-048
2025-09-27 11:19:45,312 - INFO -  * Detected change in 'C:\\Challenge HP\\Challenge-HP\\src\\core\\app.py', reloading
2025-09-27 11:19:45,312 - INFO -  * Detected change in 'C:\\Challenge HP\\Challenge-HP\\src\\core\\app.py', reloading
2025-09-27 11:19:45,313 - INFO -  * Detected change in 'C:\\Challenge HP\\Challenge-HP\\src\\core\\app.py', reloading
2025-09-27 11:19:45,314 - INFO -  * Detected change in 'C:\\Challenge HP\\Challenge-HP\\src\\core\\app.py', reloading
2025-09-27 11:19:45,959 - INFO -  * Restarting with watchdog (windowsapi)
2025-09-27 11:19:46,142 - INFO -  * Restarting with watchdog (windowsapi)
2025-09-27 11:19:47,088 - INFO - Diretório de datasets configurado: C:\Challenge HP\Challenge-HP\datasets_gerados
2025-09-27 11:19:47,113 - WARNING -  * Debugger is active!
2025-09-27 11:19:47,116 - INFO -  * Debugger PIN: 639-855-048
2025-09-27 11:19:47,230 - INFO - Diretório de datasets configurado: C:\Challenge HP\Challenge-HP\datasets_gerados
2025-09-27 11:19:47,264 - WARNING -  * Debugger is active!
2025-09-27 11:19:47,266 - INFO -  * Debugger PIN: 639-855-048
2025-09-27 11:20:41,157 - INFO -  * Detected change in 'C:\\Challenge HP\\Challenge-HP\\src\\spiders\\mercadolivre_spider.py', reloading
2025-09-27 11:20:41,157 - INFO -  * Detected change in 'C:\\Challenge HP\\Challenge-HP\\src\\spiders\\mercadolivre_spider.py', reloading
2025-09-27 11:20:41,158 - INFO -  * Detected change in 'C:\\Challenge HP\\Challenge-HP\\src\\spiders\\mercadolivre_spider.py', reloading
2025-09-27 11:20:41,158 - INFO -  * Detected change in 'C:\\Challenge HP\\Challenge-HP\\src\\spiders\\mercadolivre_spider.py', reloading
2025-09-27 11:20:41,158 - INFO -  * Detected change in 'C:\\Challenge HP\\Challenge-HP\\src\\spiders\\mercadolivre_spider.py', reloading
2025-09-27 11:20:41,441 - INFO -  * Restarting with watchdog (windowsapi)
2025-09-27 11:20:41,619 - INFO -  * Restarting with watchdog (windowsapi)
2025-09-27 11:20:42,628 - INFO - Diretório de datasets configurado: C:\Challenge HP\Challenge-HP\datasets_gerados
2025-09-27 11:20:42,646 - WARNING -  * Debugger is active!
2025-09-27 11:20:42,648 - INFO -  * Debugger PIN: 639-855-048
2025-09-27 11:20:42,749 - INFO - Diretório de datasets configurado: C:\Challenge HP\Challenge-HP\datasets_gerados
2025-09-27 11:20:42,765 - WARNING -  * Debugger is active!
2025-09-27 11:20:42,768 - INFO -  * Debugger PIN: 639-855-048
2025-09-27 11:21:09,254 - INFO -  * Detected change in 'C:\\Challenge HP\\Challenge-HP\\src\\core\\app.py', reloading
2025-09-27 11:21:09,255 - INFO -  * Detected change in 'C:\\Challenge HP\\Challenge-HP\\src\\core\\app.py', reloading
2025-09-27 11:21:09,255 - INFO -  * Detected change in 'C:\\Challenge HP\\Challenge-HP\\src\\core\\app.py', reloading
2025-09-27 11:21:09,479 - INFO -  * Restarting with watchdog (windowsapi)
2025-09-27 11:21:09,591 - INFO -  * Restarting with watchdog (windowsapi)
2025-09-27 11:21:10,677 - INFO - Diretório de datasets configurado: C:\Challenge HP\Challenge-HP\datasets_gerados
2025-09-27 11:21:10,705 - WARNING -  * Debugger is active!
2025-09-27 11:21:10,710 - INFO -  * Debugger PIN: 639-855-048
2025-09-27 11:21:10,742 - INFO - Diretório de datasets configurado: C:\Challenge HP\Challenge-HP\datasets_gerados
2025-09-27 11:21:10,780 - WARNING -  * Debugger is active!
2025-09-27 11:21:10,784 - INFO -  * Debugger PIN: 639-855-048
2025-09-27 11:21:35,312 - INFO -  * Detected change in 'C:\\Challenge HP\\Challenge-HP\\src\\core\\app.py', reloading
2025-09-27 11:21:35,312 - INFO -  * Detected change in 'C:\\Challenge HP\\Challenge-HP\\src\\core\\app.py', reloading
2025-09-27 11:21:35,313 - INFO -  * Detected change in 'C:\\Challenge HP\\Challenge-HP\\src\\core\\app.py', reloading
2025-09-27 11:21:35,313 - INFO -  * Detected change in 'C:\\Challenge HP\\Challenge-HP\\src\\core\\app.py', reloading
2025-09-27 11:21:35,564 - INFO -  * Restarting with watchdog (windowsapi)
2025-09-27 11:21:35,644 - INFO -  * Restarting with watchdog (windowsapi)
2025-09-27 11:21:37,226 - INFO - Diretório de datasets configurado: C:\Challenge HP\Challenge-HP\datasets_gerados
2025-09-27 11:21:37,261 - WARNING -  * Debugger is active!
2025-09-27 11:21:37,267 - INFO -  * Debugger PIN: 639-855-048
2025-09-27 11:21:37,268 - INFO - Diretório de datasets configurado: C:\Challenge HP\Challenge-HP\datasets_gerados
2025-09-27 11:21:37,313 - WARNING -  * Debugger is active!
2025-09-27 11:21:37,317 - INFO -  * Debugger PIN: 639-855-048
2025-09-27 11:22:06,899 - INFO -  * Detected change in 'C:\\Program Files\\WindowsApps\\PythonSoftwareFoundation.Python.3.12_3.12.2800.0_x64__qbz5n2kfra8p0\\Lib\\shlex.py', reloading
2025-09-27 11:22:07,013 - INFO -  * Detected change in 'C:\\Program Files\\WindowsApps\\PythonSoftwareFoundation.Python.3.12_3.12.2800.0_x64__qbz5n2kfra8p0\\Lib\\xmlrpc\\__init__.py', reloading
2025-09-27 11:22:07,013 - INFO -  * Detected change in 'C:\\Program Files\\WindowsApps\\PythonSoftwareFoundation.Python.3.12_3.12.2800.0_x64__qbz5n2kfra8p0\\Lib\\xmlrpc\\__init__.py', reloading
2025-09-27 11:22:07,021 - INFO -  * Detected change in 'C:\\Program Files\\WindowsApps\\PythonSoftwareFoundation.Python.3.12_3.12.2800.0_x64__qbz5n2kfra8p0\\Lib\\xmlrpc\\client.py', reloading
2025-09-27 11:22:07,021 - INFO -  * Detected change in 'C:\\Program Files\\WindowsApps\\PythonSoftwareFoundation.Python.3.12_3.12.2800.0_x64__qbz5n2kfra8p0\\Lib\\xmlrpc\\client.py', reloading
2025-09-27 11:22:07,036 - INFO -  * Detected change in 'C:\\Program Files\\WindowsApps\\PythonSoftwareFoundation.Python.3.12_3.12.2800.0_x64__qbz5n2kfra8p0\\Lib\\xml\\__init__.py', reloading
2025-09-27 11:22:07,036 - INFO -  * Detected change in 'C:\\Program Files\\WindowsApps\\PythonSoftwareFoundation.Python.3.12_3.12.2800.0_x64__qbz5n2kfra8p0\\Lib\\xml\\__init__.py', reloading
2025-09-27 11:22:07,055 - INFO -  * Detected change in 'C:\\Program Files\\WindowsApps\\PythonSoftwareFoundation.Python.3.12_3.12.2800.0_x64__qbz5n2kfra8p0\\Lib\\xml\\parsers\\__init__.py', reloading
2025-09-27 11:22:07,055 - INFO -  * Detected change in 'C:\\Program Files\\WindowsApps\\PythonSoftwareFoundation.Python.3.12_3.12.2800.0_x64__qbz5n2kfra8p0\\Lib\\xml\\parsers\\__init__.py', reloading
2025-09-27 11:22:07,060 - INFO -  * Detected change in 'C:\\Program Files\\WindowsApps\\PythonSoftwareFoundation.Python.3.12_3.12.2800.0_x64__qbz5n2kfra8p0\\Lib\\xml\\parsers\\expat.py', reloading
2025-09-27 11:22:07,060 - INFO -  * Detected change in 'C:\\Program Files\\WindowsApps\\PythonSoftwareFoundation.Python.3.12_3.12.2800.0_x64__qbz5n2kfra8p0\\Lib\\xml\\parsers\\expat.py', reloading
2025-09-27 11:22:07,078 - INFO -  * Detected change in 'C:\\Program Files\\WindowsApps\\PythonSoftwareFoundation.Python.3.12_3.12.2800.0_x64__qbz5n2kfra8p0\\Lib\\xmlrpc\\server.py', reloading
2025-09-27 11:22:07,078 - INFO -  * Detected change in 'C:\\Program Files\\WindowsApps\\PythonSoftwareFoundation.Python.3.12_3.12.2800.0_x64__qbz5n2kfra8p0\\Lib\\xmlrpc\\server.py', reloading
2025-09-27 11:22:07,219 - INFO -  * Detected change in 'C:\\Program Files\\WindowsApps\\PythonSoftwareFoundation.Python.3.12_3.12.2800.0_x64__qbz5n2kfra8p0\\Lib\\webbrowser.py', reloading
2025-09-27 11:22:07,219 - INFO -  * Detected change in 'C:\\Program Files\\WindowsApps\\PythonSoftwareFoundation.Python.3.12_3.12.2800.0_x64__qbz5n2kfra8p0\\Lib\\webbrowser.py', reloading
2025-09-27 11:22:07,471 - INFO -  * Detected change in 'C:\\Program Files\\WindowsApps\\PythonSoftwareFoundation.Python.3.12_3.12.2800.0_x64__qbz5n2kfra8p0\\Lib\\asyncio\\__init__.py', reloading
2025-09-27 11:22:07,471 - INFO -  * Detected change in 'C:\\Program Files\\WindowsApps\\PythonSoftwareFoundation.Python.3.12_3.12.2800.0_x64__qbz5n2kfra8p0\\Lib\\asyncio\\__init__.py', reloading
2025-09-27 11:22:07,478 - INFO -  * Detected change in 'C:\\Program Files\\WindowsApps\\PythonSoftwareFoundation.Python.3.12_3.12.2800.0_x64__qbz5n2kfra8p0\\Lib\\asyncio\\base_events.py', reloading
2025-09-27 11:22:07,494 - INFO -  * Detected change in 'C:\\Program Files\\WindowsApps\\PythonSoftwareFoundation.Python.3.12_3.12.2800.0_x64__qbz5n2kfra8p0\\Lib\\concurrent\\futures\\__init__.py', reloading
2025-09-27 11:22:07,495 - INFO -  * Detected change in 'C:\\Program Files\\WindowsApps\\PythonSoftwareFoundation.Python.3.12_3.12.2800.0_x64__qbz5n2kfra8p0\\Lib\\concurrent\\futures\\__init__.py', reloading
2025-09-27 11:22:07,501 - INFO -  * Detected change in 'C:\\Program Files\\WindowsApps\\PythonSoftwareFoundation.Python.3.12_3.12.2800.0_x64__qbz5n2kfra8p0\\Lib\\concurrent\\futures\\_base.py', reloading
2025-09-27 11:22:07,511 - INFO -  * Detected change in 'C:\\Program Files\\WindowsApps\\PythonSoftwareFoundation.Python.3.12_3.12.2800.0_x64__qbz5n2kfra8p0\\Lib\\asyncio\\constants.py', reloading
2025-09-27 11:22:07,516 - INFO -  * Detected change in 'C:\\Program Files\\WindowsApps\\PythonSoftwareFoundation.Python.3.12_3.12.2800.0_x64__qbz5n2kfra8p0\\Lib\\asyncio\\coroutines.py', reloading
2025-09-27 11:22:07,521 - INFO -  * Detected change in 'C:\\Program Files\\WindowsApps\\PythonSoftwareFoundation.Python.3.12_3.12.2800.0_x64__qbz5n2kfra8p0\\Lib\\asyncio\\events.py', reloading
2025-09-27 11:22:07,521 - INFO -  * Detected change in 'C:\\Program Files\\WindowsApps\\PythonSoftwareFoundation.Python.3.12_3.12.2800.0_x64__qbz5n2kfra8p0\\Lib\\asyncio\\events.py', reloading
2025-09-27 11:22:07,524 - INFO -  * Detected change in 'C:\\Program Files\\WindowsApps\\PythonSoftwareFoundation.Python.3.12_3.12.2800.0_x64__qbz5n2kfra8p0\\Lib\\asyncio\\format_helpers.py', reloading
2025-09-27 11:22:07,524 - INFO -  * Detected change in 'C:\\Program Files\\WindowsApps\\PythonSoftwareFoundation.Python.3.12_3.12.2800.0_x64__qbz5n2kfra8p0\\Lib\\asyncio\\format_helpers.py', reloading
2025-09-27 11:22:07,539 - INFO -  * Detected change in 'C:\\Program Files\\WindowsApps\\PythonSoftwareFoundation.Python.3.12_3.12.2800.0_x64__qbz5n2kfra8p0\\Lib\\asyncio\\base_futures.py', reloading
2025-09-27 11:22:07,539 - INFO -  * Detected change in 'C:\\Program Files\\WindowsApps\\PythonSoftwareFoundation.Python.3.12_3.12.2800.0_x64__qbz5n2kfra8p0\\Lib\\asyncio\\base_futures.py', reloading
2025-09-27 11:22:07,548 - INFO -  * Detected change in 'C:\\Program Files\\WindowsApps\\PythonSoftwareFoundation.Python.3.12_3.12.2800.0_x64__qbz5n2kfra8p0\\Lib\\asyncio\\exceptions.py', reloading
2025-09-27 11:22:07,548 - INFO -  * Detected change in 'C:\\Program Files\\WindowsApps\\PythonSoftwareFoundation.Python.3.12_3.12.2800.0_x64__qbz5n2kfra8p0\\Lib\\asyncio\\exceptions.py', reloading
2025-09-27 11:22:07,556 - INFO -  * Detected change in 'C:\\Program Files\\WindowsApps\\PythonSoftwareFoundation.Python.3.12_3.12.2800.0_x64__qbz5n2kfra8p0\\Lib\\asyncio\\base_tasks.py', reloading
2025-09-27 11:22:07,556 - INFO -  * Detected change in 'C:\\Program Files\\WindowsApps\\PythonSoftwareFoundation.Python.3.12_3.12.2800.0_x64__qbz5n2kfra8p0\\Lib\\asyncio\\base_tasks.py', reloading
2025-09-27 11:22:07,565 - INFO -  * Detected change in 'C:\\Program Files\\WindowsApps\\PythonSoftwareFoundation.Python.3.12_3.12.2800.0_x64__qbz5n2kfra8p0\\Lib\\asyncio\\futures.py', reloading
2025-09-27 11:22:07,565 - INFO -  * Detected change in 'C:\\Program Files\\WindowsApps\\PythonSoftwareFoundation.Python.3.12_3.12.2800.0_x64__qbz5n2kfra8p0\\Lib\\asyncio\\futures.py', reloading
2025-09-27 11:22:07,570 - INFO -  * Detected change in 'C:\\Program Files\\WindowsApps\\PythonSoftwareFoundation.Python.3.12_3.12.2800.0_x64__qbz5n2kfra8p0\\Lib\\asyncio\\protocols.py', reloading
2025-09-27 11:22:07,574 - INFO -  * Detected change in 'C:\\Program Files\\WindowsApps\\PythonSoftwareFoundation.Python.3.12_3.12.2800.0_x64__qbz5n2kfra8p0\\Lib\\asyncio\\sslproto.py', reloading
2025-09-27 11:22:07,574 - INFO -  * Detected change in 'C:\\Program Files\\WindowsApps\\PythonSoftwareFoundation.Python.3.12_3.12.2800.0_x64__qbz5n2kfra8p0\\Lib\\asyncio\\sslproto.py', reloading
2025-09-27 11:22:07,577 - INFO -  * Detected change in 'C:\\Program Files\\WindowsApps\\PythonSoftwareFoundation.Python.3.12_3.12.2800.0_x64__qbz5n2kfra8p0\\Lib\\asyncio\\transports.py', reloading
2025-09-27 11:22:07,582 - INFO -  * Detected change in 'C:\\Program Files\\WindowsApps\\PythonSoftwareFoundation.Python.3.12_3.12.2800.0_x64__qbz5n2kfra8p0\\Lib\\asyncio\\log.py', reloading
2025-09-27 11:22:07,588 - INFO -  * Detected change in 'C:\\Program Files\\WindowsApps\\PythonSoftwareFoundation.Python.3.12_3.12.2800.0_x64__qbz5n2kfra8p0\\Lib\\asyncio\\staggered.py', reloading
2025-09-27 11:22:07,588 - INFO -  * Detected change in 'C:\\Program Files\\WindowsApps\\PythonSoftwareFoundation.Python.3.12_3.12.2800.0_x64__qbz5n2kfra8p0\\Lib\\asyncio\\staggered.py', reloading
2025-09-27 11:22:07,594 - INFO -  * Detected change in 'C:\\Program Files\\WindowsApps\\PythonSoftwareFoundation.Python.3.12_3.12.2800.0_x64__qbz5n2kfra8p0\\Lib\\asyncio\\locks.py', reloading
2025-09-27 11:22:07,594 - INFO -  * Detected change in 'C:\\Program Files\\WindowsApps\\PythonSoftwareFoundation.Python.3.12_3.12.2800.0_x64__qbz5n2kfra8p0\\Lib\\asyncio\\locks.py', reloading
2025-09-27 11:22:07,603 - INFO -  * Detected change in 'C:\\Program Files\\WindowsApps\\PythonSoftwareFoundation.Python.3.12_3.12.2800.0_x64__qbz5n2kfra8p0\\Lib\\asyncio\\mixins.py', reloading
2025-09-27 11:22:07,603 - INFO -  * Detected change in 'C:\\Program Files\\WindowsApps\\PythonSoftwareFoundation.Python.3.12_3.12.2800.0_x64__qbz5n2kfra8p0\\Lib\\asyncio\\mixins.py', reloading
2025-09-27 11:22:07,607 - INFO -  * Detected change in 'C:\\Program Files\\WindowsApps\\PythonSoftwareFoundation.Python.3.12_3.12.2800.0_x64__qbz5n2kfra8p0\\Lib\\asyncio\\tasks.py', reloading
2025-09-27 11:22:07,607 - INFO -  * Detected change in 'C:\\Program Files\\WindowsApps\\PythonSoftwareFoundation.Python.3.12_3.12.2800.0_x64__qbz5n2kfra8p0\\Lib\\asyncio\\tasks.py', reloading
2025-09-27 11:22:07,611 - INFO -  * Detected change in 'C:\\Program Files\\WindowsApps\\PythonSoftwareFoundation.Python.3.12_3.12.2800.0_x64__qbz5n2kfra8p0\\Lib\\asyncio\\timeouts.py', reloading
2025-09-27 11:22:07,612 - INFO -  * Detected change in 'C:\\Program Files\\WindowsApps\\PythonSoftwareFoundation.Python.3.12_3.12.2800.0_x64__qbz5n2kfra8p0\\Lib\\asyncio\\timeouts.py', reloading
2025-09-27 11:22:07,616 - INFO -  * Detected change in 'C:\\Program Files\\WindowsApps\\PythonSoftwareFoundation.Python.3.12_3.12.2800.0_x64__qbz5n2kfra8p0\\Lib\\asyncio\\trsock.py', reloading
2025-09-27 11:22:07,617 - INFO -  * Detected change in 'C:\\Program Files\\WindowsApps\\PythonSoftwareFoundation.Python.3.12_3.12.2800.0_x64__qbz5n2kfra8p0\\Lib\\asyncio\\trsock.py', reloading
2025-09-27 11:22:07,625 - INFO -  * Detected change in 'C:\\Program Files\\WindowsApps\\PythonSoftwareFoundation.Python.3.12_3.12.2800.0_x64__qbz5n2kfra8p0\\Lib\\asyncio\\runners.py', reloading
2025-09-27 11:22:07,630 - INFO -  * Detected change in 'C:\\Program Files\\WindowsApps\\PythonSoftwareFoundation.Python.3.12_3.12.2800.0_x64__qbz5n2kfra8p0\\Lib\\asyncio\\queues.py', reloading
2025-09-27 11:22:07,630 - INFO -  * Detected change in 'C:\\Program Files\\WindowsApps\\PythonSoftwareFoundation.Python.3.12_3.12.2800.0_x64__qbz5n2kfra8p0\\Lib\\asyncio\\queues.py', reloading
2025-09-27 11:22:07,637 - INFO -  * Detected change in 'C:\\Program Files\\WindowsApps\\PythonSoftwareFoundation.Python.3.12_3.12.2800.0_x64__qbz5n2kfra8p0\\Lib\\asyncio\\streams.py', reloading
2025-09-27 11:22:07,637 - INFO -  * Detected change in 'C:\\Program Files\\WindowsApps\\PythonSoftwareFoundation.Python.3.12_3.12.2800.0_x64__qbz5n2kfra8p0\\Lib\\asyncio\\streams.py', reloading
2025-09-27 11:22:07,645 - INFO -  * Detected change in 'C:\\Program Files\\WindowsApps\\PythonSoftwareFoundation.Python.3.12_3.12.2800.0_x64__qbz5n2kfra8p0\\Lib\\asyncio\\subprocess.py', reloading
2025-09-27 11:22:07,645 - INFO -  * Detected change in 'C:\\Program Files\\WindowsApps\\PythonSoftwareFoundation.Python.3.12_3.12.2800.0_x64__qbz5n2kfra8p0\\Lib\\asyncio\\subprocess.py', reloading
2025-09-27 11:22:07,650 - INFO -  * Detected change in 'C:\\Program Files\\WindowsApps\\PythonSoftwareFoundation.Python.3.12_3.12.2800.0_x64__qbz5n2kfra8p0\\Lib\\asyncio\\taskgroups.py', reloading
2025-09-27 11:22:07,650 - INFO -  * Detected change in 'C:\\Program Files\\WindowsApps\\PythonSoftwareFoundation.Python.3.12_3.12.2800.0_x64__qbz5n2kfra8p0\\Lib\\asyncio\\taskgroups.py', reloading
2025-09-27 11:22:07,655 - INFO -  * Detected change in 'C:\\Program Files\\WindowsApps\\PythonSoftwareFoundation.Python.3.12_3.12.2800.0_x64__qbz5n2kfra8p0\\Lib\\asyncio\\threads.py', reloading
2025-09-27 11:22:07,655 - INFO -  * Detected change in 'C:\\Program Files\\WindowsApps\\PythonSoftwareFoundation.Python.3.12_3.12.2800.0_x64__qbz5n2kfra8p0\\Lib\\asyncio\\threads.py', reloading
2025-09-27 11:22:07,660 - INFO -  * Detected change in 'C:\\Program Files\\WindowsApps\\PythonSoftwareFoundation.Python.3.12_3.12.2800.0_x64__qbz5n2kfra8p0\\Lib\\asyncio\\windows_events.py', reloading
2025-09-27 11:22:07,660 - INFO -  * Detected change in 'C:\\Program Files\\WindowsApps\\PythonSoftwareFoundation.Python.3.12_3.12.2800.0_x64__qbz5n2kfra8p0\\Lib\\asyncio\\windows_events.py', reloading
2025-09-27 11:22:07,671 - INFO -  * Detected change in 'C:\\Program Files\\WindowsApps\\PythonSoftwareFoundation.Python.3.12_3.12.2800.0_x64__qbz5n2kfra8p0\\Lib\\asyncio\\base_subprocess.py', reloading
2025-09-27 11:22:07,671 - INFO -  * Detected change in 'C:\\Program Files\\WindowsApps\\PythonSoftwareFoundation.Python.3.12_3.12.2800.0_x64__qbz5n2kfra8p0\\Lib\\asyncio\\base_subprocess.py', reloading
2025-09-27 11:22:07,873 - INFO -  * Restarting with watchdog (windowsapi)
2025-09-27 11:22:07,879 - INFO -  * Restarting with watchdog (windowsapi)
2025-09-27 11:22:10,052 - INFO - Diretório de datasets configurado: C:\Challenge HP\Challenge-HP\datasets_gerados
2025-09-27 11:22:10,080 - WARNING -  * Debugger is active!
2025-09-27 11:22:10,089 - INFO -  * Debugger PIN: 639-855-048
2025-09-27 11:22:10,106 - INFO - Diretório de datasets configurado: C:\Challenge HP\Challenge-HP\datasets_gerados
2025-09-27 11:22:10,135 - WARNING -  * Debugger is active!
2025-09-27 11:22:10,139 - INFO -  * Debugger PIN: 639-855-048
2025-09-27 11:22:14,570 - INFO -  * Detected change in 'C:\\Program Files\\WindowsApps\\PythonSoftwareFoundation.Python.3.12_3.12.2800.0_x64__qbz5n2kfra8p0\\Lib\\email\\mime\\base.py', reloading
2025-09-27 11:22:14,570 - INFO -  * Detected change in 'C:\\Program Files\\WindowsApps\\PythonSoftwareFoundation.Python.3.12_3.12.2800.0_x64__qbz5n2kfra8p0\\Lib\\email\\mime\\base.py', reloading
2025-09-27 11:22:14,571 - INFO -  * Detected change in 'C:\\Program Files\\WindowsApps\\PythonSoftwareFoundation.Python.3.12_3.12.2800.0_x64__qbz5n2kfra8p0\\Lib\\email\\policy.py', reloading
2025-09-27 11:22:14,572 - INFO -  * Detected change in 'C:\\Program Files\\WindowsApps\\PythonSoftwareFoundation.Python.3.12_3.12.2800.0_x64__qbz5n2kfra8p0\\Lib\\email\\policy.py', reloading
2025-09-27 11:22:14,574 - INFO -  * Detected change in 'C:\\Program Files\\WindowsApps\\PythonSoftwareFoundation.Python.3.12_3.12.2800.0_x64__qbz5n2kfra8p0\\Lib\\email\\headerregistry.py', reloading
2025-09-27 11:22:14,578 - INFO -  * Detected change in 'C:\\Program Files\\WindowsApps\\PythonSoftwareFoundation.Python.3.12_3.12.2800.0_x64__qbz5n2kfra8p0\\Lib\\email\\_header_value_parser.py', reloading
2025-09-27 11:22:14,586 - INFO -  * Detected change in 'C:\\Program Files\\WindowsApps\\PythonSoftwareFoundation.Python.3.12_3.12.2800.0_x64__qbz5n2kfra8p0\\Lib\\email\\contentmanager.py', reloading
2025-09-27 11:22:14,586 - INFO -  * Detected change in 'C:\\Program Files\\WindowsApps\\PythonSoftwareFoundation.Python.3.12_3.12.2800.0_x64__qbz5n2kfra8p0\\Lib\\email\\contentmanager.py', reloading
2025-09-27 11:22:14,589 - INFO -  * Detected change in 'C:\\Program Files\\WindowsApps\\PythonSoftwareFoundation.Python.3.12_3.12.2800.0_x64__qbz5n2kfra8p0\\Lib\\email\\mime\\multipart.py', reloading
2025-09-27 11:22:14,601 - INFO -  * Detected change in 'C:\\Program Files\\WindowsApps\\PythonSoftwareFoundation.Python.3.12_3.12.2800.0_x64__qbz5n2kfra8p0\\Lib\\email\\mime\\nonmultipart.py', reloading
2025-09-27 11:22:14,606 - INFO -  * Detected change in 'C:\\Program Files\\WindowsApps\\PythonSoftwareFoundation.Python.3.12_3.12.2800.0_x64__qbz5n2kfra8p0\\Lib\\email\\mime\\text.py', reloading
2025-09-27 11:22:14,606 - INFO -  * Detected change in 'C:\\Program Files\\WindowsApps\\PythonSoftwareFoundation.Python.3.12_3.12.2800.0_x64__qbz5n2kfra8p0\\Lib\\email\\mime\\text.py', reloading
2025-09-27 11:22:14,620 - INFO -  * Detected change in 'C:\\Program Files\\WindowsApps\\PythonSoftwareFoundation.Python.3.12_3.12.2800.0_x64__qbz5n2kfra8p0\\Lib\\ftplib.py', reloading
2025-09-27 11:22:14,621 - INFO -  * Detected change in 'C:\\Program Files\\WindowsApps\\PythonSoftwareFoundation.Python.3.12_3.12.2800.0_x64__qbz5n2kfra8p0\\Lib\\ftplib.py', reloading
2025-09-27 11:22:15,040 - INFO -  * Restarting with watchdog (windowsapi)
2025-09-27 11:22:15,046 - INFO -  * Restarting with watchdog (windowsapi)
2025-09-27 11:22:17,100 - INFO - Diretório de datasets configurado: C:\Challenge HP\Challenge-HP\datasets_gerados
2025-09-27 11:22:17,104 - INFO - Diretório de datasets configurado: C:\Challenge HP\Challenge-HP\datasets_gerados
2025-09-27 11:22:17,132 - WARNING -  * Debugger is active!
2025-09-27 11:22:17,135 - WARNING -  * Debugger is active!
2025-09-27 11:22:17,139 - INFO -  * Debugger PIN: 639-855-048
2025-09-27 11:22:19,158 - INFO -  * Detected change in 'C:\\Program Files\\WindowsApps\\PythonSoftwareFoundation.Python.3.12_3.12.2800.0_x64__qbz5n2kfra8p0\\Lib\\encodings\\charmap.py', reloading
2025-09-27 11:22:19,158 - INFO -  * Detected change in 'C:\\Program Files\\WindowsApps\\PythonSoftwareFoundation.Python.3.12_3.12.2800.0_x64__qbz5n2kfra8p0\\Lib\\encodings\\charmap.py', reloading
2025-09-27 11:22:19,541 - INFO -  * Restarting with watchdog (windowsapi)
2025-09-27 11:22:19,555 - INFO -  * Restarting with watchdog (windowsapi)
2025-09-27 11:22:21,519 - INFO - Diretório de datasets configurado: C:\Challenge HP\Challenge-HP\datasets_gerados
2025-09-27 11:22:21,535 - INFO - Diretório de datasets configurado: C:\Challenge HP\Challenge-HP\datasets_gerados
2025-09-27 11:22:21,549 - WARNING -  * Debugger is active!
2025-09-27 11:22:21,557 - INFO -  * Debugger PIN: 639-855-048
2025-09-27 11:22:21,570 - WARNING -  * Debugger is active!
2025-09-27 11:22:21,574 - INFO -  * Debugger PIN: 639-855-048
2025-09-27 11:23:21,595 - INFO -  * Detected change in 'C:\\Challenge HP\\Challenge-HP\\src\\core\\app.py', reloading
2025-09-27 11:23:21,595 - INFO -  * Detected change in 'C:\\Challenge HP\\Challenge-HP\\src\\core\\app.py', reloading
2025-09-27 11:23:21,596 - INFO -  * Detected change in 'C:\\Challenge HP\\Challenge-HP\\src\\core\\app.py', reloading
2025-09-27 11:23:21,598 - INFO -  * Detected change in 'C:\\Challenge HP\\Challenge-HP\\src\\core\\app.py', reloading
2025-09-27 11:23:22,138 - INFO -  * Restarting with watchdog (windowsapi)
2025-09-27 11:23:22,217 - INFO -  * Restarting with watchdog (windowsapi)
2025-09-27 11:23:23,283 - INFO - Diretório de datasets configurado: C:\Challenge HP\Challenge-HP\datasets_gerados
2025-09-27 11:23:23,313 - WARNING -  * Debugger is active!
2025-09-27 11:23:23,318 - INFO -  * Debugger PIN: 639-855-048
2025-09-27 11:23:23,348 - INFO - Diretório de datasets configurado: C:\Challenge HP\Challenge-HP\datasets_gerados
2025-09-27 11:23:23,383 - WARNING -  * Debugger is active!
2025-09-27 11:23:23,387 - INFO -  * Debugger PIN: 639-855-048
2025-09-27 11:24:17,169 - INFO -  * Detected change in 'C:\\Challenge HP\\Challenge-HP\\src\\core\\app.py', reloading
2025-09-27 11:24:17,169 - INFO -  * Detected change in 'C:\\Challenge HP\\Challenge-HP\\src\\core\\app.py', reloading
2025-09-27 11:24:17,169 - INFO -  * Detected change in 'C:\\Challenge HP\\Challenge-HP\\src\\core\\app.py', reloading
2025-09-27 11:24:17,169 - INFO -  * Detected change in 'C:\\Challenge HP\\Challenge-HP\\src\\core\\app.py', reloading
2025-09-27 11:24:17,667 - INFO -  * Restarting with watchdog (windowsapi)
2025-09-27 11:24:17,698 - INFO -  * Restarting with watchdog (windowsapi)
2025-09-27 11:24:18,786 - INFO - Diretório de datasets configurado: C:\Challenge HP\Challenge-HP\datasets_gerados
2025-09-27 11:24:18,799 - INFO - Diretório de datasets configurado: C:\Challenge HP\Challenge-HP\datasets_gerados
2025-09-27 11:24:18,813 - WARNING -  * Debugger is active!
2025-09-27 11:24:18,816 - INFO -  * Debugger PIN: 639-855-048
2025-09-27 11:24:18,839 - WARNING -  * Debugger is active!
2025-09-27 11:24:18,843 - INFO -  * Debugger PIN: 639-855-048
2025-09-27 11:24:24,411 - INFO -  * Detected change in 'C:\\Challenge HP\\Challenge-HP\\src\\core\\app.py', reloading
2025-09-27 11:24:24,411 - INFO -  * Detected change in 'C:\\Challenge HP\\Challenge-HP\\src\\core\\app.py', reloading
2025-09-27 11:24:24,413 - INFO -  * Detected change in 'C:\\Challenge HP\\Challenge-HP\\src\\core\\app.py', reloading
2025-09-27 11:24:24,414 - INFO -  * Detected change in 'C:\\Challenge HP\\Challenge-HP\\src\\core\\app.py', reloading
2025-09-27 11:24:25,123 - INFO -  * Restarting with watchdog (windowsapi)
2025-09-27 11:24:25,150 - INFO -  * Restarting with watchdog (windowsapi)
2025-09-27 11:24:26,216 - INFO - Diretório de datasets configurado: C:\Challenge HP\Challenge-HP\datasets_gerados
2025-09-27 11:24:26,234 - INFO - Diretório de datasets configurado: C:\Challenge HP\Challenge-HP\datasets_gerados
2025-09-27 11:24:26,248 - WARNING -  * Debugger is active!
2025-09-27 11:24:26,251 - INFO -  * Debugger PIN: 639-855-048
2025-09-27 11:24:26,279 - WARNING -  * Debugger is active!
2025-09-27 11:24:26,284 - INFO -  * Debugger PIN: 639-855-048
2025-09-27 11:24:58,867 - INFO -  * Detected change in 'C:\\Challenge HP\\Challenge-HP\\src\\core\\app.py', reloading
2025-09-27 11:24:58,867 - INFO -  * Detected change in 'C:\\Challenge HP\\Challenge-HP\\src\\core\\app.py', reloading
2025-09-27 11:24:58,868 - INFO -  * Detected change in 'C:\\Challenge HP\\Challenge-HP\\src\\core\\app.py', reloading
2025-09-27 11:24:58,869 - INFO -  * Detected change in 'C:\\Challenge HP\\Challenge-HP\\src\\core\\app.py', reloading
2025-09-27 11:24:59,281 - INFO -  * Restarting with watchdog (windowsapi)
2025-09-27 11:24:59,291 - INFO -  * Restarting with watchdog (windowsapi)
2025-09-27 11:25:00,417 - INFO - Diretório de datasets configurado: C:\Challenge HP\Challenge-HP\datasets_gerados
2025-09-27 11:25:00,437 - INFO - Diretório de datasets configurado: C:\Challenge HP\Challenge-HP\datasets_gerados
2025-09-27 11:25:00,446 - WARNING -  * Debugger is active!
2025-09-27 11:25:00,449 - INFO -  * Debugger PIN: 639-855-048
2025-09-27 11:25:00,479 - WARNING -  * Debugger is active!
2025-09-27 11:25:00,482 - INFO -  * Debugger PIN: 639-855-048
2025-09-27 11:25:46,482 - INFO -  * Detected change in 'C:\\Challenge HP\\Challenge-HP\\src\\core\\app.py', reloading
2025-09-27 11:25:46,483 - INFO -  * Detected change in 'C:\\Challenge HP\\Challenge-HP\\src\\core\\app.py', reloading
2025-09-27 11:25:46,499 - INFO -  * Detected change in 'C:\\Challenge HP\\Challenge-HP\\src\\core\\app.py', reloading
2025-09-27 11:25:46,500 - INFO -  * Detected change in 'C:\\Challenge HP\\Challenge-HP\\src\\core\\app.py', reloading
2025-09-27 11:25:46,500 - INFO -  * Detected change in 'C:\\Challenge HP\\Challenge-HP\\src\\core\\app.py', reloading
2025-09-27 11:25:46,842 - INFO -  * Restarting with watchdog (windowsapi)
2025-09-27 11:25:46,849 - INFO -  * Restarting with watchdog (windowsapi)
2025-09-27 11:25:47,991 - INFO - Diretório de datasets configurado: C:\Challenge HP\Challenge-HP\datasets_gerados
2025-09-27 11:25:47,994 - INFO - Diretório de datasets configurado: C:\Challenge HP\Challenge-HP\datasets_gerados
2025-09-27 11:25:48,021 - WARNING -  * Debugger is active!
2025-09-27 11:25:48,026 - INFO -  * Debugger PIN: 639-855-048
2025-09-27 11:25:48,027 - WARNING -  * Debugger is active!
2025-09-27 11:25:48,030 - INFO -  * Debugger PIN: 639-855-048
2025-09-27 11:25:57,031 - INFO -  * Detected change in 'C:\\Challenge HP\\Challenge-HP\\src\\core\\app.py', reloading
2025-09-27 11:25:57,031 - INFO -  * Detected change in 'C:\\Challenge HP\\Challenge-HP\\src\\core\\app.py', reloading
2025-09-27 11:25:57,032 - INFO -  * Detected change in 'C:\\Challenge HP\\Challenge-HP\\src\\core\\app.py', reloading
2025-09-27 11:25:57,032 - INFO -  * Detected change in 'C:\\Challenge HP\\Challenge-HP\\src\\core\\app.py', reloading
2025-09-27 11:25:57,032 - INFO -  * Detected change in 'C:\\Challenge HP\\Challenge-HP\\src\\core\\app.py', reloading
2025-09-27 11:25:57,033 - INFO -  * Detected change in 'C:\\Challenge HP\\Challenge-HP\\src\\core\\app.py', reloading
2025-09-27 11:25:57,439 - INFO -  * Restarting with watchdog (windowsapi)
2025-09-27 11:25:57,446 - INFO -  * Restarting with watchdog (windowsapi)
2025-09-27 11:25:58,555 - INFO - Diretório de datasets configurado: C:\Challenge HP\Challenge-HP\datasets_gerados
2025-09-27 11:25:58,571 - INFO - Diretório de datasets configurado: C:\Challenge HP\Challenge-HP\datasets_gerados
2025-09-27 11:25:58,602 - WARNING -  * Debugger is active!
2025-09-27 11:25:58,604 - WARNING -  * Debugger is active!
2025-09-27 11:25:58,608 - INFO -  * Debugger PIN: 639-855-048
2025-09-27 11:25:58,609 - INFO -  * Debugger PIN: 639-855-048
2025-09-27 11:26:03,144 - INFO -  * Detected change in 'C:\\Challenge HP\\Challenge-HP\\src\\core\\app.py', reloading
2025-09-27 11:26:03,145 - INFO -  * Detected change in 'C:\\Challenge HP\\Challenge-HP\\src\\core\\app.py', reloading
2025-09-27 11:26:03,148 - INFO -  * Detected change in 'C:\\Challenge HP\\Challenge-HP\\src\\core\\app.py', reloading
2025-09-27 11:26:03,148 - INFO -  * Detected change in 'C:\\Challenge HP\\Challenge-HP\\src\\core\\app.py', reloading
2025-09-27 11:26:03,960 - INFO -  * Restarting with watchdog (windowsapi)
2025-09-27 11:26:03,972 - INFO -  * Restarting with watchdog (windowsapi)
2025-09-27 11:26:05,114 - INFO - Diretório de datasets configurado: C:\Challenge HP\Challenge-HP\datasets_gerados
2025-09-27 11:26:05,117 - INFO - Diretório de datasets configurado: C:\Challenge HP\Challenge-HP\datasets_gerados
2025-09-27 11:26:05,163 - WARNING -  * Debugger is active!
2025-09-27 11:26:05,163 - WARNING -  * Debugger is active!
2025-09-27 11:26:05,167 - INFO -  * Debugger PIN: 639-855-048
2025-09-27 11:26:05,168 - INFO -  * Debugger PIN: 639-855-048
2025-09-27 11:27:37,818 - INFO -  * Detected change in 'C:\\Challenge HP\\Challenge-HP\\src\\spiders\\mercadolivre_spider.py', reloading
2025-09-27 11:27:37,818 - INFO -  * Detected change in 'C:\\Challenge HP\\Challenge-HP\\src\\spiders\\mercadolivre_spider.py', reloading
2025-09-27 11:27:37,820 - INFO -  * Detected change in 'C:\\Challenge HP\\Challenge-HP\\src\\core\\app.py', reloading
2025-09-27 11:27:37,821 - INFO -  * Detected change in 'C:\\Challenge HP\\Challenge-HP\\src\\core\\app.py', reloading
2025-09-27 11:27:37,821 - INFO -  * Detected change in 'C:\\Challenge HP\\Challenge-HP\\src\\core\\app.py', reloading
2025-09-27 11:27:37,822 - INFO -  * Detected change in 'C:\\Challenge HP\\Challenge-HP\\src\\core\\app.py', reloading
2025-09-27 11:27:37,822 - INFO -  * Detected change in 'C:\\Challenge HP\\Challenge-HP\\src\\core\\app.py', reloading
2025-09-27 11:27:37,823 - INFO -  * Detected change in 'C:\\Challenge HP\\Challenge-HP\\src\\spiders\\mercadolivre_spider.py', reloading
2025-09-27 11:27:37,823 - INFO -  * Detected change in 'C:\\Challenge HP\\Challenge-HP\\src\\core\\app.py', reloading
2025-09-27 11:27:37,824 - INFO -  * Detected change in 'C:\\Challenge HP\\Challenge-HP\\src\\spiders\\mercadolivre_spider.py', reloading
2025-09-27 11:27:38,344 - INFO -  * Restarting with watchdog (windowsapi)
2025-09-27 11:27:38,367 - INFO -  * Restarting with watchdog (windowsapi)
2025-09-27 11:27:39,907 - INFO - Diretório de datasets configurado: C:\Challenge HP\Challenge-HP\datasets_gerados
2025-09-27 11:27:39,915 - INFO - Diretório de datasets configurado: C:\Challenge HP\Challenge-HP\datasets_gerados
2025-09-27 11:27:39,957 - WARNING -  * Debugger is active!
2025-09-27 11:27:39,961 - WARNING -  * Debugger is active!
2025-09-27 11:27:39,967 - INFO -  * Debugger PIN: 639-855-048
2025-09-27 11:27:39,968 - INFO -  * Debugger PIN: 639-855-048
2025-09-27 11:27:48,955 - INFO -  * Detected change in 'C:\\Program Files\\WindowsApps\\PythonSoftwareFoundation.Python.3.12_3.12.2800.0_x64__qbz5n2kfra8p0\\Lib\\encodings\\unicode_escape.py', reloading
2025-09-27 11:27:48,960 - INFO -  * Detected change in 'C:\\Program Files\\WindowsApps\\PythonSoftwareFoundation.Python.3.12_3.12.2800.0_x64__qbz5n2kfra8p0\\Lib\\encodings\\unicode_escape.py', reloading
2025-09-27 11:27:48,969 - INFO - 192.168.100.14 - - [27/Sep/2025 11:27:48] "GET / HTTP/1.1" 200 -
2025-09-27 11:27:49,191 - INFO - 192.168.100.14 - - [27/Sep/2025 11:27:49] "[36mGET /static/style.css HTTP/1.1[0m" 304 -
2025-09-27 11:27:49,488 - INFO -  * Restarting with watchdog (windowsapi)
2025-09-27 11:27:49,507 - INFO -  * Restarting with watchdog (windowsapi)
2025-09-27 11:27:54,720 - INFO - Diretório de datasets configurado: C:\Challenge HP\Challenge-HP\datasets_gerados
2025-09-27 11:27:54,720 - INFO - Diretório de datasets configurado: C:\Challenge HP\Challenge-HP\datasets_gerados
2025-09-27 11:27:55,033 - WARNING -  * Debugger is active!
2025-09-27 11:27:55,033 - WARNING -  * Debugger is active!
2025-09-27 11:27:55,036 - INFO -  * Debugger PIN: 639-855-048
2025-09-27 11:27:55,037 - INFO -  * Debugger PIN: 639-855-048
2025-09-27 11:27:55,268 - INFO - 192.168.100.14 - - [27/Sep/2025 11:27:55] "GET /api/jobs HTTP/1.1" 200 -
2025-09-27 11:27:55,274 - INFO - 192.168.100.14 - - [27/Sep/2025 11:27:55] "GET /api/datasets HTTP/1.1" 200 -
2025-09-27 11:27:55,400 - INFO - 192.168.100.14 - - [27/Sep/2025 11:27:55] "GET /scraping HTTP/1.1" 200 -
2025-09-27 11:27:55,502 - INFO - 192.168.100.14 - - [27/Sep/2025 11:27:55] "[36mGET /static/style.css HTTP/1.1[0m" 304 -
2025-09-27 11:28:13,785 - INFO - Job 86b179ef: Iniciando coleta de produtos
2025-09-27 11:28:13,787 - INFO - 192.168.100.14 - - [27/Sep/2025 11:28:13] "[32mPOST /web/scraping/start HTTP/1.1[0m" 302 -
2025-09-27 11:28:13,785 - INFO - Iniciando scraping para: cartucho hp 664
2025-09-27 11:28:13,787 - INFO - Parâmetros: max_items=10, images=True, sort=relevance
2025-09-27 11:28:13,787 - INFO - Extração detalhada: ATIVADA
2025-09-27 11:28:13,836 - INFO - 192.168.100.14 - - [27/Sep/2025 11:28:13] "GET /jobs HTTP/1.1" 200 -
2025-09-27 11:28:13,903 - INFO - 192.168.100.14 - - [27/Sep/2025 11:28:13] "[36mGET /static/style.css HTTP/1.1[0m" 304 -
2025-09-27 11:28:24,883 - INFO - 192.168.100.14 - - [27/Sep/2025 11:28:24] "GET /jobs HTTP/1.1" 200 -
2025-09-27 11:28:24,902 - INFO - 192.168.100.14 - - [27/Sep/2025 11:28:24] "[36mGET /static/style.css HTTP/1.1[0m" 304 -
2025-09-27 11:28:34,202 - INFO - Executando extração detalhada para todos os produtos...
2025-09-27 11:28:34,202 - INFO - Executando extração detalhada aprimorada para 10 produtos...
2025-09-27 11:28:34,202 - INFO - Extração detalhada 1/10: https://www.mercadolivre.com.br/cartucho-de-tinta-preta-hp-advantage-664-de-2-ml/p/MLB36751629#polyc...
2025-09-27 11:28:34,903 - INFO - Spider initialized for query='dummy', sort_by='relevance', condition='all', max_items=0. Start URL: https://lista.mercadolivre.com.br/dummy?sb=all_mercadolibre#D[A:dummy]
2025-09-27 11:28:34,913 - INFO - Dados estruturados JSON-LD encontrados: Cartucho de tinta preta HP Advantage 664 de 2 ml
2025-09-27 11:28:34,914 - INFO - Event data encontrados: seller=Eshop, reviews={'qualitative_attributes': [], 'attributes_quantity': 5, 'count': 4931, 'reviews_with_comment': 858, 'pictures_quantity': 41, 'rate': 4.7, 'summary': {'status': 'inactive', 'prompt_version': 3, 'ai_model': 'gpt-4-turbo-mercado', 'last_updated': '2025-09-23T14:00:30Z', 'build_version': 'IwdkzSxDp0z4JFxR6U9Sm63l1ORwowFY5KkYGzDGH4M=', 'likes': 0, 'valorization': 0}}
2025-09-27 11:28:34,943 - INFO - Reviews extraídos: rating=4.7, count=4931
2025-09-27 11:28:34,943 - INFO - Extração detalhada concluída para: Cartucho de tinta preta HP Advantage 664 de 2 ml
2025-09-27 11:28:34,944 - INFO -   [OK] Extração detalhada concluída: Cartucho de tinta preta HP Advantage 664 de 2 ml
2025-09-27 11:28:35,877 - INFO - 192.168.100.14 - - [27/Sep/2025 11:28:35] "GET /jobs HTTP/1.1" 200 -
2025-09-27 11:28:35,890 - INFO - 192.168.100.14 - - [27/Sep/2025 11:28:35] "[36mGET /static/style.css HTTP/1.1[0m" 304 -
2025-09-27 11:28:37,045 - INFO - Extração detalhada 2/10: https://www.mercadolivre.com.br/cartucho-de-tinta-hp-667-cor-preto-do-2-ml/p/MLB37141763#polycard_cl...
2025-09-27 11:28:37,882 - INFO - Spider initialized for query='dummy', sort_by='relevance', condition='all', max_items=0. Start URL: https://lista.mercadolivre.com.br/dummy?sb=all_mercadolibre#D[A:dummy]
2025-09-27 11:28:37,892 - INFO - Dados estruturados JSON-LD encontrados: Cartucho De Tinta Hp 667 Cor Preto Do 2 Ml
2025-09-27 11:28:37,893 - INFO - Event data encontrados: seller=OBERO INFORMATICA, reviews={'qualitative_attributes': [], 'attributes_quantity': 5, 'count': 7413, 'reviews_with_comment': 1261, 'pictures_quantity': 38, 'rate': 4.8, 'summary': {'status': 'published', 'prompt_version': 3.2, 'ai_model': 'gpt-4o-2024-08-06', 'last_updated': '2025-05-28T05:29:03Z', 'build_version': 'i5skLa7pJQK90nV9ia1mEeLGFmlHGfL5dO1YSORSWas=', 'likes': 3, 'valorization': 3}}
2025-09-27 11:28:37,922 - INFO - Reviews extraídos: rating=4.8, count=7413
2025-09-27 11:28:37,922 - INFO - Extração detalhada concluída para: Cartucho De Tinta Hp 667 Cor Preto Do 2 Ml
2025-09-27 11:28:37,923 - INFO -   [OK] Extração detalhada concluída: Cartucho De Tinta Hp 667 Cor Preto Do 2 Ml
2025-09-27 11:28:39,894 - INFO - Extração detalhada 3/10: https://www.mercadolivre.com.br/kit-cartucho-hp-664-preto-e-hp-664-colorido/p/MLB36751072#polycard_c...
2025-09-27 11:28:40,821 - INFO - Spider initialized for query='dummy', sort_by='relevance', condition='all', max_items=0. Start URL: https://lista.mercadolivre.com.br/dummy?sb=all_mercadolibre#D[A:dummy]
2025-09-27 11:28:40,832 - INFO - Dados estruturados JSON-LD encontrados: Kit Cartucho Hp 664 Preto E Hp 664 Colorido
2025-09-27 11:28:40,833 - INFO - Event data encontrados: seller=GUINDINHAPAPELARIA202212192153, reviews={'qualitative_attributes': [], 'attributes_quantity': 5, 'count': 4931, 'reviews_with_comment': 858, 'pictures_quantity': 41, 'rate': 4.7, 'summary': {'status': 'inactive', 'prompt_version': 3, 'ai_model': 'gpt-4-turbo-mercado', 'last_updated': '2025-09-23T14:00:30Z', 'build_version': 'IwdkzSxDp0z4JFxR6U9Sm63l1ORwowFY5KkYGzDGH4M=', 'likes': 0, 'valorization': 0}}
2025-09-27 11:28:40,862 - INFO - Reviews extraídos: rating=4.7, count=4931
2025-09-27 11:28:40,862 - INFO - Extração detalhada concluída para: Kit Cartucho Hp 664 Preto E Hp 664 Colorido
2025-09-27 11:28:40,862 - INFO -   [OK] Extração detalhada concluída: Kit Cartucho Hp 664 Preto E Hp 664 Colorido
2025-09-27 11:28:43,632 - INFO - Extração detalhada 4/10: https://www.mercadolivre.com.br/2-cartuchos-664-preto-black-impressora-hp-deskjet/p/MLB36779932#poly...
2025-09-27 11:28:44,320 - INFO - Spider initialized for query='dummy', sort_by='relevance', condition='all', max_items=0. Start URL: https://lista.mercadolivre.com.br/dummy?sb=all_mercadolibre#D[A:dummy]
2025-09-27 11:28:44,343 - INFO - Dados estruturados JSON-LD encontrados: 2 Cartuchos 664 Preto Black Impressora Hp Deskjet
2025-09-27 11:28:44,344 - INFO - Event data encontrados: seller=OBERO INFORMATICA, reviews={'qualitative_attributes': [], 'attributes_quantity': 5, 'count': 4931, 'reviews_with_comment': 858, 'pictures_quantity': 41, 'rate': 4.7, 'summary': {'status': 'inactive', 'prompt_version': 3, 'ai_model': 'gpt-4-turbo-mercado', 'last_updated': '2025-09-23T14:00:30Z', 'build_version': 'IwdkzSxDp0z4JFxR6U9Sm63l1ORwowFY5KkYGzDGH4M=', 'likes': 0, 'valorization': 0}}
2025-09-27 11:28:44,402 - INFO - Reviews extraídos: rating=4.7, count=4931
2025-09-27 11:28:44,402 - INFO - Extração detalhada concluída para: 2 Cartuchos 664 Preto Black Impressora Hp Deskjet
2025-09-27 11:28:44,403 - INFO -   [OK] Extração detalhada concluída: 2 Cartuchos 664 Preto Black Impressora Hp Deskjet
2025-09-27 11:28:46,393 - INFO - 192.168.100.14 - - [27/Sep/2025 11:28:46] "GET /jobs HTTP/1.1" 200 -
2025-09-27 11:28:46,413 - INFO - 192.168.100.14 - - [27/Sep/2025 11:28:46] "[36mGET /static/style.css HTTP/1.1[0m" 304 -
2025-09-27 11:28:46,863 - INFO - Extração detalhada 5/10: https://www.mercadolivre.com.br/cartucho-hp-664-coloridof6v28ab-para-ink-advantage-1115-2134-2136-26...
2025-09-27 11:28:47,689 - INFO - Spider initialized for query='dummy', sort_by='relevance', condition='all', max_items=0. Start URL: https://lista.mercadolivre.com.br/dummy?sb=all_mercadolibre#D[A:dummy]
2025-09-27 11:28:47,698 - INFO - Dados estruturados JSON-LD encontrados: Cartucho HP 664 Colorido(F6V28AB) Para Ink Advantage 1115, 2134, 2136, 2676, 3636, 3776, 3786, 3788,3790, 3836, 4536, 4676,5076, 5276
2025-09-27 11:28:47,699 - INFO - Event data encontrados: seller=Mercado Livre, reviews={'qualitative_attributes': [], 'attributes_quantity': 5, 'count': 4931, 'reviews_with_comment': 858, 'pictures_quantity': 41, 'rate': 4.7, 'summary': {'status': 'inactive', 'prompt_version': 3, 'ai_model': 'gpt-4-turbo-mercado', 'last_updated': '2025-09-23T14:00:30Z', 'build_version': 'IwdkzSxDp0z4JFxR6U9Sm63l1ORwowFY5KkYGzDGH4M=', 'likes': 0, 'valorization': 0}}
2025-09-27 11:28:47,725 - INFO - Reviews extraídos: rating=4.7, count=4931
2025-09-27 11:28:47,725 - INFO - Extração detalhada concluída para: Cartucho HP 664 Colorido(F6V28AB) Para Ink Advantage 1115, 2134, 2136, 2676, 3636, 3776, 3786, 3788,3790, 3836, 4536, 4676,5076, 5276
2025-09-27 11:28:47,726 - INFO -   [OK] Extração detalhada concluída: Cartucho HP 664 Colorido(F6V28AB) Para Ink Advantage 1115, 2134, 2136, 2676, 3636, 3776, 3786, 3788,3790, 3836, 4536, 4676,5076, 5276
2025-09-27 11:28:50,118 - INFO - Extração detalhada 6/10: https://www.mercadolivre.com.br/kit-2-cartuchos-hp-664xl-preto-color-2136-2676/p/MLB48102366#polycar...
2025-09-27 11:28:50,678 - INFO - Spider initialized for query='dummy', sort_by='relevance', condition='all', max_items=0. Start URL: https://lista.mercadolivre.com.br/dummy?sb=all_mercadolibre#D[A:dummy]
2025-09-27 11:28:50,686 - INFO - Dados estruturados JSON-LD encontrados: Kit 2 Cartuchos Hp 664xl (preto + Color) 2136 2676
2025-09-27 11:28:50,687 - INFO - Event data encontrados: seller=Park Ecom, reviews={'qualitative_attributes': [], 'attributes_quantity': 5, 'count': 113, 'reviews_with_comment': 27, 'pictures_quantity': 5, 'rate': 4.6, 'summary': {'status': 'published', 'prompt_version': 3.2, 'ai_model': 'gpt-4o-2024-08-06', 'last_updated': '2025-09-13T05:18:53Z', 'build_version': '+P+Z7DdO75Z/ctAg/pe8IH50vWv4shEvmJ+79+EPOiA=', 'likes': 1, 'valorization': 1}}
2025-09-27 11:28:50,710 - INFO - Reviews extraídos: rating=4.6, count=113
2025-09-27 11:28:50,710 - INFO - Extração detalhada concluída para: Kit 2 Cartuchos Hp 664xl (preto + Color) 2136 2676
2025-09-27 11:28:50,710 - INFO -   [OK] Extração detalhada concluída: Kit 2 Cartuchos Hp 664xl (preto + Color) 2136 2676
2025-09-27 11:28:52,605 - INFO - Extração detalhada 7/10: https://www.mercadolivre.com.br/cartucho-tinta-original-hp-664-preto-f6v29ab-2136-2676-3776/up/MLBU7...
2025-09-27 11:28:53,186 - INFO - Spider initialized for query='dummy', sort_by='relevance', condition='all', max_items=0. Start URL: https://lista.mercadolivre.com.br/dummy?sb=all_mercadolibre#D[A:dummy]
2025-09-27 11:28:53,204 - INFO - Dados estruturados JSON-LD encontrados: Cartucho Tinta Original Hp 664 Preto F6v29ab 2136 2676 3776
2025-09-27 11:28:53,206 - INFO - Event data encontrados: seller=OBERO INFORMATICA, reviews={'qualitative_attributes': [], 'attributes_quantity': 5, 'count': 313, 'reviews_with_comment': 67, 'pictures_quantity': 4, 'rate': 4.7, 'summary': {'status': 'published', 'prompt_version': 3.2, 'ai_model': 'gpt-4o-2024-08-06', 'last_updated': '2025-08-21T05:20:44Z', 'build_version': 'jdv2/btwb9HMHgr9AMaOV73+O3l6nt3Nn0Qoq4xFzTQ=', 'likes': 0, 'valorization': 0}}
2025-09-27 11:28:53,262 - INFO - Reviews extraídos: rating=4.7, count=313
2025-09-27 11:28:53,262 - INFO - Extração detalhada concluída para: Cartucho Tinta Original Hp 664 Preto F6v29ab 2136 2676 3776
2025-09-27 11:28:53,263 - INFO -   [OK] Extração detalhada concluída: Cartucho Tinta Original Hp 664 Preto F6v29ab 2136 2676 3776
2025-09-27 11:28:55,646 - INFO - Extração detalhada 8/10: https://www.mercadolivre.com.br/kit-2-cartuchos-hp-664-hp-2136-3636-3836-4536-4676/p/MLB39092873#pol...
2025-09-27 11:28:56,445 - INFO - 192.168.100.14 - - [27/Sep/2025 11:28:56] "GET /jobs HTTP/1.1" 200 -
2025-09-27 11:28:56,455 - INFO - 192.168.100.14 - - [27/Sep/2025 11:28:56] "[36mGET /static/style.css HTTP/1.1[0m" 304 -
2025-09-27 11:28:56,505 - INFO - Spider initialized for query='dummy', sort_by='relevance', condition='all', max_items=0. Start URL: https://lista.mercadolivre.com.br/dummy?sb=all_mercadolibre#D[A:dummy]
2025-09-27 11:28:56,531 - INFO - Dados estruturados JSON-LD encontrados: Kit 2 Cartuchos Hp 664 Hp 2136 3636 3836 4536 4676
2025-09-27 11:28:56,533 - INFO - Event data encontrados: seller=lvstecnologia, reviews={'qualitative_attributes': [], 'attributes_quantity': 5, 'count': 107, 'reviews_with_comment': 12, 'pictures_quantity': 1, 'rate': 4.8, 'summary': {'status': 'published', 'prompt_version': 3.2, 'ai_model': 'gpt-4o-2024-08-06', 'last_updated': '2025-08-29T05:27:22Z', 'build_version': '9u/SUCmh+TXzmNw7sxxmUCXRRV46Thq4tMV+210Ps5U=', 'likes': 0, 'valorization': 0}}
2025-09-27 11:28:56,606 - INFO - Reviews extraídos: rating=4.8, count=107
2025-09-27 11:28:56,606 - INFO - Extração detalhada concluída para: Kit 2 Cartuchos Hp 664 Hp 2136 3636 3836 4536 4676
2025-09-27 11:28:56,608 - INFO -   [OK] Extração detalhada concluída: Kit 2 Cartuchos Hp 664 Hp 2136 3636 3836 4536 4676
2025-09-27 11:28:56,975 - INFO - 192.168.100.14 - - [27/Sep/2025 11:28:56] "GET /api/jobs/86b179ef/status HTTP/1.1" 200 -
2025-09-27 11:28:59,292 - INFO - Extração detalhada 9/10: https://www.mercadolivre.com.br/kit-2-cartuchos-hp-664-1un-preto-1un-color/p/MLB39028313#polycard_cl...
2025-09-27 11:28:59,974 - INFO - Spider initialized for query='dummy', sort_by='relevance', condition='all', max_items=0. Start URL: https://lista.mercadolivre.com.br/dummy?sb=all_mercadolibre#D[A:dummy]
2025-09-27 11:28:59,983 - INFO - Dados estruturados JSON-LD encontrados: Kit 2 Cartuchos Hp 664: 1un Preto + 1un Color
2025-09-27 11:28:59,983 - INFO - Event data encontrados: seller=offpriceecommerce, reviews={'qualitative_attributes': [], 'attributes_quantity': 5, 'count': 4931, 'reviews_with_comment': 858, 'pictures_quantity': 41, 'rate': 4.7, 'summary': {'status': 'inactive', 'prompt_version': 3, 'ai_model': 'gpt-4-turbo-mercado', 'last_updated': '2025-09-23T14:00:30Z', 'build_version': 'IwdkzSxDp0z4JFxR6U9Sm63l1ORwowFY5KkYGzDGH4M=', 'likes': 0, 'valorization': 0}}
2025-09-27 11:29:00,006 - INFO - Reviews extraídos: rating=4.7, count=4931
2025-09-27 11:29:00,006 - INFO - Extração detalhada concluída para: Kit 2 Cartuchos Hp 664: 1un Preto + 1un Color
2025-09-27 11:29:00,007 - INFO -   [OK] Extração detalhada concluída: Kit 2 Cartuchos Hp 664: 1un Preto + 1un Color
2025-09-27 11:29:01,855 - INFO - Extração detalhada 10/10: https://www.mercadolivre.com.br/cartucho-de-tinta-hp-664-preto/p/MLB36768292#polycard_client=search-...
2025-09-27 11:29:02,622 - INFO - Spider initialized for query='dummy', sort_by='relevance', condition='all', max_items=0. Start URL: https://lista.mercadolivre.com.br/dummy?sb=all_mercadolibre#D[A:dummy]
2025-09-27 11:29:02,631 - INFO - Dados estruturados JSON-LD encontrados: Cartucho De Tinta Hp 664 Preto
2025-09-27 11:29:02,631 - INFO - Event data encontrados: seller=Tec Print , reviews={'qualitative_attributes': [], 'attributes_quantity': 5, 'count': 4931, 'reviews_with_comment': 858, 'pictures_quantity': 41, 'rate': 4.7, 'summary': {'status': 'inactive', 'prompt_version': 3, 'ai_model': 'gpt-4-turbo-mercado', 'last_updated': '2025-09-23T14:00:30Z', 'build_version': 'IwdkzSxDp0z4JFxR6U9Sm63l1ORwowFY5KkYGzDGH4M=', 'likes': 0, 'valorization': 0}}
2025-09-27 11:29:02,654 - INFO - Reviews extraídos: rating=4.7, count=4931
2025-09-27 11:29:02,655 - INFO - Extração detalhada concluída para: Cartucho De Tinta Hp 664 Preto
2025-09-27 11:29:02,655 - INFO -   [OK] Extração detalhada concluída: Cartucho De Tinta Hp 664 Preto
2025-09-27 11:29:05,017 - INFO - Extração detalhada concluída: 10 produtos processados
2025-09-27 11:29:05,017 - INFO - Coletados 10 produtos
2025-09-27 11:29:05,017 - INFO - Job 86b179ef: Gerando datasets
2025-09-27 11:29:05,017 - INFO - Gerando dataset CSV: C:\Challenge HP\Challenge-HP\datasets_gerados\dataset_86b179ef_20250927_112905.csv
2025-09-27 11:29:05,043 - INFO - Dataset gerado com sucesso: C:\Challenge HP\Challenge-HP\datasets_gerados\dataset_86b179ef_20250927_112905.csv
2025-09-27 11:29:05,043 - INFO - Total de produtos: 10
2025-09-27 11:29:05,044 - INFO - Job 86b179ef: Arquivo CSV gerado - dataset_86b179ef_20250927_112905.csv
2025-09-27 11:29:05,044 - INFO - Gerando dataset JSON: C:\Challenge HP\Challenge-HP\datasets_gerados\dataset_86b179ef_20250927_112905.json
2025-09-27 11:29:05,046 - INFO - Dataset JSON gerado com sucesso: C:\Challenge HP\Challenge-HP\datasets_gerados\dataset_86b179ef_20250927_112905.json
2025-09-27 11:29:05,046 - INFO - Job 86b179ef: Arquivo JSON gerado - dataset_86b179ef_20250927_112905.json
2025-09-27 11:29:05,047 - INFO - Job 86b179ef: Concluído com sucesso
2025-09-27 11:29:05,047 - INFO -    - Produtos coletados: 10
2025-09-27 11:29:05,047 - INFO -    - Reviews coletadas: 0
2025-09-27 11:29:05,047 - INFO -    - Arquivos gerados: 2
2025-09-27 11:29:05,048 - INFO -      * CSV: dataset_86b179ef_20250927_112905.csv (14.0 KB)
2025-09-27 11:29:05,048 - INFO -      * JSON: dataset_86b179ef_20250927_112905.json (28.2 KB)
2025-09-27 11:29:06,485 - INFO - 192.168.100.14 - - [27/Sep/2025 11:29:06] "GET /jobs HTTP/1.1" 200 -
2025-09-27 11:29:06,498 - INFO - 192.168.100.14 - - [27/Sep/2025 11:29:06] "[36mGET /static/style.css HTTP/1.1[0m" 304 -
2025-09-27 11:34:38,459 - INFO -  * Detected change in 'C:\\Challenge HP\\Challenge-HP\\src\\core\\app.py', reloading
2025-09-27 11:34:38,464 - INFO -  * Detected change in 'C:\\Challenge HP\\Challenge-HP\\src\\core\\app.py', reloading
2025-09-27 11:34:38,464 - INFO -  * Detected change in 'C:\\Challenge HP\\Challenge-HP\\src\\core\\app.py', reloading
2025-09-27 11:34:38,465 - INFO -  * Detected change in 'C:\\Challenge HP\\Challenge-HP\\src\\core\\app.py', reloading
2025-09-27 11:34:38,466 - INFO -  * Detected change in 'C:\\Challenge HP\\Challenge-HP\\src\\core\\app.py', reloading
2025-09-27 11:34:38,742 - INFO -  * Restarting with watchdog (windowsapi)
2025-09-27 11:34:39,193 - INFO -  * Restarting with watchdog (windowsapi)
2025-09-27 11:34:50,883 - INFO - Diretório de datasets configurado: C:\Challenge HP\Challenge-HP\datasets_gerados
2025-09-27 11:34:50,890 - INFO - Diretório de datasets configurado: C:\Challenge HP\Challenge-HP\datasets_gerados
2025-09-27 11:34:50,915 - WARNING -  * Debugger is active!
2025-09-27 11:34:50,920 - INFO -  * Debugger PIN: 639-855-048
2025-09-27 11:34:50,922 - WARNING -  * Debugger is active!
2025-09-27 11:34:50,926 - INFO -  * Debugger PIN: 639-855-048
2025-09-27 11:35:27,855 - INFO -  * Detected change in 'C:\\Challenge HP\\Challenge-HP\\src\\core\\app.py', reloading
2025-09-27 11:35:27,855 - INFO -  * Detected change in 'C:\\Challenge HP\\Challenge-HP\\src\\core\\app.py', reloading
2025-09-27 11:35:27,857 - INFO -  * Detected change in 'C:\\Challenge HP\\Challenge-HP\\src\\core\\app.py', reloading
2025-09-27 11:35:27,857 - INFO -  * Detected change in 'C:\\Challenge HP\\Challenge-HP\\src\\core\\app.py', reloading
2025-09-27 11:35:27,858 - INFO -  * Detected change in 'C:\\Challenge HP\\Challenge-HP\\src\\core\\app.py', reloading
2025-09-27 11:35:27,858 - INFO -  * Detected change in 'C:\\Challenge HP\\Challenge-HP\\src\\core\\app.py', reloading
2025-09-27 11:35:28,133 - INFO -  * Restarting with watchdog (windowsapi)
2025-09-27 11:35:28,119 - INFO -  * Restarting with watchdog (windowsapi)
2025-09-27 11:35:29,325 - INFO - Diretório de datasets configurado: C:\Challenge HP\Challenge-HP\datasets_gerados
2025-09-27 11:35:29,330 - INFO - Diretório de datasets configurado: C:\Challenge HP\Challenge-HP\datasets_gerados
2025-09-27 11:35:29,373 - WARNING -  * Debugger is active!
2025-09-27 11:35:29,378 - WARNING -  * Debugger is active!
2025-09-27 11:35:29,379 - INFO -  * Debugger PIN: 639-855-048
2025-09-27 11:35:29,381 - INFO -  * Debugger PIN: 639-855-048
2025-09-27 11:37:02,274 - INFO -  * Detected change in 'C:\\Challenge HP\\Challenge-HP\\src\\core\\app.py', reloading
2025-09-27 11:37:02,274 - INFO -  * Detected change in 'C:\\Challenge HP\\Challenge-HP\\src\\core\\app.py', reloading
2025-09-27 11:37:02,275 - INFO -  * Detected change in 'C:\\Challenge HP\\Challenge-HP\\src\\core\\app.py', reloading
2025-09-27 11:37:02,275 - INFO -  * Detected change in 'C:\\Challenge HP\\Challenge-HP\\src\\core\\app.py', reloading
2025-09-27 11:37:02,275 - INFO -  * Detected change in 'C:\\Challenge HP\\Challenge-HP\\src\\core\\app.py', reloading
2025-09-27 11:37:02,978 - INFO -  * Restarting with watchdog (windowsapi)
2025-09-27 11:37:02,988 - INFO -  * Restarting with watchdog (windowsapi)
2025-09-27 11:37:04,304 - INFO - Diretório de datasets configurado: C:\Challenge HP\Challenge-HP\datasets_gerados
2025-09-27 11:37:04,308 - INFO - Diretório de datasets configurado: C:\Challenge HP\Challenge-HP\datasets_gerados
2025-09-27 11:39:00,133 - INFO - Diretório de datasets configurado: C:\Challenge HP\Challenge-HP\datasets_gerados
2025-09-27 11:39:00,213 - INFO - [31m[1mWARNING: This is a development server. Do not use it in a production deployment. Use a production WSGI server instead.[0m
 * Running on all addresses (0.0.0.0)
 * Running on http://127.0.0.1:5000
 * Running on http://192.168.100.14:5000
2025-09-27 11:39:00,214 - INFO - [33mPress CTRL+C to quit[0m
2025-09-27 11:39:00,227 - INFO -  * Restarting with watchdog (windowsapi)
2025-09-27 11:39:01,559 - INFO - Diretório de datasets configurado: C:\Challenge HP\Challenge-HP\datasets_gerados
2025-09-27 11:39:01,580 - WARNING -  * Debugger is active!
2025-09-27 11:39:01,584 - INFO -  * Debugger PIN: 639-855-048
2025-09-27 11:39:02,566 - INFO - 192.168.100.14 - - [27/Sep/2025 11:39:02] "GET /jobs HTTP/1.1" 200 -
2025-09-27 11:39:02,673 - INFO - 192.168.100.14 - - [27/Sep/2025 11:39:02] "[36mGET /static/style.css HTTP/1.1[0m" 304 -
2025-09-27 11:39:04,582 - INFO - 192.168.100.14 - - [27/Sep/2025 11:39:04] "GET /scraping HTTP/1.1" 200 -
2025-09-27 11:39:04,623 - INFO - 192.168.100.14 - - [27/Sep/2025 11:39:04] "[36mGET /static/style.css HTTP/1.1[0m" 304 -
2025-09-27 11:39:21,574 - INFO - Job 9da17141: Iniciando coleta de produtos
2025-09-27 11:39:21,575 - INFO - 192.168.100.14 - - [27/Sep/2025 11:39:21] "[32mPOST /web/scraping/start HTTP/1.1[0m" 302 -
2025-09-27 11:39:21,576 - INFO - Iniciando scraping para: cartucho hp 664
2025-09-27 11:39:21,577 - INFO - Parâmetros: max_items=50, images=True, sort=relevance
2025-09-27 11:39:21,578 - INFO - Extração detalhada: ATIVADA
2025-09-27 11:39:21,587 - INFO - 192.168.100.14 - - [27/Sep/2025 11:39:21] "GET /jobs HTTP/1.1" 200 -
2025-09-27 11:39:21,621 - INFO - 192.168.100.14 - - [27/Sep/2025 11:39:21] "[36mGET /static/style.css HTTP/1.1[0m" 304 -
2025-09-27 11:39:30,272 - INFO -  * Detected change in 'C:\\Challenge HP\\Challenge-HP\\src\\core\\app.py', reloading
2025-09-27 11:39:30,296 - INFO -  * Detected change in 'C:\\Challenge HP\\Challenge-HP\\src\\core\\app.py', reloading
2025-09-27 11:39:32,488 - INFO -  * Restarting with watchdog (windowsapi)
2025-09-27 11:39:33,451 - INFO - Diretório de datasets configurado: C:\Challenge HP\Challenge-HP\datasets_gerados
2025-09-27 11:39:33,474 - WARNING -  * Debugger is active!
2025-09-27 11:39:33,476 - INFO -  * Debugger PIN: 639-855-048
2025-09-27 11:39:33,528 - INFO - 192.168.100.14 - - [27/Sep/2025 11:39:33] "GET /jobs HTTP/1.1" 200 -
2025-09-27 11:39:33,603 - INFO - 192.168.100.14 - - [27/Sep/2025 11:39:33] "[36mGET /static/style.css HTTP/1.1[0m" 304 -
2025-09-27 11:40:05,493 - INFO - Diretório de datasets configurado: C:\Challenge HP\Challenge-HP\datasets_gerados
2025-09-27 11:40:05,653 - INFO - [31m[1mWARNING: This is a development server. Do not use it in a production deployment. Use a production WSGI server instead.[0m
 * Running on all addresses (0.0.0.0)
 * Running on http://127.0.0.1:5000
 * Running on http://192.168.100.14:5000
2025-09-27 11:40:05,653 - INFO - [33mPress CTRL+C to quit[0m
2025-09-27 11:40:05,773 - INFO -  * Restarting with watchdog (windowsapi)
2025-09-27 11:40:06,606 - INFO - Diretório de datasets configurado: C:\Challenge HP\Challenge-HP\datasets_gerados
2025-09-27 11:40:06,623 - WARNING -  * Debugger is active!
2025-09-27 11:40:06,628 - INFO -  * Debugger PIN: 702-902-971
2025-09-27 11:40:08,980 - INFO - 192.168.100.14 - - [27/Sep/2025 11:40:08] "GET /jobs HTTP/1.1" 200 -
2025-09-27 11:40:09,122 - INFO - 192.168.100.14 - - [27/Sep/2025 11:40:09] "GET /jobs HTTP/1.1" 200 -
2025-09-27 11:40:09,160 - INFO - 192.168.100.14 - - [27/Sep/2025 11:40:09] "[36mGET /static/style.css HTTP/1.1[0m" 304 -
2025-09-27 11:40:09,219 - INFO - 192.168.100.14 - - [27/Sep/2025 11:40:09] "GET /static/style.css HTTP/1.1" 200 -
2025-09-27 11:40:10,884 - INFO - 192.168.100.14 - - [27/Sep/2025 11:40:10] "GET /scraping HTTP/1.1" 200 -
2025-09-27 11:40:10,910 - INFO - 192.168.100.14 - - [27/Sep/2025 11:40:10] "[36mGET /static/style.css HTTP/1.1[0m" 304 -
2025-09-27 11:40:31,401 - INFO - Job 8449356e: Iniciando coleta de produtos
2025-09-27 11:40:31,403 - INFO - 192.168.100.14 - - [27/Sep/2025 11:40:31] "[32mPOST /web/scraping/start HTTP/1.1[0m" 302 -
2025-09-27 11:40:31,403 - INFO - Iniciando scraping para: cartucho hp 664
2025-09-27 11:40:31,404 - INFO - Parâmetros: max_items=50, images=True, sort=relevance
2025-09-27 11:40:31,405 - INFO - Extração detalhada: ATIVADA
2025-09-27 11:40:31,409 - INFO - 192.168.100.14 - - [27/Sep/2025 11:40:31] "GET /jobs HTTP/1.1" 200 -
2025-09-27 11:40:31,447 - INFO - 192.168.100.14 - - [27/Sep/2025 11:40:31] "[36mGET /static/style.css HTTP/1.1[0m" 304 -
2025-09-27 11:40:38,240 - INFO -  * Detected change in 'C:\\Challenge HP\\Challenge-HP\\.venv\\Lib\\site-packages\\scrapy\\core\\spidermw.py', reloading
2025-09-27 11:40:44,498 - INFO - Executando extração detalhada para todos os produtos...
2025-09-27 11:40:44,896 - INFO -  * Restarting with watchdog (windowsapi)
2025-09-27 11:40:45,695 - INFO - Diretório de datasets configurado: C:\Challenge HP\Challenge-HP\datasets_gerados
2025-09-27 11:40:45,712 - WARNING -  * Debugger is active!
2025-09-27 11:40:45,716 - INFO -  * Debugger PIN: 702-902-971
2025-09-27 11:40:45,764 - INFO - 192.168.100.14 - - [27/Sep/2025 11:40:45] "GET /jobs HTTP/1.1" 200 -
2025-09-27 11:40:45,828 - INFO - 192.168.100.14 - - [27/Sep/2025 11:40:45] "[36mGET /static/style.css HTTP/1.1[0m" 304 -
2025-09-27 11:41:45,068 - INFO -  * Detected change in 'C:\\Challenge HP\\Challenge-HP\\src\\core\\shared_scraping_config.py', reloading
2025-09-27 11:41:45,912 - INFO -  * Restarting with watchdog (windowsapi)
2025-09-27 11:41:46,811 - INFO - Diretório de datasets configurado: C:\Challenge HP\Challenge-HP\datasets_gerados
2025-09-27 11:41:46,833 - WARNING -  * Debugger is active!
2025-09-27 11:41:46,838 - INFO -  * Debugger PIN: 702-902-971
2025-09-27 11:41:51,106 - INFO -  * Detected change in 'C:\\Challenge HP\\Challenge-HP\\src\\utils\\__init__.py', reloading
2025-09-27 11:41:51,108 - INFO -  * Detected change in 'C:\\Challenge HP\\Challenge-HP\\src\\__init__.py', reloading
2025-09-27 11:41:51,123 - INFO -  * Detected change in 'C:\\Challenge HP\\Challenge-HP\\src\\web\\flask_app.py', reloading
2025-09-27 11:41:51,126 - INFO -  * Detected change in 'C:\\Challenge HP\\Challenge-HP\\src\\spiders\\mercadolivre_spider_reviews.py', reloading
2025-09-27 11:41:51,130 - INFO -  * Detected change in 'C:\\Challenge HP\\Challenge-HP\\src\\core\\__init__.py', reloading
2025-09-27 11:41:51,147 - INFO -  * Detected change in 'C:\\Challenge HP\\Challenge-HP\\src\\web\\run_flask.py', reloading
2025-09-27 11:41:51,149 - INFO -  * Detected change in 'C:\\Challenge HP\\Challenge-HP\\src\\spiders\\__init__.py', reloading
2025-09-27 11:41:51,170 - INFO -  * Detected change in 'C:\\Challenge HP\\Challenge-HP\\src\\web\\__init__.py', reloading
2025-09-27 11:41:52,090 - INFO -  * Restarting with watchdog (windowsapi)
2025-09-27 11:41:53,080 - INFO - Diretório de datasets configurado: C:\Challenge HP\Challenge-HP\datasets_gerados
2025-09-27 11:41:53,106 - WARNING -  * Debugger is active!
2025-09-27 11:41:53,110 - INFO -  * Debugger PIN: 702-902-971
2025-09-27 11:42:25,995 - INFO -  * Detected change in 'C:\\Challenge HP\\Challenge-HP\\src\\web\\run_flask.py', reloading
2025-09-27 11:42:25,999 - INFO -  * Detected change in 'C:\\Challenge HP\\Challenge-HP\\src\\web\\run_flask.py', reloading
2025-09-27 11:42:26,000 - INFO -  * Detected change in 'C:\\Challenge HP\\Challenge-HP\\src\\web\\run_flask.py', reloading
2025-09-27 11:42:26,875 - INFO -  * Restarting with watchdog (windowsapi)
2025-09-27 11:42:27,764 - INFO - Diretório de datasets configurado: C:\Challenge HP\Challenge-HP\datasets_gerados
2025-09-27 11:42:27,784 - WARNING -  * Debugger is active!
2025-09-27 11:42:27,789 - INFO -  * Debugger PIN: 702-902-971
2025-09-27 11:42:38,117 - INFO -  * Detected change in 'C:\\Challenge HP\\Challenge-HP\\src\\web\\run_flask.py', reloading
2025-09-27 11:42:38,119 - INFO -  * Detected change in 'C:\\Challenge HP\\Challenge-HP\\src\\web\\run_flask.py', reloading
2025-09-27 11:42:39,108 - INFO -  * Restarting with watchdog (windowsapi)
2025-09-27 11:42:40,069 - INFO - Diretório de datasets configurado: C:\Challenge HP\Challenge-HP\datasets_gerados
2025-09-27 11:42:40,101 - WARNING -  * Debugger is active!
2025-09-27 11:42:40,110 - INFO -  * Debugger PIN: 702-902-971
2025-09-27 11:42:45,770 - INFO -  * Detected change in 'C:\\Challenge HP\\Challenge-HP\\src\\web\\flask_app.py', reloading
2025-09-27 11:42:45,772 - INFO -  * Detected change in 'C:\\Challenge HP\\Challenge-HP\\src\\web\\flask_app.py', reloading
2025-09-27 11:42:45,773 - INFO -  * Detected change in 'C:\\Challenge HP\\Challenge-HP\\src\\web\\flask_app.py', reloading
2025-09-27 11:42:46,394 - INFO -  * Restarting with watchdog (windowsapi)
2025-09-27 11:42:52,587 - INFO -  * Restarting with watchdog (windowsapi)
2025-09-27 11:42:57,955 - INFO -  * Restarting with watchdog (windowsapi)
2025-09-27 11:43:13,362 - INFO -  * Restarting with watchdog (windowsapi)
2025-09-27 11:43:28,699 - INFO -  * Restarting with watchdog (windowsapi)
2025-09-27 11:43:39,947 - INFO -  * Restarting with watchdog (windowsapi)
2025-09-27 11:43:47,165 - INFO -  * Restarting with watchdog (windowsapi)
2025-09-27 11:43:49,810 - INFO -  * Restarting with watchdog (windowsapi)
2025-09-27 11:44:30,539 - INFO -  * Restarting with watchdog (windowsapi)
2025-09-27 11:44:48,498 - INFO -  * Restarting with watchdog (windowsapi)
2025-09-27 12:02:17,977 - INFO -  * Restarting with watchdog (windowsapi)
2025-09-27 12:02:49,812 - INFO -  * Restarting with watchdog (windowsapi)
2025-09-27 12:04:05,380 - INFO -  * Restarting with watchdog (windowsapi)
2025-09-27 12:04:47,530 - INFO -  * Restarting with watchdog (windowsapi)
2025-09-27 12:05:15,121 - INFO -  * Restarting with watchdog (windowsapi)
2025-09-27 12:05:32,269 - INFO -  * Restarting with watchdog (windowsapi)
2025-09-27 12:05:40,395 - INFO -  * Restarting with watchdog (windowsapi)
2025-09-27 12:05:50,519 - INFO -  * Restarting with watchdog (windowsapi)
2025-09-27 12:06:00,366 - INFO -  * Restarting with watchdog (windowsapi)
2025-09-27 12:06:23,847 - INFO -  * Restarting with watchdog (windowsapi)
2025-09-27 12:06:41,108 - INFO -  * Restarting with watchdog (windowsapi)
2025-09-27 12:08:15,430 - INFO -  * Restarting with watchdog (windowsapi)
2025-09-27 12:08:32,943 - INFO -  * Restarting with watchdog (windowsapi)
2025-09-28 18:11:37,742 - INFO -  * Restarting with watchdog (windowsapi)
